# This file uses meters as units for non-parametric coordinates.

mtllib Building_21.mtl
g default
v 10537.557617 54.523933 1553.047363
v 10537.557617 109.209152 1465.818848
v 10537.557617 109.209152 1553.043457
v 10537.557617 143.337219 1465.818848
v 10537.557617 143.337219 1553.043457
v 10537.557617 177.465256 1465.814941
v 10537.557617 177.465256 1553.038574
v 10537.557617 177.465256 1509.432129
v 10537.557617 54.523933 1509.431641
v 10537.557617 59.303131 1506.086914
v 10537.557617 55.958031 1509.431641
v 10537.557617 59.303131 1512.776855
v 10533.258789 172.833130 1509.432129
v 10533.258789 145.544296 1509.431641
v 10533.258789 145.544296 1548.410645
v 10533.258789 172.833130 1548.407227
v 10533.258789 145.544296 1470.450195
v 10533.258789 172.833130 1470.447266
v 10533.258789 54.523933 1509.431641
v 10533.258789 54.523933 1553.047363
v 10533.258789 59.303131 1548.267578
v 10533.258789 59.303131 1512.776855
v 10533.258789 55.958031 1509.431641
v 10533.258789 109.209152 1553.043457
v 10533.258789 109.208984 1548.264160
v 10533.258789 143.337219 1553.043457
v 10533.258789 138.558014 1548.264160
v 10533.258789 143.337219 1509.431641
v 10533.258789 141.903122 1509.431641
v 10533.258789 138.558014 1512.776855
v 10533.258789 143.337219 1465.818848
v 10533.258789 138.558014 1470.598145
v 10533.258789 138.558014 1506.086914
v 10533.258789 109.209152 1465.818848
v 10533.258789 109.209366 1470.598145
v 10533.258789 54.523933 1465.823242
v 10533.258789 59.303131 1506.086914
v 10533.258789 59.303131 1470.602051
v 10533.258789 177.465256 1553.038574
v 10533.258789 177.465256 1509.432129
v 10533.258789 177.465256 1465.814941
v 10533.258789 109.209152 1512.776855
v 10533.258789 109.209183 1506.086914
v 10540.294922 172.833130 1509.432129
v 10540.294922 145.544296 1509.431641
v 10540.294922 145.544296 1548.410645
v 10540.294922 172.833130 1548.407227
v 10540.294922 145.544296 1470.450195
v 10540.294922 172.833130 1470.447266
v 10540.294922 59.303131 1512.776855
v 10540.294922 109.209152 1512.776855
v 10540.294922 59.303131 1548.267578
v 10540.294922 109.208984 1548.264160
v 10540.294922 138.558014 1512.776855
v 10540.294922 138.558014 1548.264160
v 10540.294922 109.209366 1470.598145
v 10540.294922 109.209183 1506.086914
v 10540.294922 138.558014 1506.086914
v 10540.294922 138.558014 1470.598145
v 10540.294922 59.303131 1470.602051
v 10540.294922 59.303131 1506.086914
v 10985.957031 302.562408 2223.203857
v 11215.637695 195.218246 2224.009033
v 11215.637695 -0.000000 2224.009033
v 11160.572266 170.277481 2223.764404
v 11160.572266 139.134262 2223.764404
v 11077.124023 139.134262 2223.392334
v 11077.124023 170.277481 2223.392334
v 11077.124023 66.466789 2223.392334
v 11083.768555 163.225143 2217.713379
v 11083.768555 140.202774 2217.713379
v 11118.870117 140.202774 2217.861328
v 11118.870117 163.225143 2217.861328
v 11118.843750 66.466789 2223.577881
v 11118.843750 170.277481 2223.577881
v 11081.136719 137.424622 2223.405762
v 11081.136719 166.003326 2223.405762
v 11118.843750 70.740921 2223.577881
v 11081.136719 70.740921 2223.405762
v 11156.553711 137.424622 2223.746338
v 11156.553711 166.003326 2223.746338
v 11118.843750 166.003326 2223.577881
v 11160.572266 66.466789 2223.764404
v 11156.553711 70.740921 2223.746338
v 11153.966797 140.202774 2218.027100
v 11153.966797 163.225143 2218.027100
v 11116.059570 134.432724 2217.856934
v 11083.973633 134.432724 2217.714355
v 11083.973633 73.732788 2217.714355
v 11116.059570 73.732788 2217.856934
v 11153.758789 134.432724 2218.026367
v 11121.685547 134.432724 2217.882568
v 11121.685547 73.732788 2217.882568
v 11153.758789 73.732788 2218.026367
v 11118.843750 137.424622 2223.577881
v 11083.950195 134.432724 2223.414551
v 11116.036133 134.432724 2223.565918
v 11083.950195 73.732788 2223.414551
v 11116.036133 73.732788 2223.565918
v 11121.660156 134.432724 2223.591064
v 11153.743164 134.432724 2223.733643
v 11121.660156 73.732788 2223.591064
v 11153.743164 73.732788 2223.733643
v 11083.752930 140.202774 2223.421875
v 11083.752930 163.225143 2223.421875
v 11118.843750 140.202774 2223.577881
v 11118.843750 163.225143 2223.577881
v 11153.943359 140.202774 2223.734131
v 11153.943359 163.225143 2223.734131
v 10947.096680 284.666870 2217.281982
v 10962.733398 284.666870 2217.351562
v 10962.736328 298.271637 2217.384277
v 10947.095703 298.271637 2217.306152
v 10943.576172 282.139496 2222.978760
v 10943.577148 302.562408 2223.006348
v 10985.958008 258.312683 2223.124023
v 11211.172852 210.651962 2223.996826
v 10985.948242 282.139496 2223.166016
v 10966.849609 284.666870 2217.378418
v 10982.490234 284.666870 2217.448242
v 10982.491211 298.271637 2217.472656
v 10966.850586 298.271637 2217.402832
v 10964.768555 302.562408 2223.119141
v 10876.597656 430.953247 2222.835205
v 10943.579102 234.485947 2222.891602
v 10964.769531 234.485947 2222.977539
v 10985.953125 234.485947 2223.073242
v 10943.579102 258.312683 2222.935059
v 10947.095703 260.216583 2217.247070
v 10962.727539 260.216583 2217.317871
v 10962.732422 280.235565 2217.342529
v 10947.097656 280.235565 2217.272461
v 10966.849609 260.216583 2217.335449
v 10982.490234 260.216583 2217.405273
v 10982.490234 280.235565 2217.439453
v 10966.849609 280.235565 2217.369385
v 10947.096680 238.776688 2217.207031
v 10962.736328 238.776688 2217.276855
v 10962.732422 255.785278 2217.312988
v 10947.095703 255.785278 2217.242676
v 10966.848633 238.776688 2217.286377
v 10982.492188 238.776688 2217.365723
v 10982.491211 255.785278 2217.396484
v 10966.848633 255.785278 2217.318359
v 10945.013672 300.799072 2223.017578
v 10964.768555 300.799072 2223.106201
v 10945.013672 282.139496 2222.984375
v 10984.521484 300.799072 2223.185059
v 10984.521484 282.139496 2223.160645
v 10945.015625 258.312683 2222.940186
v 10984.522461 258.312683 2223.118408
v 10964.768555 236.249298 2222.981201
v 10945.019531 236.249298 2222.906738
v 10984.521484 236.249298 2223.078369
v 10964.767578 282.139496 2223.072754
v 10962.709961 284.666870 2223.067383
v 10947.071289 284.666870 2222.998047
v 10962.710938 298.271637 2223.092285
v 10947.071289 298.271637 2223.022461
v 10982.465820 284.666870 2223.156250
v 10966.825195 284.666870 2223.086426
v 10982.465820 298.271637 2223.179688
v 10966.823242 298.271637 2223.101562
v 10964.769531 258.312683 2223.030029
v 10962.708984 260.216583 2223.024414
v 10947.071289 260.216583 2222.955078
v 10962.709961 280.235565 2223.058838
v 10947.071289 280.235565 2222.989258
v 10982.465820 260.216583 2223.113281
v 10966.824219 260.216583 2223.043945
v 10982.465820 280.235565 2223.147461
v 10966.825195 280.235565 2223.077148
v 10962.710938 238.776688 2222.985596
v 10947.072266 238.776688 2222.906738
v 10962.708984 255.785278 2223.015625
v 10947.071289 255.785278 2222.946777
v 10982.466797 238.776688 2223.072510
v 10966.825195 238.776688 2223.003418
v 10982.465820 255.785278 2223.104492
v 10966.824219 255.785278 2223.034180
v 11212.200195 206.534576 2244.038086
v 11225.688477 206.554474 2244.087402
v 11225.776367 206.554718 2224.054688
v 10876.597656 302.562408 2222.835205
v 10876.597656 292.761383 2222.853027
v 10876.597656 282.139496 2222.866211
v 10876.597656 270.852631 2222.880859
v 10876.597656 258.312714 2222.896973
v 10876.597656 247.186996 2222.911621
v 10876.597656 234.485992 2222.927734
v 10876.597656 216.528275 2222.927246
v 10876.597656 215.416290 2222.925781
v 10876.597656 214.647400 2222.925781
v 10876.597656 210.442688 2222.926270
v 10876.597656 195.218246 2222.955078
v 10876.597656 170.277481 2222.971924
v 10876.597656 24.026302 2223.521973
v 10876.597656 0.000000 2223.560791
v 10876.597656 419.046600 2242.650879
v 10876.597656 430.018005 2242.667480
v 10876.597656 430.060913 2242.667480
v 10876.597656 205.526550 2241.388184
v 10876.597656 206.326508 2242.790527
v 10876.597656 419.063873 2242.551270
v 10876.597656 210.169662 2224.244141
v 10876.597656 210.310883 2223.562500
v 10876.597656 195.557968 2223.562500
v 10767.238281 302.562408 2223.203857
v 10537.557617 195.218246 2224.009033
v 10537.557617 -0.000000 2224.009033
v 10762.588867 170.277481 2223.764404
v 10762.588867 139.134262 2223.764404
v 10846.035156 139.134262 2223.392334
v 10846.035156 170.277481 2223.392334
v 10846.035156 66.466789 2223.392334
v 10839.390625 163.225143 2217.713379
v 10839.390625 140.202774 2217.713379
v 10804.289062 140.202774 2217.861328
v 10804.289062 163.225143 2217.861328
v 10804.316406 66.466789 2223.577881
v 10804.316406 170.277481 2223.577881
v 10842.023438 137.424622 2223.405762
v 10842.023438 166.003326 2223.405762
v 10804.316406 70.740921 2223.577881
v 10842.023438 70.740921 2223.405762
v 10766.605469 137.424622 2223.746338
v 10766.605469 166.003326 2223.746338
v 10804.316406 166.003326 2223.577881
v 10762.588867 66.466789 2223.764404
v 10766.605469 70.740921 2223.746338
v 10769.192383 140.202774 2218.027100
v 10769.192383 163.225143 2218.027100
v 10807.099609 134.432724 2217.856934
v 10839.185547 134.432724 2217.714355
v 10839.185547 73.732788 2217.714355
v 10807.099609 73.732788 2217.856934
v 10769.400391 134.432724 2218.026367
v 10801.474609 134.432724 2217.882568
v 10801.474609 73.732788 2217.882568
v 10769.400391 73.732788 2218.026367
v 10804.316406 137.424622 2223.577881
v 10839.208984 134.432724 2223.414551
v 10807.123047 134.432724 2223.565918
v 10839.208984 73.732788 2223.414551
v 10807.123047 73.732788 2223.565918
v 10801.499023 134.432724 2223.591064
v 10769.416992 134.432724 2223.733643
v 10801.499023 73.732788 2223.591064
v 10769.416992 73.732788 2223.733643
v 10839.407227 140.202774 2223.421875
v 10839.407227 163.225143 2223.421875
v 10804.316406 140.202774 2223.577881
v 10804.316406 163.225143 2223.577881
v 10769.216797 140.202774 2223.734131
v 10769.216797 163.225143 2223.734131
v 10806.098633 284.666870 2217.281982
v 10790.461914 284.666870 2217.351562
v 10790.458984 298.271637 2217.384277
v 10806.099609 298.271637 2217.306152
v 10809.619141 282.139496 2222.978760
v 10809.618164 302.562408 2223.006348
v 10767.237305 258.312683 2223.124023
v 10542.023438 210.651962 2223.996826
v 10767.247070 282.139496 2223.166016
v 10786.345703 284.666870 2217.378418
v 10770.705078 284.666870 2217.448242
v 10770.704102 298.271637 2217.472656
v 10786.344727 298.271637 2217.402832
v 10788.426758 302.562408 2223.119141
v 10809.616211 234.485947 2222.891602
v 10788.425781 234.485947 2222.977539
v 10767.242188 234.485947 2223.073242
v 10809.616211 258.312683 2222.935059
v 10806.099609 260.216583 2217.247070
v 10790.467773 260.216583 2217.317871
v 10790.462891 280.235565 2217.342529
v 10806.097656 280.235565 2217.272461
v 10786.345703 260.216583 2217.335449
v 10770.705078 260.216583 2217.405273
v 10770.705078 280.235565 2217.439453
v 10786.345703 280.235565 2217.369385
v 10806.098633 238.776688 2217.207031
v 10790.458008 238.776688 2217.276855
v 10790.462891 255.785278 2217.312988
v 10806.099609 255.785278 2217.242676
v 10786.346680 238.776688 2217.286377
v 10770.703125 238.776688 2217.365723
v 10770.704102 255.785278 2217.396484
v 10786.346680 255.785278 2217.318359
v 10808.181641 300.799072 2223.017578
v 10788.426758 300.799072 2223.106201
v 10808.181641 282.139496 2222.984375
v 10768.673828 300.799072 2223.185059
v 10768.673828 282.139496 2223.160645
v 10808.179688 258.312683 2222.940186
v 10768.672852 258.312683 2223.118408
v 10788.426758 236.249298 2222.981201
v 10808.175781 236.249298 2222.906738
v 10768.672852 236.249298 2223.078369
v 10788.427734 282.139496 2223.072754
v 10790.485352 284.666870 2223.067383
v 10806.124023 284.666870 2222.998047
v 10790.484375 298.271637 2223.092285
v 10806.124023 298.271637 2223.022461
v 10770.729492 284.666870 2223.156250
v 10786.370117 284.666870 2223.086426
v 10770.729492 298.271637 2223.179688
v 10786.372070 298.271637 2223.101562
v 10788.425781 258.312683 2223.030029
v 10790.486328 260.216583 2223.024414
v 10806.124023 260.216583 2222.955078
v 10790.485352 280.235565 2223.058838
v 10806.124023 280.235565 2222.989258
v 10770.729492 260.216583 2223.113281
v 10786.370117 260.216583 2223.043945
v 10770.729492 280.235565 2223.147461
v 10786.370117 280.235565 2223.077148
v 10790.484375 238.776688 2222.985596
v 10806.123047 238.776688 2222.906738
v 10790.486328 255.785278 2223.015625
v 10806.124023 255.785278 2222.946777
v 10770.728516 238.776688 2223.072510
v 10786.370117 238.776688 2223.003418
v 10770.729492 255.785278 2223.104492
v 10786.370117 255.785278 2223.034180
v 10540.995117 206.534576 2244.038086
v 10527.507812 206.554474 2244.087402
v 10527.418945 206.554718 2224.054688
v 11215.637695 195.218246 1346.912354
v 11215.637695 -0.000000 1346.912354
v 11225.776367 206.554718 1346.958008
v 10876.597656 431.131104 1345.676758
v 10537.557617 195.218246 1346.912354
v 10527.418945 206.554718 1346.958008
v 10690.080078 170.277435 2223.848145
v 10690.080078 24.026382 2223.765625
v 10690.080078 -0.000001 2223.801514
v 10606.422852 170.277435 2223.928711
v 10606.422852 24.026196 2223.907959
v 10606.421875 -0.000000 2223.924561
v 10958.246094 170.277359 2223.136475
v 10958.246094 24.026470 2223.467773
v 10958.246094 0.000000 2223.672852
v 10690.080078 24.026382 2242.016602
v 10690.080078 -0.000001 2242.052734
v 10606.422852 24.026196 2242.158936
v 10606.421875 -0.000000 2242.175537
v 10876.597656 24.026302 2241.772949
v 10876.597656 0.000000 2241.811768
v 10958.246094 0.000000 2241.923828
v 10958.246094 24.026470 2241.718750
v 11215.637695 24.026472 2223.872559
v 10537.557617 24.026196 2224.009033
v 11215.638672 24.026276 1346.912354
v 11215.637695 -0.000000 1559.017090
v 11215.638672 24.026323 1558.984131
v 11215.637695 195.218246 1559.017090
v 11225.776367 206.554718 1559.062744
v 10876.597656 431.088074 1557.796509
v 10527.418945 206.554718 1559.062744
v 10537.557617 195.218246 1559.017090
v 10537.557617 24.026134 1559.017090
v 10537.557617 -0.000000 1559.017090
v 11215.638672 -0.000000 1465.815186
v 11215.638672 24.026302 1465.796631
v 11215.638672 195.218246 1465.815186
v 11225.777344 206.554733 1465.860718
v 10876.598633 431.106995 1464.587891
v 10527.419922 206.554733 1465.860718
v 10537.557617 195.218246 1465.815186
v 10537.557617 24.026127 1465.815186
v 10537.557617 -0.000000 1465.815186
v 10537.557617 177.465286 2224.009033
v 10537.557617 177.465271 1465.815186
v 10537.557617 177.465271 1346.912354
v 10915.061523 406.354858 1557.936035
v 10915.066406 406.368835 1464.728149
v 10915.061523 484.931091 1557.936035
v 10876.597656 484.931335 1557.796509
v 10915.066406 484.931091 1464.728149
v 10876.598633 484.931335 1464.587891
v 10915.061523 472.871735 1557.936035
v 10876.597656 472.871796 1557.796509
v 10876.598633 472.871826 1464.587891
v 10915.066406 472.871765 1464.728149
v 10918.903320 472.871735 1563.018311
v 10872.754883 472.871796 1562.863647
v 10918.903320 484.931091 1563.018311
v 10872.754883 484.931335 1562.863647
v 10872.755859 472.871826 1459.505615
v 10872.755859 484.931335 1459.505615
v 10918.909180 472.871765 1459.661133
v 10918.909180 484.931091 1459.661133
v 10537.557617 54.523933 1465.823242
v 10537.557617 54.523933 1465.823242
v 10537.557617 54.523933 1465.823242
v 10537.557617 54.523933 1553.047363
v 10537.557617 54.523933 1553.047363
v 10537.557617 54.523933 1553.047363
v 10537.557617 54.523933 1553.047363
v 10537.557617 177.465256 1553.038574
v 10537.557617 177.465256 1553.038574
v 10537.557617 177.465256 1553.038574
v 10537.557617 177.465256 1553.038574
v 10876.597656 430.953247 2222.835205
v 10876.597656 430.953247 2222.835205
v 10876.597656 430.953247 2222.835205
v 10876.597656 430.953247 2222.835205
v 10876.597656 430.953247 2222.835205
v 10876.597656 430.953247 2222.835205
v 10876.597656 430.953247 2222.835205
v 10876.597656 430.953247 2222.835205
v 10876.597656 430.953247 2222.835205
v 10876.597656 430.953247 2222.835205
v 10876.597656 430.953247 2222.835205
v 10876.597656 430.953247 2222.835205
v 10876.597656 430.953247 2222.835205
v 10876.597656 430.953247 2222.835205
v 10876.597656 430.953247 2222.835205
v 10876.597656 430.953247 2222.835205
v 10537.557617 24.026115 1346.912354
v 10537.557617 24.026127 1465.815186
v 10537.557617 54.523933 1465.823242
v 10537.557617 -0.000000 1465.815186
v 10537.557617 24.026127 1465.815186
v 10537.557617 24.026115 1346.912354
v 10537.557617 -0.000000 1346.912354
v 10537.557617 24.026115 1346.912354
v 10537.557617 54.523933 1465.823242
v 10537.557617 177.465271 1465.815186
v 10537.557617 177.465271 1346.912354
vt 0.527633 0.688533
vt 0.566601 0.688533
vt 0.566601 0.710446
vt 0.527633 0.710446
vt 0.572860 0.688287
vt 0.611829 0.710200
vt 0.611829 0.688287
vt 0.572860 0.710200
vt 0.240866 0.579825
vt 0.222793 0.579826
vt 0.222793 0.554011
vt 0.240866 0.554013
vt 0.222793 0.605642
vt 0.240866 0.605644
vt 0.273084 0.382356
vt 0.273084 0.411242
vt 0.269919 0.408076
vt 0.269919 0.384571
vt 0.272135 0.382356
vt 0.236868 0.411239
vt 0.236868 0.408074
vt 0.273084 0.353475
vt 0.269919 0.380141
vt 0.269919 0.356640
vt 0.214265 0.411239
vt 0.217431 0.408074
vt 0.236868 0.353472
vt 0.236867 0.356637
vt 0.214265 0.382356
vt 0.215215 0.382356
vt 0.217431 0.384571
vt 0.214265 0.353472
vt 0.217431 0.356637
vt 0.212804 0.408171
vt 0.212804 0.382356
vt 0.217431 0.380141
vt 0.191663 0.411236
vt 0.194731 0.408168
vt 0.212804 0.356539
vt 0.236868 0.380141
vt 0.236868 0.384571
vt 0.191663 0.382356
vt 0.194731 0.382356
vt 0.191663 0.353469
vt 0.194731 0.356537
vt 0.315168 0.413415
vt 0.282117 0.413415
vt 0.282117 0.389910
vt 0.315168 0.389912
vt 0.334605 0.413415
vt 0.334605 0.389912
vt 0.953469 0.543641
vt 0.976972 0.543641
vt 0.976972 0.563078
vt 0.953469 0.563078
vt 0.953471 0.510589
vt 0.976972 0.510589
vt 0.463023 0.007196
vt 0.465238 0.004981
vt 0.467454 0.007196
vt 0.344633 0.405157
vt 0.340852 0.405157
vt 0.340852 0.389910
vt 0.344633 0.389910
vt 0.365498 0.522725
vt 0.365498 0.526505
vt 0.350250 0.526505
vt 0.350250 0.522725
vt 0.209284 0.466049
vt 0.209284 0.462274
vt 0.249485 0.462274
vt 0.249485 0.466049
vt 0.263581 0.362514
vt 0.263581 0.366294
vt 0.223381 0.366294
vt 0.223381 0.362514
vt 0.223381 0.394226
vt 0.223381 0.390445
vt 0.263581 0.390445
vt 0.263581 0.394226
vt 0.257120 0.435188
vt 0.257120 0.438967
vt 0.216920 0.438967
vt 0.216920 0.435188
vt 0.237677 0.471922
vt 0.237677 0.475708
vt 0.228667 0.475724
vt 0.228667 0.471944
vt 0.162883 0.641376
vt 0.162883 0.637591
vt 0.171893 0.637607
vt 0.171893 0.641392
vt 0.718724 0.637700
vt 0.718724 0.641480
vt 0.709714 0.641496
vt 0.709714 0.637716
vt 0.717550 0.647386
vt 0.717550 0.651160
vt 0.708540 0.651150
vt 0.708540 0.647370
vt 0.163470 0.544475
vt 0.163470 0.540696
vt 0.176728 0.540673
vt 0.176728 0.544459
vt 0.371395 0.526515
vt 0.371395 0.522729
vt 0.384653 0.522752
vt 0.384653 0.526532
vt 0.404036 0.522750
vt 0.404036 0.526530
vt 0.390778 0.526552
vt 0.390778 0.522772
vt 0.423419 0.522776
vt 0.423419 0.526556
vt 0.410161 0.526534
vt 0.410161 0.522754
vt 0.004883 0.548941
vt 0.008664 0.548941
vt 0.008683 0.560206
vt 0.004907 0.560206
vt 0.983424 0.542017
vt 0.983424 0.538239
vt 0.994689 0.538266
vt 0.994689 0.542041
vt 0.165232 0.554141
vt 0.165232 0.550362
vt 0.176497 0.550341
vt 0.176497 0.554121
vt 0.947269 0.016246
vt 0.943483 0.016246
vt 0.943504 0.004982
vt 0.947290 0.004982
vt 0.407811 0.353469
vt 0.423059 0.357250
vt 0.407811 0.357250
vt 0.423059 0.353469
vt 0.687958 0.513481
vt 0.672711 0.509701
vt 0.687958 0.509701
vt 0.672711 0.513481
vt 0.646280 0.468601
vt 0.686480 0.472376
vt 0.646280 0.472376
vt 0.686480 0.468601
vt 0.712908 0.351916
vt 0.709127 0.392117
vt 0.709127 0.351916
vt 0.712908 0.392117
vt 0.544666 0.403396
vt 0.584866 0.407176
vt 0.544666 0.407176
vt 0.584866 0.403396
vt 0.257120 0.429314
vt 0.216920 0.425534
vt 0.257120 0.425534
vt 0.216920 0.429314
vt 0.709127 0.173517
vt 0.718137 0.177319
vt 0.709127 0.177302
vt 0.718137 0.173538
vt 0.013893 0.569865
vt 0.004883 0.566095
vt 0.013893 0.566079
vt 0.004883 0.569881
vt 0.702350 0.637728
vt 0.698555 0.646739
vt 0.698570 0.637728
vt 0.702334 0.646739
vt 0.162883 0.647282
vt 0.171893 0.651046
vt 0.162883 0.651056
vt 0.171893 0.647266
vt 0.008685 0.529809
vt 0.004883 0.543068
vt 0.004906 0.529809
vt 0.008669 0.543068
vt 0.292118 0.375150
vt 0.295882 0.361891
vt 0.295904 0.375150
vt 0.292102 0.361891
vt 0.295375 0.439325
vt 0.282117 0.435523
vt 0.295375 0.435545
vt 0.282117 0.439303
vt 0.429544 0.522794
vt 0.442802 0.526552
vt 0.429544 0.526574
vt 0.442802 0.522771
vt 0.983424 0.557571
vt 0.994688 0.561371
vt 0.983424 0.561352
vt 0.994688 0.557595
vt 0.609968 0.441873
vt 0.598703 0.438122
vt 0.609968 0.438095
vt 0.598703 0.441896
vt 0.994688 0.551706
vt 0.983424 0.547905
vt 0.994688 0.547926
vt 0.983424 0.551685
vt 0.834843 0.016246
vt 0.838608 0.004982
vt 0.838629 0.016246
vt 0.834822 0.004982
vt 0.702882 0.192459
vt 0.702773 0.328502
vt 0.174395 0.328503
vt 0.174421 0.192459
vt 0.174421 0.347596
vt 0.702882 0.347596
vt 0.100340 0.328503
vt 0.100355 0.192459
vt 0.702918 0.183450
vt 0.174458 0.183450
vt 0.100355 0.347596
vt 0.005865 0.328503
vt 0.005865 0.192459
vt 0.100391 0.183450
vt 0.718594 0.663546
vt 0.182974 0.353404
vt 0.205126 0.952167
vt 0.005865 0.347596
vt 0.005901 0.183450
vt 0.099491 0.024660
vt 0.182853 0.952292
vt 0.004883 0.004982
vt 0.199405 0.618738
vt 0.099380 0.005001
vt 0.140563 0.353469
vt 0.718849 0.520536
vt 0.953469 0.445291
vt 0.140563 0.793879
vt 0.176673 0.797832
vt 0.156475 0.855604
vt 0.140563 0.855604
vt 0.724986 0.022586
vt 0.724986 0.611039
vt 0.740555 0.605795
vt 0.740555 0.022586
vt 0.740555 0.687535
vt 0.724986 0.687535
vt 0.490111 0.668828
vt 0.750498 0.605755
vt 0.724986 0.791815
vt 0.740555 0.791815
vt 0.750498 0.687495
vt 0.404128 0.685232
vt 0.947417 0.606866
vt 0.750498 0.791775
vt 0.947434 0.688611
vt 0.947455 0.792899
vt 0.984062 0.606866
vt 0.984062 0.688611
vt 0.202453 0.683950
vt 0.401404 0.365557
vt 0.385492 0.365581
vt 0.385492 0.353493
vt 0.401404 0.353469
vt 0.321470 0.361890
vt 0.337382 0.361901
vt 0.337382 0.373988
vt 0.321470 0.373977
vt 0.501789 0.353469
vt 0.517701 0.353495
vt 0.517701 0.365582
vt 0.501789 0.365557
vt 0.495381 0.365557
vt 0.479469 0.365693
vt 0.479469 0.353605
vt 0.495381 0.353469
vt 0.529395 0.353469
vt 0.591124 0.353479
vt 0.591124 0.397522
vt 0.529395 0.397522
vt 0.167581 0.004982
vt 0.236033 0.004982
vt 0.236033 0.012969
vt 0.167581 0.012969
vt 0.242176 0.004982
vt 0.310627 0.004982
vt 0.310627 0.012968
vt 0.242176 0.012968
vt 0.237582 0.456400
vt 0.208697 0.453553
vt 0.237582 0.453553
vt 0.266462 0.453553
vt 0.659894 0.462728
vt 0.659894 0.459881
vt 0.688773 0.459881
vt 0.631008 0.462728
vt 0.631008 0.459881
vt 0.973349 0.235532
vt 0.973349 0.239963
vt 0.970502 0.239963
vt 0.970502 0.235532
vt 0.964628 0.089158
vt 0.964628 0.063343
vt 0.969288 0.063343
vt 0.969288 0.089158
vt 0.964628 0.114974
vt 0.969288 0.114974
vt 0.709127 0.151410
vt 0.709127 0.125598
vt 0.713787 0.125598
vt 0.713787 0.151410
vt 0.709127 0.099780
vt 0.713787 0.099780
vt 0.201061 0.385917
vt 0.201061 0.362413
vt 0.205721 0.362413
vt 0.205721 0.385917
vt 0.060095 0.425308
vt 0.083597 0.425308
vt 0.083597 0.429968
vt 0.060095 0.429968
vt 0.060095 0.400335
vt 0.083598 0.400335
vt 0.083598 0.404994
vt 0.060095 0.404994
vt 0.662726 0.478250
vt 0.686226 0.478250
vt 0.686226 0.482910
vt 0.662726 0.482910
vt 0.709127 0.299551
vt 0.712907 0.299541
vt 0.713011 0.322781
vt 0.709225 0.322798
vt 0.713114 0.346026
vt 0.709335 0.346042
vt 0.597627 0.376714
vt 0.601413 0.376731
vt 0.601309 0.399971
vt 0.597737 0.353469
vt 0.597529 0.399960
vt 0.601516 0.353485
vt 0.682696 0.503778
vt 0.682712 0.499997
vt 0.703961 0.500097
vt 0.703945 0.503873
vt 0.697396 0.513582
vt 0.697380 0.509807
vt 0.718629 0.509707
vt 0.718645 0.513488
vt 0.316296 0.522777
vt 0.316285 0.526557
vt 0.295038 0.526463
vt 0.295055 0.522682
vt 0.343885 0.522712
vt 0.343902 0.526493
vt 0.322654 0.526588
vt 0.322644 0.522808
vt 0.173239 0.598828
vt 0.173256 0.602614
vt 0.162898 0.602659
vt 0.162883 0.598874
vt 0.173257 0.569762
vt 0.173240 0.573543
vt 0.162883 0.573496
vt 0.162898 0.569711
vt 0.990472 0.612341
vt 0.994253 0.612325
vt 0.994299 0.622684
vt 0.990519 0.622700
vt 0.162883 0.612313
vt 0.162899 0.608533
vt 0.173259 0.608585
vt 0.173241 0.612359
vt 0.700920 0.631855
vt 0.700904 0.628074
vt 0.711260 0.628029
vt 0.711273 0.631808
vt 0.162883 0.592908
vt 0.162897 0.589122
vt 0.173255 0.589168
vt 0.173237 0.592954
vt 0.076557 0.612472
vt 0.076541 0.608692
vt 0.086900 0.608646
vt 0.086916 0.612426
vt 0.250202 0.615330
vt 0.250186 0.619110
vt 0.239827 0.619064
vt 0.239843 0.615284
vt 0.223397 0.615344
vt 0.223381 0.611570
vt 0.233737 0.611517
vt 0.233754 0.615299
vt 0.060095 0.637397
vt 0.060110 0.633620
vt 0.070466 0.633666
vt 0.070450 0.637444
vt 0.176767 0.560005
vt 0.176783 0.563791
vt 0.166424 0.563837
vt 0.166407 0.560057
vt 0.969380 0.208140
vt 0.973159 0.208157
vt 0.973113 0.218516
vt 0.969327 0.218500
vt 0.206429 0.642272
vt 0.208867 0.628063
vt 0.446937 0.628948
vt 0.446937 0.629943
vt 0.199299 0.628029
vt 0.687446 0.642272
vt 0.685008 0.628063
vt 0.446937 0.642588
vt 0.446937 0.643019
vt 0.694576 0.628029
vt 0.671384 0.648215
vt 0.670696 0.661627
vt 0.446795 0.662344
vt 0.446795 0.661917
vt 0.446795 0.661462
vt 0.222206 0.648215
vt 0.222894 0.661627
vt 0.446795 0.649050
vt 0.994009 0.255148
vt 0.980178 0.005748
vt 0.980178 0.504549
vt 0.995117 0.004982
vt 0.994083 0.255148
vt 0.995117 0.505315
vt 0.709127 0.293656
vt 0.713011 0.270427
vt 0.712907 0.293667
vt 0.709225 0.270409
vt 0.713114 0.247181
vt 0.709335 0.247165
vt 0.718890 0.218034
vt 0.715208 0.241292
vt 0.715104 0.218052
vt 0.718988 0.241281
vt 0.718780 0.194790
vt 0.715001 0.194806
vt 0.983518 0.532366
vt 0.987199 0.511102
vt 0.987299 0.532351
vt 0.983424 0.511117
vt 0.166758 0.513557
vt 0.162883 0.534791
vt 0.162983 0.513542
vt 0.166664 0.534806
vt 0.267433 0.522773
vt 0.288690 0.526459
vt 0.267443 0.526553
vt 0.288674 0.522677
vt 0.176743 0.513558
vt 0.172868 0.534788
vt 0.172962 0.513542
vt 0.176647 0.534799
vt 0.980271 0.599906
vt 0.969931 0.596075
vt 0.980288 0.596121
vt 0.969915 0.599860
vt 0.162883 0.579468
vt 0.173257 0.583202
vt 0.162899 0.583248
vt 0.173241 0.579416
vt 0.162899 0.627898
vt 0.173240 0.631724
vt 0.162883 0.631679
vt 0.173257 0.627944
vt 0.990519 0.606452
vt 0.994246 0.596075
vt 0.994299 0.606434
vt 0.990472 0.596093
vt 0.994299 0.628590
vt 0.990472 0.638930
vt 0.990518 0.628574
vt 0.994251 0.638942
vt 0.963841 0.599860
vt 0.953469 0.596121
vt 0.963825 0.596075
vt 0.953486 0.599907
vt 0.162899 0.618216
vt 0.173241 0.622042
vt 0.162883 0.621996
vt 0.173257 0.618261
vt 0.256273 0.615335
vt 0.266648 0.619069
vt 0.256289 0.619115
vt 0.266632 0.615289
vt 0.070453 0.612473
vt 0.060112 0.608646
vt 0.070469 0.608698
vt 0.060095 0.612427
vt 0.086912 0.637397
vt 0.076541 0.633666
vt 0.086897 0.633620
vt 0.076557 0.637444
vt 0.201061 0.402151
vt 0.204893 0.391808
vt 0.204847 0.402167
vt 0.201113 0.391791
vt 0.385492 0.371500
vt 0.395868 0.375234
vt 0.385509 0.375280
vt 0.395852 0.371448
vt 0.105909 0.004982
vt 0.161313 0.005076
vt 0.161313 0.017163
vt 0.105909 0.017069
vt 0.844807 0.005063
vt 0.900212 0.004982
vt 0.900212 0.017069
vt 0.844807 0.017150
vt 0.162883 0.407543
vt 0.162957 0.353469
vt 0.175044 0.353469
vt 0.174970 0.407543
vt 0.175006 0.413417
vt 0.174970 0.467490
vt 0.162883 0.467490
vt 0.162919 0.413417
vt 0.272618 0.445134
vt 0.272710 0.419661
vt 0.276076 0.417117
vt 0.275973 0.447679
vt 0.210981 0.419658
vt 0.207625 0.417113
vt 0.210888 0.445134
vt 0.207522 0.447679
vt 0.282546 0.356018
vt 0.282638 0.381491
vt 0.279282 0.384036
vt 0.279180 0.353474
vt 0.344368 0.381491
vt 0.347734 0.384036
vt 0.344275 0.356014
vt 0.347631 0.353469
vt 0.420710 0.007829
vt 0.420710 0.004982
vt 0.456926 0.004982
vt 0.398108 0.007829
vt 0.398108 0.004982
vt 0.375507 0.004982
vt 0.971587 0.143449
vt 0.971587 0.166051
vt 0.968740 0.166051
vt 0.968740 0.143449
vt 0.968740 0.202266
vt 0.971587 0.120847
vt 0.968740 0.120847
vt 0.679172 0.488784
vt 0.697244 0.488784
vt 0.697244 0.493444
vt 0.679172 0.493444
vt 0.162883 0.507668
vt 0.162883 0.489596
vt 0.167542 0.489596
vt 0.167542 0.507668
vt 0.708540 0.038033
vt 0.708540 0.004982
vt 0.713200 0.004982
vt 0.713200 0.038033
vt 0.708540 0.057470
vt 0.713200 0.057470
vt 0.756703 0.004982
vt 0.789754 0.004982
vt 0.789754 0.009642
vt 0.756703 0.009642
vt 0.809191 0.004982
vt 0.809191 0.009642
vt 0.962279 0.024418
vt 0.962279 0.004982
vt 0.966939 0.004982
vt 0.966939 0.024418
vt 0.962279 0.057470
vt 0.966939 0.057470
vt 0.316771 0.004982
vt 0.336207 0.004982
vt 0.336207 0.009642
vt 0.316771 0.009642
vt 0.369259 0.004982
vt 0.369259 0.009642
vt 0.117655 0.389938
vt 0.097029 0.389938
vt 0.020795 0.353469
vt 0.114824 0.392599
vt 0.048903 0.389938
vt 0.134172 0.353469
vt 0.117655 0.417575
vt 0.095897 0.392599
vt 0.051733 0.392599
vt 0.048903 0.417575
vt 0.114824 0.417575
vt 0.097736 0.394329
vt 0.048903 0.445205
vt 0.117655 0.445205
vt 0.114824 0.442547
vt 0.112984 0.394329
vt 0.097736 0.417575
vt 0.053715 0.394461
vt 0.051733 0.417575
vt 0.020795 0.523936
vt 0.051733 0.442547
vt 0.134172 0.578010
vt 0.117655 0.578010
vt 0.117654 0.523936
vt 0.112984 0.417575
vt 0.095897 0.417575
vt 0.053715 0.415709
vt 0.093915 0.394461
vt 0.004883 0.523936
vt 0.004883 0.353469
vt 0.097029 0.445205
vt 0.117655 0.598251
vt 0.134172 0.802551
vt 0.020795 0.578010
vt 0.112984 0.440815
vt 0.097736 0.440815
vt 0.093915 0.415709
vt 0.053715 0.440684
vt 0.095897 0.442547
vt 0.117655 0.625881
vt 0.093915 0.440684
vt 0.053715 0.419434
vt 0.097029 0.598251
vt 0.117655 0.701537
vt 0.117655 0.653516
vt 0.114824 0.600908
vt 0.093915 0.419434
vt 0.048903 0.598251
vt 0.117655 0.756943
vt 0.020795 0.701537
vt 0.097029 0.653516
vt 0.114824 0.650856
vt 0.114824 0.625881
vt 0.095897 0.600908
vt 0.051733 0.600908
vt 0.122415 0.802551
vt 0.020795 0.756943
vt 0.048903 0.653516
vt 0.112984 0.625881
vt 0.112984 0.602641
vt 0.048903 0.625881
vt 0.004883 0.701537
vt 0.004883 0.578010
vt 0.020795 0.802551
vt 0.051733 0.650856
vt 0.095897 0.650856
vt 0.112984 0.649127
vt 0.097736 0.602641
vt 0.093915 0.602772
vt 0.051733 0.625881
vt 0.004883 0.802551
vt 0.097736 0.649127
vt 0.095897 0.625881
vt 0.053715 0.602772
vt 0.093915 0.624022
vt 0.004883 0.756943
vt 0.053715 0.648994
vt 0.097736 0.625881
vt 0.053715 0.624022
vt 0.053715 0.627747
vt 0.093915 0.648994
vt 0.093915 0.627747
vt 0.968716 0.478362
vt 0.968716 0.501608
vt 0.953469 0.501608
vt 0.953469 0.478362
vt 0.968716 0.455118
vt 0.953469 0.455118
vt 0.658287 0.709291
vt 0.618086 0.709291
vt 0.618086 0.688041
vt 0.658287 0.688041
vt 0.299737 0.428299
vt 0.299738 0.419288
vt 0.310094 0.419288
vt 0.310096 0.428299
vt 0.444963 0.462380
vt 0.444963 0.469414
vt 0.400605 0.469414
vt 0.489322 0.469414
vt 0.400603 0.485194
vt 0.444963 0.476889
vt 0.400604 0.455888
vt 0.444963 0.455888
vt 0.489323 0.455888
vt 0.489324 0.485194
vt 0.399652 0.469414
vt 0.444963 0.485194
vt 0.399652 0.457056
vt 0.490274 0.457056
vt 0.490274 0.469414
vt 0.399652 0.485194
vt 0.400603 0.500974
vt 0.444963 0.492562
vt 0.386569 0.457056
vt 0.386569 0.455888
vt 0.503358 0.455888
vt 0.503358 0.457056
vt 0.489324 0.500974
vt 0.490275 0.485194
vt 0.398290 0.458730
vt 0.398290 0.470675
vt 0.444963 0.500974
vt 0.387933 0.458730
vt 0.372537 0.455888
vt 0.517390 0.455888
vt 0.491637 0.458730
vt 0.501994 0.458730
vt 0.491637 0.470675
vt 0.398290 0.467740
vt 0.399649 0.499806
vt 0.387933 0.470675
vt 0.398290 0.483933
vt 0.444963 0.512867
vt 0.387932 0.467740
vt 0.373488 0.457056
vt 0.223381 0.516759
vt 0.666546 0.516759
vt 0.516439 0.457056
vt 0.491637 0.467740
vt 0.501994 0.467740
vt 0.490278 0.499806
vt 0.491637 0.483933
vt 0.501994 0.470675
vt 0.386570 0.469414
vt 0.386568 0.500974
vt 0.398290 0.486868
vt 0.386568 0.485194
vt 0.444963 0.513603
vt 0.374849 0.458730
vt 0.373487 0.469414
vt 0.372543 0.469414
vt 0.517384 0.469414
vt 0.516439 0.469414
vt 0.515078 0.458730
vt 0.503357 0.469414
vt 0.503358 0.500974
vt 0.491637 0.486868
vt 0.503358 0.485194
vt 0.386569 0.499806
vt 0.387933 0.486868
vt 0.398289 0.498133
vt 0.387933 0.483933
vt 0.444963 0.514113
vt 0.372540 0.500974
vt 0.385209 0.458730
vt 0.374849 0.467740
vt 0.372536 0.485194
vt 0.517391 0.485194
vt 0.515078 0.467740
vt 0.504718 0.458730
vt 0.517387 0.500974
vt 0.491637 0.498133
vt 0.501994 0.486868
vt 0.503358 0.499806
vt 0.501994 0.483933
vt 0.387933 0.498133
vt 0.444963 0.516898
vt 0.385207 0.467740
vt 0.373487 0.485194
vt 0.516440 0.485194
vt 0.504720 0.467740
vt 0.501994 0.498133
vt 0.373488 0.499806
vt 0.385207 0.470675
vt 0.374849 0.483933
vt 0.515078 0.483933
vt 0.516440 0.499806
vt 0.504720 0.470675
vt 0.385207 0.498133
vt 0.374849 0.470675
vt 0.385208 0.483933
vt 0.385208 0.486868
vt 0.374849 0.498133
vt 0.515078 0.470675
vt 0.504720 0.483933
vt 0.515078 0.498133
vt 0.504720 0.498133
vt 0.504720 0.486868
vt 0.374849 0.486868
vt 0.515078 0.486868
vt 0.718137 0.167642
vt 0.709127 0.167643
vt 0.709127 0.157284
vt 0.718137 0.157284
vt 0.517984 0.381810
vt 0.504726 0.381812
vt 0.504726 0.371459
vt 0.517984 0.371456
vt 0.719112 0.004982
vt 0.732370 0.004982
vt 0.732370 0.015340
vt 0.719112 0.015340
vt 0.174147 0.483722
vt 0.162883 0.483721
vt 0.162883 0.473363
vt 0.174147 0.473366
vt 0.293381 0.429649
vt 0.282117 0.429649
vt 0.282117 0.419288
vt 0.293381 0.419289
vt 0.222916 0.501502
vt 0.213983 0.501489
vt 0.445174 0.353467
vt 0.445174 0.353496
vt 0.667434 0.501502
vt 0.676366 0.501489
vt 0.445174 0.360762
vt 0.225479 0.705406
vt 0.248726 0.690158
vt 0.248726 0.705406
vt 0.225479 0.690158
vt 0.202236 0.705406
vt 0.202236 0.690158
vt 0.993669 0.568951
vt 0.953469 0.590201
vt 0.953469 0.568951
vt 0.993669 0.590201
vt 0.718898 0.494218
vt 0.708541 0.485207
vt 0.718897 0.485207
vt 0.708540 0.494218
vt 0.577932 0.422060
vt 0.567574 0.413050
vt 0.577933 0.413050
vt 0.567573 0.422060
vt 0.302087 0.372245
vt 0.315345 0.361895
vt 0.315345 0.372247
vt 0.302087 0.361891
vt 0.815439 0.015340
vt 0.828697 0.004982
vt 0.828697 0.015340
vt 0.815439 0.004982
vt 0.211046 0.482281
vt 0.222311 0.471922
vt 0.222311 0.482281
vt 0.211046 0.471925
vt 0.584019 0.423410
vt 0.595284 0.413050
vt 0.595284 0.423410
vt 0.584019 0.413051
vt 0.246875 0.554011
vt 0.262787 0.554011
vt 0.262787 0.609415
vt 0.246875 0.609415
vt 0.664488 0.703702
vt 0.664488 0.687789
vt 0.718562 0.687789
vt 0.718562 0.703702
vt 0.379248 0.381142
vt 0.353774 0.397523
vt 0.353774 0.353469
vt 0.379248 0.353469
vt 0.217507 0.548137
vt 0.233890 0.522660
vt 0.261550 0.522660
vt 0.261550 0.548137
vt 0.708540 0.093906
vt 0.708540 0.063343
vt 0.716526 0.063343
vt 0.716526 0.093906
vt 0.937047 0.012968
vt 0.906480 0.012968
vt 0.906480 0.004982
vt 0.937047 0.004982
vt 0.973300 0.224390
vt 0.973300 0.227024
vt 0.969915 0.227024
vt 0.969915 0.224390
vt 0.973300 0.229658
vt 0.969915 0.229658
vt 0.445174 0.360762
vt 0.446937 0.628948
vt 0.446937 0.629943
vt 0.446795 0.649050
vt 0.176673 0.855599
vt 0.971587 0.202266
vt 0.266462 0.456400
vt 0.973667 0.449245
vt 0.274487 0.540734
vt 0.208697 0.456400
vt 0.456926 0.007829
vt 0.274481 0.622155
vt 0.724986 0.611039
vt 0.688773 0.462728
vt 0.375507 0.007829
vt 0.444963 0.370858
vt 0.947299 0.023615
vt 0.287990 0.667729
vt 0.444963 0.370858
vt 0.444963 0.370858
vt 0.201648 0.666055
vt 0.979312 0.255148
vt 0.444963 0.370858
vt 0.217301 0.619543
vt 0.516473 0.682688
vt 0.701949 0.005123
vt 0.979312 0.255148
vt 0.444963 0.370858
vt 0.444963 0.370858
vt 0.444963 0.370858
vt 0.444963 0.370858
vt 0.718753 0.400583
vt 0.718753 0.479329
vt 0.698555 0.479335
vt 0.696246 0.438095
vt 0.696246 0.454007
vt 0.617499 0.454007
vt 0.617499 0.438095
vt 0.601053 0.432222
vt 0.621251 0.353469
vt 0.702672 0.353475
vt 0.702672 0.432222
vt 0.718838 0.183450
vt 0.198124 0.417063
vt 0.750497 0.004977
vt 0.490111 0.686872
vt 0.173562 0.024671
vt 0.173562 0.024671
vt 0.718849 0.622155
vt 0.156475 0.353469
vt 0.953469 0.004883
vt 0.156475 0.793879
vt 0.750498 0.022546
vt 0.718594 0.681590
vt 0.269919 0.384571
vt 0.269919 0.380141
vn -1.000000 0.000012 0.000000
vn -1.000000 0.000012 0.000000
vn -1.000000 0.000029 0.000000
vn -1.000000 0.000029 0.000000
vn -1.000000 -0.000004 0.000000
vn -1.000000 -0.000004 0.000000
vn -1.000000 0.000082 0.000000
vn -1.000000 0.000018 0.000000
vn -1.000000 0.000018 0.000000
vn -1.000000 0.000061 0.000000
vn -1.000000 0.000082 0.000000
vn -1.000000 -0.000010 0.000000
vn -1.000000 -0.000010 0.000000
vn -1.000000 0.000039 0.000000
vn -1.000000 0.000068 0.000000
vn -1.000000 0.000041 0.000000
vn -1.000000 0.000070 0.000000
vn -1.000000 0.000072 0.000000
vn -1.000000 0.000003 0.000000
vn -1.000000 0.000011 0.000000
vn -1.000000 0.000012 0.000000
vn -1.000000 0.000000 0.000000
vn -1.000000 0.000000 0.000000
vn -1.000000 0.000044 0.000000
vn -1.000000 0.000102 0.000000
vn -1.000000 0.000044 0.000000
vn -1.000000 0.000000 0.000000
vn -1.000000 -0.000021 0.000000
vn -1.000000 0.000012 0.000000
vn -1.000000 0.000012 0.000000
vn -1.000000 0.000010 0.000000
vn -1.000000 0.000010 0.000000
vn -1.000000 -0.000020 0.000000
vn -1.000000 0.000000 0.000000
vn -1.000000 0.000000 0.000000
vn -1.000000 0.000000 0.000000
vn -1.000000 0.000000 0.000000
vn -1.000000 0.000000 0.000000
vn -1.000000 0.000000 0.000000
vn -1.000000 0.000000 0.000000
vn -1.000000 0.000000 0.000000
vn -1.000000 0.000000 0.000000
vn -1.000000 0.000000 0.000000
vn -1.000000 0.000000 0.000000
vn -1.000000 0.000000 0.000000
vn -1.000000 -0.000006 0.000000
vn -1.000000 -0.000006 0.000000
vn -1.000000 0.000000 0.000000
vn -1.000000 0.000000 0.000000
vn -1.000000 -0.000009 0.000000
vn -1.000000 -0.000009 0.000000
vn -1.000000 0.000000 0.000000
vn -1.000000 0.000000 0.000000
vn -1.000000 0.000000 0.000000
vn 0.000000 -1.000000 0.000000
vn 0.000000 -1.000000 0.000000
vn 0.000000 -1.000000 0.000000
vn 0.000000 -1.000000 0.000000
vn 0.000000 0.707175 -0.707038
vn 0.000000 0.707175 -0.707038
vn 0.000000 0.707175 -0.707038
vn 0.000000 0.707175 -0.707038
vn 0.000000 0.000071 1.000000
vn 0.000000 0.000071 1.000000
vn 0.000000 0.000071 1.000000
vn 0.000000 0.000071 1.000000
vn 0.000000 0.000000 1.000000
vn 0.000000 0.000000 1.000000
vn 0.000000 0.000000 1.000000
vn 0.000000 0.000000 1.000000
vn 0.000000 0.000000 -1.000000
vn 0.000000 0.000000 -1.000000
vn 0.000000 0.000000 -1.000000
vn 0.000000 0.000000 -1.000000
vn 0.000000 -1.000000 0.000000
vn 0.000000 -1.000000 0.000000
vn 0.000000 -1.000000 0.000000
vn 0.000000 -1.000000 0.000000
vn 0.000000 0.707079 0.707134
vn 0.000000 0.707079 0.707134
vn 0.000000 0.707079 0.707134
vn 0.000000 0.707079 0.707134
vn 0.000000 -0.000080 -1.000000
vn 0.000000 -0.000080 -1.000000
vn 0.000000 -0.000080 -1.000000
vn 0.000000 -0.000080 -1.000000
vn 0.000000 0.000143 1.000000
vn 0.000000 0.000143 1.000000
vn 0.000000 0.000143 1.000000
vn 0.000000 0.000143 1.000000
vn 0.000000 1.000000 0.000000
vn 0.000000 1.000000 0.000000
vn 0.000000 1.000000 0.000000
vn 0.000000 1.000000 0.000000
vn 0.000000 1.000000 0.000000
vn 0.000000 1.000000 0.000000
vn 0.000000 1.000000 0.000000
vn 0.000000 1.000000 0.000000
vn 0.000000 -0.000114 -1.000000
vn 0.000000 -0.000114 -1.000000
vn 0.000000 -0.000114 -1.000000
vn 0.000000 -0.000114 -1.000000
vn 0.000000 -1.000000 0.000000
vn 0.000000 -1.000000 0.000000
vn 0.000000 -1.000000 0.000000
vn 0.000000 -1.000000 0.000000
vn 0.000000 1.000000 0.000000
vn 0.000000 1.000000 0.000000
vn 0.000000 1.000000 0.000000
vn 0.000000 1.000000 0.000000
vn 0.000000 -0.000125 -1.000000
vn 0.000000 -0.000125 -1.000000
vn 0.000000 -0.000125 -1.000000
vn 0.000000 -0.000125 -1.000000
vn 0.000000 -1.000000 0.000000
vn 0.000000 -1.000000 0.000000
vn 0.000000 -1.000000 0.000000
vn 0.000000 -1.000000 0.000000
vn 0.000000 1.000000 0.000000
vn 0.000000 1.000000 0.000000
vn 0.000000 1.000000 0.000000
vn 0.000000 1.000000 0.000000
vn 0.000000 -1.000000 0.000000
vn 0.000000 -1.000000 0.000000
vn 0.000000 -1.000000 0.000000
vn 0.000000 -1.000000 0.000000
vn 0.000000 0.000107 1.000000
vn 0.000000 0.000107 1.000000
vn 0.000000 0.000107 1.000000
vn 0.000000 0.000107 1.000000
vn 0.000000 0.000000 1.000000
vn 0.000000 0.000000 1.000000
vn 0.000000 0.000000 1.000000
vn 0.000000 0.000000 1.000000
vn 0.000000 1.000000 0.000000
vn 0.000000 1.000000 0.000000
vn 0.000000 1.000000 0.000000
vn 0.000000 1.000000 0.000000
vn 0.000000 -0.000068 -1.000000
vn 0.000000 -0.000068 -1.000000
vn 0.000000 -0.000068 -1.000000
vn 0.000000 -0.000068 -1.000000
vn 0.000000 0.000000 1.000000
vn 0.000000 0.000000 1.000000
vn 0.000000 0.000000 1.000000
vn 0.000000 0.000000 1.000000
vn 0.000000 0.000000 -1.000000
vn 0.000000 0.000000 -1.000000
vn 0.000000 0.000000 -1.000000
vn 0.000000 0.000000 -1.000000
vn 0.000000 -1.000000 0.000000
vn 0.000000 -1.000000 0.000000
vn 0.000000 -1.000000 0.000000
vn 0.000000 -1.000000 0.000000
vn 0.000000 0.000000 -1.000000
vn 0.000000 0.000000 -1.000000
vn 0.000000 0.000000 -1.000000
vn 0.000000 0.000000 -1.000000
vn 0.000000 -1.000000 0.000000
vn 0.000000 -1.000000 0.000000
vn 0.000000 -1.000000 0.000000
vn 0.000000 -1.000000 0.000000
vn 0.000000 0.000000 1.000000
vn 0.000000 0.000000 1.000000
vn 0.000000 0.000000 1.000000
vn 0.000000 0.000000 1.000000
vn 0.000000 1.000000 0.000000
vn 0.000000 1.000000 0.000000
vn 0.000000 1.000000 0.000000
vn 0.000000 1.000000 0.000000
vn 0.000000 0.000000 -1.000000
vn 0.000000 0.000000 -1.000000
vn 0.000000 0.000000 -1.000000
vn 0.000000 0.000000 -1.000000
vn 0.000000 0.000078 1.000000
vn 0.000000 0.000078 1.000000
vn 0.000000 0.000078 1.000000
vn 0.000000 0.000078 1.000000
vn -0.001968 0.000000 0.999998
vn -0.001968 0.000000 0.999998
vn -0.001968 0.000000 0.999998
vn -0.004084 -0.000797 0.999991
vn -0.004084 -0.000797 0.999991
vn -0.004084 -0.000797 0.999991
vn -0.002153 0.002265 0.999995
vn -0.001298 0.002698 0.999996
vn -0.001030 0.002833 0.999996
vn 0.000642 0.000000 1.000000
vn 0.000642 0.000000 1.000000
vn 0.000642 0.000000 1.000000
vn -0.001461 0.006958 0.999975
vn -0.001458 0.006975 0.999975
vn -0.001571 0.006183 0.999980
vn -0.004215 0.000000 0.999991
vn -0.004215 0.000000 0.999991
vn -0.004215 0.000000 0.999991
vn -0.004215 0.000000 0.999991
vn -0.004215 0.000000 0.999991
vn -0.004215 0.000000 0.999991
vn -0.004448 -0.003200 0.999985
vn -0.004448 -0.003200 0.999985
vn -0.004448 -0.003200 0.999985
vn -0.004445 -0.000026 0.999990
vn -0.004445 -0.000026 0.999990
vn -0.004445 -0.000026 0.999990
vn -0.003313 0.000000 0.999995
vn -0.003313 0.000000 0.999995
vn -0.003313 0.000000 0.999995
vn -0.003406 0.000000 0.999994
vn -0.003406 0.000000 0.999994
vn -0.003406 0.000000 0.999994
vn -0.004447 0.001032 0.999990
vn -0.004447 0.001032 0.999990
vn -0.004447 0.001032 0.999990
vn -0.004581 0.000000 0.999990
vn -0.004581 0.000000 0.999990
vn -0.004581 0.000000 0.999990
vn -0.004490 0.000000 0.999990
vn -0.004490 0.000000 0.999990
vn -0.004490 0.000000 0.999990
vn -0.004432 0.000000 0.999990
vn -0.004432 0.000000 0.999990
vn -0.004432 0.000000 0.999990
vn -0.004569 0.000000 0.999990
vn -0.004569 0.000000 0.999990
vn -0.004569 0.000000 0.999990
vn -0.004447 -0.001032 0.999990
vn -0.004447 -0.001032 0.999990
vn -0.004447 -0.001032 0.999990
vn -0.004473 -0.003251 0.999985
vn -0.004473 -0.003251 0.999985
vn -0.004473 -0.003251 0.999985
vn -0.004459 0.000000 0.999990
vn -0.004459 0.000000 0.999990
vn -0.004459 0.000000 0.999990
vn -0.004468 0.000025 0.999990
vn -0.004468 0.000025 0.999990
vn -0.004468 0.000025 0.999990
vn -0.004728 0.000000 0.999989
vn -0.004728 0.000000 0.999989
vn -0.004728 0.000000 0.999989
vn -0.004718 0.000000 0.999989
vn -0.004718 0.000000 0.999989
vn -0.004718 0.000000 0.999989
vn -0.004479 -0.000025 0.999990
vn -0.004479 -0.000025 0.999990
vn -0.004479 -0.000025 0.999990
vn -0.004459 0.000000 0.999990
vn -0.004459 0.000000 0.999990
vn -0.004459 0.000000 0.999990
vn -0.004474 0.000059 0.999990
vn -0.004474 0.000059 0.999990
vn -0.004474 0.000059 0.999990
vn 0.000635 0.000000 1.000000
vn 0.000635 0.000000 1.000000
vn 0.000635 0.000000 1.000000
vn -0.003387 0.000000 0.999994
vn -0.003387 0.000000 0.999994
vn -0.003387 0.000000 0.999994
vn -0.003322 0.000000 0.999995
vn -0.003322 0.000000 0.999995
vn -0.003322 0.000000 0.999995
vn -0.004444 0.000000 0.999990
vn -0.004444 0.000000 0.999990
vn -0.004444 0.000000 0.999990
vn -0.004444 0.000000 0.999990
vn -0.004444 0.000000 0.999990
vn -0.004444 0.000000 0.999990
vn -0.004478 0.000000 0.999990
vn -0.004478 0.000000 0.999990
vn -0.004478 0.000000 0.999990
vn -0.004494 0.000000 0.999990
vn -0.004494 0.000000 0.999990
vn -0.004494 0.000000 0.999990
vn -0.004495 0.000000 0.999990
vn -0.004495 0.000000 0.999990
vn -0.004495 0.000000 0.999990
vn -0.004431 0.000000 0.999990
vn -0.004431 0.000000 0.999990
vn -0.004431 0.000000 0.999990
vn -0.001956 0.000000 0.999998
vn -0.001956 0.000000 0.999998
vn -0.001956 0.000000 0.999998
vn -0.004562 0.000286 0.999990
vn -0.004562 0.000286 0.999990
vn -0.004562 0.000286 0.999990
vn -0.004720 -0.001500 0.999988
vn -0.004720 -0.001500 0.999988
vn -0.004720 -0.001500 0.999988
vn -0.003165 0.000000 0.999995
vn -0.003165 0.000000 0.999995
vn -0.003165 0.000000 0.999995
vn -0.003111 0.000000 0.999995
vn -0.003111 0.000000 0.999995
vn -0.003111 0.000000 0.999995
vn -0.004562 0.001353 0.999989
vn -0.004562 0.001353 0.999989
vn -0.004562 0.001353 0.999989
vn -0.004720 -0.000425 0.999989
vn -0.004720 -0.000425 0.999989
vn -0.004720 -0.000425 0.999989
vn -0.004507 0.000000 0.999990
vn -0.004507 0.000000 0.999990
vn -0.004507 0.000000 0.999990
vn -0.004034 0.000000 0.999992
vn -0.004034 0.000000 0.999992
vn -0.004034 0.000000 0.999992
vn -0.004466 -0.000043 0.999990
vn -0.004466 -0.000043 0.999990
vn -0.004466 -0.000043 0.999990
vn -0.004446 0.000224 0.999990
vn -0.004446 0.000224 0.999990
vn -0.004446 0.000224 0.999990
vn -0.004659 0.000000 0.999989
vn -0.004659 0.000000 0.999989
vn -0.004659 0.000000 0.999989
vn -0.004570 0.000000 0.999990
vn -0.004570 0.000000 0.999990
vn -0.004570 0.000000 0.999990
vn -0.004475 -0.000201 0.999990
vn -0.004475 -0.000201 0.999990
vn -0.004475 -0.000201 0.999990
vn -0.004436 0.000064 0.999990
vn -0.004436 0.000064 0.999990
vn -0.004436 0.000064 0.999990
vn -0.004502 0.000000 0.999990
vn -0.004502 0.000000 0.999990
vn -0.004502 0.000000 0.999990
vn -0.004579 0.000000 0.999990
vn -0.004579 0.000000 0.999990
vn -0.004579 0.000000 0.999990
vn -0.006165 0.000000 0.999981
vn -0.006165 0.000000 0.999981
vn -0.006165 0.000000 0.999981
vn -0.006096 0.000000 0.999982
vn -0.006096 0.000000 0.999982
vn -0.006096 0.000000 0.999981
vn -0.004577 -0.001499 0.999988
vn -0.004577 -0.001499 0.999988
vn -0.004577 -0.001499 0.999988
vn -0.004438 0.000000 0.999990
vn -0.004438 0.000000 0.999990
vn -0.004438 0.000000 0.999990
vn -0.004577 0.000000 0.999990
vn -0.004577 0.000000 0.999990
vn -0.004577 0.000000 0.999990
vn -0.004438 0.001610 0.999989
vn -0.004438 0.001610 0.999989
vn -0.004438 0.001610 0.999989
vn -0.004465 0.000000 0.999990
vn -0.004465 0.000000 0.999990
vn -0.004465 0.000000 0.999990
vn -0.004457 0.000210 0.999990
vn -0.004457 0.000210 0.999990
vn -0.004457 0.000210 0.999990
vn -0.004608 0.000000 0.999989
vn -0.004608 0.000000 0.999989
vn -0.004608 0.000000 0.999989
vn -0.004680 0.000000 0.999989
vn -0.004680 0.000000 0.999989
vn -0.004680 0.000000 0.999989
vn -0.004474 -0.000196 0.999990
vn -0.004474 -0.000196 0.999990
vn -0.004474 -0.000196 0.999990
vn -0.004446 0.000000 0.999990
vn -0.004446 0.000000 0.999990
vn -0.004446 0.000000 0.999990
vn -0.004462 -0.001777 0.999988
vn -0.004462 -0.001777 0.999988
vn -0.004462 -0.001777 0.999988
vn -0.004993 -0.002403 0.999985
vn -0.004993 -0.002403 0.999985
vn -0.004993 -0.002403 0.999985
vn 0.000000 0.001241 0.999999
vn 0.000000 0.001241 0.999999
vn -0.001680 0.001242 0.999998
vn -0.002242 -0.000323 0.999997
vn -0.002242 -0.000323 0.999997
vn 0.000000 -0.000323 1.000000
vn 0.000000 -0.000323 1.000000
vn -0.004249 -0.001764 0.999989
vn -0.004249 -0.001764 0.999990
vn -0.004249 -0.001764 0.999989
vn -0.004461 -0.001794 0.999988
vn -0.004461 -0.001794 0.999988
vn -0.004461 -0.001794 0.999988
vn -0.004479 -0.001794 0.999988
vn -0.004479 -0.001794 0.999988
vn -0.004479 -0.001794 0.999988
vn -0.005283 -0.001444 0.999985
vn -0.005283 -0.001444 0.999985
vn -0.005283 -0.001444 0.999985
vn -0.004021 -0.000534 0.999992
vn -0.004021 -0.000534 0.999992
vn -0.004021 -0.000534 0.999992
vn -0.000000 -0.000027 1.000000
vn -0.000000 -0.000027 1.000000
vn 0.000539 -0.000027 1.000000
vn -0.000000 0.013335 0.999911
vn -0.000000 0.013335 0.999911
vn -0.003297 0.013335 0.999906
vn -0.003297 0.013335 0.999906
vn 0.000002 0.015042 0.999887
vn 0.000002 0.015042 0.999887
vn -0.003953 0.015042 0.999879
vn -0.003953 0.015042 0.999879
vn -0.000000 0.008012 0.999968
vn -0.000000 0.008012 0.999968
vn -0.003107 0.008012 0.999963
vn -0.003107 0.008012 0.999963
vn 0.000000 0.001285 0.999999
vn 0.000000 0.001285 0.999999
vn -0.000567 0.001285 0.999999
vn -0.001325 -0.000828 0.999999
vn -0.001325 -0.000828 0.999999
vn -0.000000 -0.000828 1.000000
vn -0.000000 -0.000828 1.000000
vn -0.004544 -0.001268 0.999989
vn -0.004544 -0.001268 0.999989
vn -0.004544 -0.001268 0.999989
vn -0.004468 -0.001231 0.999989
vn -0.004468 -0.001231 0.999989
vn -0.004468 -0.001231 0.999989
vn -0.004441 -0.001695 0.999989
vn -0.004441 -0.001695 0.999989
vn -0.004441 -0.001695 0.999989
vn -0.004491 -0.001707 0.999988
vn -0.004491 -0.001707 0.999989
vn -0.004491 -0.001707 0.999989
vn 0.000000 0.001269 0.999999
vn 0.000000 0.001269 0.999999
vn 0.000542 0.001269 0.999999
vn -0.000212 -0.000824 1.000000
vn -0.000212 -0.000824 1.000000
vn 0.000001 -0.000824 1.000000
vn 0.000001 -0.000824 1.000000
vn -0.004464 -0.002096 0.999988
vn -0.004464 -0.002096 0.999988
vn -0.004464 -0.002096 0.999988
vn -0.004494 -0.002126 0.999988
vn -0.004494 -0.002126 0.999988
vn -0.004494 -0.002126 0.999988
vn -0.005080 -0.001880 0.999985
vn -0.005080 -0.001880 0.999985
vn -0.005080 -0.001880 0.999985
vn -0.004992 -0.001809 0.999986
vn -0.004992 -0.001809 0.999986
vn -0.004992 -0.001809 0.999986
vn -0.004328 -0.002130 0.999988
vn -0.004328 -0.002130 0.999988
vn -0.004328 -0.002130 0.999988
vn -0.004269 -0.001851 0.999989
vn -0.004269 -0.001851 0.999989
vn -0.004269 -0.001851 0.999989
vn -0.005344 -0.007336 0.999959
vn -0.005344 -0.007336 0.999959
vn -0.005344 -0.007336 0.999959
vn -0.004472 0.002712 0.999986
vn -0.004472 0.002712 0.999986
vn -0.004472 0.002712 0.999986
vn -0.009319 -0.001350 0.999956
vn -0.009319 -0.001350 0.999956
vn -0.009319 -0.001350 0.999956
vn -0.004078 -0.001779 0.999990
vn -0.004078 -0.001779 0.999990
vn -0.004078 -0.001779 0.999990
vn -0.004022 -0.001852 0.999990
vn -0.004022 -0.001852 0.999990
vn -0.004022 -0.001852 0.999990
vn -0.011374 -0.001310 0.999934
vn -0.011374 -0.001310 0.999935
vn -0.011374 -0.001310 0.999934
vn -0.003986 -0.007403 0.999965
vn -0.003986 -0.007403 0.999965
vn -0.003986 -0.007403 0.999965
vn -0.003981 -0.007339 0.999965
vn -0.003981 -0.007339 0.999965
vn -0.003981 -0.007339 0.999965
vn -0.003649 -0.001835 0.999992
vn -0.003649 -0.001835 0.999992
vn -0.003649 -0.001835 0.999992
vn -0.003880 -0.001851 0.999991
vn -0.003880 -0.001851 0.999991
vn -0.003880 -0.001851 0.999991
vn -0.004111 -0.001763 0.999990
vn -0.004111 -0.001763 0.999990
vn -0.004111 -0.001763 0.999990
vn -0.003447 -0.001774 0.999993
vn -0.003447 -0.001774 0.999992
vn -0.003447 -0.001774 0.999993
vn -0.004051 -0.005269 0.999978
vn -0.004051 -0.005269 0.999978
vn -0.004051 -0.005269 0.999978
vn -0.003786 -0.002079 0.999991
vn -0.003786 -0.002079 0.999991
vn -0.003786 -0.002079 0.999991
vn -0.003880 -0.001822 0.999991
vn -0.003880 -0.001822 0.999991
vn -0.003880 -0.001822 0.999991
vn -0.008356 -0.001521 0.999964
vn -0.008356 -0.001521 0.999964
vn -0.008356 -0.001521 0.999964
vn -0.004523 -0.002075 0.999988
vn -0.004523 -0.002075 0.999988
vn -0.004523 -0.002075 0.999988
vn -0.004892 -0.006907 0.999964
vn -0.004892 -0.006907 0.999964
vn -0.004892 -0.006907 0.999964
vn 0.000916 -0.002131 0.999997
vn 0.000916 -0.002131 0.999997
vn 0.000916 -0.002131 0.999997
vn -0.003947 -0.001817 0.999991
vn -0.003947 -0.001817 0.999991
vn -0.003947 -0.001817 0.999991
vn -0.004479 -0.001765 0.999988
vn -0.004479 -0.001765 0.999988
vn -0.004479 -0.001765 0.999988
vn -0.004447 -0.001486 0.999989
vn -0.004447 -0.001486 0.999989
vn -0.004447 -0.001486 0.999989
vn -0.004476 -0.001791 0.999988
vn -0.004476 -0.001791 0.999988
vn -0.004476 -0.001791 0.999988
vn -0.004745 -0.001827 0.999987
vn -0.004745 -0.001827 0.999987
vn -0.004745 -0.001827 0.999987
vn -0.004479 -0.001856 0.999988
vn -0.004479 -0.001856 0.999988
vn -0.004479 -0.001856 0.999988
vn -0.004472 -0.001702 0.999989
vn -0.004472 -0.001702 0.999989
vn -0.004472 -0.001702 0.999989
vn -0.004477 -0.001780 0.999988
vn -0.004477 -0.001780 0.999988
vn -0.004477 -0.001780 0.999988
vn -0.004465 -0.001792 0.999988
vn -0.004465 -0.001792 0.999988
vn -0.004465 -0.001792 0.999988
vn -0.004440 -0.001787 0.999989
vn -0.004440 -0.001787 0.999989
vn -0.004440 -0.001787 0.999989
vn -0.004472 -0.001893 0.999988
vn -0.004472 -0.001893 0.999988
vn -0.004472 -0.001893 0.999988
vn -0.003870 -0.001308 0.999992
vn -0.003870 -0.001308 0.999992
vn -0.003870 -0.001308 0.999992
vn -0.000279 -0.001722 0.999999
vn -0.000279 -0.001722 0.999998
vn -0.000279 -0.001722 0.999999
vn -0.003990 0.001122 0.999991
vn -0.003990 0.001122 0.999991
vn -0.003990 0.001122 0.999991
vn -0.004989 -0.005894 0.999970
vn -0.004989 -0.005894 0.999970
vn -0.004989 -0.005894 0.999970
vn 0.000000 -0.001792 0.999998
vn 0.000000 -0.001792 0.999998
vn 0.000000 -0.001792 0.999998
vn -0.005302 -0.001116 0.999985
vn -0.005302 -0.001116 0.999985
vn -0.005302 -0.001116 0.999985
vn -0.004544 -0.002915 0.999986
vn -0.004544 -0.002915 0.999986
vn -0.004544 -0.002915 0.999985
vn -0.004428 -0.001845 0.999989
vn -0.004428 -0.001845 0.999988
vn -0.004428 -0.001845 0.999988
vn -0.004297 -0.001793 0.999989
vn -0.004297 -0.001793 0.999989
vn -0.004297 -0.001793 0.999989
vn -0.005311 -0.001722 0.999984
vn -0.005311 -0.001722 0.999984
vn -0.005311 -0.001722 0.999985
vn -0.004492 -0.002470 0.999987
vn -0.004492 -0.002470 0.999987
vn -0.004492 -0.002470 0.999987
vn -0.004461 -0.002243 0.999988
vn -0.004461 -0.002243 0.999988
vn -0.004461 -0.002243 0.999988
vn -0.004143 -0.001855 0.999990
vn -0.004143 -0.001855 0.999990
vn -0.004143 -0.001855 0.999990
vn -0.005505 -0.001706 0.999983
vn -0.005505 -0.001706 0.999983
vn -0.005505 -0.001706 0.999983
vn -0.004440 -0.002480 0.999987
vn -0.004440 -0.002480 0.999987
vn -0.004440 -0.002480 0.999987
vn -0.004427 -0.002099 0.999988
vn -0.004427 -0.002099 0.999988
vn -0.004427 -0.002099 0.999988
vn -0.004305 -0.001771 0.999989
vn -0.004305 -0.001771 0.999989
vn -0.004305 -0.001771 0.999989
vn -0.004746 -0.001706 0.999987
vn -0.004746 -0.001706 0.999987
vn -0.004746 -0.001706 0.999987
vn -0.004440 -0.002123 0.999988
vn -0.004440 -0.002123 0.999988
vn -0.004440 -0.002123 0.999988
vn -0.004493 -0.002550 0.999987
vn -0.004493 -0.002550 0.999987
vn -0.004493 -0.002550 0.999987
vn -0.004143 -0.001793 0.999990
vn -0.004143 -0.001793 0.999990
vn -0.004143 -0.001793 0.999990
vn -0.005128 -0.001659 0.999986
vn -0.005128 -0.001659 0.999986
vn -0.005128 -0.001659 0.999986
vn -0.003756 0.003059 0.999988
vn -0.003756 0.003059 0.999988
vn -0.003756 0.003059 0.999988
vn -0.005040 -0.005840 0.999970
vn -0.005040 -0.005840 0.999970
vn -0.005040 -0.005840 0.999970
vn -0.000516 -0.002214 0.999997
vn -0.000516 -0.002214 0.999997
vn -0.000516 -0.002214 0.999997
vn -0.004903 -0.001766 0.999986
vn -0.004903 -0.001766 0.999986
vn -0.004903 -0.001766 0.999986
vn -0.004557 -0.001990 0.999988
vn -0.004557 -0.001990 0.999988
vn -0.004557 -0.001990 0.999988
vn -0.004423 -0.000976 0.999990
vn -0.004423 -0.000976 0.999990
vn -0.004423 -0.000976 0.999990
vn -0.005169 -0.001517 0.999986
vn -0.005169 -0.001517 0.999986
vn -0.005169 -0.001517 0.999986
vn 0.002909 -0.002356 0.999993
vn 0.002909 -0.002356 0.999993
vn 0.002909 -0.002356 0.999993
vn -0.004949 -0.004785 0.999976
vn -0.004949 -0.004785 0.999976
vn -0.004949 -0.004785 0.999976
vn -0.004397 -0.001269 0.999990
vn -0.004397 -0.001269 0.999990
vn -0.004397 -0.001269 0.999990
vn -0.004997 -0.001815 0.999986
vn -0.004997 -0.001815 0.999986
vn -0.004997 -0.001815 0.999986
vn -0.004466 -0.001879 0.999988
vn -0.004466 -0.001879 0.999988
vn -0.004466 -0.001879 0.999988
vn -0.004440 -0.001863 0.999988
vn -0.004440 -0.001863 0.999988
vn -0.004440 -0.001863 0.999988
vn -0.004496 -0.002010 0.999988
vn -0.004496 -0.002010 0.999988
vn -0.004496 -0.002010 0.999988
vn -0.004997 -0.002213 0.999985
vn -0.004997 -0.002213 0.999985
vn -0.004997 -0.002213 0.999985
vn -0.008486 -0.001807 0.999962
vn -0.008486 -0.001807 0.999962
vn -0.008486 -0.001807 0.999962
vn 0.999996 0.000000 0.002737
vn 0.999996 0.000000 0.002737
vn 0.999996 0.000000 0.002737
vn 0.999996 0.000000 0.002737
vn 0.999996 0.000000 0.002737
vn 0.999996 0.000000 0.002737
vn 0.000000 1.000000 -0.000005
vn 0.000000 1.000000 -0.000005
vn 0.000000 1.000000 -0.000005
vn 0.000000 1.000000 0.000000
vn 0.000000 1.000000 0.000000
vn 0.000000 1.000000 0.000000
vn 0.000000 -1.000000 0.000000
vn 0.000000 -1.000000 0.000000
vn 0.000000 -1.000000 0.000000
vn 0.000000 -1.000000 0.000000
vn 0.000000 -1.000000 0.000000
vn 0.000000 -1.000000 0.000000
vn 0.000000 1.000000 0.000000
vn 0.000000 1.000000 0.000000
vn 0.000000 1.000000 0.000000
vn 0.000000 1.000000 0.000000
vn 0.000000 1.000000 0.000000
vn 0.000000 1.000000 0.000000
vn -0.999992 0.000000 -0.004107
vn -0.999992 0.000000 -0.004107
vn -0.999992 0.000000 -0.004107
vn -0.999992 0.000000 -0.004107
vn -0.999992 0.000000 -0.004107
vn -0.999992 0.000000 -0.004107
vn 0.000000 -1.000000 0.000000
vn 0.000000 -1.000000 0.000000
vn 0.000000 -1.000000 0.000000
vn 0.000000 -1.000000 0.000000
vn 0.000000 -1.000000 0.000000
vn 0.000000 -1.000000 0.000000
vn 0.000000 -1.000000 0.000000
vn 0.000000 -1.000000 0.000000
vn 0.000000 -1.000000 0.000000
vn 0.000000 -1.000000 0.000000
vn 0.000000 -1.000000 0.000000
vn 0.000000 -1.000000 0.000000
vn 0.999992 0.000000 0.004112
vn 0.999992 0.000000 0.004112
vn 0.999992 0.000000 0.004112
vn 0.999992 0.000000 0.004112
vn 0.999992 0.000000 0.004112
vn 0.999992 0.000000 0.004112
vn 0.000000 1.000000 0.000000
vn 0.000000 1.000000 0.000000
vn 0.000000 1.000000 0.000000
vn 0.000000 1.000000 0.000000
vn 0.000000 1.000000 0.000000
vn 0.000000 1.000000 0.000000
vn -0.999992 0.000000 -0.004105
vn -0.999992 0.000000 -0.004105
vn -0.999992 0.000000 -0.004105
vn -0.999992 0.000000 -0.004105
vn -0.999992 0.000000 -0.004105
vn -0.999992 0.000000 -0.004105
vn 0.000000 -1.000000 0.000005
vn 0.000000 -1.000000 0.000005
vn 0.000000 -1.000000 0.000005
vn 0.000000 -1.000000 -0.000005
vn 0.000000 -1.000000 -0.000005
vn 0.000000 -1.000000 -0.000005
vn 0.999990 0.000000 0.004448
vn 0.999990 0.000000 0.004448
vn 0.999990 0.000000 0.004448
vn 0.999990 0.000000 0.004448
vn 0.999990 0.000000 0.004448
vn 0.999990 0.000000 0.004448
vn 0.000000 1.000000 0.000000
vn 0.000000 1.000000 0.000000
vn 0.000000 1.000000 0.000000
vn 0.000000 1.000000 0.000000
vn 0.000000 1.000000 0.000000
vn 0.000000 1.000000 0.000000
vn -0.999996 0.000000 -0.002738
vn -0.999996 0.000000 -0.002738
vn -0.999996 0.000000 -0.002738
vn -0.999996 0.000000 -0.002738
vn -0.999996 0.000000 -0.002738
vn -0.999996 0.000000 -0.002738
vn 0.000000 1.000000 0.000000
vn 0.000000 1.000000 0.000000
vn 0.000000 1.000000 0.000000
vn 0.000000 1.000000 0.000000
vn 0.000000 1.000000 0.000000
vn 0.000000 1.000000 0.000000
vn -0.999992 0.000201 -0.004100
vn -0.999992 0.000201 -0.004100
vn -0.999992 0.000201 -0.004100
vn -0.999990 0.000201 -0.004448
vn -0.999990 0.000201 -0.004448
vn -0.999990 0.000201 -0.004448
vn 0.000000 -1.000000 0.000000
vn 0.000000 -1.000000 0.000000
vn 0.000000 -1.000000 0.000000
vn 0.000000 -1.000000 0.000000
vn 0.000000 -1.000000 0.000000
vn 0.000000 -1.000000 0.000000
vn 0.999991 0.000000 0.004271
vn 0.999991 0.000000 0.004271
vn 0.999991 0.000000 0.004271
vn 0.999990 0.000000 0.004442
vn 0.999990 0.000000 0.004442
vn 0.999990 0.000000 0.004442
vn 0.000000 1.000000 0.000000
vn 0.000000 1.000000 0.000000
vn 0.000000 1.000000 0.000000
vn 0.000000 1.000000 0.000000
vn 0.000000 1.000000 0.000000
vn 0.000000 1.000000 0.000000
vn -0.999991 0.000000 -0.004277
vn -0.999991 0.000000 -0.004277
vn -0.999991 0.000000 -0.004277
vn -0.999990 0.000000 -0.004449
vn -0.999990 0.000000 -0.004449
vn -0.999990 0.000000 -0.004449
vn 0.000000 -1.000000 0.000000
vn 0.000000 -1.000000 0.000000
vn 0.000000 -1.000000 0.000000
vn 0.000000 -1.000000 0.000000
vn 0.000000 -1.000000 0.000000
vn 0.000000 -1.000000 0.000000
vn 0.999989 0.000101 0.004798
vn 0.999988 0.000101 0.004798
vn 0.999988 0.000101 0.004798
vn 0.999991 0.000000 0.004277
vn 0.999991 0.000000 0.004277
vn 0.999991 0.000000 0.004277
vn 0.000000 1.000000 0.000000
vn 0.000000 1.000000 0.000000
vn 0.000000 1.000000 0.000000
vn 0.000000 1.000000 0.000000
vn 0.000000 1.000000 0.000000
vn 0.000000 1.000000 0.000000
vn -0.999995 0.000000 -0.003252
vn -0.999995 0.000000 -0.003252
vn -0.999995 0.000000 -0.003252
vn -0.999992 0.000137 -0.003929
vn -0.999992 0.000137 -0.003929
vn -0.999992 0.000137 -0.003929
vn 0.000000 -1.000000 0.000000
vn 0.000000 -1.000000 0.000000
vn 0.000000 -1.000000 0.000000
vn 0.000000 -1.000000 0.000000
vn 0.000000 -1.000000 0.000000
vn 0.000000 -1.000000 0.000000
vn 0.999989 0.000000 0.004612
vn 0.999989 0.000000 0.004612
vn 0.999989 0.000000 0.004612
vn 0.999991 0.000000 0.004277
vn 0.999991 0.000000 0.004277
vn 0.999991 0.000000 0.004277
vn 0.000000 1.000000 0.000005
vn 0.000000 1.000000 0.000005
vn 0.000000 1.000000 0.000005
vn 0.000000 1.000000 -0.000005
vn 0.000000 1.000000 -0.000005
vn 0.000000 1.000000 -0.000005
vn -0.999991 -0.000068 -0.004277
vn -0.999991 -0.000068 -0.004277
vn -0.999991 -0.000068 -0.004277
vn -0.999991 0.000068 -0.004277
vn -0.999991 0.000068 -0.004277
vn -0.999991 0.000068 -0.004277
vn 0.000000 -1.000000 0.000011
vn 0.000000 -1.000000 0.000011
vn 0.000000 -1.000000 0.000011
vn 0.000000 -1.000000 -0.000011
vn 0.000000 -1.000000 -0.000011
vn 0.000000 -1.000000 -0.000011
vn 0.999991 -0.000068 0.004277
vn 0.999991 -0.000068 0.004277
vn 0.999991 -0.000068 0.004277
vn 0.999990 -0.000068 0.004448
vn 0.999990 -0.000068 0.004448
vn 0.999990 -0.000068 0.004448
vn 0.000000 1.000000 0.000000
vn 0.000000 1.000000 0.000000
vn 0.000000 1.000000 0.000000
vn 0.000000 1.000000 0.000000
vn 0.000000 1.000000 0.000000
vn 0.000000 1.000000 0.000000
vn -0.999990 -0.000080 -0.004448
vn -0.999990 -0.000080 -0.004448
vn -0.999990 -0.000080 -0.004448
vn -0.999992 -0.000242 -0.004110
vn -0.999992 -0.000242 -0.004110
vn -0.999992 -0.000242 -0.004110
vn 0.000000 -1.000000 0.000000
vn 0.000000 -1.000000 0.000000
vn 0.000000 -1.000000 0.000000
vn 0.000000 -1.000000 -0.000005
vn 0.000000 -1.000000 -0.000005
vn 0.000000 -1.000000 -0.000005
vn 0.999991 0.000000 0.004280
vn 0.999991 0.000000 0.004280
vn 0.999991 0.000000 0.004280
vn 0.999991 0.000000 0.004283
vn 0.999991 0.000000 0.004283
vn 0.999991 0.000000 0.004283
vn 0.000000 1.000000 0.000000
vn 0.000000 1.000000 0.000000
vn 0.000000 1.000000 0.000000
vn 0.000000 1.000000 0.000000
vn 0.000000 1.000000 0.000000
vn 0.000000 1.000000 0.000000
vn -0.999990 -0.000080 -0.004449
vn -0.999990 -0.000080 -0.004449
vn -0.999990 -0.000080 -0.004449
vn -0.999990 0.000000 -0.004448
vn -0.999990 0.000000 -0.004448
vn -0.999990 0.000000 -0.004448
vn 0.000000 -1.000000 0.000000
vn 0.000000 -1.000000 0.000000
vn 0.000000 -1.000000 0.000000
vn 0.000000 -1.000000 0.000000
vn 0.000000 -1.000000 0.000000
vn 0.000000 -1.000000 0.000000
vn 0.999991 0.000080 0.004271
vn 0.999991 0.000080 0.004271
vn 0.999991 0.000080 0.004271
vn 0.999992 0.000000 0.004099
vn 0.999992 0.000000 0.004099
vn 0.999992 0.000000 0.004099
vn -0.003664 0.000638 0.999993
vn -0.003664 0.000638 0.999993
vn -0.000002 0.000637 1.000000
vn -0.000002 0.000637 1.000000
vn -0.001269 -0.870599 0.491991
vn -0.001269 -0.870599 0.491991
vn 0.000000 -0.870600 0.491992
vn 0.000000 -0.870600 0.491992
vn -0.000528 -0.870672 0.491864
vn -0.000528 -0.870672 0.491864
vn -0.000528 -0.870672 0.491864
vn -0.528939 -0.836235 -0.144688
vn -0.528939 -0.836235 -0.144688
vn -0.528939 -0.836235 -0.144688
vn -0.528939 -0.836235 -0.144688
vn 0.540635 0.841254 0.002383
vn 0.540635 0.841254 0.002383
vn 0.540634 0.841254 0.002383
vn 0.538711 0.841639 0.037868
vn 0.538711 0.841639 0.037868
vn 0.538711 0.841639 0.037868
vn -0.001263 0.979508 0.201400
vn -0.001263 0.979508 0.201400
vn 0.000000 0.979509 0.201401
vn 0.000000 0.979509 0.201401
vn 0.000000 0.979509 0.201401
vn 0.745359 -0.666655 0.003262
vn 0.745359 -0.666655 0.003262
vn 0.745359 -0.666655 0.003262
vn -0.002558 0.000000 0.999997
vn -0.002558 0.000000 0.999997
vn -0.002558 0.000000 0.999997
vn -0.003601 -0.000196 0.999994
vn -0.003601 -0.000196 0.999994
vn -0.003601 -0.000196 0.999994
vn -0.002733 -0.004537 0.999986
vn -0.002733 -0.004537 0.999986
vn -0.000000 0.002448 0.999997
vn 0.000000 0.002448 0.999997
vn -0.002733 -0.004537 0.999986
vn 0.000001 -0.001513 0.999999
vn 0.000001 -0.001513 0.999999
vn -0.005092 -0.001513 0.999986
vn -0.000000 -0.872793 0.488091
vn -0.000000 -0.872793 0.488091
vn -0.000000 -0.872793 0.488091
vn -0.001518 -0.872792 0.488091
vn -0.489967 -0.746512 -0.450169
vn -0.489967 -0.746512 -0.450169
vn -0.489967 -0.746512 -0.450169
vn 0.000000 0.979198 0.202908
vn 0.000000 0.979198 0.202908
vn -0.001362 0.979197 0.202908
vn 0.001273 -0.000371 0.999999
vn 0.000952 -0.000465 1.000000
vn 0.000952 -0.000465 1.000000
vn 0.001202 -0.000392 0.999999
vn 0.013744 0.003761 0.999898
vn -0.000330 0.003031 0.999995
vn 0.001598 0.003131 0.999994
vn -0.004268 0.000000 0.999991
vn -0.004268 0.000000 0.999991
vn -0.004268 0.000000 0.999991
vn 0.001302 0.002403 0.999996
vn 0.001299 0.001872 0.999997
vn 0.001298 0.001555 0.999998
vn 0.001298 0.001555 0.999998
vn 0.004215 0.000000 0.999991
vn 0.004215 0.000000 0.999991
vn 0.004215 0.000000 0.999991
vn 0.004215 0.000000 0.999991
vn 0.004215 0.000000 0.999991
vn 0.004215 0.000000 0.999991
vn 0.004448 -0.007547 0.999962
vn 0.004448 -0.007547 0.999962
vn 0.004448 -0.007547 0.999962
vn 0.004443 0.030269 0.999532
vn 0.004443 0.030269 0.999532
vn 0.004443 0.030269 0.999532
vn 0.003298 0.000000 0.999995
vn 0.003298 0.000000 0.999995
vn 0.003298 0.000000 0.999995
vn 0.003441 0.000000 0.999994
vn 0.003441 0.000000 0.999994
vn 0.003441 0.000000 0.999994
vn 0.004447 0.001032 0.999990
vn 0.004447 0.001032 0.999990
vn 0.004447 0.001032 0.999990
vn 0.004581 0.000000 0.999990
vn 0.004581 0.000000 0.999990
vn 0.004581 0.000000 0.999990
vn 0.004492 0.000000 0.999990
vn 0.004492 0.000000 0.999990
vn 0.004492 0.000000 0.999990
vn 0.004497 0.000000 0.999990
vn 0.004497 0.000000 0.999990
vn 0.004497 0.000000 0.999990
vn 0.004569 0.000000 0.999990
vn 0.004569 0.000000 0.999990
vn 0.004569 0.000000 0.999990
vn 0.004447 -0.001032 0.999990
vn 0.004447 -0.001032 0.999990
vn 0.004447 -0.001032 0.999990
vn 0.004473 -0.007608 0.999961
vn 0.004473 -0.007608 0.999961
vn 0.004473 -0.007608 0.999961
vn 0.004459 0.000000 0.999990
vn 0.004459 0.000000 0.999990
vn 0.004459 0.000000 0.999990
vn 0.004468 0.000027 0.999990
vn 0.004468 0.000027 0.999990
vn 0.004468 0.000027 0.999990
vn 0.004728 0.000000 0.999989
vn 0.004728 0.000000 0.999989
vn 0.004728 0.000000 0.999989
vn 0.004718 0.000000 0.999989
vn 0.004718 0.000000 0.999989
vn 0.004718 0.000000 0.999989
vn 0.004479 -0.000027 0.999990
vn 0.004479 -0.000027 0.999990
vn 0.004479 -0.000027 0.999990
vn 0.004459 0.000000 0.999990
vn 0.004459 0.000000 0.999990
vn 0.004459 0.000000 0.999990
vn 0.002315 0.011073 0.999936
vn 0.001433 0.003510 0.999993
vn 0.000959 -0.000561 0.999999
vn -0.004235 0.000000 0.999991
vn -0.004235 0.000000 0.999991
vn -0.004235 0.000000 0.999991
vn 0.003388 0.000000 0.999994
vn 0.003388 0.000000 0.999994
vn 0.003388 0.000000 0.999994
vn 0.003323 0.000000 0.999995
vn 0.003323 0.000000 0.999995
vn 0.003323 0.000000 0.999994
vn 0.004444 0.000000 0.999990
vn 0.004444 0.000000 0.999990
vn 0.004444 0.000000 0.999990
vn 0.004444 0.000000 0.999990
vn 0.004444 0.000000 0.999990
vn 0.004444 0.000000 0.999990
vn 0.004478 0.000000 0.999990
vn 0.004478 0.000000 0.999990
vn 0.004478 0.000000 0.999990
vn 0.004494 0.000000 0.999990
vn 0.004494 0.000000 0.999990
vn 0.004494 0.000000 0.999990
vn 0.004510 0.000000 0.999990
vn 0.004510 0.000000 0.999990
vn 0.004510 0.000000 0.999990
vn 0.004477 0.000000 0.999990
vn 0.004477 0.000000 0.999990
vn 0.004477 0.000000 0.999990
vn 0.000018 0.000000 1.000000
vn 0.000018 0.000000 1.000000
vn 0.000018 0.000000 1.000000
vn 0.004562 0.000282 0.999990
vn 0.004562 0.000282 0.999990
vn 0.004562 0.000282 0.999990
vn 0.004720 -0.001500 0.999988
vn 0.004720 -0.001500 0.999988
vn 0.004720 -0.001500 0.999988
vn 0.003127 0.000000 0.999995
vn 0.003127 0.000000 0.999995
vn 0.003127 0.000000 0.999995
vn 0.003190 0.000000 0.999995
vn 0.003190 0.000000 0.999995
vn 0.003190 0.000000 0.999995
vn 0.004562 0.001358 0.999989
vn 0.004562 0.001358 0.999989
vn 0.004562 0.001358 0.999989
vn 0.004720 -0.000429 0.999989
vn 0.004720 -0.000429 0.999989
vn 0.004720 -0.000429 0.999989
vn 0.004440 0.000000 0.999990
vn 0.004440 0.000000 0.999990
vn 0.004440 0.000000 0.999990
vn 0.004081 0.000000 0.999992
vn 0.004081 0.000000 0.999992
vn 0.004081 0.000000 0.999992
vn 0.004466 -0.000043 0.999990
vn 0.004466 -0.000043 0.999990
vn 0.004466 -0.000043 0.999990
vn 0.004446 0.000219 0.999990
vn 0.004446 0.000219 0.999990
vn 0.004446 0.000219 0.999990
vn 0.004683 0.000000 0.999989
vn 0.004683 0.000000 0.999989
vn 0.004683 0.000000 0.999989
vn 0.004534 0.000000 0.999990
vn 0.004534 0.000000 0.999990
vn 0.004534 0.000000 0.999990
vn 0.004475 -0.000202 0.999990
vn 0.004475 -0.000202 0.999990
vn 0.004475 -0.000202 0.999990
vn 0.004436 0.000068 0.999990
vn 0.004436 0.000068 0.999990
vn 0.004436 0.000068 0.999990
vn 0.004568 0.000000 0.999990
vn 0.004568 0.000000 0.999990
vn 0.004568 0.000000 0.999990
vn 0.004589 0.000000 0.999990
vn 0.004589 0.000000 0.999990
vn 0.004589 0.000000 0.999990
vn 0.006152 0.000000 0.999981
vn 0.006152 0.000000 0.999981
vn 0.006152 0.000000 0.999981
vn 0.006161 0.000000 0.999981
vn 0.006161 0.000000 0.999981
vn 0.006161 0.000000 0.999981
vn 0.004577 -0.001499 0.999988
vn 0.004577 -0.001499 0.999988
vn 0.004577 -0.001499 0.999988
vn 0.004438 0.000000 0.999990
vn 0.004438 0.000000 0.999990
vn 0.004438 0.000000 0.999990
vn 0.004577 0.000000 0.999990
vn 0.004577 0.000000 0.999990
vn 0.004577 0.000000 0.999990
vn 0.004438 0.001611 0.999989
vn 0.004438 0.001611 0.999989
vn 0.004438 0.001611 0.999989
vn 0.004465 0.000000 0.999990
vn 0.004465 0.000000 0.999990
vn 0.004465 0.000000 0.999990
vn 0.004457 0.000210 0.999990
vn 0.004457 0.000210 0.999990
vn 0.004457 0.000210 0.999990
vn 0.004632 0.000000 0.999989
vn 0.004632 0.000000 0.999989
vn 0.004632 0.000000 0.999989
vn 0.004662 0.000000 0.999989
vn 0.004662 0.000000 0.999989
vn 0.004662 0.000000 0.999989
vn 0.004474 -0.000195 0.999990
vn 0.004474 -0.000195 0.999990
vn 0.004474 -0.000195 0.999990
vn 0.004446 0.000000 0.999990
vn 0.004446 0.000000 0.999990
vn 0.004446 0.000000 0.999990
vn 0.004462 -0.001777 0.999988
vn 0.004462 -0.001777 0.999988
vn 0.004462 -0.001777 0.999988
vn 0.004993 -0.002404 0.999985
vn 0.004993 -0.002404 0.999985
vn 0.004993 -0.002404 0.999985
vn 0.001680 0.001241 0.999998
vn 0.002242 -0.000323 0.999997
vn 0.002242 -0.000323 0.999997
vn 0.004249 -0.001764 0.999989
vn 0.004249 -0.001764 0.999989
vn 0.004249 -0.001764 0.999989
vn 0.004461 -0.001795 0.999988
vn 0.004461 -0.001795 0.999988
vn 0.004461 -0.001795 0.999988
vn 0.004479 -0.001794 0.999988
vn 0.004479 -0.001794 0.999988
vn 0.004479 -0.001794 0.999988
vn 0.005283 -0.001444 0.999985
vn 0.005283 -0.001444 0.999985
vn 0.005283 -0.001444 0.999985
vn 0.004021 -0.000534 0.999992
vn 0.004021 -0.000534 0.999992
vn 0.004021 -0.000534 0.999992
vn -0.000539 -0.000027 1.000000
vn 0.003297 0.013335 0.999906
vn 0.003297 0.013335 0.999906
vn 0.003958 0.015041 0.999879
vn 0.003958 0.015041 0.999879
vn 0.003107 0.008012 0.999963
vn 0.003107 0.008012 0.999963
vn 0.000567 0.001285 0.999999
vn 0.001325 -0.000828 0.999999
vn 0.001325 -0.000828 0.999999
vn 0.004544 -0.001268 0.999989
vn 0.004544 -0.001268 0.999989
vn 0.004544 -0.001268 0.999989
vn 0.004468 -0.001231 0.999989
vn 0.004468 -0.001231 0.999989
vn 0.004468 -0.001231 0.999989
vn 0.004441 -0.001695 0.999989
vn 0.004441 -0.001695 0.999989
vn 0.004441 -0.001695 0.999989
vn 0.004491 -0.001707 0.999988
vn 0.004491 -0.001707 0.999989
vn 0.004491 -0.001707 0.999989
vn -0.000542 0.001269 0.999999
vn 0.000214 -0.000824 1.000000
vn 0.000214 -0.000824 1.000000
vn 0.004464 -0.002096 0.999988
vn 0.004464 -0.002096 0.999988
vn 0.004464 -0.002096 0.999988
vn 0.004494 -0.002125 0.999988
vn 0.004494 -0.002125 0.999988
vn 0.004494 -0.002125 0.999988
vn 0.005080 -0.001880 0.999985
vn 0.005080 -0.001880 0.999985
vn 0.005080 -0.001880 0.999985
vn 0.004992 -0.001809 0.999986
vn 0.004992 -0.001809 0.999986
vn 0.004992 -0.001809 0.999986
vn 0.004328 -0.002130 0.999988
vn 0.004328 -0.002130 0.999988
vn 0.004328 -0.002130 0.999988
vn 0.004273 -0.001851 0.999989
vn 0.004273 -0.001851 0.999989
vn 0.004273 -0.001851 0.999989
vn 0.005344 -0.007341 0.999959
vn 0.005344 -0.007341 0.999959
vn 0.005344 -0.007341 0.999959
vn 0.004472 0.002718 0.999986
vn 0.004472 0.002718 0.999986
vn 0.004472 0.002718 0.999986
vn 0.009286 -0.001353 0.999956
vn 0.009286 -0.001353 0.999956
vn 0.009286 -0.001353 0.999956
vn 0.004078 -0.001778 0.999990
vn 0.004078 -0.001778 0.999990
vn 0.004078 -0.001778 0.999990
vn 0.004022 -0.001853 0.999990
vn 0.004022 -0.001853 0.999990
vn 0.004022 -0.001853 0.999990
vn 0.011319 -0.001308 0.999935
vn 0.011319 -0.001308 0.999935
vn 0.011319 -0.001308 0.999935
vn 0.003986 -0.007401 0.999965
vn 0.003986 -0.007401 0.999965
vn 0.003986 -0.007401 0.999965
vn 0.003981 -0.007337 0.999965
vn 0.003981 -0.007337 0.999965
vn 0.003981 -0.007337 0.999965
vn 0.003649 -0.001835 0.999992
vn 0.003649 -0.001835 0.999992
vn 0.003649 -0.001835 0.999992
vn 0.003880 -0.001853 0.999991
vn 0.003880 -0.001853 0.999991
vn 0.003880 -0.001853 0.999991
vn 0.004111 -0.001765 0.999990
vn 0.004111 -0.001765 0.999990
vn 0.004111 -0.001765 0.999990
vn 0.003447 -0.001774 0.999993
vn 0.003447 -0.001774 0.999993
vn 0.003447 -0.001774 0.999992
vn 0.004051 -0.005270 0.999978
vn 0.004051 -0.005270 0.999978
vn 0.004051 -0.005270 0.999978
vn 0.003786 -0.002077 0.999991
vn 0.003786 -0.002077 0.999991
vn 0.003786 -0.002077 0.999991
vn 0.003880 -0.001822 0.999991
vn 0.003880 -0.001822 0.999991
vn 0.003880 -0.001822 0.999991
vn 0.008264 -0.001518 0.999965
vn 0.008264 -0.001518 0.999965
vn 0.008264 -0.001518 0.999965
vn 0.004523 -0.002077 0.999988
vn 0.004523 -0.002077 0.999988
vn 0.004523 -0.002077 0.999988
vn 0.004892 -0.006902 0.999964
vn 0.004892 -0.006902 0.999964
vn 0.004892 -0.006902 0.999964
vn -0.000988 -0.002130 0.999997
vn -0.000988 -0.002130 0.999997
vn -0.000988 -0.002130 0.999997
vn 0.003947 -0.001815 0.999991
vn 0.003947 -0.001815 0.999991
vn 0.003947 -0.001815 0.999991
vn 0.004479 -0.001765 0.999988
vn 0.004479 -0.001765 0.999988
vn 0.004479 -0.001765 0.999988
vn 0.004447 -0.001486 0.999989
vn 0.004447 -0.001486 0.999989
vn 0.004447 -0.001486 0.999989
vn 0.004527 -0.001791 0.999988
vn 0.004527 -0.001791 0.999988
vn 0.004527 -0.001791 0.999988
vn 0.004815 -0.001828 0.999987
vn 0.004815 -0.001828 0.999987
vn 0.004815 -0.001828 0.999987
vn 0.004479 -0.001854 0.999988
vn 0.004479 -0.001854 0.999988
vn 0.004479 -0.001854 0.999988
vn 0.004472 -0.001701 0.999989
vn 0.004472 -0.001701 0.999989
vn 0.004472 -0.001701 0.999989
vn 0.004477 -0.001781 0.999988
vn 0.004477 -0.001781 0.999988
vn 0.004477 -0.001781 0.999988
vn 0.004500 -0.001794 0.999988
vn 0.004500 -0.001794 0.999988
vn 0.004500 -0.001794 0.999988
vn 0.004440 -0.001785 0.999989
vn 0.004440 -0.001785 0.999989
vn 0.004440 -0.001785 0.999989
vn 0.004472 -0.001895 0.999988
vn 0.004472 -0.001895 0.999988
vn 0.004472 -0.001895 0.999988
vn 0.003895 -0.001308 0.999992
vn 0.003895 -0.001308 0.999992
vn 0.003895 -0.001308 0.999992
vn 0.000384 -0.001723 0.999999
vn 0.000384 -0.001723 0.999999
vn 0.000384 -0.001723 0.999998
vn 0.003990 0.001119 0.999991
vn 0.003990 0.001119 0.999991
vn 0.003990 0.001119 0.999991
vn 0.004989 -0.005895 0.999970
vn 0.004989 -0.005895 0.999970
vn 0.004989 -0.005895 0.999970
vn 0.000076 -0.001793 0.999998
vn 0.000076 -0.001793 0.999998
vn 0.000076 -0.001793 0.999998
vn 0.005267 -0.001115 0.999986
vn 0.005267 -0.001115 0.999986
vn 0.005267 -0.001115 0.999986
vn 0.004544 -0.002912 0.999986
vn 0.004544 -0.002912 0.999985
vn 0.004544 -0.002912 0.999985
vn 0.004428 -0.001845 0.999989
vn 0.004428 -0.001845 0.999988
vn 0.004428 -0.001845 0.999989
vn 0.004297 -0.001794 0.999989
vn 0.004297 -0.001794 0.999989
vn 0.004297 -0.001794 0.999989
vn 0.005263 -0.001721 0.999985
vn 0.005263 -0.001721 0.999985
vn 0.005263 -0.001721 0.999985
vn 0.004492 -0.002472 0.999987
vn 0.004492 -0.002472 0.999987
vn 0.004492 -0.002472 0.999987
vn 0.004461 -0.002246 0.999988
vn 0.004461 -0.002246 0.999988
vn 0.004461 -0.002246 0.999988
vn 0.004084 -0.001856 0.999990
vn 0.004084 -0.001856 0.999990
vn 0.004084 -0.001856 0.999990
vn 0.005553 -0.001706 0.999983
vn 0.005553 -0.001706 0.999983
vn 0.005553 -0.001706 0.999983
vn 0.004440 -0.002479 0.999987
vn 0.004440 -0.002479 0.999987
vn 0.004440 -0.002479 0.999987
vn 0.004427 -0.002098 0.999988
vn 0.004427 -0.002098 0.999988
vn 0.004427 -0.002098 0.999988
vn 0.004285 -0.001770 0.999989
vn 0.004285 -0.001770 0.999989
vn 0.004285 -0.001770 0.999989
vn 0.004722 -0.001709 0.999987
vn 0.004722 -0.001709 0.999987
vn 0.004722 -0.001709 0.999987
vn 0.004440 -0.002121 0.999988
vn 0.004440 -0.002121 0.999988
vn 0.004440 -0.002121 0.999988
vn 0.004493 -0.002551 0.999987
vn 0.004493 -0.002551 0.999987
vn 0.004493 -0.002551 0.999987
vn 0.004084 -0.001792 0.999990
vn 0.004084 -0.001792 0.999990
vn 0.004084 -0.001792 0.999990
vn 0.005102 -0.001659 0.999986
vn 0.005102 -0.001659 0.999986
vn 0.005102 -0.001659 0.999986
vn 0.003756 0.003059 0.999988
vn 0.003756 0.003059 0.999988
vn 0.003756 0.003059 0.999988
vn 0.005040 -0.005841 0.999970
vn 0.005040 -0.005841 0.999970
vn 0.005040 -0.005841 0.999970
vn 0.000473 -0.002214 0.999997
vn 0.000473 -0.002214 0.999997
vn 0.000473 -0.002214 0.999997
vn 0.004987 -0.001766 0.999986
vn 0.004987 -0.001766 0.999986
vn 0.004987 -0.001766 0.999986
vn 0.004557 -0.001991 0.999988
vn 0.004557 -0.001991 0.999988
vn 0.004557 -0.001991 0.999988
vn 0.004423 -0.000974 0.999990
vn 0.004423 -0.000974 0.999990
vn 0.004423 -0.000974 0.999990
vn 0.005190 -0.001517 0.999985
vn 0.005190 -0.001517 0.999985
vn 0.005190 -0.001517 0.999985
vn -0.002965 -0.002356 0.999993
vn -0.002965 -0.002356 0.999993
vn -0.002965 -0.002356 0.999993
vn 0.004949 -0.004785 0.999976
vn 0.004949 -0.004785 0.999976
vn 0.004949 -0.004785 0.999976
vn 0.004397 -0.001273 0.999990
vn 0.004397 -0.001273 0.999990
vn 0.004397 -0.001273 0.999990
vn 0.005017 -0.001816 0.999986
vn 0.005017 -0.001816 0.999986
vn 0.005017 -0.001816 0.999986
vn 0.004522 -0.001876 0.999988
vn 0.004522 -0.001876 0.999988
vn 0.004522 -0.001876 0.999988
vn 0.004440 -0.001864 0.999988
vn 0.004440 -0.001864 0.999988
vn 0.004440 -0.001864 0.999988
vn 0.004496 -0.002016 0.999988
vn 0.004496 -0.002016 0.999988
vn 0.004496 -0.002016 0.999988
vn 0.004930 -0.002213 0.999985
vn 0.004930 -0.002213 0.999985
vn 0.004930 -0.002213 0.999985
vn 0.008487 -0.001809 0.999962
vn 0.008487 -0.001809 0.999962
vn 0.008487 -0.001809 0.999962
vn -0.999996 0.000000 0.002908
vn -0.999996 0.000000 0.002908
vn -0.999996 0.000000 0.002908
vn -0.999996 0.000000 0.002908
vn -0.999996 0.000000 0.002908
vn -0.999996 0.000000 0.002908
vn 0.000000 1.000000 -0.000001
vn 0.000000 1.000000 -0.000001
vn 0.000000 1.000000 -0.000001
vn 0.000000 1.000000 -0.000002
vn 0.000000 1.000000 -0.000002
vn 0.000000 1.000000 -0.000002
vn 0.000000 -1.000000 -0.000002
vn 0.000000 -1.000000 -0.000002
vn 0.000000 -1.000000 -0.000002
vn 0.000000 -1.000000 0.000002
vn 0.000000 -1.000000 0.000002
vn 0.000000 -1.000000 0.000002
vn 0.000000 1.000000 0.000002
vn 0.000000 1.000000 0.000002
vn 0.000000 1.000000 0.000002
vn 0.000000 1.000000 -0.000001
vn 0.000000 1.000000 -0.000001
vn 0.000000 1.000000 -0.000001
vn 0.999991 0.000000 -0.004278
vn 0.999991 0.000000 -0.004278
vn 0.999991 0.000000 -0.004278
vn 0.999991 0.000000 -0.004278
vn 0.999991 0.000000 -0.004278
vn 0.999991 0.000000 -0.004278
vn 0.000000 -1.000000 0.000001
vn 0.000000 -1.000000 0.000001
vn 0.000000 -1.000000 0.000001
vn 0.000000 -1.000000 -0.000003
vn 0.000000 -1.000000 -0.000003
vn 0.000000 -1.000000 -0.000003
vn 0.000000 -1.000000 -0.000001
vn 0.000000 -1.000000 -0.000001
vn 0.000000 -1.000000 -0.000001
vn 0.000000 -1.000000 0.000001
vn 0.000000 -1.000000 0.000001
vn 0.000000 -1.000000 0.000001
vn -0.999992 0.000000 0.004112
vn -0.999992 0.000000 0.004112
vn -0.999992 0.000000 0.004112
vn -0.999992 0.000000 0.004112
vn -0.999992 0.000000 0.004112
vn -0.999992 0.000000 0.004112
vn 0.000000 1.000000 0.000001
vn 0.000000 1.000000 0.000001
vn 0.000000 1.000000 0.000001
vn 0.000000 1.000000 -0.000001
vn 0.000000 1.000000 -0.000001
vn 0.000000 1.000000 -0.000001
vn 0.999992 0.000000 -0.004105
vn 0.999992 0.000000 -0.004105
vn 0.999992 0.000000 -0.004105
vn 0.999992 0.000000 -0.004105
vn 0.999992 0.000000 -0.004105
vn 0.999992 0.000000 -0.004105
vn 0.000000 -1.000000 0.000004
vn 0.000000 -1.000000 0.000004
vn 0.000000 -1.000000 0.000004
vn 0.000000 -1.000000 -0.000003
vn 0.000000 -1.000000 -0.000003
vn 0.000000 -1.000000 -0.000003
vn -0.999991 0.000000 0.004277
vn -0.999991 0.000000 0.004277
vn -0.999991 0.000000 0.004277
vn -0.999991 0.000000 0.004277
vn -0.999991 0.000000 0.004277
vn -0.999991 0.000000 0.004277
vn 0.000000 1.000000 0.000001
vn 0.000000 1.000000 0.000001
vn 0.000000 1.000000 0.000001
vn 0.000000 1.000000 0.000000
vn 0.000000 1.000000 0.000000
vn 0.000000 1.000000 0.000000
vn 0.999996 0.000000 -0.002909
vn 0.999996 0.000000 -0.002909
vn 0.999996 0.000000 -0.002909
vn 0.999996 0.000000 -0.002909
vn 0.999996 0.000000 -0.002909
vn 0.999996 0.000000 -0.002909
vn 0.000000 1.000000 -0.000004
vn 0.000000 1.000000 -0.000004
vn 0.000000 1.000000 -0.000004
vn 0.000000 1.000000 -0.000000
vn 0.000000 1.000000 -0.000000
vn 0.000000 1.000000 -0.000000
vn 0.999992 0.000201 -0.004100
vn 0.999992 0.000201 -0.004100
vn 0.999992 0.000201 -0.004100
vn 0.999990 0.000101 -0.004448
vn 0.999990 0.000101 -0.004448
vn 0.999990 0.000101 -0.004448
vn 0.000000 -1.000000 0.000001
vn 0.000000 -1.000000 0.000001
vn 0.000000 -1.000000 0.000001
vn 0.000000 -1.000000 0.000005
vn 0.000000 -1.000000 0.000005
vn 0.000000 -1.000000 0.000005
vn -0.999991 0.000000 0.004271
vn -0.999991 0.000000 0.004271
vn -0.999991 0.000000 0.004271
vn -0.999990 0.000000 0.004442
vn -0.999990 0.000000 0.004442
vn -0.999990 0.000000 0.004442
vn 0.000000 1.000000 0.000004
vn 0.000000 1.000000 0.000004
vn 0.000000 1.000000 0.000004
vn 0.000000 1.000000 -0.000004
vn 0.000000 1.000000 -0.000004
vn 0.000000 1.000000 -0.000004
vn 0.999991 0.000000 -0.004277
vn 0.999991 0.000000 -0.004277
vn 0.999991 0.000000 -0.004277
vn 0.999990 0.000000 -0.004449
vn 0.999990 0.000000 -0.004449
vn 0.999990 0.000000 -0.004449
vn 0.000000 -1.000000 0.000001
vn 0.000000 -1.000000 0.000001
vn 0.000000 -1.000000 0.000001
vn 0.000000 -1.000000 -0.000002
vn 0.000000 -1.000000 -0.000002
vn 0.000000 -1.000000 -0.000002
vn -0.999989 0.000202 0.004798
vn -0.999988 0.000202 0.004798
vn -0.999988 0.000202 0.004798
vn -0.999991 0.000000 0.004277
vn -0.999991 0.000000 0.004277
vn -0.999991 0.000000 0.004277
vn 0.000000 1.000000 -0.000002
vn 0.000000 1.000000 -0.000002
vn 0.000000 1.000000 -0.000002
vn 0.000000 1.000000 -0.000003
vn 0.000000 1.000000 -0.000003
vn 0.000000 1.000000 -0.000003
vn 0.999995 -0.000068 -0.003252
vn 0.999995 -0.000068 -0.003252
vn 0.999995 -0.000068 -0.003252
vn 0.999992 0.000205 -0.003929
vn 0.999992 0.000205 -0.003929
vn 0.999992 0.000205 -0.003929
vn 0.000000 -1.000000 -0.000002
vn 0.000000 -1.000000 -0.000002
vn 0.000000 -1.000000 -0.000002
vn 0.000000 -1.000000 0.000003
vn 0.000000 -1.000000 0.000003
vn 0.000000 -1.000000 0.000003
vn -0.999989 0.000000 0.004612
vn -0.999989 0.000000 0.004612
vn -0.999989 0.000000 0.004612
vn -0.999991 0.000000 0.004277
vn -0.999991 0.000000 0.004277
vn -0.999991 0.000000 0.004277
vn 0.000000 1.000000 0.000004
vn 0.000000 1.000000 0.000004
vn 0.000000 1.000000 0.000004
vn 0.000000 1.000000 -0.000004
vn 0.000000 1.000000 -0.000004
vn 0.000000 1.000000 -0.000004
vn 0.999991 0.000000 -0.004277
vn 0.999991 0.000000 -0.004277
vn 0.999991 0.000000 -0.004277
vn 0.999991 0.000000 -0.004277
vn 0.999991 0.000000 -0.004277
vn 0.999991 0.000000 -0.004277
vn 0.000000 -1.000000 0.000009
vn 0.000000 -1.000000 0.000009
vn 0.000000 -1.000000 0.000009
vn 0.000000 -1.000000 -0.000009
vn 0.000000 -1.000000 -0.000009
vn 0.000000 -1.000000 -0.000009
vn -0.999991 0.000000 0.004277
vn -0.999991 0.000000 0.004277
vn -0.999991 0.000000 0.004277
vn -0.999991 0.000000 0.004277
vn -0.999991 0.000000 0.004277
vn -0.999991 0.000000 0.004277
vn 0.000000 1.000000 -0.000002
vn 0.000000 1.000000 -0.000002
vn 0.000000 1.000000 -0.000002
vn 0.000000 1.000000 0.000001
vn 0.000000 1.000000 0.000001
vn 0.000000 1.000000 0.000001
vn 0.999989 -0.000161 -0.004619
vn 0.999989 -0.000161 -0.004619
vn 0.999989 -0.000161 -0.004619
vn 0.999992 -0.000242 -0.004110
vn 0.999992 -0.000242 -0.004110
vn 0.999992 -0.000242 -0.004110
vn 0.000000 -1.000000 0.000002
vn 0.000000 -1.000000 0.000002
vn 0.000000 -1.000000 0.000002
vn 0.000000 -1.000000 -0.000003
vn 0.000000 -1.000000 -0.000003
vn 0.000000 -1.000000 -0.000003
vn -0.999991 0.000000 0.004280
vn -0.999991 0.000000 0.004280
vn -0.999991 0.000000 0.004280
vn -0.999991 0.000000 0.004283
vn -0.999991 0.000000 0.004283
vn -0.999991 0.000000 0.004283
vn 0.000000 1.000000 -0.000002
vn 0.000000 1.000000 -0.000002
vn 0.000000 1.000000 -0.000002
vn 0.000000 1.000000 0.000001
vn 0.000000 1.000000 0.000001
vn 0.000000 1.000000 0.000001
vn 0.999990 -0.000080 -0.004449
vn 0.999990 -0.000080 -0.004449
vn 0.999990 -0.000080 -0.004449
vn 0.999990 0.000000 -0.004448
vn 0.999990 0.000000 -0.004448
vn 0.999990 0.000000 -0.004448
vn 0.000000 -1.000000 -0.000002
vn 0.000000 -1.000000 -0.000002
vn 0.000000 -1.000000 -0.000002
vn 0.000000 -1.000000 0.000003
vn 0.000000 -1.000000 0.000003
vn 0.000000 -1.000000 0.000003
vn -0.999992 0.000000 0.004100
vn -0.999992 0.000000 0.004100
vn -0.999992 0.000000 0.004100
vn -0.999992 -0.000080 0.004099
vn -0.999992 -0.000080 0.004099
vn -0.999992 -0.000080 0.004099
vn 0.003661 0.000637 0.999993
vn 0.003661 0.000637 0.999993
vn 0.001269 -0.870599 0.491991
vn 0.001269 -0.870600 0.491991
vn 0.000524 -0.870656 0.491892
vn 0.000524 -0.870656 0.491892
vn 0.000524 -0.870656 0.491892
vn 0.528946 -0.836235 -0.144663
vn 0.528946 -0.836235 -0.144663
vn 0.528946 -0.836235 -0.144663
vn 0.528946 -0.836235 -0.144663
vn -0.540630 0.841257 0.002410
vn -0.540630 0.841257 0.002410
vn -0.540630 0.841257 0.002410
vn -0.538707 0.841642 0.037868
vn -0.538707 0.841642 0.037868
vn -0.538707 0.841642 0.037868
vn 0.001263 0.979508 0.201402
vn 0.001263 0.979508 0.201402
vn -0.745288 -0.666734 0.003299
vn -0.745288 -0.666734 0.003299
vn -0.745288 -0.666734 0.003299
vn 0.002558 0.000000 0.999997
vn 0.002558 0.000000 0.999997
vn 0.002558 0.000000 0.999997
vn 0.003601 -0.000196 0.999994
vn 0.003601 -0.000196 0.999994
vn 0.003601 -0.000196 0.999994
vn 0.003990 0.012642 0.999912
vn 0.003990 0.012642 0.999912
vn 0.005093 -0.001513 0.999986
vn 0.001518 -0.872792 0.488091
vn 0.489970 -0.746511 -0.450169
vn 0.489970 -0.746511 -0.450169
vn 0.489970 -0.746511 -0.450169
vn 0.001362 0.979197 0.202908
vn 1.000000 0.000009 0.000001
vn 1.000000 -0.000000 0.000001
vn 1.000000 0.000000 0.000001
vn 1.000000 0.000007 0.000001
vn 0.540842 0.841125 0.000171
vn 0.540842 0.841125 0.000171
vn 0.540842 0.841125 0.000171
vn 0.745370 -0.666651 0.000000
vn 0.745370 -0.666651 0.000000
vn 0.745372 -0.666648 0.000001
vn 0.745372 -0.666648 0.000001
vn -1.000000 0.000000 0.000000
vn -1.000000 0.000000 0.000000
vn -1.000000 -0.000001 0.000000
vn -1.000000 0.000000 0.000000
vn -0.540747 0.841185 0.000085
vn -0.540747 0.841185 0.000085
vn -0.540764 0.841175 0.000085
vn -0.540763 0.841175 0.000085
vn -0.745394 -0.666624 0.000000
vn -0.745394 -0.666624 0.000000
vn -0.745397 -0.666621 -0.000000
vn -0.745397 -0.666621 -0.000000
vn 0.001322 -0.000218 0.999999
vn 0.001324 -0.000221 0.999999
vn 0.001583 0.001097 0.999998
vn 0.001583 0.001097 0.999998
vn 0.001583 0.001097 0.999998
vn 0.001583 0.001097 0.999998
vn 0.001323 -0.000064 0.999999
vn 0.001468 0.000000 0.999999
vn 0.001228 0.000691 0.999999
vn 0.001228 0.000691 0.999999
vn 0.001228 0.000691 0.999999
vn 0.002369 0.011536 0.999931
vn 0.002369 0.011536 0.999931
vn -0.000352 0.005076 0.999987
vn -0.000352 0.005076 0.999987
vn -0.000352 0.005076 0.999987
vn -0.000352 0.005076 0.999987
vn 1.000000 0.000000 0.000000
vn 1.000000 0.000000 0.000000
vn 1.000000 0.000000 0.000000
vn 1.000000 0.000000 0.000000
vn -0.000002 1.000000 0.000000
vn -0.000002 1.000000 0.000000
vn -0.000002 1.000000 0.000000
vn -0.000002 1.000000 0.000000
vn -1.000000 0.000036 0.000000
vn -1.000000 0.000036 0.000000
vn -1.000000 0.000036 0.000000
vn -1.000000 0.000036 0.000000
vn -0.000000 -1.000000 0.000000
vn -0.000000 -1.000000 0.000000
vn -0.000000 -1.000000 0.000000
vn -0.000000 -1.000000 0.000000
vn -1.000000 0.000000 0.000000
vn -1.000000 0.000000 0.000000
vn -1.000000 0.000000 0.000000
vn -1.000000 0.000000 0.000000
vn -0.000000 -1.000000 0.000000
vn -0.000000 -1.000000 0.000000
vn -0.000000 -1.000000 0.000000
vn -0.000000 -1.000000 0.000000
vn 1.000000 0.000000 0.000000
vn 1.000000 0.000000 0.000000
vn 1.000000 0.000000 0.000000
vn 1.000000 0.000000 0.000000
vn -0.000002 1.000000 0.000000
vn -0.000002 1.000000 0.000000
vn -0.000002 1.000000 0.000000
vn -0.000002 1.000000 0.000000
vn 0.001308 0.003995 0.999991
vn -0.001439 0.007108 0.999974
vn -0.001439 0.007108 0.999974
vn 0.001302 -0.000065 0.999999
vn 0.001163 0.000000 0.999999
vn -1.000000 0.000000 0.000000
vn 1.000000 -0.000051 0.000001
vn 1.000000 -0.000063 0.000001
vn 1.000000 0.000012 0.000000
vn 1.000000 -0.000000 -0.000000
vn 1.000000 -0.000002 0.000000
vn 0.745392 -0.666627 -0.000000
vn 0.745392 -0.666627 0.000000
vn -0.540901 0.841087 0.000085
vn -0.540901 0.841087 0.000085
vn -0.745401 -0.666616 -0.000000
vn -0.745401 -0.666616 0.000000
vn -1.000000 -0.000014 0.000000
vn -1.000000 -0.000014 0.000000
vn -1.000000 -0.000008 0.000000
vn -1.000000 0.000000 0.000000
vn 1.000000 0.000000 -0.000004
vn 1.000000 0.000000 -0.000004
vn 1.000000 0.000000 -0.000004
vn 0.745392 -0.666626 -0.000006
vn 0.745392 -0.666626 -0.000006
vn 0.540873 0.841104 0.000166
vn 0.540901 0.841086 0.000079
vn 0.540915 0.841078 0.000077
vn -0.540917 0.841076 0.000089
vn -0.540917 0.841076 0.000089
vn -0.745392 -0.666626 0.000003
vn -0.745392 -0.666626 0.000003
vn -1.000000 0.000000 0.000000
vn -1.000000 0.000000 0.000000
vn -1.000000 0.000000 0.000000
vn -1.000000 0.000000 0.000000
vn -1.000000 0.000000 0.000000
vn -1.000000 0.000000 0.000000
vn -1.000000 0.000000 0.000000
vn -1.000000 0.000000 0.000000
vn -1.000000 0.000000 0.000000
vn -1.000000 0.000000 0.000000
vn -1.000000 0.000000 0.000000
vn -1.000000 0.000000 0.000000
vn -1.000000 0.000000 0.000000
vn -1.000000 0.000000 0.000000
vn -1.000000 0.000000 0.000000
vn -1.000000 0.000000 0.000000
vn -1.000000 0.000000 0.000000
vn -1.000000 0.000000 0.000000
vn -1.000000 0.000000 0.000000
vn -1.000000 0.000000 0.000000
vn -1.000000 0.000000 0.000000
vn -1.000000 0.000000 0.000000
vn -1.000000 0.000000 0.000000
vn -1.000000 0.000000 0.000000
vn -1.000000 0.000000 0.000000
vn 0.540741 0.841189 0.000081
vn 0.540741 0.841189 0.000081
vn 0.540757 0.841179 0.000080
vn 0.540756 0.841179 0.000080
vn 0.540899 0.841087 0.000078
vn 0.540915 0.841077 0.000076
vn -0.003629 0.000000 0.999993
vn -0.003629 0.000000 0.999994
vn -0.003629 0.000000 0.999994
vn -0.003629 0.000000 0.999994
vn 1.000000 0.000000 0.000052
vn 1.000000 0.000000 0.000052
vn 1.000000 0.000000 0.000052
vn 1.000000 0.000000 0.000052
vn 0.003647 0.000000 -0.999993
vn 0.003647 0.000000 -0.999993
vn 0.003647 0.000000 -0.999993
vn 0.003647 0.000000 -0.999993
vn -1.000000 0.000000 -0.000010
vn -1.000000 0.000000 -0.000010
vn -1.000000 0.000000 -0.000010
vn -1.000000 0.000000 -0.000010
vn -0.003352 0.000000 0.999994
vn -0.003352 0.000000 0.999994
vn -0.003352 0.000000 0.999994
vn -0.003352 0.000000 0.999994
vn -1.000000 0.000000 -0.000009
vn -1.000000 0.000000 -0.000009
vn -1.000000 0.000000 -0.000009
vn -1.000000 0.000000 -0.000009
vn 0.003365 0.000000 -0.999994
vn 0.003365 0.000000 -0.999994
vn 0.003365 0.000000 -0.999994
vn 0.003365 0.000000 -0.999994
vn 1.000000 0.000000 0.000057
vn 1.000000 0.000000 0.000057
vn 1.000000 0.000000 0.000057
vn 1.000000 0.000000 0.000057
vn -0.000001 -1.000000 -0.000002
vn -0.000001 -1.000000 -0.000002
vn -0.000001 -1.000000 -0.000002
vn -0.000001 -1.000000 -0.000002
vn 0.000006 1.000000 -0.000005
vn 0.000006 1.000000 -0.000005
vn 0.000006 1.000000 -0.000005
vn 0.000006 1.000000 -0.000005
vn 0.000000 -1.000000 -0.000000
vn 0.000000 -1.000000 -0.000000
vn 0.000000 -1.000000 -0.000000
vn 0.000000 -1.000000 -0.000000
vn 0.000000 1.000000 0.000000
vn 0.000000 1.000000 0.000000
vn 0.000000 1.000000 0.000000
vn 0.000000 1.000000 0.000000
vn -0.000001 -1.000000 -0.000007
vn -0.000001 -1.000000 -0.000007
vn -0.000001 -1.000000 -0.000007
vn -0.000001 -1.000000 -0.000007
vn 0.000006 1.000000 -0.000003
vn 0.000006 1.000000 -0.000003
vn 0.000006 1.000000 -0.000003
vn 0.000006 1.000000 -0.000003
vn 0.000000 -1.000000 -0.000000
vn 0.000000 -1.000000 -0.000000
vn 0.000000 -1.000000 -0.000000
vn 0.000000 -1.000000 -0.000000
vn 0.000000 1.000000 0.000000
vn 0.000000 1.000000 0.000000
vn 0.000000 1.000000 0.000000
vn 0.000000 1.000000 0.000000
s 1
g pCube13
usemtl lambert14SG
f 44/9/1 45/10/2 46/11/3 47/12/4
f 48/13/5 45/10/2 44/9/1 49/14/6
s 2
f 19/15/7 20/16/8 21/17/9 22/18/10 23/19/11
f 20/16/8 24/20/12 25/21/13 21/17/9
f 24/20/12 26/25/14 27/26/15 25/21/13
f 26/25/14 28/29/16 29/30/17 30/31/18 27/26/15
f 28/29/16 31/32/19 32/33/20 33/36/21 29/30/17
f 31/32/19 34/27/22 35/28/23 32/33/20
f 36/22/24 19/15/7 23/19/11 37/924/25 38/24/26
f 34/27/22 36/22/24 38/24/26 35/28/23
f 28/29/16 26/25/14 15/34/27 14/35/28
f 26/25/14 39/37/29 16/38/30 15/34/27
f 39/37/29 40/42/31 13/43/32 16/38/30
f 31/32/19 28/29/16 14/35/28 17/39/33
f 40/42/31 41/44/34 18/45/35 13/43/32
f 41/44/34 31/32/19 17/39/33 18/45/35
f 42/41/36 43/40/37 37/23/38 22/923/39
f 43/40/37 42/41/36 30/31/18 33/36/21
s 4
f 51/46/40 50/47/41 52/48/42 53/49/43
f 54/50/44 51/46/40 53/49/43 55/51/45
s 5
f 56/52/46 57/53/47 58/54/48 59/55/49
f 60/56/50 61/57/51 57/53/47 56/52/46
s off
f 10/58/52 11/59/53 12/60/54
s 2
f 33/36/21 30/31/18 29/30/17
s off
f 9/283/55 399/878/56 20/284/57 19/285/58
f 12/863/59 11/864/60 23/865/61 22/866/62
f 400/879/63 3/532/64 24/533/65 20/534/66
f 3/532/67 5/535/68 26/536/69 24/533/70
f 4/538/71 2/539/72 34/540/73 31/541/74
f 396/875/75 9/283/76 19/285/77 36/286/78
f 11/864/79 10/867/80 37/868/81 23/865/82
f 2/539/83 395/874/84 36/542/85 34/540/86
f 5/535/87 403/883/88 39/537/89 26/536/90
f 404/882/91 8/287/92 40/288/93 39/289/94
f 8/287/95 6/290/96 41/291/97 40/288/98
f 6/543/99 4/538/100 31/541/101 41/544/102
f 10/292/103 12/293/104 22/294/105 37/295/106
f 14/296/107 15/297/108 46/298/109 45/299/110
f 15/545/111 16/546/112 47/547/113 46/548/114
f 16/302/115 13/303/116 44/304/117 47/305/118
f 17/300/119 14/296/120 45/299/121 48/301/122
f 13/303/123 18/306/124 49/307/125 44/304/126
f 18/549/127 17/550/128 48/551/129 49/552/130
f 42/553/131 22/554/132 50/555/133 51/556/134
f 22/308/135 21/309/136 52/310/137 50/311/138
f 21/559/139 25/560/140 53/561/141 52/562/142
f 30/557/143 42/553/144 51/556/145 54/558/146
f 25/560/147 27/563/148 55/564/149 53/561/150
f 27/312/151 30/313/152 54/314/153 55/315/154
f 43/565/155 33/566/156 58/567/157 57/568/158
f 33/316/159 32/317/160 59/318/161 58/319/162
f 32/571/163 35/572/164 56/573/165 59/574/166
f 38/320/167 37/321/168 61/322/169 60/323/170
f 37/569/171 43/565/172 57/568/173 61/570/174
f 35/572/175 38/575/176 60/576/177 56/573/178
f 65/577/179 66/578/180 352/579/181
f 65/577/182 352/579/183 63/582/184
s 6
f 68/590/185 341/600/186 342/596/187
s off
f 342/596/188 67/607/189 68/590/190
s 7
f 342/596/191 352/579/192 69/589/193
s off
f 73/659/194 70/660/195 71/661/196
f 71/661/197 72/662/198 73/659/199
f 69/589/200 352/579/201 74/586/202
f 68/590/203 75/583/204 63/582/205
f 77/591/206 68/590/207 67/607/208
f 67/607/209 76/615/210 77/591/211
f 79/597/212 69/589/213 74/586/214
f 74/586/215 78/595/216 79/597/217
f 81/580/218 80/584/219 66/578/220
f 66/578/221 65/577/222 81/580/223
f 77/591/224 82/587/225 75/583/226
f 75/583/227 68/590/228 77/591/229
f 74/586/230 352/579/231 83/581/232
f 84/585/233 78/595/234 74/586/235
f 74/586/236 83/581/237 84/585/238
f 86/663/239 73/659/240 72/662/241
f 72/662/242 85/664/243 86/663/244
f 81/580/245 65/577/246 75/583/247
f 75/583/248 82/587/249 81/580/250
f 75/583/251 65/577/252 63/582/253
f 69/589/254 67/607/255 342/596/256
f 79/597/257 76/615/258 67/607/259
f 67/607/260 69/589/261 79/597/262
f 90/665/263 87/666/264 88/667/265
f 88/667/266 89/668/267 90/665/268
f 94/1/269 91/2/270 92/3/271
f 92/3/272 93/4/273 94/1/274
f 84/585/275 83/581/276 66/578/277
f 66/578/278 80/584/279 84/585/280
f 352/579/281 66/578/282 83/581/283
f 97/623/284 95/602/285 76/615/286
f 76/615/287 96/617/288 97/623/289
f 96/617/290 76/615/291 79/597/292
f 79/597/293 98/614/294 96/617/295
f 98/614/296 79/597/297 78/595/298
f 78/595/299 99/618/300 98/614/301
f 99/618/302 78/595/303 95/602/304
f 95/602/305 97/623/306 99/618/307
f 101/604/308 80/584/309 95/602/310
f 95/602/311 100/613/312 101/604/313
f 100/613/314 95/602/315 78/595/316
f 78/595/317 102/603/318 100/613/319
f 102/603/320 78/595/321 84/585/322
f 84/585/323 103/594/324 102/603/325
f 103/594/326 84/585/327 80/584/328
f 80/584/329 101/604/330 103/594/331
f 105/611/332 77/591/333 76/615/334
f 76/615/335 104/612/336 105/611/337
f 104/612/338 76/615/339 95/602/340
f 95/602/341 106/593/342 104/612/343
f 107/601/344 82/587/345 77/591/346
f 77/591/347 105/611/348 107/601/349
f 106/593/350 95/602/351 80/584/352
f 80/584/353 108/588/354 106/593/355
f 108/588/356 80/584/357 81/580/358
f 81/580/359 109/592/360 108/588/361
f 109/592/362 81/580/363 82/587/364
f 82/587/365 107/601/366 109/592/367
f 113/669/368 110/670/369 111/671/370
f 111/671/371 112/672/372 113/669/373
s 8
f 185/673/374 186/674/375 114/675/376
s 9
f 114/675/377 115/679/378 184/680/379 185/673/380
s off
f 116/744/381 117/713/382 118/728/383
f 122/778/384 119/779/385 120/780/386
f 120/780/387 121/781/388 122/778/389
f 115/679/390 123/692/391 420/898/392
f 123/692/393 62/701/394 418/899/395
s 10
f 190/699/396 191/710/397 125/689/398
s 11
f 191/710/399 192/725/400 126/722/401 125/689/402
s 12
f 192/725/403 193/740/404 127/741/405 126/722/406
s 13
f 193/740/407 194/754/408 117/713/409 127/741/410
s 14
f 187/678/411 188/684/412 128/677/413
s 15
f 128/677/414 114/675/415 186/674/416 187/678/417
s off
f 132/782/418 129/783/419 130/784/420
f 130/784/421 131/785/422 132/782/423
f 136/786/424 133/787/425 134/788/426
f 134/788/427 135/789/428 136/786/429
s 16
f 189/690/430 190/699/431 125/689/432
s 17
f 125/689/433 128/677/434 188/684/435 189/690/436
s off
f 140/790/437 137/791/438 138/792/439
f 138/792/440 139/793/441 140/790/442
f 144/794/443 141/795/444 142/796/445
f 142/796/446 143/797/447 144/794/448
f 127/741/449 117/713/450 116/744/451
f 118/728/452 117/713/453 62/701/454
f 146/691/455 123/692/456 115/679/457
f 115/679/458 145/685/459 146/691/460
f 145/685/461 115/679/462 114/675/463
f 114/675/464 147/683/465 145/685/466
f 149/727/467 118/728/468 62/701/469
f 62/701/470 148/712/471 149/727/472
f 148/712/473 62/701/474 123/692/475
f 123/692/476 146/691/477 148/712/478
f 147/683/479 114/675/480 128/677/481
f 128/677/482 150/688/483 147/683/484
f 151/756/485 116/744/486 118/728/487
f 118/728/488 149/727/489 151/756/490
f 153/707/491 125/689/492 126/722/493
f 126/722/494 152/736/495 153/707/496
f 150/688/497 128/677/498 125/689/499
f 125/689/500 153/707/501 150/688/502
f 152/736/503 126/722/504 127/741/505
f 127/741/506 154/760/507 152/736/508
f 154/760/509 127/741/510 116/744/511
f 116/744/512 151/756/513 154/760/514
f 157/706/515 147/683/516 155/721/517
f 155/721/518 156/711/519 157/706/520
f 156/711/521 155/721/522 146/691/523
f 146/691/524 158/700/525 156/711/526
f 158/700/527 146/691/528 145/685/529
f 145/685/530 159/697/531 158/700/532
f 159/697/533 145/685/534 147/683/535
f 147/683/536 157/706/537 159/697/538
f 161/755/539 155/721/540 149/727/541
f 149/727/542 160/743/543 161/755/544
f 160/743/545 149/727/546 148/712/547
f 148/712/548 162/726/549 160/743/550
f 162/726/551 148/712/552 146/691/553
f 146/691/554 163/742/555 162/726/556
f 163/742/557 146/691/558 155/721/559
f 155/721/560 161/755/561 163/742/562
f 166/709/563 150/688/564 164/724/565
f 164/724/566 165/739/567 166/709/568
f 165/739/569 164/724/570 155/721/571
f 155/721/572 167/708/573 165/739/574
f 167/708/575 155/721/576 147/683/577
f 147/683/578 168/698/579 167/708/580
f 168/698/581 147/683/582 150/688/583
f 150/688/584 166/709/585 168/698/586
f 170/768/587 164/724/588 151/756/589
f 151/756/590 169/762/591 170/768/592
f 169/762/593 151/756/594 149/727/595
f 149/727/596 171/767/597 169/762/598
f 171/767/599 149/727/600 155/721/601
f 155/721/602 172/761/603 171/767/604
f 172/761/605 155/721/606 164/724/607
f 164/724/608 170/768/609 172/761/610
f 174/738/611 153/707/612 152/736/613
f 152/736/614 173/753/615 174/738/616
f 173/753/617 152/736/618 164/724/619
f 164/724/620 175/737/621 173/753/622
f 175/737/623 164/724/624 150/688/625
f 150/688/626 176/723/627 175/737/628
f 176/723/629 150/688/630 153/707/631
f 153/707/632 174/738/633 176/723/634
f 178/766/635 152/736/636 154/760/637
f 154/760/638 177/770/639 178/766/640
f 177/770/641 154/760/642 151/756/643
f 151/756/644 179/776/645 177/770/646
f 179/776/647 151/756/648 164/724/649
f 164/724/650 180/769/651 179/776/652
f 180/769/653 164/724/654 152/736/655
f 152/736/656 178/766/657 180/769/658
f 70/61/659 105/62/660 104/63/661
f 104/63/662 71/64/663 70/61/664
f 71/324/665 104/325/666 106/326/667
f 106/326/668 72/327/669 71/324/670
f 73/330/671 107/331/672 105/332/673
f 105/332/674 70/334/675 73/330/676
f 72/327/677 106/326/678 108/328/679
f 108/328/680 85/329/681 72/327/682
f 85/65/683 108/66/684 109/67/685
f 109/67/686 86/68/687 85/65/688
f 86/333/689 109/335/690 107/331/691
f 107/331/692 73/330/693 86/333/694
f 87/336/695 97/337/696 96/338/697
f 96/338/698 88/339/699 87/336/700
f 88/69/701 96/70/702 98/71/703
f 98/71/704 89/72/705 88/69/706
f 89/340/707 98/341/708 99/342/709
f 99/342/710 90/343/711 89/340/712
f 90/73/713 99/74/714 97/75/715
f 97/75/716 87/76/717 90/73/718
f 91/344/719 101/345/720 100/346/721
f 100/346/722 92/347/723 91/344/724
f 92/77/725 100/78/726 102/79/727
f 102/79/728 93/80/729 92/77/730
f 93/348/731 102/349/732 103/350/733
f 103/350/734 94/351/735 93/348/736
f 94/81/737 103/82/738 101/83/739
f 101/83/740 91/84/741 94/81/742
f 110/352/743 157/353/744 156/354/745
f 156/354/746 111/355/747 110/352/748
f 111/85/749 156/86/750 158/87/751
f 158/87/752 112/88/753 111/85/754
f 112/356/755 158/357/756 159/358/757
f 159/358/758 113/359/759 112/356/760
f 113/89/761 159/90/762 157/91/763
f 157/91/764 110/92/765 113/89/766
f 119/360/767 161/361/768 160/362/769
f 160/362/770 120/363/771 119/360/772
f 120/93/773 160/94/774 162/95/775
f 162/95/776 121/96/777 120/93/778
f 121/364/779 162/365/780 163/366/781
f 163/366/782 122/367/783 121/364/784
f 122/97/785 163/98/786 161/99/787
f 161/99/788 119/100/789 122/97/790
f 129/368/791 166/369/792 165/370/793
f 165/370/794 130/371/795 129/368/796
f 130/101/797 165/102/798 167/103/799
f 167/103/800 131/104/801 130/101/802
f 131/372/803 167/373/804 168/374/805
f 168/374/806 132/375/807 131/372/808
f 132/105/809 168/106/810 166/107/811
f 166/107/812 129/108/813 132/105/814
f 133/376/815 170/377/816 169/378/817
f 169/378/818 134/379/819 133/376/820
f 134/109/821 169/110/822 171/111/823
f 171/111/824 135/112/825 134/109/826
f 135/380/827 171/381/828 172/382/829
f 172/382/830 136/383/831 135/380/832
f 136/113/833 172/114/834 170/115/835
f 170/115/836 133/116/837 136/113/838
f 137/384/839 174/385/840 173/386/841
f 173/386/842 138/387/843 137/384/844
f 138/117/845 173/118/846 175/119/847
f 175/119/848 139/120/849 138/117/850
f 139/388/851 175/389/852 176/390/853
f 176/390/854 140/391/855 139/388/856
f 140/121/857 176/122/858 174/123/859
f 174/123/860 137/124/861 140/121/862
f 141/392/863 178/393/864 177/394/865
f 177/394/866 142/395/867 141/392/868
f 142/125/869 177/126/870 179/127/871
f 179/127/872 143/128/873 142/125/874
f 143/396/875 179/397/876 180/398/877
f 180/398/878 144/399/879 143/396/880
f 144/129/881 180/130/882 178/131/883
f 178/131/884 141/132/885 144/129/886
s 18
f 181/798/887 182/799/888 201/800/889 200/801/890
s 19
f 63/400/891 181/401/892 203/402/893 202/871/894
s off
f 182/404/895 181/401/896 63/400/897
f 117/419/898 181/421/899 199/422/900 204/418/901
f 182/219/902 183/922/903 419/893/904
f 414/892/905 201/227/906 182/912/907
s 20
f 181/410/908 117/411/909 194/412/910 206/413/911 205/414/912
s off
f 63/205/913 183/213/914 182/911/915
f 416/897/916 184/680/917 115/679/918
f 62/701/919 117/713/920 417/896/921
s 21
f 68/590/922 63/582/923 195/598/924 196/599/925 341/600/926
s 22
f 200/801/927 199/869/928 181/798/929
s 23
f 202/871/930 207/407/931 195/408/932 63/400/933
s off
f 204/418/934 415/895/935 117/419/936
s 24
f 205/414/937 203/872/938 181/410/939
s 25
f 336/626/940 212/627/941 211/621/942 335/620/943
s 6
f 214/608/944 197/610/945 196/599/946
s off
f 197/610/947 214/608/948 213/619/949
s 26
f 197/610/950 336/626/951 337/638/952 198/639/953
s off
f 219/805/954 217/806/955 216/807/956
f 217/806/957 219/805/958 218/808/959
f 215/624/960 220/637/961 336/626/962
f 214/608/963 209/609/964 221/616/965
f 223/622/966 213/619/967 214/608/968
f 213/619/969 223/622/970 222/630/971
f 225/631/972 220/637/973 215/624/974
f 220/637/975 225/631/976 224/646/977
f 227/628/978 212/627/979 226/642/980
f 212/627/981 227/628/982 211/621/983
f 223/622/984 221/616/985 228/629/986
f 221/616/987 223/622/988 214/608/989
f 220/637/990 229/634/991 336/626/992
f 230/641/993 220/637/994 224/646/995
f 220/637/996 230/641/997 229/634/998
f 232/809/999 218/808/1000 219/805/1001
f 218/808/1002 232/809/1003 231/810/1004
f 227/628/1005 221/616/1006 211/621/1007
f 221/616/1008 227/628/1009 228/629/1010
s 27
f 335/620/1011 209/609/1012 338/625/1013
s off
f 215/624/1014 197/610/1015 213/619/1016
f 225/631/1017 213/619/1018 222/630/1019
f 213/619/1020 225/631/1021 215/624/1022
f 236/811/1023 234/812/1024 233/813/1025
f 234/812/1026 236/811/1027 235/814/1028
f 240/5/1029 238/6/1030 237/7/1031
f 238/6/1032 240/5/1033 239/8/1034
f 230/641/1035 212/627/1036 229/634/1037
f 212/627/1038 230/641/1039 226/642/1040
f 336/626/1041 229/634/1042 212/627/1043
f 243/651/1044 222/630/1045 241/649/1046
f 222/630/1047 243/651/1048 242/645/1049
f 242/645/1050 225/631/1051 222/630/1052
f 225/631/1053 242/645/1054 244/650/1055
f 244/650/1056 224/646/1057 225/631/1058
f 224/646/1059 244/650/1060 245/655/1061
f 245/655/1062 241/649/1063 224/646/1064
f 241/649/1065 245/655/1066 243/651/1067
f 247/657/1068 241/649/1069 226/642/1070
f 241/649/1071 247/657/1072 246/658/1073
f 246/658/1074 224/646/1075 241/649/1076
f 224/646/1077 246/658/1078 248/656/1079
f 248/656/1080 230/641/1081 224/646/1082
f 230/641/1083 248/656/1084 249/653/1085
f 249/653/1086 226/642/1087 230/641/1088
f 226/642/1089 249/653/1090 247/657/1091
f 251/636/1092 222/630/1093 223/622/1094
f 222/630/1095 251/636/1096 250/644/1097
f 250/644/1098 241/649/1099 222/630/1100
f 241/649/1101 250/644/1102 252/654/1103
f 253/635/1104 223/622/1105 228/629/1106
f 223/622/1107 253/635/1108 251/636/1109
f 252/654/1110 226/642/1111 241/649/1112
f 226/642/1113 252/654/1114 254/648/1115
f 254/648/1116 227/628/1117 226/642/1118
f 227/628/1119 254/648/1120 255/643/1121
f 255/643/1122 228/629/1123 227/628/1124
f 228/629/1125 255/643/1126 253/635/1127
f 259/815/1128 257/816/1129 256/817/1130
f 257/816/1131 259/815/1132 258/818/1133
s 8
f 185/673/374 260/676/1134 186/674/375
s 9
f 260/676/1135 185/673/380 184/680/379 261/681/1136
s off
f 262/745/1137 264/729/1138 263/714/1139
f 268/819/1140 266/820/1141 265/821/1142
f 266/820/1143 268/819/1144 267/822/1145
f 261/681/1146 413/888/1147 269/693/1148
f 269/693/1149 409/887/1150 208/702/1151
s 10
f 190/699/396 270/695/1152 191/710/397
s 11
f 191/710/399 270/695/1153 271/733/1154 192/725/400
s 12
f 192/725/403 271/733/1155 272/748/1156 193/740/404
s 13
f 193/740/407 272/748/1157 263/714/1158 194/754/408
s 14
f 187/678/411 273/682/1159 188/684/412
s 15
f 273/682/1160 187/678/417 186/674/416 260/676/1161
s off
f 277/823/1162 275/824/1163 274/825/1164
f 275/824/1165 277/823/1166 276/826/1167
f 281/827/1168 279/828/1169 278/829/1170
f 279/828/1171 281/827/1172 280/830/1173
s 16
f 189/690/430 270/695/1174 190/699/431
s 17
f 270/695/1175 189/690/436 188/684/435 273/682/1176
s off
f 285/831/1177 283/832/1178 282/833/1179
f 283/832/1180 285/831/1181 284/834/1182
f 289/835/1183 287/836/1184 286/837/1185
f 287/836/1186 289/835/1187 288/838/1188
f 272/748/1189 262/745/1190 263/714/1191
f 264/729/1192 208/702/1193 263/714/1194
f 291/694/1195 261/681/1196 269/693/1197
f 261/681/1198 291/694/1199 290/686/1200
f 290/686/1201 260/676/1202 261/681/1203
f 260/676/1204 290/686/1205 292/687/1206
f 294/730/1207 208/702/1208 264/729/1209
f 208/702/1210 294/730/1211 293/715/1212
f 293/715/1213 269/693/1214 208/702/1215
f 269/693/1216 293/715/1217 291/694/1218
f 292/687/1219 273/682/1220 260/676/1221
f 273/682/1222 292/687/1223 295/696/1224
f 296/757/1225 264/729/1226 262/745/1227
f 264/729/1228 296/757/1229 294/730/1230
f 298/718/1231 271/733/1232 270/695/1233
f 271/733/1234 298/718/1235 297/751/1236
f 295/696/1237 270/695/1238 273/682/1239
f 270/695/1240 295/696/1241 298/718/1242
f 297/751/1243 272/748/1244 271/733/1245
f 272/748/1246 297/751/1247 299/764/1248
f 299/764/1249 262/745/1250 272/748/1251
f 262/745/1252 299/764/1253 296/757/1254
f 302/716/1255 300/732/1256 292/687/1257
f 300/732/1258 302/716/1259 301/717/1260
f 301/717/1261 291/694/1262 300/732/1263
f 291/694/1264 301/717/1265 303/704/1266
f 303/704/1267 290/686/1268 291/694/1269
f 290/686/1270 303/704/1271 304/703/1272
f 304/703/1273 292/687/1274 290/686/1275
f 292/687/1276 304/703/1277 302/716/1278
f 306/758/1279 294/730/1280 300/732/1281
f 294/730/1282 306/758/1283 305/746/1284
f 305/746/1285 293/715/1286 294/730/1287
f 293/715/1288 305/746/1289 307/731/1290
f 307/731/1291 291/694/1292 293/715/1293
f 291/694/1294 307/731/1295 308/747/1296
f 308/747/1297 300/732/1298 291/694/1299
f 300/732/1300 308/747/1301 306/758/1302
f 311/719/1303 309/735/1304 295/696/1305
f 309/735/1306 311/719/1307 310/752/1308
f 310/752/1309 300/732/1310 309/735/1311
f 300/732/1312 310/752/1313 312/720/1314
f 312/720/1315 292/687/1316 300/732/1317
f 292/687/1318 312/720/1319 313/705/1320
f 313/705/1321 295/696/1322 292/687/1323
f 295/696/1324 313/705/1325 311/719/1326
f 315/772/1327 296/757/1328 309/735/1329
f 296/757/1330 315/772/1331 314/763/1332
f 314/763/1333 294/730/1334 296/757/1335
f 294/730/1336 314/763/1337 316/771/1338
f 316/771/1339 300/732/1340 294/730/1341
f 300/732/1342 316/771/1343 317/765/1344
f 317/765/1345 309/735/1346 300/732/1347
f 309/735/1348 317/765/1349 315/772/1350
f 319/749/1351 297/751/1352 298/718/1353
f 297/751/1354 319/749/1355 318/759/1356
f 318/759/1357 309/735/1358 297/751/1359
f 309/735/1360 318/759/1361 320/750/1362
f 320/750/1363 295/696/1364 309/735/1365
f 295/696/1366 320/750/1367 321/734/1368
f 321/734/1369 298/718/1370 295/696/1371
f 298/718/1372 321/734/1373 319/749/1374
f 323/774/1375 299/764/1376 297/751/1377
f 299/764/1378 323/774/1379 322/773/1380
f 322/773/1381 296/757/1382 299/764/1383
f 296/757/1384 322/773/1385 324/777/1386
f 324/777/1387 309/735/1388 296/757/1389
f 309/735/1390 324/777/1391 325/775/1392
f 325/775/1393 297/751/1394 309/735/1395
f 297/751/1396 325/775/1397 323/774/1398
f 216/133/1399 250/134/1400 251/135/1401
f 250/134/1402 216/133/1403 217/136/1404
f 217/424/1405 252/425/1406 250/426/1407
f 252/425/1408 217/424/1409 218/427/1410
f 219/430/1411 251/431/1412 253/432/1413
f 251/431/1414 219/430/1415 216/433/1416
f 218/427/1417 254/428/1418 252/425/1419
f 254/428/1420 218/427/1421 231/429/1422
f 231/137/1423 255/138/1424 254/139/1425
f 255/138/1426 231/137/1427 232/140/1428
f 232/434/1429 253/432/1430 255/435/1431
f 253/432/1432 232/434/1433 219/430/1434
f 233/436/1435 242/437/1436 243/438/1437
f 242/437/1438 233/436/1439 234/439/1440
f 234/141/1441 244/142/1442 242/143/1443
f 244/142/1444 234/141/1445 235/144/1446
f 235/440/1447 245/441/1448 244/442/1449
f 245/441/1450 235/440/1451 236/443/1452
f 236/145/1453 243/146/1454 245/147/1455
f 243/146/1456 236/145/1457 233/148/1458
f 237/444/1459 246/445/1460 247/446/1461
f 246/445/1462 237/444/1463 238/447/1464
f 238/149/1465 248/150/1466 246/151/1467
f 248/150/1468 238/149/1469 239/152/1470
f 239/448/1471 249/449/1472 248/450/1473
f 249/449/1474 239/448/1475 240/451/1476
f 240/153/1477 247/154/1478 249/155/1479
f 247/154/1480 240/153/1481 237/156/1482
f 256/452/1483 301/453/1484 302/454/1485
f 301/453/1486 256/452/1487 257/455/1488
f 257/157/1489 303/158/1490 301/159/1491
f 303/158/1492 257/157/1493 258/160/1494
f 258/456/1495 304/457/1496 303/458/1497
f 304/457/1498 258/456/1499 259/459/1500
f 259/161/1501 302/162/1502 304/163/1503
f 302/162/1504 259/161/1505 256/164/1506
f 265/460/1507 305/461/1508 306/462/1509
f 305/461/1510 265/460/1511 266/463/1512
f 266/165/1513 307/166/1514 305/167/1515
f 307/166/1516 266/165/1517 267/168/1518
f 267/464/1519 308/465/1520 307/466/1521
f 308/465/1522 267/464/1523 268/467/1524
f 268/169/1525 306/170/1526 308/171/1527
f 306/170/1528 268/169/1529 265/172/1530
f 274/468/1531 310/469/1532 311/470/1533
f 310/469/1534 274/468/1535 275/471/1536
f 275/173/1537 312/174/1538 310/175/1539
f 312/174/1540 275/173/1541 276/176/1542
f 276/472/1543 313/473/1544 312/474/1545
f 313/473/1546 276/472/1547 277/475/1548
f 277/177/1549 311/178/1550 313/179/1551
f 311/178/1552 277/177/1553 274/180/1554
f 278/476/1555 314/477/1556 315/478/1557
f 314/477/1558 278/476/1559 279/479/1560
f 279/181/1561 316/182/1562 314/183/1563
f 316/182/1564 279/181/1565 280/184/1566
f 280/480/1567 317/481/1568 316/482/1569
f 317/481/1570 280/480/1571 281/483/1572
f 281/185/1573 315/186/1574 317/187/1575
f 315/186/1576 281/185/1577 278/188/1578
f 282/484/1579 318/485/1580 319/486/1581
f 318/485/1582 282/484/1583 283/487/1584
f 283/189/1585 320/190/1586 318/191/1587
f 320/190/1588 283/189/1589 284/192/1590
f 284/488/1591 321/489/1592 320/490/1593
f 321/489/1594 284/488/1595 285/491/1596
f 285/193/1597 319/194/1598 321/195/1599
f 319/194/1600 285/193/1601 282/196/1602
f 286/492/1603 322/493/1604 323/494/1605
f 322/493/1606 286/492/1607 287/495/1608
f 287/197/1609 324/198/1610 322/199/1611
f 324/198/1612 287/197/1613 288/200/1614
f 288/496/1615 325/497/1616 324/498/1617
f 325/497/1618 288/496/1619 289/499/1620
f 289/201/1621 323/202/1622 325/203/1623
f 323/202/1624 289/201/1625 286/204/1626
s 18
f 326/802/1627 200/801/890 201/800/889 327/803/1628
s 19
f 209/405/1629 202/403/894 203/870/893 326/406/1630
s off
f 327/409/1631 209/405/1632 326/406/1633
f 263/420/1634 204/418/1635 199/422/1636 326/423/1637
f 327/914/1638 411/886/1639 328/242/1640
f 410/889/1641 327/247/1642 201/254/1643
s 20
f 326/415/1644 205/414/912 206/413/911 194/412/910 263/416/1645
s off
f 209/239/1646 327/913/1647 328/921/1648
f 412/891/1649 261/681/1650 184/680/1651
f 208/702/1652 407/884/1653 263/714/1654
s 21
f 214/608/1655 196/599/925 195/598/924 209/609/1656
s 22
f 200/801/927 326/802/1657 199/804/928
s 23
f 202/403/930 209/405/1658 195/408/932 207/407/931
s off
f 204/418/1659 263/420/1660 408/890/1661
s 24
f 205/414/937 326/415/1662 203/417/938
s 28
f 63/205/1663 352/206/1664 356/207/1665 357/208/1666
s off
f 124/220/1667 376/221/1668 359/225/1669
s 29
f 183/213/1670 63/205/1671 357/208/1672 358/214/1673
s 30
f 210/229/1674 353/918/1675 362/920/1676 363/232/1677
s 31
f 328/921/1678 406/885/1679 359/248/1680 360/243/1681
s 32
f 209/239/1682 328/921/1683 360/243/1684 361/238/1685
s 25
f 338/625/1686 339/633/1687 336/626/940 335/620/943
s off
f 345/839/1688 344/840/1689 346/841/1690 347/842/1691
s 25
f 339/633/1687 353/640/1692 210/647/1693
s off
f 340/652/1694 339/633/1695 210/647/1696
s 27
f 221/616/1697 209/609/1012 335/620/1011 211/621/1698
s 6
f 342/596/187 341/600/186 196/599/946 197/610/945
s off
f 348/843/1699 349/844/1700 350/845/1701 351/846/1702
f 337/255/1703 336/256/1704 344/257/1705 345/258/1706
f 336/500/1707 339/501/1708 346/502/1709 344/503/1710
f 339/259/1711 340/260/1712 347/261/1713 346/262/1714
f 340/504/1715 337/505/1716 345/506/1717 347/507/1718
f 197/263/1719 198/264/1720 349/265/1721 348/266/1722
f 198/508/1723 343/509/1724 350/510/1725 349/511/1726
f 343/267/1727 342/268/1728 351/269/1729 350/270/1730
f 342/512/1731 197/513/1732 348/514/1733 351/515/1734
s 26
f 197/610/950 215/624/1735 336/626/951
s 7
f 342/596/191 343/605/1736 64/606/1737 352/579/192
s 25
f 373/632/1738 338/625/1686 209/609/1739
s 30
f 353/919/1675 397/876/1740 362/231/1676
s 28
f 355/209/1741 356/207/1665 352/206/1664 64/210/1742
f 364/215/1743 365/211/1744 356/207/1665 355/209/1741
f 357/208/1666 356/207/1665 365/211/1744 366/212/1745
s 29
f 358/214/1673 357/208/1672 366/212/1746 367/218/1747
s 31
f 360/243/1681 359/248/1680 368/250/1748 369/246/1749
s 32
f 361/238/1685 360/243/1684 369/246/1750 370/240/1751
s 30
f 1/233/1752 394/873/1753 371/234/1754 362/920/1676
f 363/232/1677 362/920/1676 371/234/1754 372/235/1755
s 28
f 354/216/1756 365/211/1744 364/215/1743 330/222/1757
f 366/212/1745 365/211/1744 354/216/1756 329/217/1758
s 29
f 367/218/1747 366/212/1746 329/217/1759 331/223/1760
s 33
f 368/228/1761 377/224/1762 332/226/1763
s 31
f 369/246/1749 368/250/1748 332/251/1764 334/249/1765
s 32
f 370/240/1751 369/246/1750 334/249/1766 333/245/1767
s off
f 421/900/1768 422/901/1769 423/902/1770
f 424/903/1771 425/904/1772 426/905/1773 427/906/1774
f 361/238/1775 402/881/1776 373/236/1777 209/239/1778
s 34
f 370/240/1779 374/241/1780 7/237/1781 361/238/1782
f 375/244/1783 374/241/1780 370/240/1779 333/245/1784
s off
f 373/917/1785 401/880/1786 398/877/1787 353/230/1788
f 428/907/1789 429/908/1790 430/909/1791 431/910/1792
s 25
f 353/640/1692 339/633/1687 338/625/1686 373/632/1738
s 33
f 405/894/1793 183/213/1794 358/214/1795 376/916/1796
f 377/224/1762 376/915/1796 358/214/1795 367/218/1797
f 332/226/1763 377/224/1762 367/218/1797 331/223/1798
s off
f 359/847/1799 376/848/1800 382/849/1801 383/850/1802
f 376/271/1803 377/272/1804 385/273/1805 382/274/1806
f 377/851/1807 368/852/1808 384/853/1809 385/854/1810
f 368/250/1811 359/248/1812 383/252/1813 384/253/1814
f 387/855/1815 386/856/1816 388/857/1817 389/858/1818
f 390/275/1819 387/276/1820 389/277/1821 391/278/1822
f 392/859/1823 390/860/1824 391/861/1825 393/862/1826
f 386/279/1827 392/280/1828 393/281/1829 388/282/1830
f 383/516/1831 382/517/1832 386/518/1833 387/519/1834
f 378/524/1835 379/525/1836 389/526/1837 388/527/1838
f 384/522/1839 383/516/1840 387/519/1841 390/523/1842
f 379/525/1843 381/528/1844 391/529/1845 389/526/1846
f 385/520/1847 384/522/1848 390/523/1849 392/521/1850
f 381/528/1851 380/530/1852 393/531/1853 391/529/1854
f 382/517/1855 385/520/1856 392/521/1857 386/518/1858
f 380/530/1859 378/524/1860 388/527/1861 393/531/1862
