# This file uses meters as units for non-parametric coordinates.

mtllib Slocniko_Laikrodine_01_LP_OBJ.mtl
g default
v 5975.056152 511.327240 671.912598
v 5975.066406 511.327148 689.669434
v 5977.796875 511.327332 689.666016
v 5977.784180 511.327332 671.909180
v 5975.058105 498.191528 674.284668
v 5977.783691 498.191528 674.281250
v 5977.796875 498.191528 687.719727
v 5975.066406 498.191528 687.722656
v 5974.662109 469.991516 672.343750
v 5978.175781 469.991516 672.339355
v 5978.130859 469.991516 690.217773
v 5974.686035 469.991486 690.222168
v 5975.058594 490.848145 675.782227
v 5977.784668 490.848145 675.778809
v 5977.795898 490.848145 686.222168
v 5975.065430 490.848145 686.224609
v 5975.058594 496.167236 674.773438
v 5977.784668 496.167236 674.770020
v 5977.796387 496.167145 687.231445
v 5975.066895 496.167114 687.233398
v 5975.057129 494.058350 672.852051
v 5975.057617 492.674805 672.963379
v 5977.783203 492.674805 672.959961
v 5977.783691 494.058350 672.848633
v 5977.797852 492.674744 689.041016
v 5977.797852 494.058289 689.152344
v 5975.067383 492.674744 689.044434
v 5975.067383 494.058289 689.155273
v 5974.664551 474.835022 675.884277
v 5974.663086 472.390503 673.208984
v 5978.178223 474.835022 675.880371
v 5978.176758 472.390717 673.205078
v 5978.190430 474.835022 686.120605
v 5978.192383 472.390717 688.795410
v 5974.671875 474.835022 686.123535
v 5974.672852 472.390503 688.799805
v 5974.663574 476.102142 673.924805
v 5974.687500 479.752655 671.717285
v 5974.672363 476.101898 688.083984
v 5974.686523 479.691376 690.223145
v 5978.177246 476.102142 673.919922
v 5978.153320 479.752747 671.712402
v 5978.191406 476.102142 688.080566
v 5978.130859 479.691528 690.219238
v 5975.056152 428.655792 671.912598
v 5975.066406 428.655884 689.669434
v 5977.796875 428.655701 689.666016
v 5977.784180 428.655701 671.909180
v 5975.058105 441.791504 674.284668
v 5977.783691 441.791504 674.281250
v 5977.796875 441.791504 687.719727
v 5975.066406 441.791504 687.722656
v 5975.058594 449.134888 675.782227
v 5977.784668 449.134888 675.778809
v 5977.795898 449.134888 686.222168
v 5975.065430 449.134888 686.224609
v 5975.058594 443.815796 674.773438
v 5977.784668 443.815796 674.770020
v 5977.796387 443.815887 687.231445
v 5975.066895 443.815918 687.233398
v 5975.057129 445.924683 672.852051
v 5975.057617 447.308228 672.963379
v 5977.783203 447.308228 672.959961
v 5977.783691 445.924683 672.848633
v 5977.797852 447.308289 689.041016
v 5977.797852 445.924744 689.152344
v 5975.067383 447.308289 689.044434
v 5975.067383 445.924744 689.155273
v 5974.664551 465.148010 675.884277
v 5974.663086 467.592529 673.208984
v 5978.178223 465.148010 675.880371
v 5978.176758 467.592316 673.205078
v 5978.190430 465.148010 686.120605
v 5978.192383 467.592316 688.795410
v 5974.671875 465.148010 686.123535
v 5974.672852 467.592529 688.799805
v 5974.663574 463.880890 673.924805
v 5974.687500 460.230438 671.717285
v 5974.672363 463.881134 688.083984
v 5974.686523 460.291718 690.223145
v 5978.177246 463.880890 673.919922
v 5978.153320 460.230286 671.712402
v 5978.191406 463.880890 688.080566
v 5978.130859 460.291504 690.219238
v 5975.044434 511.327271 653.516113
v 5977.772461 511.327332 653.512695
v 5975.045898 498.191528 655.960449
v 5977.771973 498.191528 655.956543
v 5977.785156 498.191528 669.395508
v 5975.054688 498.191528 669.397461
v 5974.701172 469.991516 654.268066
v 5978.113770 469.991516 654.262695
v 5978.130371 469.991516 671.088379
v 5974.711914 469.991516 671.091309
v 5975.046875 490.848145 657.458008
v 5977.772949 490.848145 657.454590
v 5977.784180 490.848145 667.897461
v 5975.053711 490.848145 667.899902
v 5975.046387 496.167267 656.448730
v 5977.772949 496.167267 656.445312
v 5977.784668 496.167206 668.906250
v 5975.055176 496.167114 668.909180
v 5975.045410 494.058350 654.527344
v 5975.045898 492.674805 654.639160
v 5977.771484 492.674805 654.635742
v 5977.771973 494.058350 654.523438
v 5977.786133 492.674744 670.715820
v 5977.786133 494.058289 670.828125
v 5975.055664 492.674744 670.719238
v 5975.055664 494.058289 670.830566
v 5974.703613 474.696136 657.706543
v 5974.702148 472.321747 655.108398
v 5978.116211 474.696136 657.702637
v 5978.115234 472.321899 655.104004
v 5978.128418 474.696136 667.648438
v 5978.129883 472.321899 670.247559
v 5974.709961 474.696075 667.651855
v 5974.711426 472.321655 670.250977
v 5974.702637 475.926819 655.802734
v 5974.701172 479.610687 654.189941
v 5974.710938 475.926666 669.555664
v 5978.115234 475.926819 655.798828
v 5978.114258 479.610687 654.185059
v 5978.128906 475.926819 669.552246
v 5975.044434 428.655762 653.516113
v 5977.772461 428.655701 653.512695
v 5975.045898 441.791504 655.960449
v 5977.771973 441.791504 655.956543
v 5977.785156 441.791504 669.395508
v 5975.054688 441.791504 669.397461
v 5975.046875 449.134888 657.458008
v 5977.772949 449.134888 657.454590
v 5977.784180 449.134888 667.897461
v 5975.053711 449.134888 667.899902
v 5975.046387 443.815765 656.448730
v 5977.772949 443.815765 656.445312
v 5977.784668 443.815826 668.906250
v 5975.055176 443.815918 668.909180
v 5975.045410 445.924683 654.527344
v 5975.045898 447.308228 654.639160
v 5977.771484 447.308228 654.635742
v 5977.771973 445.924683 654.523438
v 5977.786133 447.308289 670.715820
v 5977.786133 445.924744 670.828125
v 5975.055664 447.308289 670.719238
v 5975.055664 445.924744 670.830566
v 5974.703613 465.286896 657.706543
v 5974.702148 467.661285 655.108398
v 5978.116211 465.286896 657.702637
v 5978.115234 467.661133 655.104004
v 5978.128418 465.286896 667.648438
v 5978.129883 467.661133 670.247559
v 5974.709961 465.286957 667.651855
v 5974.711426 467.661377 670.250977
v 5974.702637 464.056213 655.802734
v 5974.701172 460.372345 654.189941
v 5974.710938 464.056366 669.555664
v 5978.115234 464.056213 655.798828
v 5978.114258 460.372345 654.185059
v 5978.128906 464.056213 669.552246
v 5975.034180 511.327332 635.549316
v 5977.760254 511.327332 635.544434
v 5975.034180 498.191528 637.635742
v 5977.760254 498.191528 637.631836
v 5977.773438 498.191528 651.070801
v 5975.042969 498.191528 651.073242
v 5974.708008 469.991516 636.035645
v 5978.083496 469.991516 636.030762
v 5978.099609 469.991516 652.671387
v 5974.718750 469.991516 652.674316
v 5975.035156 490.848145 639.133301
v 5977.761230 490.848145 639.129395
v 5977.772461 490.848145 649.573242
v 5975.041992 490.848145 649.575684
v 5975.034668 496.167267 638.124512
v 5977.761230 496.167267 638.120605
v 5977.772949 496.167206 650.581055
v 5975.042969 496.167175 650.583984
v 5975.033691 494.058350 636.202637
v 5975.033691 492.674805 636.313965
v 5977.759766 492.674805 636.310547
v 5977.759766 494.058350 636.198730
v 5977.774414 492.674744 652.391602
v 5977.773926 494.058289 652.502930
v 5975.043945 492.674744 652.395020
v 5975.043945 494.058289 652.505859
v 5974.710449 474.644379 639.436035
v 5974.708984 472.296112 636.866699
v 5978.085938 474.644379 639.432617
v 5978.084473 472.296265 636.862793
v 5978.097656 474.644379 649.269531
v 5978.099121 472.296265 651.839355
v 5974.717285 474.644287 649.272461
v 5974.718262 472.296112 651.842773
v 5974.709473 475.861511 637.553711
v 5974.708496 479.504822 635.958984
v 5974.718262 475.861359 651.155762
v 5974.718750 479.504578 652.750000
v 5978.084961 475.861511 637.549805
v 5978.083496 479.504822 635.954102
v 5978.098633 475.861511 651.152344
v 5978.099609 479.504822 652.747070
v 5975.034180 428.655701 635.549316
v 5977.760254 428.655701 635.544434
v 5975.034180 441.791504 637.635742
v 5977.760254 441.791504 637.631836
v 5977.773438 441.791504 651.070801
v 5975.042969 441.791504 651.073242
v 5975.035156 449.134888 639.133301
v 5977.761230 449.134888 639.129395
v 5977.772461 449.134888 649.573242
v 5975.041992 449.134888 649.575684
v 5975.034668 443.815765 638.124512
v 5977.761230 443.815765 638.120605
v 5977.772949 443.815826 650.581055
v 5975.042969 443.815857 650.583984
v 5975.033691 445.924683 636.202637
v 5975.033691 447.308228 636.313965
v 5977.759766 447.308228 636.310547
v 5977.759766 445.924683 636.198730
v 5977.774414 447.308289 652.391602
v 5977.773926 445.924744 652.502930
v 5975.043945 447.308289 652.395020
v 5975.043945 445.924744 652.505859
v 5974.710449 465.338654 639.436035
v 5974.708984 467.686920 636.866699
v 5978.085938 465.338654 639.432617
v 5978.084473 467.686768 636.862793
v 5978.097656 465.338654 649.269531
v 5978.099121 467.686768 651.839355
v 5974.717285 465.338745 649.272461
v 5974.718262 467.686920 651.842773
v 5974.709473 464.121521 637.553711
v 5974.708496 460.478210 635.958984
v 5974.718262 464.121674 651.155762
v 5974.718750 460.478455 652.750000
v 5978.084961 464.121521 637.549805
v 5978.083496 460.478210 635.954102
v 5978.098633 464.121521 651.152344
v 5978.099609 460.478210 652.747070
v 5975.056152 511.327240 616.139648
v 5975.066406 511.327148 633.896484
v 5977.796875 511.327332 633.893066
v 5977.784180 511.327332 616.136230
v 5975.058105 498.191528 618.511719
v 5977.783691 498.191528 618.508301
v 5977.796875 498.191528 631.946777
v 5975.066406 498.191528 631.949707
v 5974.662109 469.991516 616.570801
v 5978.175781 469.991516 616.566406
v 5978.130859 469.991516 634.444824
v 5974.686035 469.991486 634.449219
v 5975.058594 490.848145 620.009277
v 5977.784668 490.848145 620.005859
v 5977.795898 490.848145 630.449219
v 5975.065430 490.848145 630.451660
v 5975.058594 496.167236 619.000488
v 5977.784668 496.167236 618.997070
v 5977.796387 496.167145 631.458496
v 5975.066895 496.167114 631.460449
v 5975.057129 494.058350 617.079102
v 5975.057617 492.674805 617.190430
v 5977.783203 492.674805 617.187012
v 5977.783691 494.058350 617.075684
v 5977.797852 492.674744 633.268066
v 5977.797852 494.058289 633.379395
v 5975.067383 492.674744 633.271484
v 5975.067383 494.058289 633.382324
v 5974.664551 474.835022 620.111328
v 5974.663086 472.390503 617.436035
v 5978.178223 474.835022 620.107422
v 5978.176758 472.390717 617.432129
v 5978.190430 474.835022 630.347656
v 5978.192383 472.390717 633.022461
v 5974.671875 474.835022 630.350586
v 5974.672852 472.390503 633.026855
v 5974.663574 476.102142 618.151855
v 5974.687500 479.752655 615.944336
v 5974.672363 476.101898 632.311035
v 5974.686523 479.691376 634.450195
v 5978.177246 476.102142 618.146973
v 5978.153320 479.752747 615.939453
v 5978.191406 476.102142 632.307617
v 5978.130859 479.691528 634.446289
v 5975.056152 428.655792 616.139648
v 5975.066406 428.655884 633.896484
v 5977.796875 428.655701 633.893066
v 5977.784180 428.655701 616.136230
v 5975.058105 441.791504 618.511719
v 5977.783691 441.791504 618.508301
v 5977.796875 441.791504 631.946777
v 5975.066406 441.791504 631.949707
v 5975.058594 449.134888 620.009277
v 5977.784668 449.134888 620.005859
v 5977.795898 449.134888 630.449219
v 5975.065430 449.134888 630.451660
v 5975.058594 443.815796 619.000488
v 5977.784668 443.815796 618.997070
v 5977.796387 443.815887 631.458496
v 5975.066895 443.815918 631.460449
v 5975.057129 445.924683 617.079102
v 5975.057617 447.308228 617.190430
v 5977.783203 447.308228 617.187012
v 5977.783691 445.924683 617.075684
v 5977.797852 447.308289 633.268066
v 5977.797852 445.924744 633.379395
v 5975.067383 447.308289 633.271484
v 5975.067383 445.924744 633.382324
v 5974.664551 465.148010 620.111328
v 5974.663086 467.592529 617.436035
v 5978.178223 465.148010 620.107422
v 5978.176758 467.592316 617.432129
v 5978.190430 465.148010 630.347656
v 5978.192383 467.592316 633.022461
v 5974.671875 465.148010 630.350586
v 5974.672852 467.592529 633.026855
v 5974.663574 463.880890 618.151855
v 5974.687500 460.230438 615.944336
v 5974.672363 463.881134 632.311035
v 5974.686523 460.291718 634.450195
v 5978.177246 463.880890 618.146973
v 5978.153320 460.230286 615.939453
v 5978.191406 463.880890 632.307617
v 5978.130859 460.291504 634.446289
v 5975.044434 511.327271 597.743164
v 5977.772461 511.327332 597.739746
v 5975.045898 498.191528 600.187500
v 5977.771973 498.191528 600.183594
v 5977.785156 498.191528 613.622559
v 5975.054688 498.191528 613.624512
v 5974.701172 469.991516 598.495117
v 5978.113770 469.991516 598.489746
v 5978.130371 469.991516 615.315430
v 5974.711914 469.991516 615.318359
v 5975.046875 490.848145 601.685059
v 5977.772949 490.848145 601.681641
v 5977.784180 490.848145 612.124512
v 5975.053711 490.848145 612.126953
v 5975.046387 496.167267 600.675781
v 5977.772949 496.167267 600.672363
v 5977.784668 496.167206 613.133301
v 5975.055176 496.167114 613.136230
v 5975.045410 494.058350 598.754395
v 5975.045898 492.674805 598.866211
v 5977.771484 492.674805 598.862793
v 5977.771973 494.058350 598.750488
v 5977.786133 492.674744 614.942871
v 5977.786133 494.058289 615.055176
v 5975.055664 492.674744 614.946289
v 5975.055664 494.058289 615.057617
v 5974.703613 474.696136 601.933594
v 5974.702148 472.321747 599.335449
v 5978.116211 474.696136 601.929688
v 5978.115234 472.321899 599.331055
v 5978.128418 474.696136 611.875488
v 5978.129883 472.321899 614.474609
v 5974.709961 474.696075 611.878906
v 5974.711426 472.321655 614.478027
v 5974.702637 475.926819 600.029785
v 5974.701172 479.610687 598.416992
v 5974.710938 475.926666 613.782715
v 5978.115234 475.926819 600.025879
v 5978.114258 479.610687 598.412109
v 5978.128906 475.926819 613.779297
v 5975.044434 428.655762 597.743164
v 5977.772461 428.655701 597.739746
v 5975.045898 441.791504 600.187500
v 5977.771973 441.791504 600.183594
v 5977.785156 441.791504 613.622559
v 5975.054688 441.791504 613.624512
v 5975.046875 449.134888 601.685059
v 5977.772949 449.134888 601.681641
v 5977.784180 449.134888 612.124512
v 5975.053711 449.134888 612.126953
v 5975.046387 443.815765 600.675781
v 5977.772949 443.815765 600.672363
v 5977.784668 443.815826 613.133301
v 5975.055176 443.815918 613.136230
v 5975.045410 445.924683 598.754395
v 5975.045898 447.308228 598.866211
v 5977.771484 447.308228 598.862793
v 5977.771973 445.924683 598.750488
v 5977.786133 447.308289 614.942871
v 5977.786133 445.924744 615.055176
v 5975.055664 447.308289 614.946289
v 5975.055664 445.924744 615.057617
v 5974.703613 465.286896 601.933594
v 5974.702148 467.661285 599.335449
v 5978.116211 465.286896 601.929688
v 5978.115234 467.661133 599.331055
v 5978.128418 465.286896 611.875488
v 5978.129883 467.661133 614.474609
v 5974.709961 465.286957 611.878906
v 5974.711426 467.661377 614.478027
v 5974.702637 464.056213 600.029785
v 5974.701172 460.372345 598.416992
v 5974.710938 464.056366 613.782715
v 5978.115234 464.056213 600.025879
v 5978.114258 460.372345 598.412109
v 5978.128906 464.056213 613.779297
v 5975.034180 511.327332 579.776367
v 5977.760254 511.327332 579.771484
v 5975.034180 498.191528 581.862793
v 5977.760254 498.191528 581.858887
v 5977.773438 498.191528 595.297852
v 5975.042969 498.191528 595.300293
v 5974.708008 469.991516 580.262695
v 5978.083496 469.991516 580.257812
v 5978.099609 469.991516 596.898438
v 5974.718750 469.991516 596.901367
v 5975.035156 490.848145 583.360352
v 5977.761230 490.848145 583.356445
v 5977.772461 490.848145 593.800293
v 5975.041992 490.848145 593.802734
v 5975.034668 496.167267 582.351562
v 5977.761230 496.167267 582.347656
v 5977.772949 496.167206 594.808105
v 5975.042969 496.167175 594.811035
v 5975.033691 494.058350 580.429688
v 5975.033691 492.674805 580.541016
v 5977.759766 492.674805 580.537598
v 5977.759766 494.058350 580.425781
v 5977.774414 492.674744 596.618652
v 5977.773926 494.058289 596.729980
v 5975.043945 492.674744 596.622070
v 5975.043945 494.058289 596.732910
v 5974.710449 474.644379 583.663086
v 5974.708984 472.296112 581.093750
v 5978.085938 474.644379 583.659668
v 5978.084473 472.296265 581.089844
v 5978.097656 474.644379 593.496582
v 5978.099121 472.296265 596.066406
v 5974.717285 474.644287 593.499512
v 5974.718262 472.296112 596.069824
v 5974.709473 475.861511 581.780762
v 5974.708496 479.504822 580.186035
v 5974.718262 475.861359 595.382812
v 5974.718750 479.504578 596.977051
v 5978.084961 475.861511 581.776855
v 5978.083496 479.504822 580.181152
v 5978.098633 475.861511 595.379395
v 5978.099609 479.504822 596.974121
v 5975.034180 428.655701 579.776367
v 5977.760254 428.655701 579.771484
v 5975.034180 441.791504 581.862793
v 5977.760254 441.791504 581.858887
v 5977.773438 441.791504 595.297852
v 5975.042969 441.791504 595.300293
v 5975.035156 449.134888 583.360352
v 5977.761230 449.134888 583.356445
v 5977.772461 449.134888 593.800293
v 5975.041992 449.134888 593.802734
v 5975.034668 443.815765 582.351562
v 5977.761230 443.815765 582.347656
v 5977.772949 443.815826 594.808105
v 5975.042969 443.815857 594.811035
v 5975.033691 445.924683 580.429688
v 5975.033691 447.308228 580.541016
v 5977.759766 447.308228 580.537598
v 5977.759766 445.924683 580.425781
v 5977.774414 447.308289 596.618652
v 5977.773926 445.924744 596.729980
v 5975.043945 447.308289 596.622070
v 5975.043945 445.924744 596.732910
v 5974.710449 465.338654 583.663086
v 5974.708984 467.686920 581.093750
v 5978.085938 465.338654 583.659668
v 5978.084473 467.686768 581.089844
v 5978.097656 465.338654 593.496582
v 5978.099121 467.686768 596.066406
v 5974.717285 465.338745 593.499512
v 5974.718262 467.686920 596.069824
v 5974.709473 464.121521 581.780762
v 5974.708496 460.478210 580.186035
v 5974.718262 464.121674 595.382812
v 5974.718750 460.478455 596.977051
v 5978.084961 464.121521 581.776855
v 5978.083496 460.478210 580.181152
v 5978.098633 464.121521 595.379395
v 5978.099609 460.478210 596.974121
v 5975.056152 511.327240 560.951660
v 5975.066406 511.327148 578.708496
v 5977.796875 511.327332 578.705078
v 5977.784180 511.327332 560.948242
v 5975.058105 498.191528 563.323730
v 5977.783691 498.191528 563.320312
v 5977.796875 498.191528 576.758789
v 5975.066406 498.191528 576.761719
v 5974.662109 469.991516 561.382812
v 5978.175781 469.991516 561.378418
v 5978.130859 469.991516 579.256836
v 5974.686035 469.991486 579.261230
v 5975.058594 490.848145 564.821289
v 5977.784668 490.848145 564.817871
v 5977.795898 490.848145 575.261230
v 5975.065430 490.848145 575.263672
v 5975.058594 496.167236 563.812500
v 5977.784668 496.167236 563.809082
v 5977.796387 496.167145 576.270508
v 5975.066895 496.167114 576.272461
v 5975.057129 494.058350 561.891113
v 5975.057617 492.674805 562.002441
v 5977.783203 492.674805 561.999023
v 5977.783691 494.058350 561.887695
v 5977.797852 492.674744 578.080078
v 5977.797852 494.058289 578.191406
v 5975.067383 492.674744 578.083496
v 5975.067383 494.058289 578.194336
v 5974.664551 474.835022 564.923340
v 5974.663086 472.390503 562.248047
v 5978.178223 474.835022 564.919434
v 5978.176758 472.390717 562.244141
v 5978.190430 474.835022 575.159668
v 5978.192383 472.390717 577.834473
v 5974.671875 474.835022 575.162598
v 5974.672852 472.390503 577.838867
v 5974.663574 476.102142 562.963867
v 5974.687500 479.752655 560.756348
v 5974.672363 476.101898 577.123047
v 5974.686523 479.691376 579.262207
v 5978.177246 476.102142 562.958984
v 5978.153320 479.752747 560.751465
v 5978.191406 476.102142 577.119629
v 5978.130859 479.691528 579.258301
v 5975.056152 428.655792 560.951660
v 5975.066406 428.655884 578.708496
v 5977.796875 428.655701 578.705078
v 5977.784180 428.655701 560.948242
v 5975.058105 441.791504 563.323730
v 5977.783691 441.791504 563.320312
v 5977.796875 441.791504 576.758789
v 5975.066406 441.791504 576.761719
v 5975.058594 449.134888 564.821289
v 5977.784668 449.134888 564.817871
v 5977.795898 449.134888 575.261230
v 5975.065430 449.134888 575.263672
v 5975.058594 443.815796 563.812500
v 5977.784668 443.815796 563.809082
v 5977.796387 443.815887 576.270508
v 5975.066895 443.815918 576.272461
v 5975.057129 445.924683 561.891113
v 5975.057617 447.308228 562.002441
v 5977.783203 447.308228 561.999023
v 5977.783691 445.924683 561.887695
v 5977.797852 447.308289 578.080078
v 5977.797852 445.924744 578.191406
v 5975.067383 447.308289 578.083496
v 5975.067383 445.924744 578.194336
v 5974.664551 465.148010 564.923340
v 5974.663086 467.592529 562.248047
v 5978.178223 465.148010 564.919434
v 5978.176758 467.592316 562.244141
v 5978.190430 465.148010 575.159668
v 5978.192383 467.592316 577.834473
v 5974.671875 465.148010 575.162598
v 5974.672852 467.592529 577.838867
v 5974.663574 463.880890 562.963867
v 5974.687500 460.230438 560.756348
v 5974.672363 463.881134 577.123047
v 5974.686523 460.291718 579.262207
v 5978.177246 463.880890 562.958984
v 5978.153320 460.230286 560.751465
v 5978.191406 463.880890 577.119629
v 5978.130859 460.291504 579.258301
v 5975.044434 511.327271 542.555176
v 5977.772461 511.327332 542.551758
v 5975.045898 498.191528 544.999512
v 5977.771973 498.191528 544.995605
v 5977.785156 498.191528 558.434570
v 5975.054688 498.191528 558.436523
v 5974.701172 469.991516 543.307129
v 5978.113770 469.991516 543.301758
v 5978.130371 469.991516 560.127441
v 5974.711914 469.991516 560.130371
v 5975.046875 490.848145 546.497070
v 5977.772949 490.848145 546.493652
v 5977.784180 490.848145 556.936523
v 5975.053711 490.848145 556.938965
v 5975.046387 496.167267 545.487793
v 5977.772949 496.167267 545.484375
v 5977.784668 496.167206 557.945312
v 5975.055176 496.167114 557.948242
v 5975.045410 494.058350 543.566406
v 5975.045898 492.674805 543.678223
v 5977.771484 492.674805 543.674805
v 5977.771973 494.058350 543.562500
v 5977.786133 492.674744 559.754883
v 5977.786133 494.058289 559.867188
v 5975.055664 492.674744 559.758301
v 5975.055664 494.058289 559.869629
v 5974.703613 474.696136 546.745605
v 5974.702148 472.321747 544.147461
v 5978.116211 474.696136 546.741699
v 5978.115234 472.321899 544.143066
v 5978.128418 474.696136 556.687500
v 5978.129883 472.321899 559.286621
v 5974.709961 474.696075 556.690918
v 5974.711426 472.321655 559.290039
v 5974.702637 475.926819 544.841797
v 5974.701172 479.610687 543.229004
v 5974.710938 475.926666 558.594727
v 5978.115234 475.926819 544.837891
v 5978.114258 479.610687 543.224121
v 5978.128906 475.926819 558.591309
v 5975.044434 428.655762 542.555176
v 5977.772461 428.655701 542.551758
v 5975.045898 441.791504 544.999512
v 5977.771973 441.791504 544.995605
v 5977.785156 441.791504 558.434570
v 5975.054688 441.791504 558.436523
v 5975.046875 449.134888 546.497070
v 5977.772949 449.134888 546.493652
v 5977.784180 449.134888 556.936523
v 5975.053711 449.134888 556.938965
v 5975.046387 443.815765 545.487793
v 5977.772949 443.815765 545.484375
v 5977.784668 443.815826 557.945312
v 5975.055176 443.815918 557.948242
v 5975.045410 445.924683 543.566406
v 5975.045898 447.308228 543.678223
v 5977.771484 447.308228 543.674805
v 5977.771973 445.924683 543.562500
v 5977.786133 447.308289 559.754883
v 5977.786133 445.924744 559.867188
v 5975.055664 447.308289 559.758301
v 5975.055664 445.924744 559.869629
v 5974.703613 465.286896 546.745605
v 5974.702148 467.661285 544.147461
v 5978.116211 465.286896 546.741699
v 5978.115234 467.661133 544.143066
v 5978.128418 465.286896 556.687500
v 5978.129883 467.661133 559.286621
v 5974.709961 465.286957 556.690918
v 5974.711426 467.661377 559.290039
v 5974.702637 464.056213 544.841797
v 5974.701172 460.372345 543.229004
v 5974.710938 464.056366 558.594727
v 5978.115234 464.056213 544.837891
v 5978.114258 460.372345 543.224121
v 5978.128906 464.056213 558.591309
v 5975.034180 511.327332 524.588379
v 5977.760254 511.327332 524.583496
v 5975.034180 498.191528 526.674805
v 5977.760254 498.191528 526.670898
v 5977.773438 498.191528 540.109863
v 5975.042969 498.191528 540.112305
v 5974.708008 469.991516 525.074707
v 5978.083496 469.991516 525.069824
v 5978.099609 469.991516 541.710449
v 5974.718750 469.991516 541.713379
v 5975.035156 490.848145 528.172363
v 5977.761230 490.848145 528.168457
v 5977.772461 490.848145 538.612305
v 5975.041992 490.848145 538.614746
v 5975.034668 496.167267 527.163574
v 5977.761230 496.167267 527.159668
v 5977.772949 496.167206 539.620117
v 5975.042969 496.167175 539.623047
v 5975.033691 494.058350 525.241699
v 5975.033691 492.674805 525.353027
v 5977.759766 492.674805 525.349609
v 5977.759766 494.058350 525.237793
v 5977.774414 492.674744 541.430664
v 5977.773926 494.058289 541.541992
v 5975.043945 492.674744 541.434082
v 5975.043945 494.058289 541.544922
v 5974.710449 474.644379 528.475098
v 5974.708984 472.296112 525.905762
v 5978.085938 474.644379 528.471680
v 5978.084473 472.296265 525.901855
v 5978.097656 474.644379 538.308594
v 5978.099121 472.296265 540.878418
v 5974.717285 474.644287 538.311523
v 5974.718262 472.296112 540.881836
v 5974.709473 475.861511 526.592773
v 5974.708496 479.504822 524.998047
v 5974.718262 475.861359 540.194824
v 5974.718750 479.504578 541.789062
v 5978.084961 475.861511 526.588867
v 5978.083496 479.504822 524.993164
v 5978.098633 475.861511 540.191406
v 5978.099609 479.504822 541.786133
v 5975.034180 428.655701 524.588379
v 5977.760254 428.655701 524.583496
v 5975.034180 441.791504 526.674805
v 5977.760254 441.791504 526.670898
v 5977.773438 441.791504 540.109863
v 5975.042969 441.791504 540.112305
v 5975.035156 449.134888 528.172363
v 5977.761230 449.134888 528.168457
v 5977.772461 449.134888 538.612305
v 5975.041992 449.134888 538.614746
v 5975.034668 443.815765 527.163574
v 5977.761230 443.815765 527.159668
v 5977.772949 443.815826 539.620117
v 5975.042969 443.815857 539.623047
v 5975.033691 445.924683 525.241699
v 5975.033691 447.308228 525.353027
v 5977.759766 447.308228 525.349609
v 5977.759766 445.924683 525.237793
v 5977.774414 447.308289 541.430664
v 5977.773926 445.924744 541.541992
v 5975.043945 447.308289 541.434082
v 5975.043945 445.924744 541.544922
v 5974.710449 465.338654 528.475098
v 5974.708984 467.686920 525.905762
v 5978.085938 465.338654 528.471680
v 5978.084473 467.686768 525.901855
v 5978.097656 465.338654 538.308594
v 5978.099121 467.686768 540.878418
v 5974.717285 465.338745 538.311523
v 5974.718262 467.686920 540.881836
v 5974.709473 464.121521 526.592773
v 5974.708496 460.478210 524.998047
v 5974.718262 464.121674 540.194824
v 5974.718750 460.478455 541.789062
v 5978.084961 464.121521 526.588867
v 5978.083496 460.478210 524.993164
v 5978.098633 464.121521 540.191406
v 5978.099609 460.478210 541.786133
v 6160.260254 511.327240 710.297729
v 6178.017090 511.327148 710.287476
v 6178.013672 511.327332 707.557129
v 6160.256836 511.327332 707.569580
v 6162.632324 498.191528 710.296082
v 6162.628906 498.191528 707.570190
v 6176.067383 498.191528 707.557129
v 6176.070312 498.191528 710.287476
v 6160.691406 469.991516 710.691833
v 6160.687012 469.991516 707.178223
v 6178.565430 469.991516 707.223389
v 6178.569824 469.991486 710.667908
v 6164.129883 490.848145 710.295227
v 6164.126465 490.848145 707.569275
v 6174.569824 490.848145 707.558167
v 6174.572266 490.848145 710.288452
v 6163.121094 496.167236 710.295654
v 6163.117676 496.167236 707.569214
v 6175.579102 496.167145 707.557617
v 6175.581055 496.167114 710.287109
v 6161.199707 494.058350 710.296692
v 6161.311035 492.674805 710.296570
v 6161.307617 492.674805 707.570862
v 6161.196289 494.058350 707.570374
v 6177.388672 492.674744 707.556152
v 6177.500000 494.058289 707.556274
v 6177.392090 492.674744 710.286377
v 6177.502930 494.058289 710.286377
v 6164.231934 474.835022 710.689331
v 6161.556641 472.390503 710.690918
v 6164.228027 474.835022 707.175720
v 6161.552734 472.390717 707.177124
v 6174.468262 474.835022 707.163330
v 6177.143066 472.390717 707.161804
v 6174.471191 474.835022 710.682373
v 6177.147461 472.390503 710.681213
v 6162.272461 476.102142 710.690369
v 6160.064941 479.752655 710.666748
v 6176.431641 476.101898 710.681458
v 6178.570801 479.691376 710.667480
v 6162.267578 476.102142 707.176819
v 6160.060059 479.752747 707.200806
v 6176.428223 476.102142 707.162415
v 6178.566895 479.691528 707.223145
v 6160.260254 428.655792 710.297729
v 6178.017090 428.655884 710.287476
v 6178.013672 428.655701 707.557129
v 6160.256836 428.655701 707.569580
v 6162.632324 441.791504 710.296082
v 6162.628906 441.791504 707.570190
v 6176.067383 441.791504 707.557129
v 6176.070312 441.791504 710.287476
v 6164.129883 449.134888 710.295227
v 6164.126465 449.134888 707.569275
v 6174.569824 449.134888 707.558167
v 6174.572266 449.134888 710.288452
v 6163.121094 443.815796 710.295654
v 6163.117676 443.815796 707.569214
v 6175.579102 443.815887 707.557617
v 6175.581055 443.815918 710.287109
v 6161.199707 445.924683 710.296692
v 6161.311035 447.308228 710.296570
v 6161.307617 447.308228 707.570862
v 6161.196289 445.924683 707.570374
v 6177.388672 447.308289 707.556152
v 6177.500000 445.924744 707.556274
v 6177.392090 447.308289 710.286377
v 6177.502930 445.924744 710.286377
v 6164.231934 465.148010 710.689331
v 6161.556641 467.592529 710.690918
v 6164.228027 465.148010 707.175720
v 6161.552734 467.592316 707.177124
v 6174.468262 465.148010 707.163330
v 6177.143066 467.592316 707.161804
v 6174.471191 465.148010 710.682373
v 6177.147461 467.592529 710.681213
v 6162.272461 463.880890 710.690369
v 6160.064941 460.230438 710.666748
v 6176.431641 463.881134 710.681458
v 6178.570801 460.291718 710.667480
v 6162.267578 463.880890 707.176819
v 6160.060059 460.230286 707.200806
v 6176.428223 463.880890 707.162415
v 6178.566895 460.291504 707.223145
v 6141.863770 511.327271 710.309509
v 6141.860352 511.327332 707.581299
v 6144.308105 498.191528 710.307922
v 6144.304199 498.191528 707.581970
v 6157.743164 498.191528 707.568909
v 6157.745117 498.191528 710.299316
v 6142.615723 469.991516 710.653015
v 6142.610352 469.991516 707.240173
v 6159.436035 469.991516 707.223816
v 6159.438965 469.991516 710.642273
v 6145.805664 490.848145 710.307007
v 6145.802246 490.848145 707.581055
v 6156.245117 490.848145 707.569946
v 6156.247559 490.848145 710.300232
v 6144.796387 496.167267 710.307434
v 6144.792969 496.167267 707.580933
v 6157.253906 496.167206 707.569458
v 6157.256836 496.167114 710.298950
v 6142.875000 494.058350 710.308472
v 6142.986816 492.674805 710.308350
v 6142.983398 492.674805 707.582703
v 6142.871094 494.058350 707.582153
v 6159.063477 492.674744 707.567932
v 6159.175781 494.058289 707.568115
v 6159.066895 492.674744 710.298096
v 6159.178223 494.058289 710.298157
v 6146.054199 474.696136 710.650513
v 6143.456055 472.321747 710.652100
v 6146.050293 474.696136 707.237610
v 6143.451660 472.321899 707.239014
v 6155.996094 474.696136 707.225769
v 6158.595215 472.321899 707.224243
v 6155.999512 474.696075 710.643860
v 6158.598633 472.321655 710.642639
v 6144.150391 475.926819 710.651489
v 6142.537598 479.610687 710.652649
v 6157.903320 475.926666 710.642883
v 6144.146484 475.926819 707.238770
v 6142.532715 479.610687 707.239746
v 6157.899902 475.926819 707.224976
v 6141.863770 428.655762 710.309509
v 6141.860352 428.655701 707.581299
v 6144.308105 441.791504 710.307922
v 6144.304199 441.791504 707.581970
v 6157.743164 441.791504 707.568909
v 6157.745117 441.791504 710.299316
v 6145.805664 449.134888 710.307007
v 6145.802246 449.134888 707.581055
v 6156.245117 449.134888 707.569946
v 6156.247559 449.134888 710.300232
v 6144.796387 443.815765 710.307434
v 6144.792969 443.815765 707.580933
v 6157.253906 443.815826 707.569458
v 6157.256836 443.815918 710.298950
v 6142.875000 445.924683 710.308472
v 6142.986816 447.308228 710.308350
v 6142.983398 447.308228 707.582703
v 6142.871094 445.924683 707.582153
v 6159.063477 447.308289 707.567932
v 6159.175781 445.924744 707.568115
v 6159.066895 447.308289 710.298096
v 6159.178223 445.924744 710.298157
v 6146.054199 465.286896 710.650513
v 6143.456055 467.661285 710.652100
v 6146.050293 465.286896 707.237610
v 6143.451660 467.661133 707.239014
v 6155.996094 465.286896 707.225769
v 6158.595215 467.661133 707.224243
v 6155.999512 465.286957 710.643860
v 6158.598633 467.661377 710.642639
v 6144.150391 464.056213 710.651489
v 6142.537598 460.372345 710.652649
v 6157.903320 464.056366 710.642883
v 6144.146484 464.056213 707.238770
v 6142.532715 460.372345 707.239746
v 6157.899902 464.056213 707.224976
v 6123.896973 511.327332 710.319702
v 6123.892090 511.327332 707.593750
v 6125.983398 498.191528 710.319702
v 6125.979492 498.191528 707.593750
v 6139.418457 498.191528 707.580688
v 6139.420898 498.191528 710.311096
v 6124.383301 469.991516 710.645935
v 6124.378418 469.991516 707.270630
v 6141.019043 469.991516 707.254456
v 6141.021973 469.991516 710.635315
v 6127.480957 490.848145 710.318848
v 6127.477051 490.848145 707.592896
v 6137.920898 490.848145 707.581726
v 6137.923340 490.848145 710.312073
v 6126.472168 496.167267 710.319214
v 6126.468262 496.167267 707.592773
v 6138.928711 496.167206 707.581238
v 6138.931641 496.167175 710.310791
v 6124.550293 494.058350 710.320312
v 6124.661621 492.674805 710.320129
v 6124.658203 492.674805 707.594482
v 6124.546387 494.058350 707.593994
v 6140.739258 492.674744 707.579712
v 6140.850586 494.058289 707.579956
v 6140.742676 492.674744 710.309937
v 6140.853516 494.058289 710.309937
v 6127.783691 474.644379 710.643433
v 6125.214355 472.296112 710.645020
v 6127.780273 474.644379 707.268188
v 6125.210449 472.296265 707.269653
v 6137.617188 474.644379 707.256409
v 6140.187012 472.296265 707.254883
v 6137.620117 474.644287 710.636902
v 6140.190430 472.296112 710.635742
v 6125.901367 475.861511 710.644531
v 6124.306641 479.504822 710.645569
v 6139.503418 475.861359 710.635864
v 6141.097656 479.504578 710.635010
v 6125.897461 475.861511 707.269226
v 6124.301758 479.504822 707.270325
v 6139.500000 475.861511 707.255493
v 6141.094727 479.504822 707.254456
v 6123.896973 428.655701 710.319702
v 6123.892090 428.655701 707.593750
v 6125.983398 441.791504 710.319702
v 6125.979492 441.791504 707.593750
v 6139.418457 441.791504 707.580688
v 6139.420898 441.791504 710.311096
v 6127.480957 449.134888 710.318848
v 6127.477051 449.134888 707.592896
v 6137.920898 449.134888 707.581726
v 6137.923340 449.134888 710.312073
v 6126.472168 443.815765 710.319214
v 6126.468262 443.815765 707.592773
v 6138.928711 443.815826 707.581238
v 6138.931641 443.815857 710.310791
v 6124.550293 445.924683 710.320312
v 6124.661621 447.308228 710.320129
v 6124.658203 447.308228 707.594482
v 6124.546387 445.924683 707.593994
v 6140.739258 447.308289 707.579712
v 6140.850586 445.924744 707.579956
v 6140.742676 447.308289 710.309937
v 6140.853516 445.924744 710.309937
v 6127.783691 465.338654 710.643433
v 6125.214355 467.686920 710.645020
v 6127.780273 465.338654 707.268188
v 6125.210449 467.686768 707.269653
v 6137.617188 465.338654 707.256409
v 6140.187012 467.686768 707.254883
v 6137.620117 465.338745 710.636902
v 6140.190430 467.686920 710.635742
v 6125.901367 464.121521 710.644531
v 6124.306641 460.478210 710.645569
v 6139.503418 464.121674 710.635864
v 6141.097656 460.478455 710.635010
v 6125.897461 464.121521 707.269226
v 6124.301758 460.478210 707.270325
v 6139.500000 464.121521 707.255493
v 6141.094727 460.478210 707.254456
v 6059.054688 1022.234131 -398.947083
v 6002.456055 1022.234131 -398.897186
v 6002.521484 1022.234131 -324.108795
v 6059.120605 1022.234131 -324.158875
v 6006.362793 1094.153076 -394.997162
v 6006.362793 1022.234131 -394.997162
v 6055.154297 1022.234131 -395.039948
v 6055.154785 1094.152832 -395.039917
v 6055.213379 1094.152832 -328.058533
v 6006.421387 1094.153076 -328.015747
v 6055.213379 1022.234131 -328.058533
v 6006.421387 1022.234131 -328.015900
v 5999.805176 1094.153198 -403.983215
v 6061.696777 1094.152954 -404.037476
v 5999.879395 1094.153198 -319.018188
v 6061.770996 1094.152954 -319.072479
v 5999.805176 1108.613892 -403.983215
v 6061.696777 1108.613647 -404.037476
v 5999.879395 1108.613892 -319.018188
v 6061.770996 1108.613647 -319.072479
v 6059.050781 1003.878906 -324.257111
v 6058.985352 1003.878906 -399.044861
v 6002.386719 974.368408 -398.994904
v 6002.452637 974.368408 -324.206940
v 6047.020020 1014.790405 -324.246033
v 6046.954590 1014.790405 -399.034241
v 5740.327637 338.802032 511.141571
v 5739.937012 338.802032 507.037994
v 5771.349609 338.789001 508.188629
v 5770.958984 338.789001 504.084625
v 5740.314941 279.365112 511.142914
v 5740.289551 160.515167 511.145477
v 5771.311523 160.502182 508.192596
v 5771.336426 279.352112 508.190094
v 5770.921387 160.502182 504.088287
v 5770.945801 279.352173 504.086090
v 5739.898926 160.515167 507.041840
v 5739.924316 279.365112 507.039520
v 5744.774414 270.063171 510.718292
v 5744.752930 169.813248 510.720367
v 5766.873535 270.053955 508.614838
v 5766.852051 169.804031 508.617035
v 5744.749023 151.213287 510.720673
v 5744.740723 110.376419 510.721527
v 5766.848145 151.204041 508.617340
v 5766.839355 110.367180 508.618134
v 5744.778320 288.663239 510.717865
v 5766.877441 288.654022 508.614594
v 5744.787109 329.500214 510.717133
v 5766.886230 329.490875 508.613739
v 5739.886230 101.078308 507.042938
v 5740.277344 101.073822 511.146515
v 5771.299316 101.065323 508.193726
v 5770.908691 101.065323 504.089630
v 5970.445801 338.815918 515.107117
v 5970.895020 338.815918 511.009583
v 5906.164062 338.789001 508.068115
v 5906.612793 338.789001 503.969971
v 5970.445801 279.378967 515.107117
v 5970.445801 160.529022 515.107178
v 5906.164062 160.502182 508.068298
v 5906.164551 279.352112 508.068237
v 5906.612793 160.502182 503.970093
v 5906.612793 279.352173 503.970093
v 5970.895020 160.529022 511.009705
v 5970.895020 279.378967 511.009705
v 5961.201660 270.075073 514.094849
v 5961.201660 169.825104 514.094849
v 5915.409180 270.055969 509.080566
v 5915.408691 169.806046 509.080566
v 5961.201172 151.225143 514.094849
v 5961.201172 110.388283 514.094849
v 5915.408691 151.206024 509.080566
v 5915.408691 110.369164 509.080566
v 5961.201660 288.675110 514.094849
v 5915.409180 288.656006 509.080566
v 5961.201660 329.512085 514.094849
v 5915.408691 329.492859 509.080566
v 5970.446289 101.087677 515.107178
v 5970.895020 101.092163 511.009705
v 5906.611816 101.065331 503.970337
v 5906.164551 101.065308 508.068298
v 5401.664062 341.102966 483.432159
v 5446.347656 273.846375 487.939117
v 5446.347656 82.762985 487.939056
v 5531.931641 82.762970 487.865387
v 5531.931641 273.845734 487.865326
v 5540.859375 73.715286 487.857147
v 5540.859375 282.891754 487.857452
v 5437.314453 73.715286 487.947723
v 5437.314453 282.892426 487.946167
v 5540.747070 73.715271 497.877594
v 5540.747070 64.525002 497.877594
v 5437.337891 64.525009 497.968658
v 5437.337891 33.504070 497.968658
v 5540.747070 33.504074 497.877594
v 5401.676758 33.504093 498.000031
v 5437.337891 336.555725 497.870056
v 5401.680664 336.555725 497.893402
v 5540.747070 336.555725 497.877838
v 5556.291016 336.555786 497.877838
v 5559.015625 33.504074 497.861847
v 5437.366211 64.525009 530.709717
v 5540.776367 64.525002 530.618896
v 5540.776367 49.014534 530.618896
v 5437.366211 49.014553 530.709717
v 5540.795898 49.014465 553.355835
v 5437.386719 49.014542 553.445435
v 5437.337891 73.715286 497.968658
v 5437.386719 33.504086 553.445435
v 5540.795898 33.504074 553.355835
v 5556.292969 341.103088 504.198212
v 5556.292969 336.555786 504.197510
v 5401.683594 336.555817 504.332245
v 5401.683594 341.103149 504.332245
v 5437.335938 282.890778 497.923035
v 5540.745117 282.890076 497.877838
v 5401.664062 33.504108 483.432831
v 5401.664062 336.555725 483.432709
v 5556.275391 341.103088 483.297150
v 5540.859375 178.303513 487.857300
v 5531.931641 178.304352 487.865356
v 5446.347656 178.304688 487.939087
v 5437.314453 178.303864 487.946960
v 5523.631836 91.062973 487.872528
v 5523.631836 170.004379 487.872498
v 5454.648438 170.004654 487.931946
v 5454.648438 91.062988 487.931915
v 5523.631836 186.604385 487.872498
v 5454.648438 186.604660 487.931946
v 5523.631836 265.545776 487.872467
v 5454.648438 265.546326 487.931976
v 6012.471191 338.815918 516.667847
v 6012.021973 338.815918 512.570312
v 6076.752930 338.789001 509.628845
v 6076.304199 338.789001 505.530701
v 6012.471191 279.378967 516.667847
v 6012.471191 160.529022 516.667908
v 6076.752930 160.502182 509.629028
v 6076.752441 279.352112 509.628967
v 6076.304199 160.502182 505.530823
v 6076.304199 279.352173 505.530823
v 6012.021973 160.529022 512.570435
v 6012.021973 279.378967 512.570435
v 6021.715332 270.075073 515.655579
v 6021.715332 169.825104 515.655579
v 6067.507812 270.055969 510.641296
v 6067.508301 169.806046 510.641296
v 6021.715820 151.225143 515.655579
v 6021.715820 110.388283 515.655579
v 6067.508301 151.206024 510.641296
v 6067.508301 110.369164 510.641296
v 6021.715332 288.675110 515.655579
v 6067.507812 288.656006 510.641296
v 6021.715332 329.512085 515.655579
v 6067.508301 329.492859 510.641296
v 6012.470703 101.087677 516.667908
v 6012.021973 101.092163 512.570435
v 6076.305176 101.065331 505.531067
v 6076.752441 101.065308 509.629028
v 6242.589355 338.802032 512.702332
v 6242.979980 338.802032 508.598724
v 6211.567383 338.789001 509.749359
v 6211.958008 338.789001 505.645355
v 6242.602051 279.365112 512.703674
v 6242.627441 160.515167 512.706238
v 6211.605469 160.502182 509.753326
v 6211.580566 279.352112 509.750824
v 6211.995605 160.502182 505.649017
v 6211.971191 279.352173 505.646820
v 6243.018066 160.515167 508.602570
v 6242.992676 279.365112 508.600250
v 6238.142578 270.063171 512.279053
v 6238.164062 169.813248 512.281128
v 6216.043457 270.053955 510.175568
v 6216.064941 169.804031 510.177765
v 6238.167969 151.213287 512.281433
v 6238.176270 110.376419 512.282288
v 6216.068848 151.204041 510.178070
v 6216.077637 110.367180 510.178864
v 6238.138672 288.663239 512.278625
v 6216.039551 288.654022 510.175323
v 6238.129883 329.500214 512.277893
v 6216.030762 329.490875 510.174469
v 6243.030762 101.078308 508.603668
v 6242.639648 101.073822 512.707275
v 6211.617676 101.065323 509.754456
v 6212.008301 101.065323 505.650360
v 6102.358887 511.327240 710.297729
v 6120.115723 511.327148 710.287476
v 6120.112305 511.327332 707.557129
v 6102.355469 511.327332 707.569580
v 6104.730957 498.191528 710.296082
v 6104.727539 498.191528 707.570190
v 6118.166016 498.191528 707.557129
v 6118.168945 498.191528 710.287476
v 6102.790039 469.991516 710.691833
v 6102.785645 469.991516 707.178223
v 6120.664062 469.991516 707.223389
v 6120.668457 469.991486 710.667908
v 6106.228516 490.848145 710.295227
v 6106.225098 490.848145 707.569275
v 6116.668457 490.848145 707.558167
v 6116.670898 490.848145 710.288452
v 6105.219727 496.167236 710.295654
v 6105.216309 496.167236 707.569214
v 6117.677734 496.167145 707.557617
v 6117.679688 496.167114 710.287109
v 6103.298340 494.058350 710.296692
v 6103.409668 492.674805 710.296570
v 6103.406250 492.674805 707.570862
v 6103.294922 494.058350 707.570374
v 6119.487305 492.674744 707.556152
v 6119.598633 494.058289 707.556274
v 6119.490723 492.674744 710.286377
v 6119.601562 494.058289 710.286377
v 6106.330566 474.835022 710.689331
v 6103.655273 472.390503 710.690918
v 6106.326660 474.835022 707.175720
v 6103.651367 472.390717 707.177124
v 6116.566895 474.835022 707.163330
v 6119.241699 472.390717 707.161804
v 6116.569824 474.835022 710.682373
v 6119.246094 472.390503 710.681213
v 6104.371094 476.102142 710.690369
v 6102.163574 479.752655 710.666748
v 6118.530273 476.101898 710.681458
v 6120.669434 479.691376 710.667480
v 6104.366211 476.102142 707.176819
v 6102.158691 479.752747 707.200806
v 6118.526855 476.102142 707.162415
v 6120.665527 479.691528 707.223145
v 6102.358887 428.655792 710.297729
v 6120.115723 428.655884 710.287476
v 6120.112305 428.655701 707.557129
v 6102.355469 428.655701 707.569580
v 6104.730957 441.791504 710.296082
v 6104.727539 441.791504 707.570190
v 6118.166016 441.791504 707.557129
v 6118.168945 441.791504 710.287476
v 6106.228516 449.134888 710.295227
v 6106.225098 449.134888 707.569275
v 6116.668457 449.134888 707.558167
v 6116.670898 449.134888 710.288452
v 6105.219727 443.815796 710.295654
v 6105.216309 443.815796 707.569214
v 6117.677734 443.815887 707.557617
v 6117.679688 443.815918 710.287109
v 6103.298340 445.924683 710.296692
v 6103.409668 447.308228 710.296570
v 6103.406250 447.308228 707.570862
v 6103.294922 445.924683 707.570374
v 6119.487305 447.308289 707.556152
v 6119.598633 445.924744 707.556274
v 6119.490723 447.308289 710.286377
v 6119.601562 445.924744 710.286377
v 6106.330566 465.148010 710.689331
v 6103.655273 467.592529 710.690918
v 6106.326660 465.148010 707.175720
v 6103.651367 467.592316 707.177124
v 6116.566895 465.148010 707.163330
v 6119.241699 467.592316 707.161804
v 6116.569824 465.148010 710.682373
v 6119.246094 467.592529 710.681213
v 6104.371094 463.880890 710.690369
v 6102.163574 460.230438 710.666748
v 6118.530273 463.881134 710.681458
v 6120.669434 460.291718 710.667480
v 6104.366211 463.880890 707.176819
v 6102.158691 460.230286 707.200806
v 6118.526855 463.880890 707.162415
v 6120.665527 460.291504 707.223145
v 6083.962402 511.327271 710.309509
v 6083.958984 511.327332 707.581299
v 6086.406738 498.191528 710.307922
v 6086.402832 498.191528 707.581970
v 6099.841797 498.191528 707.568909
v 6099.843750 498.191528 710.299316
v 6084.714355 469.991516 710.653015
v 6084.708984 469.991516 707.240173
v 6101.534668 469.991516 707.223816
v 6101.537598 469.991516 710.642273
v 6087.904297 490.848145 710.307007
v 6087.900879 490.848145 707.581055
v 6098.343750 490.848145 707.569946
v 6098.346191 490.848145 710.300232
v 6086.895020 496.167267 710.307434
v 6086.891602 496.167267 707.580933
v 6099.352539 496.167206 707.569458
v 6099.355469 496.167114 710.298950
v 6084.973633 494.058350 710.308472
v 6085.085449 492.674805 710.308350
v 6085.082031 492.674805 707.582703
v 6084.969727 494.058350 707.582153
v 6101.162109 492.674744 707.567932
v 6101.274414 494.058289 707.568115
v 6101.165527 492.674744 710.298096
v 6101.276855 494.058289 710.298157
v 6088.152832 474.696136 710.650513
v 6085.554688 472.321747 710.652100
v 6088.148926 474.696136 707.237610
v 6085.550293 472.321899 707.239014
v 6098.094727 474.696136 707.225769
v 6100.693848 472.321899 707.224243
v 6098.098145 474.696075 710.643860
v 6100.697266 472.321655 710.642639
v 6086.249023 475.926819 710.651489
v 6084.636230 479.610687 710.652649
v 6100.001953 475.926666 710.642883
v 6086.245117 475.926819 707.238770
v 6084.631348 479.610687 707.239746
v 6099.998535 475.926819 707.224976
v 6083.962402 428.655762 710.309509
v 6083.958984 428.655701 707.581299
v 6086.406738 441.791504 710.307922
v 6086.402832 441.791504 707.581970
v 6099.841797 441.791504 707.568909
v 6099.843750 441.791504 710.299316
v 6087.904297 449.134888 710.307007
v 6087.900879 449.134888 707.581055
v 6098.343750 449.134888 707.569946
v 6098.346191 449.134888 710.300232
v 6086.895020 443.815765 710.307434
v 6086.891602 443.815765 707.580933
v 6099.352539 443.815826 707.569458
v 6099.355469 443.815918 710.298950
v 6084.973633 445.924683 710.308472
v 6085.085449 447.308228 710.308350
v 6085.082031 447.308228 707.582703
v 6084.969727 445.924683 707.582153
v 6101.162109 447.308289 707.567932
v 6101.274414 445.924744 707.568115
v 6101.165527 447.308289 710.298096
v 6101.276855 445.924744 710.298157
v 6088.152832 465.286896 710.650513
v 6085.554688 467.661285 710.652100
v 6088.148926 465.286896 707.237610
v 6085.550293 467.661133 707.239014
v 6098.094727 465.286896 707.225769
v 6100.693848 467.661133 707.224243
v 6098.098145 465.286957 710.643860
v 6100.697266 467.661377 710.642639
v 6086.249023 464.056213 710.651489
v 6084.636230 460.372345 710.652649
v 6100.001953 464.056366 710.642883
v 6086.245117 464.056213 707.238770
v 6084.631348 460.372345 707.239746
v 6099.998535 464.056213 707.224976
v 6065.995605 511.327332 710.319702
v 6065.990723 511.327332 707.593750
v 6068.082031 498.191528 710.319702
v 6068.078125 498.191528 707.593750
v 6081.517090 498.191528 707.580688
v 6081.519531 498.191528 710.311096
v 6066.481934 469.991516 710.645935
v 6066.477051 469.991516 707.270630
v 6083.117676 469.991516 707.254456
v 6083.120605 469.991516 710.635315
v 6069.579590 490.848145 710.318848
v 6069.575684 490.848145 707.592896
v 6080.019531 490.848145 707.581726
v 6080.021973 490.848145 710.312073
v 6068.570801 496.167267 710.319214
v 6068.566895 496.167267 707.592773
v 6081.027344 496.167206 707.581238
v 6081.030273 496.167175 710.310791
v 6066.648926 494.058350 710.320312
v 6066.760254 492.674805 710.320129
v 6066.756836 492.674805 707.594482
v 6066.645020 494.058350 707.593994
v 6082.837891 492.674744 707.579712
v 6082.949219 494.058289 707.579956
v 6082.841309 492.674744 710.309937
v 6082.952148 494.058289 710.309937
v 6069.882324 474.644379 710.643433
v 6067.312988 472.296112 710.645020
v 6069.878906 474.644379 707.268188
v 6067.309082 472.296265 707.269653
v 6079.715820 474.644379 707.256409
v 6082.285645 472.296265 707.254883
v 6079.718750 474.644287 710.636902
v 6082.289062 472.296112 710.635742
v 6068.000000 475.861511 710.644531
v 6066.405273 479.504822 710.645569
v 6081.602051 475.861359 710.635864
v 6083.196289 479.504578 710.635010
v 6067.996094 475.861511 707.269226
v 6066.400391 479.504822 707.270325
v 6081.598633 475.861511 707.255493
v 6083.193359 479.504822 707.254456
v 6065.995605 428.655701 710.319702
v 6065.990723 428.655701 707.593750
v 6068.082031 441.791504 710.319702
v 6068.078125 441.791504 707.593750
v 6081.517090 441.791504 707.580688
v 6081.519531 441.791504 710.311096
v 6069.579590 449.134888 710.318848
v 6069.575684 449.134888 707.592896
v 6080.019531 449.134888 707.581726
v 6080.021973 449.134888 710.312073
v 6068.570801 443.815765 710.319214
v 6068.566895 443.815765 707.592773
v 6081.027344 443.815826 707.581238
v 6081.030273 443.815857 710.310791
v 6066.648926 445.924683 710.320312
v 6066.760254 447.308228 710.320129
v 6066.756836 447.308228 707.594482
v 6066.645020 445.924683 707.593994
v 6082.837891 447.308289 707.579712
v 6082.949219 445.924744 707.579956
v 6082.841309 447.308289 710.309937
v 6082.952148 445.924744 710.309937
v 6069.882324 465.338654 710.643433
v 6067.312988 467.686920 710.645020
v 6069.878906 465.338654 707.268188
v 6067.309082 467.686768 707.269653
v 6079.715820 465.338654 707.256409
v 6082.285645 467.686768 707.254883
v 6079.718750 465.338745 710.636902
v 6082.289062 467.686920 710.635742
v 6068.000000 464.121521 710.644531
v 6066.405273 460.478210 710.645569
v 6081.602051 464.121674 710.635864
v 6083.196289 460.478455 710.635010
v 6067.996094 464.121521 707.269226
v 6066.400391 460.478210 707.270325
v 6081.598633 464.121521 707.255493
v 6083.193359 460.478210 707.254456
v 6316.201172 663.770813 -480.325500
v 6319.180664 534.017456 -604.456055
v 6319.280273 534.017578 -480.328186
v 6319.279297 663.770813 -480.328156
v 6319.180664 663.770752 -604.456055
v 6319.180664 616.735962 -604.456055
v 6319.279785 616.736023 -480.328186
v 6319.230469 534.017578 -541.866699
v 6319.230469 616.735962 -541.866699
v 6319.230469 622.864685 -541.866699
v 6319.273438 622.864746 -488.389709
v 6319.230469 657.597656 -541.866699
v 6319.273438 657.597717 -488.389709
v 6319.187500 622.864685 -596.326172
v 6319.187500 657.597656 -596.326172
v 6319.236328 539.256714 -534.975403
v 6319.236328 611.496948 -534.975403
v 6319.274414 611.497009 -487.219666
v 6319.274414 539.256714 -487.219666
v 6319.186523 539.256470 -597.495850
v 6319.186523 611.496887 -597.495850
v 6319.225098 611.496948 -548.758362
v 6319.225098 539.256714 -548.758362
v 6317.508301 539.256714 -534.975403
v 6317.508301 611.496948 -534.975403
v 6317.546387 611.497009 -487.219696
v 6317.546387 539.256714 -487.219696
v 6317.502930 622.864685 -541.866760
v 6317.545410 622.864746 -488.389740
v 6317.502930 657.597656 -541.866760
v 6317.545410 657.597717 -488.389740
v 6317.459473 622.864685 -596.326233
v 6317.459473 657.597656 -596.326233
v 6317.458496 539.256470 -597.495850
v 6317.458496 611.496887 -597.495850
v 6317.497070 611.496948 -548.758362
v 6317.497070 539.256714 -548.758362
v 6316.002930 663.770752 -604.455322
v 6316.089355 534.266052 -604.455261
v 6316.234375 534.017578 -480.325745
v 6316.201172 663.770813 -94.483597
v 6319.180664 534.017456 -218.614136
v 6319.280273 534.017578 -94.486298
v 6319.279297 663.770813 -94.486267
v 6319.180664 663.770752 -218.614136
v 6319.180664 616.735962 -218.614136
v 6319.279785 616.736023 -94.486298
v 6319.230469 534.017578 -156.024826
v 6319.230469 616.735962 -156.024826
v 6319.230469 622.864685 -156.024826
v 6319.273438 622.864746 -102.547821
v 6319.230469 657.597656 -156.024826
v 6319.273438 657.597717 -102.547821
v 6319.187500 622.864685 -210.484299
v 6319.187500 657.597656 -210.484299
v 6319.236328 539.256714 -149.133514
v 6319.236328 611.496948 -149.133514
v 6319.274414 611.497009 -101.377777
v 6319.274414 539.256714 -101.377777
v 6319.186523 539.256470 -211.653976
v 6319.186523 611.496887 -211.653976
v 6319.225098 611.496948 -162.916458
v 6319.225098 539.256714 -162.916458
v 6317.508301 539.256714 -149.133514
v 6317.508301 611.496948 -149.133514
v 6317.546387 611.497009 -101.377808
v 6317.546387 539.256714 -101.377808
v 6317.502930 622.864685 -156.024857
v 6317.545410 622.864746 -102.547852
v 6317.502930 657.597656 -156.024857
v 6317.545410 657.597717 -102.547852
v 6317.459473 622.864685 -210.484329
v 6317.459473 657.597656 -210.484329
v 6317.458496 539.256470 -211.653976
v 6317.458496 611.496887 -211.653976
v 6317.497070 611.496948 -162.916489
v 6317.497070 539.256714 -162.916489
v 6316.002930 663.770752 -218.613403
v 6316.089355 534.266052 -218.613342
v 6316.234375 534.017578 -94.483856
v 6316.201172 663.770813 228.963089
v 6319.180664 534.017456 104.832542
v 6319.280273 534.017578 228.960388
v 6319.279297 663.770813 228.960419
v 6319.180664 663.770752 104.832550
v 6319.180664 616.735962 104.832542
v 6319.279785 616.736023 228.960388
v 6319.230469 534.017578 167.421860
v 6319.230469 616.735962 167.421860
v 6319.230469 622.864685 167.421860
v 6319.273438 622.864746 220.898865
v 6319.230469 657.597656 167.421860
v 6319.273438 657.597717 220.898865
v 6319.187500 622.864685 112.962387
v 6319.187500 657.597656 112.962387
v 6319.236328 539.256714 174.313171
v 6319.236328 611.496948 174.313171
v 6319.274414 611.497009 222.068909
v 6319.274414 539.256714 222.068909
v 6319.186523 539.256470 111.792709
v 6319.186523 611.496887 111.792709
v 6319.225098 611.496948 160.530228
v 6319.225098 539.256714 160.530228
v 6317.508301 539.256714 174.313171
v 6317.508301 611.496948 174.313171
v 6317.546387 611.497009 222.068878
v 6317.546387 539.256714 222.068878
v 6317.502930 622.864685 167.421829
v 6317.545410 622.864746 220.898834
v 6317.502930 657.597656 167.421829
v 6317.545410 657.597717 220.898834
v 6317.459473 622.864685 112.962357
v 6317.459473 657.597656 112.962357
v 6317.458496 539.256470 111.792709
v 6317.458496 611.496887 111.792709
v 6317.497070 611.496948 160.530197
v 6317.497070 539.256714 160.530197
v 6316.002930 663.770752 104.833282
v 6316.089355 534.266052 104.833336
v 6316.234375 534.017578 228.962830
v 6540.320312 353.514221 -646.254272
v 6543.299316 189.103592 -770.384827
v 6543.398926 189.103775 -646.256958
v 6543.397949 353.514221 -646.256958
v 6543.299316 353.514160 -770.384766
v 6540.353027 293.916382 -646.254517
v 6543.299316 293.916321 -770.384827
v 6543.398438 293.916382 -646.256958
v 6543.349121 189.103775 -707.795471
v 6543.349121 293.916321 -707.795471
v 6543.349121 301.682007 -707.795471
v 6543.392090 301.682129 -654.318481
v 6543.349121 345.692200 -707.795471
v 6543.392090 345.692322 -654.318481
v 6543.306152 301.682007 -762.254944
v 6543.306152 345.692200 -762.254944
v 6543.354980 195.742264 -700.904175
v 6543.354980 287.277954 -700.904175
v 6543.393066 287.278015 -653.148438
v 6543.393066 195.742264 -653.148438
v 6543.305176 195.741959 -763.424622
v 6543.305176 287.277893 -763.424622
v 6543.343750 287.277954 -714.687134
v 6543.343750 195.742264 -714.687134
v 6541.626953 195.742264 -700.904175
v 6541.626953 287.277954 -700.904175
v 6541.665039 287.278015 -653.148438
v 6541.665039 195.742264 -653.148438
v 6541.621582 301.682007 -707.795532
v 6541.664062 301.682129 -654.318481
v 6541.621582 345.692200 -707.795532
v 6541.664062 345.692322 -654.318481
v 6541.578125 301.682007 -762.255005
v 6541.578125 345.692200 -762.255005
v 6541.577148 195.741959 -763.424622
v 6541.577148 287.277893 -763.424622
v 6541.615723 287.277954 -714.687134
v 6541.615723 195.742264 -714.687134
v 6540.121582 353.514160 -770.384033
v 6540.208008 189.418594 -770.384033
v 6538.776855 189.103775 -646.254272
v 6539.469727 353.514221 -266.250854
v 6542.449219 189.103592 -390.381409
v 6542.548828 189.103775 -266.253571
v 6542.547852 353.514221 -266.253540
v 6542.449219 353.514160 -390.381409
v 6539.502930 293.916382 -266.251129
v 6542.449219 293.916321 -390.381409
v 6542.548340 293.916382 -266.253571
v 6542.499023 189.103775 -327.792114
v 6542.499023 293.916321 -327.792114
v 6542.499023 301.682007 -327.792114
v 6542.541992 301.682129 -274.315094
v 6542.499023 345.692200 -327.792114
v 6542.541992 345.692322 -274.315094
v 6542.456055 301.682007 -382.251587
v 6542.456055 345.692200 -382.251587
v 6542.504883 195.742264 -320.900787
v 6542.504883 287.277954 -320.900787
v 6542.542969 287.278015 -273.145050
v 6542.542969 195.742264 -273.145050
v 6542.455078 195.741959 -383.421265
v 6542.455078 287.277893 -383.421265
v 6542.493652 287.277954 -334.683716
v 6542.493652 195.742264 -334.683716
v 6540.776855 195.742264 -320.900787
v 6540.776855 287.277954 -320.900787
v 6540.814941 287.278015 -273.145081
v 6540.814941 195.742264 -273.145081
v 6540.771484 301.682007 -327.792114
v 6540.813965 301.682129 -274.315125
v 6540.771484 345.692200 -327.792114
v 6540.813965 345.692322 -274.315125
v 6540.728027 301.682007 -382.251587
v 6540.728027 345.692200 -382.251587
v 6540.727051 195.741959 -383.421265
v 6540.727051 287.277893 -383.421265
v 6540.765625 287.277954 -334.683777
v 6540.765625 195.742264 -334.683777
v 6539.271484 353.514160 -390.380676
v 6539.357910 189.418594 -390.380615
v 6539.404297 293.916260 -390.379150
v 6538.436523 189.103775 -266.250854
v 6538.736328 353.514221 61.575989
v 6541.715332 189.103592 -62.554558
v 6541.814941 189.103775 61.573288
v 6541.813965 353.514221 61.573349
v 6541.715332 353.514160 -62.554520
v 6538.769043 293.916382 61.575729
v 6541.715332 293.916321 -62.554558
v 6541.814453 293.916382 61.573288
v 6541.765137 189.103775 0.034760
v 6541.765137 293.916321 0.034760
v 6541.765137 301.682007 0.034760
v 6541.808105 301.682129 53.511765
v 6541.765137 345.692200 0.034760
v 6541.808105 345.692322 53.511765
v 6541.722168 301.682007 -54.424713
v 6541.722168 345.692200 -54.424713
v 6541.770996 195.742264 6.926071
v 6541.770996 287.277954 6.926071
v 6541.809082 287.278015 54.681808
v 6541.809082 195.742264 54.681808
v 6541.721191 195.741959 -55.594391
v 6541.721191 287.277893 -55.594391
v 6541.759766 287.277954 -6.856873
v 6541.759766 195.742264 -6.856873
v 6540.042969 195.742264 6.926071
v 6540.042969 287.277954 6.926071
v 6540.081055 287.278015 54.681808
v 6540.081055 195.742264 54.681808
v 6540.037598 301.682007 0.034729
v 6540.080078 301.682129 53.511765
v 6540.037598 345.692200 0.034729
v 6540.080078 345.692322 53.511765
v 6539.994141 301.682007 -54.424744
v 6539.994141 345.692200 -54.424744
v 6539.993164 195.741959 -55.594391
v 6539.993164 287.277893 -55.594391
v 6540.031738 287.277954 -6.856903
v 6540.031738 195.742264 -6.856903
v 6538.537598 353.514160 -62.553787
v 6538.624023 189.418594 -62.553764
v 6538.143066 189.103775 61.576035
v 6538.003906 353.514221 388.973755
v 6540.983398 189.103592 264.843231
v 6541.083008 189.103775 388.971069
v 6541.082031 353.514221 388.971100
v 6540.983398 353.514160 264.843231
v 6540.983398 293.916321 264.843231
v 6541.082031 293.916382 388.971069
v 6541.033203 189.103775 327.432556
v 6541.033203 293.916321 327.432556
v 6541.033203 301.682007 327.432556
v 6541.076172 301.682129 380.909546
v 6541.033203 345.692200 327.432556
v 6541.076172 345.692322 380.909546
v 6540.990234 301.682007 272.973083
v 6540.990234 345.692200 272.973083
v 6541.039062 195.742264 334.323853
v 6541.039062 287.277954 334.323853
v 6541.077148 287.278015 382.079590
v 6541.077148 195.742264 382.079590
v 6540.989258 195.741959 271.803406
v 6540.989258 287.277893 271.803406
v 6541.027344 287.277954 320.540894
v 6541.027344 195.742264 320.540894
v 6539.310547 195.742264 334.323853
v 6539.310547 287.277954 334.323853
v 6539.348633 287.278015 382.079559
v 6539.348633 195.742264 382.079559
v 6539.305664 301.682007 327.432495
v 6539.347656 301.682129 380.909515
v 6539.305664 345.692200 327.432495
v 6539.347656 345.692322 380.909515
v 6539.261719 301.682007 272.973022
v 6539.261719 345.692200 272.973022
v 6539.260742 195.741959 271.803406
v 6539.260742 287.277893 271.803406
v 6539.299805 287.277954 320.540894
v 6539.299805 195.742264 320.540894
v 6537.805664 353.514160 264.843964
v 6537.891602 189.418594 264.844025
v 6537.938477 293.916260 264.845490
v 6537.850098 189.103775 388.973755
v 5556.291992 33.504074 503.428192
v 6537.747559 33.504074 503.428192
v 5556.291992 407.353088 503.428192
v 6537.747559 407.353088 503.428192
v 5551.796387 407.353088 -930.812378
v 6542.243164 407.353088 -930.812378
v 5556.291992 33.504074 -930.812378
v 6537.747559 33.504074 -930.812378
v 5547.300781 428.655518 516.567993
v 6546.739258 428.655518 516.567993
v 6546.739258 428.655518 -930.812378
v 5551.796387 428.655518 -930.812378
v 5777.838379 518.077271 503.428192
v 6316.201172 518.077271 503.428192
v 6316.201172 518.077271 -930.812378
v 5777.838379 518.077271 -930.812378
v 5777.838379 689.372986 503.428192
v 6316.201172 689.372986 503.428192
v 6316.201172 689.372986 -930.812378
v 5777.838379 689.372986 -930.812378
v 6356.374512 707.568481 -953.949341
v 5737.665039 707.568481 -953.949341
v 6047.020020 1027.872070 -930.812378
v 5556.292969 100.422752 503.428162
v 5556.291992 100.422760 -930.812378
v 6537.747559 100.422760 -930.812378
v 6537.747559 100.422752 503.428162
v 6356.374512 689.372986 -953.949341
v 5737.665039 689.372986 -953.949341
v 5547.300781 407.353088 516.567993
v 6546.739258 407.353088 516.567993
v 5578.015625 428.655518 516.567993
v 5578.015625 428.655518 503.428192
v 5777.838379 505.225159 503.428192
v 6510.903320 428.655518 516.567993
v 6510.903320 428.655518 503.428192
v 6316.201172 505.225159 503.428192
v 5777.838379 505.225159 516.567993
v 5777.838379 518.077271 516.567993
v 6316.201172 505.225159 516.567993
v 6316.201172 518.077271 516.567993
v 6062.024414 100.422752 503.428162
v 6062.023926 407.353088 503.428192
v 6046.755371 407.353088 516.567993
v 6046.755371 428.655518 516.567993
v 6026.998535 428.655518 503.428192
v 6026.999023 505.225159 503.428192
v 6026.999023 518.077271 503.428192
v 6024.635254 689.372986 503.428192
v 5756.644531 100.422752 503.428162
v 5756.643066 407.353088 503.428192
v 5797.160645 407.353088 516.567993
v 5811.237305 428.655518 516.567993
v 5811.237305 428.655518 503.428192
v 5912.429199 505.225159 503.428192
v 5912.429199 518.077271 503.428192
v 5954.961914 689.372986 503.428192
v 6295.549805 689.372986 503.428192
v 6276.895996 518.077271 503.428192
v 6276.895996 505.225159 503.428192
v 6276.895996 428.655518 503.428192
v 6276.895996 428.655518 516.567993
v 6276.895996 407.353088 516.567993
v 6276.218262 407.353088 503.428192
v 6285.239258 100.422752 503.428162
v 6285.239258 33.504074 503.428192
v 6214.714844 100.422752 503.428162
v 6214.714355 407.353088 503.428192
v 6062.024414 407.353088 516.567993
v 6150.580566 689.372986 503.428192
v 5972.694336 428.655518 516.567993
v 5972.694336 407.353088 516.567993
v 5909.333496 407.353088 503.428192
v 5909.333984 100.422752 503.428162
v 5695.397461 33.504074 503.428192
v 5695.396484 100.422752 503.428162
v 5699.291016 407.353088 503.428192
v 5715.053711 407.353088 516.567993
v 5737.449707 428.655518 516.567993
v 5737.449707 428.655518 503.428192
v 5891.627930 505.225159 503.428192
v 5891.627930 518.077271 503.428192
v 5909.333984 100.422752 713.765015
v 5909.333984 33.504074 713.765015
v 6062.024414 33.504074 713.765015
v 6062.024414 100.422752 713.765015
v 6182.736328 33.504074 713.765015
v 6182.736328 100.422752 713.765015
v 6280.688477 33.504074 713.765015
v 6280.688477 100.422752 713.765015
v 5780.936035 33.504074 713.765015
v 5780.936035 100.422752 713.765015
v 5699.291504 33.504074 713.765015
v 5699.291016 100.422752 713.765015
v 6537.747559 66.963448 -930.812378
v 6537.747559 66.963409 503.428192
v 6285.239258 66.963409 503.428192
v 6280.688477 66.963409 713.765015
v 6182.736328 66.963409 713.765015
v 6062.024414 66.963409 713.765015
v 5909.333984 66.963409 713.765015
v 5780.936035 66.963409 713.765015
v 5699.291016 66.963409 713.765015
v 5695.396484 66.963409 503.428192
v 5556.292969 66.963409 503.428192
v 5556.291992 66.963417 -930.812378
v 5556.291992 92.999886 -930.812378
v 5556.292969 92.999886 503.428192
v 5695.396484 92.999886 503.428192
v 5699.291016 92.999886 713.765015
v 5780.936035 83.693085 713.765015
v 5909.333984 83.693085 713.765015
v 6062.024414 83.693085 713.765015
v 6182.736328 83.693085 713.765015
v 6280.688477 92.999886 713.765015
v 6285.239258 92.999886 503.428192
v 6537.747559 92.999886 503.428192
v 6537.747559 92.999886 -930.812378
v 6537.747559 50.233776 -930.812378
v 6537.747559 50.233742 503.428192
v 6285.239258 50.233742 503.428192
v 6280.688477 50.233742 713.765015
v 6182.736328 50.233742 713.765015
v 6062.024414 50.233742 713.765015
v 5909.333984 50.233742 713.765015
v 5780.936035 50.233742 713.765015
v 5699.291016 50.233742 713.765015
v 5695.396484 50.233742 503.428192
v 5556.292969 50.233742 503.428192
v 5556.291992 50.233746 -930.812378
v 6182.736328 50.233742 731.341675
v 6062.024414 50.233742 731.341675
v 6062.024414 33.504074 731.341675
v 6182.736328 33.504074 731.341675
v 6062.024414 83.693085 731.341675
v 6182.736328 83.693085 731.341675
v 6062.024414 66.963409 731.341675
v 6182.736328 66.963409 731.341675
v 5909.333984 50.233742 731.341675
v 5780.936035 50.233742 731.341675
v 5780.936035 33.504074 731.341675
v 5909.333984 33.504074 731.341675
v 5780.936035 83.693085 731.341675
v 5909.333984 83.693085 731.341675
v 5780.936035 66.963409 731.341675
v 5909.333984 66.963409 731.341675
v 6182.736328 50.233742 747.536133
v 6062.024414 50.233742 747.536133
v 6062.024414 33.504074 747.536133
v 6182.736328 33.504074 747.536133
v 6182.736328 66.963409 747.536133
v 6062.024414 66.963409 747.536133
v 5909.333984 50.233742 747.536133
v 5780.936035 50.233742 747.536133
v 5780.936035 33.504074 747.536133
v 5909.333984 33.504074 747.536133
v 5909.333984 66.963409 747.536133
v 5780.936035 66.963409 747.536133
v 6182.736328 50.233742 761.667847
v 6062.024414 50.233742 761.667847
v 6062.024414 33.504074 761.667847
v 6182.736328 33.504074 761.667847
v 5909.333984 50.233742 761.667847
v 5780.936035 50.233742 761.667847
v 5780.936035 33.504074 761.667847
v 5909.333984 33.504074 761.667847
v 5909.333984 100.422752 692.731323
v 6062.024414 100.422752 692.731323
v 6182.736328 100.422752 692.731323
v 6280.688477 100.422752 692.731323
v 6280.688477 92.999886 692.731323
v 6280.688477 66.963409 692.731323
v 6280.688477 50.233742 692.731323
v 6280.688477 33.504074 692.731323
v 5699.291504 33.504074 692.731323
v 5699.291016 50.233742 692.731323
v 5699.291016 66.963409 692.731323
v 5699.291016 92.999886 692.731323
v 5699.291016 100.422752 692.731323
v 5780.936035 100.422752 692.731323
v 6150.580566 518.077271 503.428192
v 6150.580566 505.225159 503.428192
v 6150.580566 428.655518 503.428192
v 6231.213379 428.655518 516.567993
v 6231.213379 407.353088 516.567993
v 6258.241211 407.353088 503.428192
v 6258.242188 100.422752 503.428162
v 6258.242188 100.422752 692.731323
v 6258.242188 100.422752 713.765015
v 6258.242188 92.999886 713.765015
v 6258.242188 66.963409 713.765015
v 6258.242188 50.233742 713.765015
v 6258.242188 33.504074 713.765015
v 5759.586426 428.655518 503.428192
v 5759.586426 428.655518 516.567993
v 5739.686035 407.353088 516.567993
v 5716.496582 407.353088 503.428192
v 5716.497070 100.422752 503.428162
v 5716.497070 100.422752 692.731323
v 5716.497070 100.422752 713.765015
v 5716.497070 92.999886 713.765015
v 5716.497070 66.963409 713.765015
v 5716.497070 50.233742 713.765015
v 5716.497070 33.504074 713.765015
v 5553.083496 331.246338 -930.812378
v 5556.292969 331.246277 503.428192
v 5695.396484 331.246277 503.428192
v 5716.496582 331.246338 503.428192
v 5756.644531 331.246277 503.428192
v 5909.333984 331.246338 503.428192
v 6062.023926 331.246277 503.428192
v 6214.714355 331.246277 503.428192
v 6258.242188 331.246338 503.428192
v 6281.446777 331.246338 503.428192
v 6537.747559 331.246277 503.428192
v 6540.957031 331.246338 -930.812378
v 6316.201172 650.331116 -930.812378
v 6316.201172 650.331116 503.428192
v 6295.549805 650.331116 503.428192
v 6150.580566 650.331116 503.428192
v 6026.999023 650.331116 503.428192
v 5912.429199 650.331116 503.428192
v 5891.627930 650.331116 503.428192
v 5777.838379 650.331116 503.428192
v 5777.838379 650.331116 -930.812378
v 5972.694336 428.655518 713.765015
v 5972.694336 407.353088 713.765015
v 6046.755371 407.353088 713.765015
v 6046.755371 428.655518 713.765015
v 6062.024414 407.353088 713.765015
v 6062.024414 428.655518 713.765015
v 6199.234863 428.655518 713.765015
v 6199.234863 407.353088 713.765015
v 6276.895996 407.353088 713.765015
v 6276.895996 428.655518 713.765015
v 6539.031250 192.752213 -930.812378
v 6537.747559 192.752167 503.428192
v 6282.963867 192.752167 503.428192
v 6258.242188 192.752167 503.428162
v 6214.714844 192.752167 503.428192
v 5756.644531 192.752167 503.428192
v 5716.497070 192.752167 503.428162
v 5698.642090 192.752167 503.428192
v 5556.292969 192.752167 503.428192
v 5555.008789 192.752197 -930.812378
v 6258.242188 192.752167 692.731323
v 6281.446777 192.752167 692.731323
v 6258.242188 192.752167 713.765015
v 6281.446777 192.752167 713.765015
v 6182.736328 192.752167 692.731323
v 6182.736328 192.752167 713.765015
v 5909.333984 192.752167 692.731323
v 6062.024414 192.752167 692.731323
v 5909.333984 192.752167 713.765015
v 6062.024414 192.752167 713.765015
v 5716.497070 192.752167 692.731323
v 5780.936035 192.752167 692.731323
v 5716.497070 192.752167 713.765015
v 5780.936035 192.752167 713.765015
v 5699.940430 192.752167 692.731323
v 5699.940430 192.752167 713.765015
v 6046.754883 407.353088 503.428192
v 6046.754883 331.246277 503.428192
v 6046.755371 100.422752 503.428131
v 6046.755371 100.422752 692.731323
v 6046.755371 192.752167 692.731323
v 6046.755371 192.752167 713.765015
v 6046.755371 100.422752 713.765015
v 6046.755371 83.693085 713.765015
v 6046.755371 66.963409 713.765015
v 6046.755371 50.233742 713.765015
v 6046.755371 33.504074 713.765015
v 6199.234863 33.504074 713.765015
v 6199.234863 50.233742 713.765015
v 6199.234863 66.963409 713.765015
v 6199.234863 92.999886 713.765015
v 6199.234863 100.422752 713.765015
v 6199.234863 192.752167 713.765015
v 6199.234863 192.752167 692.731323
v 6199.234863 100.422752 692.731323
v 6231.213379 100.422752 503.428162
v 6231.213379 192.752167 503.428192
v 6231.213379 331.246307 503.428192
v 6231.213379 407.353088 503.428192
v 6203.379395 407.353088 516.567993
v 6182.736328 407.353088 713.765015
v 6182.736328 428.655518 713.765015
v 6214.714844 428.655518 516.567993
v 5954.961914 650.331116 503.428192
v 5972.694336 518.077271 503.428192
v 5972.694336 505.225159 503.428192
v 5972.694336 428.655518 503.428192
v 5972.694336 407.353088 503.428192
v 5972.694336 331.246338 503.428192
v 5972.694336 100.422752 503.428131
v 5972.694336 100.422752 692.731323
v 5972.694336 192.752167 692.731323
v 5972.694336 192.752167 713.765015
v 5972.694336 100.422752 713.765015
v 5972.694336 83.693085 713.765015
v 5972.694336 66.963409 713.765015
v 5972.694336 50.233742 713.765015
v 5972.694336 33.504074 713.765015
v 5972.694336 650.331116 504.252808
v 5990.426758 518.077271 504.252808
v 5990.426758 505.225159 504.252808
v 5990.426758 428.655518 504.252808
v 5990.426758 428.655518 517.392700
v 5990.426758 428.655518 714.589722
v 5990.426758 407.353088 714.589722
v 5990.426758 407.353088 517.392700
v 5990.426758 407.353088 504.252808
v 5990.426758 331.246338 504.252808
v 5990.426758 100.422752 504.252747
v 5990.426758 100.422752 693.556030
v 5990.426758 192.752167 693.556030
v 5990.426758 192.752167 714.589722
v 5990.426758 100.422752 714.589722
v 5990.426758 83.693085 714.589722
v 5990.426758 66.963409 714.589722
v 5990.426758 50.233742 714.589722
v 5990.426758 33.504074 714.589722
v 5972.694336 428.655518 692.319092
v 5990.426758 428.655518 693.143677
v 6046.755371 428.655518 692.319092
v 6062.024414 428.655518 692.319092
v 6182.736328 428.655457 692.318970
v 6199.234863 428.655518 692.319092
v 6276.895996 428.655518 692.319092
v 6276.895996 407.353088 692.319092
v 6199.234863 407.353088 692.319092
v 6182.736328 407.353088 692.319092
v 6062.024414 407.353088 692.319092
v 6046.755371 407.353088 692.318970
v 5990.426758 407.353088 693.143555
v 5972.694336 407.353088 692.318970
v 6258.242188 428.655518 503.428192
v 6258.242188 428.655518 516.567993
v 6258.242188 428.655518 692.319092
v 6258.242188 428.655518 713.765015
v 6258.242188 407.353088 713.765015
v 6258.242188 407.353088 692.319092
v 6258.242188 407.353088 516.567993
v 6258.242188 505.225159 503.428192
v 6258.242188 518.077271 503.428192
v 6276.895996 650.331116 503.428192
v 6276.895996 689.372986 503.428192
v 5990.426758 518.077271 693.555908
v 5990.426758 505.225159 693.555908
v 5972.694336 518.077271 692.731201
v 5972.694336 505.225159 692.731201
v 5990.426758 518.077271 715.002075
v 5990.426758 505.225159 715.002075
v 5972.694336 518.077271 714.177368
v 5972.694336 505.225159 714.177368
v 6258.242188 518.077271 693.555908
v 6258.242188 505.225159 693.555908
v 6258.242188 518.077271 715.002075
v 6258.242188 505.225159 715.002075
v 6276.895996 518.077271 693.555908
v 6276.895996 505.225159 693.555908
v 6276.895996 518.077271 715.002075
v 6276.895996 505.225159 715.002075
v 6062.024414 518.077271 693.555908
v 6062.024414 505.225159 693.555908
v 6062.024414 505.225159 715.002075
v 6062.024414 518.077271 715.002075
v 6046.755371 518.077271 693.555908
v 6046.755371 505.225159 693.555908
v 6046.755371 505.225159 715.002075
v 6046.755371 518.077271 715.002075
v 6182.736328 518.077271 693.555908
v 6182.736328 505.225159 693.555908
v 6182.736328 505.225159 715.002075
v 6182.736328 518.077271 715.002075
v 6198.987793 518.077271 693.555908
v 6198.987793 505.225159 693.555908
v 6198.987793 505.225159 715.002075
v 6198.987793 518.077271 715.002075
v 5972.694336 689.372986 692.731201
v 5990.426758 689.372986 693.555908
v 5972.694336 689.372986 714.177368
v 5990.426758 689.372986 715.002075
v 6258.242188 689.372986 693.555908
v 6258.242188 689.372986 715.002075
v 6276.895996 689.372986 715.002075
v 6276.895996 689.372986 693.555908
v 6046.755371 689.372986 715.002075
v 6046.755371 689.372986 693.555908
v 6062.024414 689.372986 715.002075
v 6062.024414 689.372986 693.555908
v 6182.736328 689.372986 715.002075
v 6182.736328 689.372986 693.555908
v 6198.987793 689.372986 715.002075
v 6198.987793 689.372986 693.555908
v 5972.694336 689.372986 526.152832
v 5990.426758 689.372986 526.977539
v 6258.242188 689.372986 526.977539
v 6276.895996 689.372986 526.977539
v 6046.755371 689.372986 526.977539
v 6062.024414 689.372986 526.977539
v 6182.736328 689.372986 526.977539
v 6198.987793 689.372986 526.977539
v 6124.794922 830.750061 526.565186
v 5961.826172 689.372986 692.731201
v 5961.826172 689.372986 714.177368
v 6124.794434 830.750061 693.143555
v 6287.765137 689.372986 693.555908
v 6287.765137 689.372986 715.002075
v 5961.826172 689.372986 526.152832
v 6124.794922 830.750061 526.565186
v 6287.765137 689.372986 526.977539
v 6124.794434 689.372986 715.002075
v 6124.793945 820.834778 694.676514
v 6124.793945 820.834778 703.985229
v 6124.794434 830.750061 702.452271
v 6276.895996 689.372986 724.310791
v 6287.765137 689.372986 724.310791
v 5961.826172 689.372986 723.486084
v 5972.694336 689.372986 723.486084
v 6538.902832 183.519272 -930.812378
v 6537.747559 183.519226 503.428192
v 6282.963867 183.519226 503.428131
v 6281.446777 183.519226 692.731323
v 6281.446777 183.519226 713.765015
v 6258.242188 183.519226 713.765015
v 6199.234863 183.519226 713.765015
v 6182.736328 183.519226 713.765015
v 6182.736328 183.519226 692.731323
v 6199.234863 183.519226 692.731323
v 6258.242188 183.519226 692.731323
v 6258.242188 183.519226 503.428131
v 6231.213379 183.519226 503.428192
v 6214.714844 183.519226 503.428192
v 5909.333984 183.519226 692.731323
v 5972.694336 183.519226 692.731323
v 5990.426758 183.519226 693.556030
v 6046.755371 183.519226 692.731323
v 6062.024414 183.519226 692.731323
v 6062.024414 183.519226 713.765015
v 6046.755371 183.519226 713.765015
v 5990.426758 183.519226 714.589722
v 5972.694336 183.519226 713.765015
v 5909.333984 183.519226 713.765015
v 5756.644531 183.519226 503.428192
v 5716.497070 183.519226 503.428131
v 5716.497070 183.519226 692.731323
v 5780.936035 183.519226 692.731323
v 5780.936035 183.519226 713.765015
v 5716.497070 183.519226 713.765015
v 5699.940430 183.519226 713.765015
v 5699.940430 183.519226 692.731323
v 5698.642090 183.519226 503.428192
v 5556.292969 183.519226 503.428192
v 5555.137695 183.519257 -930.812378
v 5691.501953 407.353088 503.428192
v 5705.916504 407.353088 516.567993
v 5728.766113 428.655518 516.567993
v 5728.766113 428.655518 503.428192
v 5885.430176 505.225159 503.428192
v 5885.430176 518.077271 503.428192
v 5885.430176 650.331116 503.428192
v 6285.061035 428.655518 503.428192
v 6285.061035 428.655518 516.567993
v 6286.311523 407.353088 516.567993
v 6285.344238 407.353088 503.428192
v 5780.936035 183.519226 722.683960
v 5716.497070 183.519226 722.683960
v 5780.936035 192.752167 722.683960
v 5716.497070 192.752167 722.683960
v 5699.940430 183.519226 722.683960
v 5699.940430 192.752167 722.683960
v 6046.755371 192.752167 722.271606
v 6046.755371 183.519226 722.271606
v 6062.024414 183.519226 722.271606
v 6062.024414 192.752167 722.271606
v 5990.426758 183.519226 723.096313
v 5990.426758 192.752167 723.096313
v 5972.694336 192.752167 722.271606
v 5972.694336 183.519226 722.271606
v 5909.333984 183.519226 722.271606
v 5909.333984 192.752167 722.271606
v 6281.446777 183.519226 722.271606
v 6258.242188 183.519226 722.271606
v 6281.446777 192.752167 722.271606
v 6258.242188 192.752167 722.271606
v 6199.234863 183.519226 722.271606
v 6199.234863 192.752167 722.271606
v 6182.736328 183.519226 722.271606
v 6182.736328 192.752167 722.271606
v 6547.647949 93.000671 513.328125
v 6547.647949 93.000633 -930.812378
v 6547.647949 100.423523 -930.812378
v 6547.647949 100.423538 513.328125
v 6294.904297 100.423653 513.328125
v 6294.904297 93.000786 513.328125
v 6290.588379 100.423195 692.850220
v 6290.588379 93.000328 692.850220
v 6290.588379 92.999886 713.765015
v 6290.588379 100.422752 713.765015
v 5685.698730 92.999924 513.328125
v 5685.698730 100.422791 513.328125
v 5689.390625 92.999886 692.833130
v 5689.390625 100.422752 692.833130
v 5546.393066 92.998993 513.328125
v 5546.393066 100.421860 513.328125
v 5546.392578 92.998955 -930.812378
v 5546.392578 100.421829 -930.812378
v 5689.391113 92.999886 713.765015
v 5689.391113 100.422752 713.765015
v 5562.658203 418.004272 516.567993
v 5717.341309 418.004272 516.567993
v 5726.251465 418.004272 516.567993
v 5749.636230 418.004272 516.567993
v 5804.198730 418.004272 516.567993
v 5972.694336 418.004272 516.567993
v 5972.694336 418.004272 692.319092
v 5972.694336 418.004272 713.765015
v 5990.426758 418.004272 714.589722
v 6046.755371 418.004272 713.765015
v 6062.024414 418.004272 713.765015
v 6182.736328 418.004272 713.765015
v 6199.234863 418.004272 713.765015
v 6258.242188 418.004272 713.765015
v 6276.895996 418.004272 713.765015
v 6276.895996 418.004272 692.319092
v 6276.895996 418.004272 516.567993
v 6285.687012 418.004272 516.567993
v 6528.821777 418.004272 516.567993
v 6546.739258 407.353088 -930.812378
v 6537.747559 33.504074 260.791962
v 6537.747559 50.233742 260.791962
v 6537.747559 66.963409 260.791962
v 6537.747559 92.999886 260.791962
v 6547.647949 93.000664 269.017120
v 6547.647949 100.423553 269.017120
v 6537.747559 100.422752 260.791931
v 6537.942871 183.519241 260.791962
v 6538.507812 407.353088 260.791962
v 6546.739258 407.353088 271.708893
v 6546.739258 428.655518 271.708893
v 6316.201172 518.077271 260.791962
v 6316.201172 689.372986 260.791962
v 6356.374512 689.372986 276.100647
v 6356.374023 707.568420 276.100647
v 6047.020020 1027.872070 280.014801
v 5737.665039 707.568420 276.100647
v 5737.665039 689.372986 276.100647
v 5777.838379 689.372986 260.791962
v 5777.838379 650.331116 260.791962
v 5777.838379 518.077271 260.791962
v 5548.061523 428.655518 271.708893
v 5548.061523 407.353088 271.708893
v 6537.747559 33.504074 388.973755
v 6537.747559 50.233742 388.973755
v 6537.747559 66.963409 388.973755
v 6537.747559 92.999886 388.973755
v 6547.647949 93.000671 398.083710
v 6547.647949 100.423538 398.083710
v 6537.747559 100.422752 388.973755
v 6537.839844 183.519241 388.973755
v 6538.106445 407.353088 388.973755
v 6546.739258 407.353088 401.065033
v 6546.739258 428.655518 401.065033
v 6316.201172 518.077271 388.973755
v 6316.201172 650.331116 388.973755
v 6316.201172 689.372986 388.973755
v 6356.374512 689.372986 408.418060
v 6356.374023 707.568420 408.418060
v 6047.020020 1027.872070 410.264435
v 5737.665039 707.568420 408.418060
v 5737.665039 689.372986 408.418060
v 5777.838379 689.372986 388.973755
v 5777.838379 650.331116 388.973755
v 5777.838379 518.077271 388.973755
v 5547.659668 428.655518 401.065033
v 5547.659668 407.353088 401.065033
v 5554.171387 407.353088 -173.120270
v 5554.778809 331.246338 -173.120270
v 5555.687012 192.752182 -173.120270
v 5555.748047 183.519241 -173.120270
v 5556.292480 100.422760 -173.120270
v 5546.392578 100.421844 -167.890228
v 5546.392578 92.998978 -167.890228
v 5556.292480 92.999886 -173.120270
v 5556.292480 66.963409 -173.120270
v 5556.292480 50.233746 -173.120270
v 5556.291992 33.504074 -173.120270
v 6537.747559 33.504074 61.576035
v 6537.747559 50.233772 61.576035
v 6537.747559 66.963409 61.576035
v 6537.747559 92.999886 61.575989
v 6547.647949 93.000656 68.426071
v 6547.647949 100.423546 68.426056
v 6537.747559 100.422760 61.575989
v 6538.103516 183.519241 61.576035
v 6539.132324 407.353088 61.575989
v 6546.739258 407.353088 70.667831
v 6546.739258 428.655518 70.667831
v 6316.201172 518.077271 61.575989
v 6316.201172 689.372986 61.575989
v 6356.374512 689.372986 70.457214
v 6356.374023 707.568420 70.457214
v 6047.020020 1027.872070 77.585114
v 5737.665039 707.568420 70.457214
v 5737.665039 689.372986 70.457214
v 5777.838379 689.372986 61.575989
v 5777.838379 650.331116 61.575989
v 5777.838379 518.077271 61.575989
v 5548.686035 428.655518 70.667801
v 5548.686035 407.353088 70.667801
v 5548.748047 407.353088 305.071014
v 5548.804199 407.353088 514.371216
v 5703.506836 407.353088 514.371216
v 5712.418457 407.353088 514.371216
v 5735.809082 407.353088 514.371216
v 5790.386719 407.353088 514.371216
v 5962.101562 407.353088 514.371216
v 6537.747559 33.504074 -71.700745
v 6537.747559 50.233772 -71.700745
v 6537.747559 66.963409 -71.700745
v 6537.747559 92.999886 -71.700760
v 6547.647949 93.000656 -65.770668
v 6547.647949 100.423523 -65.770645
v 6537.747559 100.422760 -71.700760
v 6538.210938 183.519241 -71.700745
v 6539.550293 407.353088 -71.700760
v 6546.739258 407.353088 -63.829971
v 6546.739258 428.655518 -63.829971
v 6316.201172 518.077271 -71.700760
v 6316.201172 689.372986 -71.700760
v 6356.374512 689.372986 -67.119553
v 6356.374023 707.568420 -67.119553
v 6047.020020 1027.872070 -57.841637
v 5737.665039 707.568420 -67.119553
v 5737.665039 689.372986 -67.119553
v 5777.838379 689.372986 -71.700760
v 5777.838379 650.331116 -71.700760
v 5777.838379 518.077271 -71.700760
v 5549.103516 428.655518 -63.829971
v 5549.103516 407.353088 -63.829971
v 5549.476562 407.353088 240.850403
v 5549.809570 407.353088 512.901611
v 5701.894531 407.353088 512.901611
v 5710.655273 407.353088 512.901611
v 5733.215332 407.353088 512.901611
v 5785.854980 407.353088 512.901611
v 5955.014648 407.353088 512.901611
v 5972.694336 407.353088 514.803345
v 5990.426758 407.353088 515.628052
v 6046.755371 407.353088 514.803345
v 6537.747559 33.504074 -266.250854
v 6537.747559 50.233772 -266.250854
v 6537.747559 66.963448 -266.250854
v 6537.747559 92.999886 -266.250885
v 6547.647949 93.000679 -261.663696
v 6547.647949 100.423523 -261.663635
v 6537.747559 100.422760 -266.250854
v 6538.367188 183.519241 -266.250854
v 6540.160156 407.353088 -266.250885
v 6546.739258 407.353088 -260.162476
v 6546.739258 428.655579 -260.162476
v 6316.201172 518.077271 -266.250885
v 6316.201172 689.372986 -266.250885
v 6356.374512 689.372986 -267.946594
v 6356.374512 707.568420 -267.946594
v 6047.020020 1027.872070 -255.530197
v 5737.665039 707.568420 -267.946594
v 5737.665039 689.372986 -267.946594
v 5777.838379 689.372986 -266.250885
v 5777.838379 650.331116 -266.250885
v 5777.838379 518.077271 -266.250885
v 5549.713379 428.655579 -260.162476
v 5549.713379 407.353088 -260.162476
v 5550.539551 407.353088 147.104675
v 5551.277832 407.353088 510.756287
v 5699.541016 407.353088 510.756287
v 5708.081543 407.353088 510.756287
v 5729.429199 407.353088 510.756348
v 5779.239746 407.353088 510.756287
v 5944.669922 407.353088 510.756348
v 5972.694336 407.353088 512.227417
v 5990.426758 407.353088 513.052124
v 6046.755371 407.353088 512.227417
v 6050.212891 407.353088 513.592407
v 6096.602051 407.353088 513.592407
v 6209.682617 407.353088 513.592407
v 6237.333984 407.353088 513.592407
v 6262.312988 407.353088 513.592407
v 6537.747559 33.504074 -402.158325
v 6537.747559 50.233772 -402.158325
v 6537.747559 66.963448 -402.158325
v 6537.747559 92.999886 -402.158356
v 6547.647949 93.000679 -398.509277
v 6547.647949 100.423523 -398.509216
v 6537.747559 100.422760 -402.158325
v 6538.477051 183.519257 -402.158325
v 6540.586426 407.353088 -402.158356
v 6546.739258 407.353088 -397.315063
v 6546.739258 428.655518 -397.315063
v 6316.201172 518.077271 -402.158356
v 6316.201172 689.372986 -402.158356
v 6356.374512 689.372986 -408.238953
v 6356.374512 707.568420 -408.238953
v 6047.020020 1027.871948 -393.630096
v 5737.665039 707.568420 -408.238953
v 5737.665039 689.372986 -408.238953
v 5777.838379 689.372986 -402.158356
v 5777.838379 650.331116 -402.158356
v 5777.838379 518.077271 -402.158356
v 5550.139160 428.655518 -397.315063
v 5550.139160 407.353088 -397.315063
v 5551.282227 407.353088 81.616432
v 5552.303223 407.353088 509.257660
v 5697.896973 407.353088 509.257660
v 5706.284180 407.353088 509.257660
v 5726.784668 407.353088 509.257690
v 5774.618652 407.353088 509.257660
v 5937.443359 407.353088 509.257690
v 5972.694336 407.353088 510.427948
v 5990.426758 407.353088 511.252594
v 6046.755371 407.353088 510.427948
v 6052.628418 407.353088 511.513794
v 6120.756836 407.353088 511.513794
v 6214.085938 407.353088 511.513794
v 6241.609863 407.353088 511.513794
v 6242.442383 407.353088 513.592407
v 6236.740723 407.353088 516.567993
v 6211.302246 407.353088 692.319092
v 6211.302246 407.353088 713.765015
v 6211.302246 418.004272 713.765015
v 6211.302246 428.655518 713.765015
v 6211.302246 428.655518 692.319092
v 6236.740723 428.655518 516.567993
v 6172.598145 428.655518 503.428192
v 6172.598145 505.225159 503.428192
v 6172.598145 518.077271 503.428192
v 6176.412598 650.331116 503.428192
v 6176.412598 689.372986 503.428192
v 6211.105957 689.372986 526.977539
v 6211.105957 689.372986 693.555908
v 6211.105957 689.372986 715.002075
v 6537.747559 33.504074 -646.254272
v 6537.747559 50.233772 -646.254272
v 6537.747559 66.963448 -646.254272
v 6537.747559 92.999886 -646.254272
v 6547.647949 93.000641 -644.290161
v 6547.647949 100.423515 -644.290039
v 6537.747559 100.422760 -646.254272
v 6538.673340 183.519272 -646.254272
v 6541.351562 407.353088 -646.254272
v 6546.739258 407.353088 -643.647339
v 6546.739258 428.655518 -643.647339
v 6316.201172 518.077271 -646.254272
v 6316.201172 689.372986 -646.254272
v 6356.374512 689.372986 -660.210327
v 6356.374512 707.568481 -660.210327
v 6047.020020 1027.871948 -641.663818
v 5737.665039 707.568481 -660.210327
v 5737.665039 689.372986 -660.210327
v 5777.838379 689.372986 -646.254272
v 5777.838379 650.331116 -646.254272
v 5777.838379 518.077271 -646.254272
v 5550.904297 428.655518 -643.647339
v 5550.904297 407.353088 -643.647339
v 5552.616211 407.353088 -36.003391
v 5554.145020 407.353088 506.566010
v 5694.944336 407.353088 506.566010
v 5703.055176 407.353088 506.566010
v 5722.034180 407.353088 506.566071
v 5766.318848 407.353088 506.566010
v 5924.464355 407.353088 506.566071
v 5972.694336 407.353088 507.195953
v 5990.426758 407.353088 508.020599
v 6046.754883 407.353088 507.195953
v 6056.966797 407.353088 507.780426
v 6164.139648 407.353088 507.780426
v 6221.994141 407.353088 507.780426
v 6249.289062 407.353088 507.780426
v 6537.747559 33.504074 -780.888672
v 6537.747559 50.233772 -780.888672
v 6537.747559 66.963448 -780.888672
v 6537.747559 92.999886 -780.888672
v 6547.647949 93.000641 -779.853882
v 6547.647949 100.423523 -779.853760
v 6537.747559 100.422760 -780.888672
v 6538.781738 183.519272 -780.888672
v 6541.773438 407.353088 -780.888672
v 6546.739258 407.353088 -779.515137
v 6546.739258 428.655518 -779.515137
v 6316.201172 518.077271 -780.888672
v 6316.201172 650.331116 -780.888672
v 6316.201172 689.372986 -780.888672
v 6356.374512 689.372986 -799.188477
v 6356.374512 707.568481 -799.188477
v 6047.020020 1027.871948 -778.470093
v 5737.665039 707.568481 -799.188477
v 5737.665039 689.372986 -799.188477
v 5777.838379 689.372986 -780.888672
v 5777.838379 650.331116 -780.888672
v 5777.838379 518.077271 -780.888672
v 5551.326172 428.655518 -779.515137
v 5551.326172 407.353088 -779.515137
v 5553.352051 407.353088 -100.878181
v 5555.161133 407.353088 505.081390
v 5693.315430 407.353088 505.081390
v 5701.273926 407.353088 505.081390
v 5719.414062 407.353088 505.081421
v 5761.741211 407.353088 505.081390
v 5917.305664 407.353088 505.081421
v 5972.694336 407.353088 505.413300
v 5990.426758 407.353088 506.237946
v 6046.754883 407.353088 505.413300
v 6059.359375 407.353088 505.721222
v 6188.068359 407.353088 505.721222
v 6226.355957 407.353088 505.721222
v 6253.524902 407.353088 505.721222
v 6316.395996 663.770752 107.859261
v 6027.670410 511.327240 710.297729
v 6045.427246 511.327148 710.287476
v 6045.423828 511.327332 707.557129
v 6027.666992 511.327332 707.569580
v 6030.042480 498.191528 710.296082
v 6030.039062 498.191528 707.570190
v 6043.477539 498.191528 707.557129
v 6043.480469 498.191528 710.287476
v 6028.101562 469.991516 710.691833
v 6028.097168 469.991516 707.178223
v 6045.975586 469.991516 707.223389
v 6045.979980 469.991486 710.667908
v 6031.540039 490.848145 710.295227
v 6031.536621 490.848145 707.569275
v 6041.979980 490.848145 707.558167
v 6041.982422 490.848145 710.288452
v 6030.531250 496.167236 710.295654
v 6030.527832 496.167236 707.569214
v 6042.989258 496.167145 707.557617
v 6042.991211 496.167114 710.287109
v 6028.609863 494.058350 710.296692
v 6028.721191 492.674805 710.296570
v 6028.717773 492.674805 707.570862
v 6028.606445 494.058350 707.570374
v 6044.798828 492.674744 707.556152
v 6044.910156 494.058289 707.556274
v 6044.802246 492.674744 710.286377
v 6044.913086 494.058289 710.286377
v 6031.642090 474.835022 710.689331
v 6028.966797 472.390503 710.690918
v 6031.638184 474.835022 707.175720
v 6028.962891 472.390717 707.177124
v 6041.878418 474.835022 707.163330
v 6044.553223 472.390717 707.161804
v 6041.881348 474.835022 710.682373
v 6044.557617 472.390503 710.681213
v 6029.682617 476.102142 710.690369
v 6027.475098 479.752655 710.666748
v 6043.841797 476.101898 710.681458
v 6045.980957 479.691376 710.667480
v 6029.677734 476.102142 707.176819
v 6027.470215 479.752747 707.200806
v 6043.838379 476.102142 707.162415
v 6045.977051 479.691528 707.223145
v 6027.670410 428.655792 710.297729
v 6045.427246 428.655884 710.287476
v 6045.423828 428.655701 707.557129
v 6027.666992 428.655701 707.569580
v 6030.042480 441.791504 710.296082
v 6030.039062 441.791504 707.570190
v 6043.477539 441.791504 707.557129
v 6043.480469 441.791504 710.287476
v 6031.540039 449.134888 710.295227
v 6031.536621 449.134888 707.569275
v 6041.979980 449.134888 707.558167
v 6041.982422 449.134888 710.288452
v 6030.531250 443.815796 710.295654
v 6030.527832 443.815796 707.569214
v 6042.989258 443.815887 707.557617
v 6042.991211 443.815918 710.287109
v 6028.609863 445.924683 710.296692
v 6028.721191 447.308228 710.296570
v 6028.717773 447.308228 707.570862
v 6028.606445 445.924683 707.570374
v 6044.798828 447.308289 707.556152
v 6044.910156 445.924744 707.556274
v 6044.802246 447.308289 710.286377
v 6044.913086 445.924744 710.286377
v 6031.642090 465.148010 710.689331
v 6028.966797 467.592529 710.690918
v 6031.638184 465.148010 707.175720
v 6028.962891 467.592316 707.177124
v 6041.878418 465.148010 707.163330
v 6044.553223 467.592316 707.161804
v 6041.881348 465.148010 710.682373
v 6044.557617 467.592529 710.681213
v 6029.682617 463.880890 710.690369
v 6027.475098 460.230438 710.666748
v 6043.841797 463.881134 710.681458
v 6045.980957 460.291718 710.667480
v 6029.677734 463.880890 707.176819
v 6027.470215 460.230286 707.200806
v 6043.838379 463.880890 707.162415
v 6045.977051 460.291504 707.223145
v 6009.273926 511.327271 710.309509
v 6009.270508 511.327332 707.581299
v 6011.718262 498.191528 710.307922
v 6011.714355 498.191528 707.581970
v 6025.153320 498.191528 707.568909
v 6025.155273 498.191528 710.299316
v 6010.025879 469.991516 710.653015
v 6010.020508 469.991516 707.240173
v 6026.846191 469.991516 707.223816
v 6026.849121 469.991516 710.642273
v 6013.215820 490.848145 710.307007
v 6013.212402 490.848145 707.581055
v 6023.655273 490.848145 707.569946
v 6023.657715 490.848145 710.300232
v 6012.206543 496.167267 710.307434
v 6012.203125 496.167267 707.580933
v 6024.664062 496.167206 707.569458
v 6024.666992 496.167114 710.298950
v 6010.285156 494.058350 710.308472
v 6010.396973 492.674805 710.308350
v 6010.393555 492.674805 707.582703
v 6010.281250 494.058350 707.582153
v 6026.473633 492.674744 707.567932
v 6026.585938 494.058289 707.568115
v 6026.477051 492.674744 710.298096
v 6026.588379 494.058289 710.298157
v 6013.464355 474.696136 710.650513
v 6010.866211 472.321747 710.652100
v 6013.460449 474.696136 707.237610
v 6010.861816 472.321899 707.239014
v 6023.406250 474.696136 707.225769
v 6026.005371 472.321899 707.224243
v 6023.409668 474.696075 710.643860
v 6026.008789 472.321655 710.642639
v 6011.560547 475.926819 710.651489
v 6009.947754 479.610687 710.652649
v 6025.313477 475.926666 710.642883
v 6011.556641 475.926819 707.238770
v 6009.942871 479.610687 707.239746
v 6025.310059 475.926819 707.224976
v 6009.273926 428.655762 710.309509
v 6009.270508 428.655701 707.581299
v 6011.718262 441.791504 710.307922
v 6011.714355 441.791504 707.581970
v 6025.153320 441.791504 707.568909
v 6025.155273 441.791504 710.299316
v 6013.215820 449.134888 710.307007
v 6013.212402 449.134888 707.581055
v 6023.655273 449.134888 707.569946
v 6023.657715 449.134888 710.300232
v 6012.206543 443.815765 710.307434
v 6012.203125 443.815765 707.580933
v 6024.664062 443.815826 707.569458
v 6024.666992 443.815918 710.298950
v 6010.285156 445.924683 710.308472
v 6010.396973 447.308228 710.308350
v 6010.393555 447.308228 707.582703
v 6010.281250 445.924683 707.582153
v 6026.473633 447.308289 707.567932
v 6026.585938 445.924744 707.568115
v 6026.477051 447.308289 710.298096
v 6026.588379 445.924744 710.298157
v 6013.464355 465.286896 710.650513
v 6010.866211 467.661285 710.652100
v 6013.460449 465.286896 707.237610
v 6010.861816 467.661133 707.239014
v 6023.406250 465.286896 707.225769
v 6026.005371 467.661133 707.224243
v 6023.409668 465.286957 710.643860
v 6026.008789 467.661377 710.642639
v 6011.560547 464.056213 710.651489
v 6009.947754 460.372345 710.652649
v 6025.313477 464.056366 710.642883
v 6011.556641 464.056213 707.238770
v 6009.942871 460.372345 707.239746
v 6025.310059 464.056213 707.224976
v 5991.307129 511.327332 710.319702
v 5991.302246 511.327332 707.593750
v 5993.393555 498.191528 710.319702
v 5993.389648 498.191528 707.593750
v 6006.828613 498.191528 707.580688
v 6006.831055 498.191528 710.311096
v 5991.793457 469.991516 710.645935
v 5991.788574 469.991516 707.270630
v 6008.429199 469.991516 707.254456
v 6008.432129 469.991516 710.635315
v 5994.891113 490.848145 710.318848
v 5994.887207 490.848145 707.592896
v 6005.331055 490.848145 707.581726
v 6005.333496 490.848145 710.312073
v 5993.882324 496.167267 710.319214
v 5993.878418 496.167267 707.592773
v 6006.338867 496.167206 707.581238
v 6006.341797 496.167175 710.310791
v 5991.960449 494.058350 710.320312
v 5992.071777 492.674805 710.320129
v 5992.068359 492.674805 707.594482
v 5991.956543 494.058350 707.593994
v 6008.149414 492.674744 707.579712
v 6008.260742 494.058289 707.579956
v 6008.152832 492.674744 710.309937
v 6008.263672 494.058289 710.309937
v 5995.193848 474.644379 710.643433
v 5992.624512 472.296112 710.645020
v 5995.190430 474.644379 707.268188
v 5992.620605 472.296265 707.269653
v 6005.027344 474.644379 707.256409
v 6007.597168 472.296265 707.254883
v 6005.030273 474.644287 710.636902
v 6007.600586 472.296112 710.635742
v 5993.311523 475.861511 710.644531
v 5991.716797 479.504822 710.645569
v 6006.913574 475.861359 710.635864
v 6008.507812 479.504578 710.635010
v 5993.307617 475.861511 707.269226
v 5991.711914 479.504822 707.270325
v 6006.910156 475.861511 707.255493
v 6008.504883 479.504822 707.254456
v 5991.307129 428.655701 710.319702
v 5991.302246 428.655701 707.593750
v 5993.393555 441.791504 710.319702
v 5993.389648 441.791504 707.593750
v 6006.828613 441.791504 707.580688
v 6006.831055 441.791504 710.311096
v 5994.891113 449.134888 710.318848
v 5994.887207 449.134888 707.592896
v 6005.331055 449.134888 707.581726
v 6005.333496 449.134888 710.312073
v 5993.882324 443.815765 710.319214
v 5993.878418 443.815765 707.592773
v 6006.338867 443.815826 707.581238
v 6006.341797 443.815857 710.310791
v 5991.960449 445.924683 710.320312
v 5992.071777 447.308228 710.320129
v 5992.068359 447.308228 707.594482
v 5991.956543 445.924683 707.593994
v 6008.149414 447.308289 707.579712
v 6008.260742 445.924744 707.579956
v 6008.152832 447.308289 710.309937
v 6008.263672 445.924744 710.309937
v 5995.193848 465.338654 710.643433
v 5992.624512 467.686920 710.645020
v 5995.190430 465.338654 707.268188
v 5992.620605 467.686768 707.269653
v 6005.027344 465.338654 707.256409
v 6007.597168 467.686768 707.254883
v 6005.030273 465.338745 710.636902
v 6007.600586 467.686920 710.635742
v 5993.311523 464.121521 710.644531
v 5991.716797 460.478210 710.645569
v 6006.913574 464.121674 710.635864
v 6008.507812 460.478455 710.635010
v 5993.307617 464.121521 707.269226
v 5991.711914 460.478210 707.270325
v 6006.910156 464.121521 707.255493
v 6008.504883 460.478210 707.254456
v 6237.224609 511.327240 710.297729
v 6255.536621 511.327148 710.287476
v 6255.533203 511.327332 707.557129
v 6237.221191 511.327332 707.569580
v 6239.670898 498.191528 710.296082
v 6239.667480 498.191528 707.570190
v 6253.526367 498.191528 707.557129
v 6253.529297 498.191528 710.287476
v 6237.669434 469.991516 710.691833
v 6237.664551 469.991516 707.178223
v 6256.102051 469.991516 707.223389
v 6256.106934 469.991486 710.667908
v 6241.215332 490.848145 710.295227
v 6241.211914 490.848145 707.569275
v 6251.981934 490.848145 707.558167
v 6251.984375 490.848145 710.288452
v 6240.174805 496.167236 710.295654
v 6240.171387 496.167236 707.569214
v 6253.022461 496.167145 707.557617
v 6253.024902 496.167114 710.287109
v 6238.193359 494.058350 710.296692
v 6238.308594 492.674805 710.296570
v 6238.305176 492.674805 707.570862
v 6238.189941 494.058350 707.570374
v 6254.888672 492.674744 707.556152
v 6255.003906 494.058289 707.556274
v 6254.892578 492.674744 710.286377
v 6255.006836 494.058289 710.286377
v 6241.320801 474.835022 710.689331
v 6238.561523 472.390503 710.690918
v 6241.316406 474.835022 707.175720
v 6238.557617 472.390717 707.177124
v 6251.876953 474.835022 707.163330
v 6254.635742 472.390717 707.161804
v 6251.879883 474.835022 710.682373
v 6254.639648 472.390503 710.681213
v 6239.299805 476.102142 710.690369
v 6237.023438 479.752655 710.666748
v 6253.901855 476.101898 710.681458
v 6256.107422 479.691376 710.667480
v 6239.294922 476.102142 707.176819
v 6237.018555 479.752747 707.200806
v 6253.897949 476.102142 707.162415
v 6256.104004 479.691528 707.223145
v 6237.224609 428.655792 710.297729
v 6255.536621 428.655884 710.287476
v 6255.533203 428.655701 707.557129
v 6237.221191 428.655701 707.569580
v 6239.670898 441.791504 710.296082
v 6239.667480 441.791504 707.570190
v 6253.526367 441.791504 707.557129
v 6253.529297 441.791504 710.287476
v 6241.215332 449.134888 710.295227
v 6241.211914 449.134888 707.569275
v 6251.981934 449.134888 707.558167
v 6251.984375 449.134888 710.288452
v 6240.174805 443.815796 710.295654
v 6240.171387 443.815796 707.569214
v 6253.022461 443.815887 707.557617
v 6253.024902 443.815918 710.287109
v 6238.193359 445.924683 710.296692
v 6238.308594 447.308228 710.296570
v 6238.305176 447.308228 707.570862
v 6238.189941 445.924683 707.570374
v 6254.888672 447.308289 707.556152
v 6255.003906 445.924744 707.556274
v 6254.892578 447.308289 710.286377
v 6255.006836 445.924744 710.286377
v 6241.320801 465.148010 710.689331
v 6238.561523 467.592529 710.690918
v 6241.316406 465.148010 707.175720
v 6238.557617 467.592316 707.177124
v 6251.876953 465.148010 707.163330
v 6254.635742 467.592316 707.161804
v 6251.879883 465.148010 710.682373
v 6254.639648 467.592529 710.681213
v 6239.299805 463.880890 710.690369
v 6237.023438 460.230438 710.666748
v 6253.901855 463.881134 710.681458
v 6256.107422 460.291718 710.667480
v 6239.294922 463.880890 707.176819
v 6237.018555 460.230286 707.200806
v 6253.897949 463.880890 707.162415
v 6256.104004 460.291504 707.223145
v 6218.252930 511.327271 710.309509
v 6218.249512 511.327332 707.581299
v 6220.773438 498.191528 710.307922
v 6220.770020 498.191528 707.581970
v 6234.628906 498.191528 707.568909
v 6234.631348 498.191528 710.299316
v 6219.028320 469.991516 710.653015
v 6219.022949 469.991516 707.240173
v 6236.374512 469.991516 707.223816
v 6236.377930 469.991516 710.642273
v 6222.318359 490.848145 710.307007
v 6222.314453 490.848145 707.581055
v 6233.084473 490.848145 707.569946
v 6233.086914 490.848145 710.300232
v 6221.277344 496.167267 710.307434
v 6221.273926 496.167267 707.580933
v 6234.124512 496.167206 707.569458
v 6234.127441 496.167114 710.298950
v 6219.296387 494.058350 710.308472
v 6219.411133 492.674805 710.308350
v 6219.407715 492.674805 707.582703
v 6219.291992 494.058350 707.582153
v 6235.990723 492.674744 707.567932
v 6236.106445 494.058289 707.568115
v 6235.994141 492.674744 710.298096
v 6236.108887 494.058289 710.298157
v 6222.574219 474.696136 710.650513
v 6219.895020 472.321747 710.652100
v 6222.570801 474.696136 707.237610
v 6219.890625 472.321899 707.239014
v 6232.827637 474.696136 707.225769
v 6235.507324 472.321899 707.224243
v 6232.830566 474.696075 710.643860
v 6235.511230 472.321655 710.642639
v 6220.611328 475.926819 710.651489
v 6218.948242 479.610687 710.652649
v 6234.794434 475.926666 710.642883
v 6220.606934 475.926819 707.238770
v 6218.943359 479.610687 707.239746
v 6234.790527 475.926819 707.224976
v 6218.252930 428.655762 710.309509
v 6218.249512 428.655701 707.581299
v 6220.773438 441.791504 710.307922
v 6220.770020 441.791504 707.581970
v 6234.628906 441.791504 707.568909
v 6234.631348 441.791504 710.299316
v 6222.318359 449.134888 710.307007
v 6222.314453 449.134888 707.581055
v 6233.084473 449.134888 707.569946
v 6233.086914 449.134888 710.300232
v 6221.277344 443.815765 710.307434
v 6221.273926 443.815765 707.580933
v 6234.124512 443.815826 707.569458
v 6234.127441 443.815918 710.298950
v 6219.296387 445.924683 710.308472
v 6219.411133 447.308228 710.308350
v 6219.407715 447.308228 707.582703
v 6219.291992 445.924683 707.582153
v 6235.990723 447.308289 707.567932
v 6236.106445 445.924744 707.568115
v 6235.994141 447.308289 710.298096
v 6236.108887 445.924744 710.298157
v 6222.574219 465.286896 710.650513
v 6219.895020 467.661285 710.652100
v 6222.570801 465.286896 707.237610
v 6219.890625 467.661133 707.239014
v 6232.827637 465.286896 707.225769
v 6235.507324 467.661133 707.224243
v 6232.830566 465.286957 710.643860
v 6235.511230 467.661377 710.642639
v 6220.611328 464.056213 710.651489
v 6218.948242 460.372345 710.652649
v 6234.794434 464.056366 710.642883
v 6220.606934 464.056213 707.238770
v 6218.943359 460.372345 707.239746
v 6234.790527 464.056213 707.224976
v 6199.724609 511.327332 710.319702
v 6199.719727 511.327332 707.593750
v 6201.876465 498.191528 710.319702
v 6201.872070 498.191528 707.593750
v 6215.731445 498.191528 707.580688
v 6215.733887 498.191528 710.311096
v 6200.226074 469.991516 710.645935
v 6200.221191 469.991516 707.270630
v 6217.381836 469.991516 707.254456
v 6217.384766 469.991516 710.635315
v 6203.420898 490.848145 710.318848
v 6203.416504 490.848145 707.592896
v 6214.187012 490.848145 707.581726
v 6214.189453 490.848145 710.312073
v 6202.379883 496.167267 710.319214
v 6202.376465 496.167267 707.592773
v 6215.226074 496.167206 707.581238
v 6215.229492 496.167175 710.310791
v 6200.397949 494.058350 710.320312
v 6200.513184 492.674805 710.320129
v 6200.509277 492.674805 707.594482
v 6200.394531 494.058350 707.593994
v 6217.093262 492.674744 707.579712
v 6217.208496 494.058289 707.579956
v 6217.096680 492.674744 710.309937
v 6217.211426 494.058289 710.309937
v 6203.732910 474.644379 710.643433
v 6201.083496 472.296112 710.645020
v 6203.729004 474.644379 707.268188
v 6201.079102 472.296265 707.269653
v 6213.873535 474.644379 707.256409
v 6216.523438 472.296265 707.254883
v 6213.876465 474.644287 710.636902
v 6216.527344 472.296112 710.635742
v 6201.791504 475.861511 710.644531
v 6200.146973 479.504822 710.645569
v 6215.818848 475.861359 710.635864
v 6217.463379 479.504578 710.635010
v 6201.787598 475.861511 707.269226
v 6200.142090 479.504822 707.270325
v 6215.815430 475.861511 707.255493
v 6217.460449 479.504822 707.254456
v 6199.724609 428.655701 710.319702
v 6199.719727 428.655701 707.593750
v 6201.876465 441.791504 710.319702
v 6201.872070 441.791504 707.593750
v 6215.731445 441.791504 707.580688
v 6215.733887 441.791504 710.311096
v 6203.420898 449.134888 710.318848
v 6203.416504 449.134888 707.592896
v 6214.187012 449.134888 707.581726
v 6214.189453 449.134888 710.312073
v 6202.379883 443.815765 710.319214
v 6202.376465 443.815765 707.592773
v 6215.226074 443.815826 707.581238
v 6215.229492 443.815857 710.310791
v 6200.397949 445.924683 710.320312
v 6200.513184 447.308228 710.320129
v 6200.509277 447.308228 707.594482
v 6200.394531 445.924683 707.593994
v 6217.093262 447.308289 707.579712
v 6217.208496 445.924744 707.579956
v 6217.096680 447.308289 710.309937
v 6217.211426 445.924744 710.309937
v 6203.732910 465.338654 710.643433
v 6201.083496 467.686920 710.645020
v 6203.729004 465.338654 707.268188
v 6201.079102 467.686768 707.269653
v 6213.873535 465.338654 707.256409
v 6216.523438 467.686768 707.254883
v 6213.876465 465.338745 710.636902
v 6216.527344 467.686920 710.635742
v 6201.791504 464.121521 710.644531
v 6200.146973 460.478210 710.645569
v 6215.818848 464.121674 710.635864
v 6217.463379 460.478455 710.635010
v 6201.787598 464.121521 707.269226
v 6200.142090 460.478210 707.270325
v 6215.815430 464.121521 707.255493
v 6217.460449 460.478210 707.254456
v 5975.299316 511.327332 505.236816
v 5975.308105 511.327209 523.631836
v 5978.038574 511.327332 523.627930
v 5978.025391 511.327332 505.231445
v 5975.299316 498.191528 506.765137
v 5978.025391 498.191528 506.760254
v 5978.038574 498.191528 522.099609
v 5975.308105 498.191528 522.102051
v 5974.976074 469.991516 504.955078
v 5978.345703 469.991516 504.949707
v 5978.361816 469.991516 523.909180
v 5974.986816 469.991516 523.913086
v 5975.300293 490.848145 508.474609
v 5978.026367 490.848145 508.470215
v 5978.037109 490.848145 520.390137
v 5975.307129 490.848145 520.392578
v 5975.299805 496.167267 507.322754
v 5978.026367 496.167267 507.318848
v 5978.038086 496.167206 521.541016
v 5975.308105 496.167175 521.544434
v 5975.298828 494.058350 505.129883
v 5975.298828 492.674805 505.256836
v 5978.024414 492.674805 505.252930
v 5978.025391 494.058350 505.125000
v 5978.039551 492.674744 523.607422
v 5978.039062 494.058289 523.734863
v 5975.309082 492.674744 523.610840
v 5975.309082 494.058289 523.738281
v 5974.978516 474.636230 508.830566
v 5974.977051 472.292084 505.902344
v 5978.347656 474.636230 508.826172
v 5978.346680 472.292236 505.897461
v 5978.359375 474.636230 520.033691
v 5978.361328 472.292236 522.962402
v 5974.985352 474.636169 520.037109
v 5974.986328 472.292084 522.966309
v 5974.977539 475.851257 506.685059
v 5974.976562 479.488220 504.867676
v 5974.986328 475.851105 522.183105
v 5974.986816 479.487976 524.000000
v 5978.346680 475.851257 506.680176
v 5978.345703 479.488220 504.862793
v 5978.360840 475.851257 522.179199
v 5978.361816 479.488220 523.996582
v 5975.299316 428.655701 505.236816
v 5975.308105 428.655823 523.631836
v 5978.038574 428.655701 523.627930
v 5978.025391 428.655701 505.231445
v 5975.299316 441.791504 506.765137
v 5978.025391 441.791504 506.760254
v 5978.038574 441.791504 522.099609
v 5975.308105 441.791504 522.102051
v 5975.300293 449.134888 508.474609
v 5978.026367 449.134888 508.470215
v 5978.037109 449.134888 520.390137
v 5975.307129 449.134888 520.392578
v 5975.299805 443.815765 507.322754
v 5978.026367 443.815765 507.318848
v 5978.038086 443.815826 521.541016
v 5975.308105 443.815857 521.544434
v 5975.298828 445.924683 505.129883
v 5975.298828 447.308228 505.256836
v 5978.024414 447.308228 505.252930
v 5978.025391 445.924683 505.125000
v 5978.039551 447.308289 523.607422
v 5978.039062 445.924744 523.734863
v 5975.309082 447.308289 523.610840
v 5975.309082 445.924744 523.738281
v 5974.978516 465.346802 508.830566
v 5974.977051 467.690948 505.902344
v 5978.347656 465.346802 508.826172
v 5978.346680 467.690796 505.897461
v 5978.359375 465.346802 520.033691
v 5978.361328 467.690796 522.962402
v 5974.985352 465.346863 520.037109
v 5974.986328 467.690948 522.966309
v 5974.977539 464.131775 506.685059
v 5974.976562 460.494812 504.867676
v 5974.986328 464.131927 522.183105
v 5974.986816 460.495056 524.000000
v 5978.346680 464.131775 506.680176
v 5978.345703 460.494812 504.862793
v 5978.360840 464.131775 522.179199
v 5978.361816 460.494812 523.996582
v 6273.361816 511.327332 689.848999
v 6273.353027 511.327209 671.453979
v 6270.622559 511.327332 671.457886
v 6270.635742 511.327332 689.854370
v 6273.361816 498.191528 688.320679
v 6270.635742 498.191528 688.325562
v 6270.622559 498.191528 672.986206
v 6273.353027 498.191528 672.983765
v 6273.685059 469.991516 690.130737
v 6270.315430 469.991516 690.136108
v 6270.299316 469.991516 671.176636
v 6273.674316 469.991516 671.172729
v 6273.360840 490.848145 686.611206
v 6270.634766 490.848145 686.615601
v 6270.624023 490.848145 674.695679
v 6273.354004 490.848145 674.693237
v 6273.361328 496.167267 687.763062
v 6270.634766 496.167267 687.766968
v 6270.623047 496.167206 673.544800
v 6273.353027 496.167175 673.541382
v 6273.362305 494.058350 689.955933
v 6273.362305 492.674805 689.828979
v 6270.636719 492.674805 689.832886
v 6270.635742 494.058350 689.960815
v 6270.621582 492.674744 671.478394
v 6270.622070 494.058289 671.350952
v 6273.352051 492.674744 671.474976
v 6273.352051 494.058289 671.347534
v 6273.682617 474.636230 686.255249
v 6273.684082 472.292084 689.183472
v 6270.313477 474.636230 686.259644
v 6270.314453 472.292236 689.188354
v 6270.301758 474.636230 675.052124
v 6270.299805 472.292236 672.123413
v 6273.675781 474.636169 675.048706
v 6273.674805 472.292084 672.119507
v 6273.683594 475.851257 688.400757
v 6273.684570 479.488220 690.218140
v 6273.674805 475.851105 672.902710
v 6273.674316 479.487976 671.085815
v 6270.314453 475.851257 688.405640
v 6270.315430 479.488220 690.223022
v 6270.300293 475.851257 672.906616
v 6270.299316 479.488220 671.089233
v 6273.361816 428.655701 689.848999
v 6273.353027 428.655823 671.453979
v 6270.622559 428.655701 671.457886
v 6270.635742 428.655701 689.854370
v 6273.361816 441.791504 688.320679
v 6270.635742 441.791504 688.325562
v 6270.622559 441.791504 672.986206
v 6273.353027 441.791504 672.983765
v 6273.360840 449.134888 686.611206
v 6270.634766 449.134888 686.615601
v 6270.624023 449.134888 674.695679
v 6273.354004 449.134888 674.693237
v 6273.361328 443.815765 687.763062
v 6270.634766 443.815765 687.766968
v 6270.623047 443.815826 673.544800
v 6273.353027 443.815857 673.541382
v 6273.362305 445.924683 689.955933
v 6273.362305 447.308228 689.828979
v 6270.636719 447.308228 689.832886
v 6270.635742 445.924683 689.960815
v 6270.621582 447.308289 671.478394
v 6270.622070 445.924744 671.350952
v 6273.352051 447.308289 671.474976
v 6273.352051 445.924744 671.347534
v 6273.682617 465.346802 686.255249
v 6273.684082 467.690948 689.183472
v 6270.313477 465.346802 686.259644
v 6270.314453 467.690796 689.188354
v 6270.301758 465.346802 675.052124
v 6270.299805 467.690796 672.123413
v 6273.675781 465.346863 675.048706
v 6273.674805 467.690948 672.119507
v 6273.683594 464.131775 688.400757
v 6273.684570 460.494812 690.218140
v 6273.674805 464.131927 672.902710
v 6273.674316 460.495056 671.085815
v 6270.314453 464.131775 688.405640
v 6270.315430 460.494812 690.223022
v 6270.300293 464.131775 672.906616
v 6270.299316 460.494812 671.089233
v 6273.604980 511.327240 634.134155
v 6273.594727 511.327148 616.377319
v 6270.864258 511.327332 616.380737
v 6270.876953 511.327332 634.137573
v 6273.603027 498.191528 631.762085
v 6270.877441 498.191528 631.765503
v 6270.864258 498.191528 618.327026
v 6273.594727 498.191528 618.324097
v 6273.999023 469.991516 633.703003
v 6270.485352 469.991516 633.707397
v 6270.530273 469.991516 615.828979
v 6273.975098 469.991486 615.824585
v 6273.602539 490.848145 630.264526
v 6270.876465 490.848145 630.267944
v 6270.865234 490.848145 619.824585
v 6273.595703 490.848145 619.822144
v 6273.602539 496.167236 631.273315
v 6270.876465 496.167236 631.276733
v 6270.864746 496.167145 618.815308
v 6273.594238 496.167114 618.813354
v 6273.604004 494.058350 633.194702
v 6273.603516 492.674805 633.083374
v 6270.877930 492.674805 633.086792
v 6270.877441 494.058350 633.198120
v 6270.863281 492.674744 617.005737
v 6270.863281 494.058289 616.894409
v 6273.593750 492.674744 617.002319
v 6273.593750 494.058289 616.891479
v 6273.996582 474.835022 630.162476
v 6273.998047 472.390503 632.837769
v 6270.482910 474.835022 630.166382
v 6270.484375 472.390717 632.841675
v 6270.470703 474.835022 619.926147
v 6270.468750 472.390717 617.251343
v 6273.989258 474.835022 619.923218
v 6273.988281 472.390503 617.246948
v 6273.997559 476.102142 632.121948
v 6273.973633 479.752655 634.329468
v 6273.988770 476.101898 617.962769
v 6273.974609 479.691376 615.823608
v 6270.483887 476.102142 632.126831
v 6270.507812 479.752747 634.334351
v 6270.469727 476.102142 617.966187
v 6270.530273 479.691528 615.827515
v 6273.604980 428.655792 634.134155
v 6273.594727 428.655884 616.377319
v 6270.864258 428.655701 616.380737
v 6270.876953 428.655701 634.137573
v 6273.603027 441.791504 631.762085
v 6270.877441 441.791504 631.765503
v 6270.864258 441.791504 618.327026
v 6273.594727 441.791504 618.324097
v 6273.602539 449.134888 630.264526
v 6270.876465 449.134888 630.267944
v 6270.865234 449.134888 619.824585
v 6273.595703 449.134888 619.822144
v 6273.602539 443.815796 631.273315
v 6270.876465 443.815796 631.276733
v 6270.864746 443.815887 618.815308
v 6273.594238 443.815918 618.813354
v 6273.604004 445.924683 633.194702
v 6273.603516 447.308228 633.083374
v 6270.877930 447.308228 633.086792
v 6270.877441 445.924683 633.198120
v 6270.863281 447.308289 617.005737
v 6270.863281 445.924744 616.894409
v 6273.593750 447.308289 617.002319
v 6273.593750 445.924744 616.891479
v 6273.996582 465.148010 630.162476
v 6273.998047 467.592529 632.837769
v 6270.482910 465.148010 630.166382
v 6270.484375 467.592316 632.841675
v 6270.470703 465.148010 619.926147
v 6270.468750 467.592316 617.251343
v 6273.989258 465.148010 619.923218
v 6273.988281 467.592529 617.246948
v 6273.997559 463.880890 632.121948
v 6273.973633 460.230438 634.329468
v 6273.988770 463.881134 617.962769
v 6273.974609 460.291718 615.823608
v 6270.483887 463.880890 632.126831
v 6270.507812 460.230286 634.334351
v 6270.469727 463.880890 617.966187
v 6270.530273 460.291504 615.827515
v 6273.616699 511.327271 652.530640
v 6270.888672 511.327332 652.534058
v 6273.615234 498.191528 650.086304
v 6270.889160 498.191528 650.090210
v 6270.875977 498.191528 636.651245
v 6273.606445 498.191528 636.649292
v 6273.959961 469.991516 651.778687
v 6270.547363 469.991516 651.784058
v 6270.530762 469.991516 634.958374
v 6273.949219 469.991516 634.955444
v 6273.614258 490.848145 648.588745
v 6270.888184 490.848145 648.592163
v 6270.876953 490.848145 638.149292
v 6273.607422 490.848145 638.146851
v 6273.614746 496.167267 649.598022
v 6270.888184 496.167267 649.601440
v 6270.876465 496.167206 637.140503
v 6273.605957 496.167114 637.137573
v 6273.615723 494.058350 651.519409
v 6273.615234 492.674805 651.407593
v 6270.889648 492.674805 651.411011
v 6270.889160 494.058350 651.523315
v 6270.875000 492.674744 635.330933
v 6270.875000 494.058289 635.218628
v 6273.605469 492.674744 635.327515
v 6273.605469 494.058289 635.216187
v 6273.957520 474.696136 648.340210
v 6273.958984 472.321747 650.938354
v 6270.544922 474.696136 648.344116
v 6270.545898 472.321899 650.942749
v 6270.532715 474.696136 638.398315
v 6270.531250 472.321899 635.799194
v 6273.951172 474.696075 638.394897
v 6273.949707 472.321655 635.795776
v 6273.958496 475.926819 650.244019
v 6273.959961 479.610687 651.856812
v 6273.950195 475.926666 636.491089
v 6270.545898 475.926819 650.247925
v 6270.546875 479.610687 651.861694
v 6270.532227 475.926819 636.494507
v 6273.616699 428.655762 652.530640
v 6270.888672 428.655701 652.534058
v 6273.615234 441.791504 650.086304
v 6270.889160 441.791504 650.090210
v 6270.875977 441.791504 636.651245
v 6273.606445 441.791504 636.649292
v 6273.614258 449.134888 648.588745
v 6270.888184 449.134888 648.592163
v 6270.876953 449.134888 638.149292
v 6273.607422 449.134888 638.146851
v 6273.614746 443.815765 649.598022
v 6270.888184 443.815765 649.601440
v 6270.876465 443.815826 637.140503
v 6273.605957 443.815918 637.137573
v 6273.615723 445.924683 651.519409
v 6273.615234 447.308228 651.407593
v 6270.889648 447.308228 651.411011
v 6270.889160 445.924683 651.523315
v 6270.875000 447.308289 635.330933
v 6270.875000 445.924744 635.218628
v 6273.605469 447.308289 635.327515
v 6273.605469 445.924744 635.216187
v 6273.957520 465.286896 648.340210
v 6273.958984 467.661285 650.938354
v 6270.544922 465.286896 648.344116
v 6270.545898 467.661133 650.942749
v 6270.532715 465.286896 638.398315
v 6270.531250 467.661133 635.799194
v 6273.951172 465.286957 638.394897
v 6273.949707 467.661377 635.795776
v 6273.958496 464.056213 650.244019
v 6273.959961 460.372345 651.856812
v 6273.950195 464.056366 636.491089
v 6270.545898 464.056213 650.247925
v 6270.546875 460.372345 651.861694
v 6270.532227 464.056213 636.494507
v 6273.626953 511.327332 670.497437
v 6270.900879 511.327332 670.502319
v 6273.626953 498.191528 668.411011
v 6270.900879 498.191528 668.414917
v 6270.887695 498.191528 654.975952
v 6273.618164 498.191528 654.973511
v 6273.953125 469.991516 670.011108
v 6270.577637 469.991516 670.015991
v 6270.561523 469.991516 653.375366
v 6273.942383 469.991516 653.372437
v 6273.625977 490.848145 666.913452
v 6270.899902 490.848145 666.917358
v 6270.888672 490.848145 656.473511
v 6273.619141 490.848145 656.471069
v 6273.626465 496.167267 667.922241
v 6270.899902 496.167267 667.926147
v 6270.888184 496.167206 655.465698
v 6273.618164 496.167175 655.462769
v 6273.627441 494.058350 669.844116
v 6273.627441 492.674805 669.732788
v 6270.901367 492.674805 669.736206
v 6270.901367 494.058350 669.848022
v 6270.886719 492.674744 653.655151
v 6270.887207 494.058289 653.543823
v 6273.617188 492.674744 653.651733
v 6273.617188 494.058289 653.540894
v 6273.950684 474.644379 666.610718
v 6273.952148 472.296112 669.180054
v 6270.575195 474.644379 666.614136
v 6270.576660 472.296265 669.183960
v 6270.563477 474.644379 656.777222
v 6270.562012 472.296265 654.207397
v 6273.943848 474.644287 656.774292
v 6273.942871 472.296112 654.203979
v 6273.951660 475.861511 668.493042
v 6273.952637 479.504822 670.087769
v 6273.942871 475.861359 654.890991
v 6273.942383 479.504578 653.296753
v 6270.576172 475.861511 668.496948
v 6270.577637 479.504822 670.092651
v 6270.562500 475.861511 654.894409
v 6270.561523 479.504822 653.299683
v 6273.626953 428.655701 670.497437
v 6270.900879 428.655701 670.502319
v 6273.626953 441.791504 668.411011
v 6270.900879 441.791504 668.414917
v 6270.887695 441.791504 654.975952
v 6273.618164 441.791504 654.973511
v 6273.625977 449.134888 666.913452
v 6270.899902 449.134888 666.917358
v 6270.888672 449.134888 656.473511
v 6273.619141 449.134888 656.471069
v 6273.626465 443.815765 667.922241
v 6270.899902 443.815765 667.926147
v 6270.888184 443.815826 655.465698
v 6273.618164 443.815857 655.462769
v 6273.627441 445.924683 669.844116
v 6273.627441 447.308228 669.732788
v 6270.901367 447.308228 669.736206
v 6270.901367 445.924683 669.848022
v 6270.886719 447.308289 653.655151
v 6270.887207 445.924744 653.543823
v 6273.617188 447.308289 653.651733
v 6273.617188 445.924744 653.540894
v 6273.950684 465.338654 666.610718
v 6273.952148 467.686920 669.180054
v 6270.575195 465.338654 666.614136
v 6270.576660 467.686768 669.183960
v 6270.563477 465.338654 656.777222
v 6270.562012 467.686768 654.207397
v 6273.943848 465.338745 656.774292
v 6273.942871 467.686920 654.203979
v 6273.951660 464.121521 668.493042
v 6273.952637 460.478210 670.087769
v 6273.942871 464.121674 654.890991
v 6273.942383 460.478455 653.296753
v 6270.576172 464.121521 668.496948
v 6270.577637 460.478210 670.092651
v 6270.562500 464.121521 654.894409
v 6270.561523 460.478210 653.299683
v 6273.604980 511.327240 578.946167
v 6273.594727 511.327148 561.189331
v 6270.864258 511.327332 561.192749
v 6270.876953 511.327332 578.949585
v 6273.603027 498.191528 576.574097
v 6270.877441 498.191528 576.577515
v 6270.864258 498.191528 563.139038
v 6273.594727 498.191528 563.136108
v 6273.999023 469.991516 578.515015
v 6270.485352 469.991516 578.519409
v 6270.530273 469.991516 560.640991
v 6273.975098 469.991486 560.636597
v 6273.602539 490.848145 575.076538
v 6270.876465 490.848145 575.079956
v 6270.865234 490.848145 564.636597
v 6273.595703 490.848145 564.634155
v 6273.602539 496.167236 576.085327
v 6270.876465 496.167236 576.088745
v 6270.864746 496.167145 563.627319
v 6273.594238 496.167114 563.625366
v 6273.604004 494.058350 578.006714
v 6273.603516 492.674805 577.895386
v 6270.877930 492.674805 577.898804
v 6270.877441 494.058350 578.010132
v 6270.863281 492.674744 561.817749
v 6270.863281 494.058289 561.706421
v 6273.593750 492.674744 561.814331
v 6273.593750 494.058289 561.703491
v 6273.996582 474.835022 574.974487
v 6273.998047 472.390503 577.649780
v 6270.482910 474.835022 574.978394
v 6270.484375 472.390717 577.653687
v 6270.470703 474.835022 564.738159
v 6270.468750 472.390717 562.063354
v 6273.989258 474.835022 564.735229
v 6273.988281 472.390503 562.058960
v 6273.997559 476.102142 576.933960
v 6273.973633 479.752655 579.141479
v 6273.988770 476.101898 562.774780
v 6273.974609 479.691376 560.635620
v 6270.483887 476.102142 576.938843
v 6270.507812 479.752747 579.146362
v 6270.469727 476.102142 562.778198
v 6270.530273 479.691528 560.639526
v 6273.604980 428.655792 578.946167
v 6273.594727 428.655884 561.189331
v 6270.864258 428.655701 561.192749
v 6270.876953 428.655701 578.949585
v 6273.603027 441.791504 576.574097
v 6270.877441 441.791504 576.577515
v 6270.864258 441.791504 563.139038
v 6273.594727 441.791504 563.136108
v 6273.602539 449.134888 575.076538
v 6270.876465 449.134888 575.079956
v 6270.865234 449.134888 564.636597
v 6273.595703 449.134888 564.634155
v 6273.602539 443.815796 576.085327
v 6270.876465 443.815796 576.088745
v 6270.864746 443.815887 563.627319
v 6273.594238 443.815918 563.625366
v 6273.604004 445.924683 578.006714
v 6273.603516 447.308228 577.895386
v 6270.877930 447.308228 577.898804
v 6270.877441 445.924683 578.010132
v 6270.863281 447.308289 561.817749
v 6270.863281 445.924744 561.706421
v 6273.593750 447.308289 561.814331
v 6273.593750 445.924744 561.703491
v 6273.996582 465.148010 574.974487
v 6273.998047 467.592529 577.649780
v 6270.482910 465.148010 574.978394
v 6270.484375 467.592316 577.653687
v 6270.470703 465.148010 564.738159
v 6270.468750 467.592316 562.063354
v 6273.989258 465.148010 564.735229
v 6273.988281 467.592529 562.058960
v 6273.997559 463.880890 576.933960
v 6273.973633 460.230438 579.141479
v 6273.988770 463.881134 562.774780
v 6273.974609 460.291718 560.635620
v 6270.483887 463.880890 576.938843
v 6270.507812 460.230286 579.146362
v 6270.469727 463.880890 562.778198
v 6270.530273 460.291504 560.639526
v 6273.616699 511.327271 597.342651
v 6270.888672 511.327332 597.346069
v 6273.615234 498.191528 594.898315
v 6270.889160 498.191528 594.902222
v 6270.875977 498.191528 581.463257
v 6273.606445 498.191528 581.461304
v 6273.959961 469.991516 596.590698
v 6270.547363 469.991516 596.596069
v 6270.530762 469.991516 579.770386
v 6273.949219 469.991516 579.767456
v 6273.614258 490.848145 593.400757
v 6270.888184 490.848145 593.404175
v 6270.876953 490.848145 582.961304
v 6273.607422 490.848145 582.958862
v 6273.614746 496.167267 594.410034
v 6270.888184 496.167267 594.413452
v 6270.876465 496.167206 581.952515
v 6273.605957 496.167114 581.949585
v 6273.615723 494.058350 596.331421
v 6273.615234 492.674805 596.219604
v 6270.889648 492.674805 596.223022
v 6270.889160 494.058350 596.335327
v 6270.875000 492.674744 580.142944
v 6270.875000 494.058289 580.030640
v 6273.605469 492.674744 580.139526
v 6273.605469 494.058289 580.028198
v 6273.957520 474.696136 593.152222
v 6273.958984 472.321747 595.750366
v 6270.544922 474.696136 593.156128
v 6270.545898 472.321899 595.754761
v 6270.532715 474.696136 583.210327
v 6270.531250 472.321899 580.611206
v 6273.951172 474.696075 583.206909
v 6273.949707 472.321655 580.607788
v 6273.958496 475.926819 595.056030
v 6273.959961 479.610687 596.668823
v 6273.950195 475.926666 581.303101
v 6270.545898 475.926819 595.059937
v 6270.546875 479.610687 596.673706
v 6270.532227 475.926819 581.306519
v 6273.616699 428.655762 597.342651
v 6270.888672 428.655701 597.346069
v 6273.615234 441.791504 594.898315
v 6270.889160 441.791504 594.902222
v 6270.875977 441.791504 581.463257
v 6273.606445 441.791504 581.461304
v 6273.614258 449.134888 593.400757
v 6270.888184 449.134888 593.404175
v 6270.876953 449.134888 582.961304
v 6273.607422 449.134888 582.958862
v 6273.614746 443.815765 594.410034
v 6270.888184 443.815765 594.413452
v 6270.876465 443.815826 581.952515
v 6273.605957 443.815918 581.949585
v 6273.615723 445.924683 596.331421
v 6273.615234 447.308228 596.219604
v 6270.889648 447.308228 596.223022
v 6270.889160 445.924683 596.335327
v 6270.875000 447.308289 580.142944
v 6270.875000 445.924744 580.030640
v 6273.605469 447.308289 580.139526
v 6273.605469 445.924744 580.028198
v 6273.957520 465.286896 593.152222
v 6273.958984 467.661285 595.750366
v 6270.544922 465.286896 593.156128
v 6270.545898 467.661133 595.754761
v 6270.532715 465.286896 583.210327
v 6270.531250 467.661133 580.611206
v 6273.951172 465.286957 583.206909
v 6273.949707 467.661377 580.607788
v 6273.958496 464.056213 595.056030
v 6273.959961 460.372345 596.668823
v 6273.950195 464.056366 581.303101
v 6270.545898 464.056213 595.059937
v 6270.546875 460.372345 596.673706
v 6270.532227 464.056213 581.306519
v 6273.626953 511.327332 615.309448
v 6270.900879 511.327332 615.314331
v 6273.626953 498.191528 613.223022
v 6270.900879 498.191528 613.226929
v 6270.887695 498.191528 599.787964
v 6273.618164 498.191528 599.785522
v 6273.953125 469.991516 614.823120
v 6270.577637 469.991516 614.828003
v 6270.561523 469.991516 598.187378
v 6273.942383 469.991516 598.184448
v 6273.625977 490.848145 611.725464
v 6270.899902 490.848145 611.729370
v 6270.888672 490.848145 601.285522
v 6273.619141 490.848145 601.283081
v 6273.626465 496.167267 612.734253
v 6270.899902 496.167267 612.738159
v 6270.888184 496.167206 600.277710
v 6273.618164 496.167175 600.274780
v 6273.627441 494.058350 614.656128
v 6273.627441 492.674805 614.544800
v 6270.901367 492.674805 614.548218
v 6270.901367 494.058350 614.660034
v 6270.886719 492.674744 598.467163
v 6270.887207 494.058289 598.355835
v 6273.617188 492.674744 598.463745
v 6273.617188 494.058289 598.352905
v 6273.950684 474.644379 611.422729
v 6273.952148 472.296112 613.992065
v 6270.575195 474.644379 611.426147
v 6270.576660 472.296265 613.995972
v 6270.563477 474.644379 601.589233
v 6270.562012 472.296265 599.019409
v 6273.943848 474.644287 601.586304
v 6273.942871 472.296112 599.015991
v 6273.951660 475.861511 613.305054
v 6273.952637 479.504822 614.899780
v 6273.942871 475.861359 599.703003
v 6273.942383 479.504578 598.108765
v 6270.576172 475.861511 613.308960
v 6270.577637 479.504822 614.904663
v 6270.562500 475.861511 599.706421
v 6270.561523 479.504822 598.111694
v 6273.626953 428.655701 615.309448
v 6270.900879 428.655701 615.314331
v 6273.626953 441.791504 613.223022
v 6270.900879 441.791504 613.226929
v 6270.887695 441.791504 599.787964
v 6273.618164 441.791504 599.785522
v 6273.625977 449.134888 611.725464
v 6270.899902 449.134888 611.729370
v 6270.888672 449.134888 601.285522
v 6273.619141 449.134888 601.283081
v 6273.626465 443.815765 612.734253
v 6270.899902 443.815765 612.738159
v 6270.888184 443.815826 600.277710
v 6273.618164 443.815857 600.274780
v 6273.627441 445.924683 614.656128
v 6273.627441 447.308228 614.544800
v 6270.901367 447.308228 614.548218
v 6270.901367 445.924683 614.660034
v 6270.886719 447.308289 598.467163
v 6270.887207 445.924744 598.355835
v 6273.617188 447.308289 598.463745
v 6273.617188 445.924744 598.352905
v 6273.950684 465.338654 611.422729
v 6273.952148 467.686920 613.992065
v 6270.575195 465.338654 611.426147
v 6270.576660 467.686768 613.995972
v 6270.563477 465.338654 601.589233
v 6270.562012 467.686768 599.019409
v 6273.943848 465.338745 601.586304
v 6273.942871 467.686920 599.015991
v 6273.951660 464.121521 613.305054
v 6273.952637 460.478210 614.899780
v 6273.942871 464.121674 599.703003
v 6273.942383 460.478455 598.108765
v 6270.576172 464.121521 613.308960
v 6270.577637 460.478210 614.904663
v 6270.562500 464.121521 599.706421
v 6270.561523 460.478210 598.111694
v 6273.604980 511.327240 523.173218
v 6273.594727 511.327148 505.416382
v 6270.864258 511.327332 505.419800
v 6270.876953 511.327332 523.176636
v 6273.603027 498.191528 520.801147
v 6270.877441 498.191528 520.804565
v 6270.864258 498.191528 507.366089
v 6273.594727 498.191528 507.363159
v 6273.999023 469.991516 522.742065
v 6270.485352 469.991516 522.746460
v 6270.530273 469.991516 504.868042
v 6273.975098 469.991486 504.863647
v 6273.602539 490.848145 519.303589
v 6270.876465 490.848145 519.307007
v 6270.865234 490.848145 508.863647
v 6273.595703 490.848145 508.861206
v 6273.602539 496.167236 520.312378
v 6270.876465 496.167236 520.315796
v 6270.864746 496.167145 507.854370
v 6273.594238 496.167114 507.852417
v 6273.604004 494.058350 522.233765
v 6273.603516 492.674805 522.122437
v 6270.877930 492.674805 522.125854
v 6270.877441 494.058350 522.237183
v 6270.863281 492.674744 506.044800
v 6270.863281 494.058289 505.933472
v 6273.593750 492.674744 506.041382
v 6273.593750 494.058289 505.930542
v 6273.996582 474.835022 519.201538
v 6273.998047 472.390503 521.876831
v 6270.482910 474.835022 519.205444
v 6270.484375 472.390717 521.880737
v 6270.470703 474.835022 508.965210
v 6270.468750 472.390717 506.290405
v 6273.989258 474.835022 508.962280
v 6273.988281 472.390503 506.286011
v 6273.997559 476.102142 521.161011
v 6273.973633 479.752655 523.368530
v 6273.988770 476.101898 507.001831
v 6273.974609 479.691376 504.862671
v 6270.483887 476.102142 521.165894
v 6270.507812 479.752747 523.373413
v 6270.469727 476.102142 507.005249
v 6270.530273 479.691528 504.866577
v 6273.604980 428.655792 523.173218
v 6273.594727 428.655884 505.416382
v 6270.864258 428.655701 505.419800
v 6270.876953 428.655701 523.176636
v 6273.603027 441.791504 520.801147
v 6270.877441 441.791504 520.804565
v 6270.864258 441.791504 507.366089
v 6273.594727 441.791504 507.363159
v 6273.602539 449.134888 519.303589
v 6270.876465 449.134888 519.307007
v 6270.865234 449.134888 508.863647
v 6273.595703 449.134888 508.861206
v 6273.602539 443.815796 520.312378
v 6270.876465 443.815796 520.315796
v 6270.864746 443.815887 507.854370
v 6273.594238 443.815918 507.852417
v 6273.604004 445.924683 522.233765
v 6273.603516 447.308228 522.122437
v 6270.877930 447.308228 522.125854
v 6270.877441 445.924683 522.237183
v 6270.863281 447.308289 506.044800
v 6270.863281 445.924744 505.933472
v 6273.593750 447.308289 506.041382
v 6273.593750 445.924744 505.930542
v 6273.996582 465.148010 519.201538
v 6273.998047 467.592529 521.876831
v 6270.482910 465.148010 519.205444
v 6270.484375 467.592316 521.880737
v 6270.470703 465.148010 508.965210
v 6270.468750 467.592316 506.290405
v 6273.989258 465.148010 508.962280
v 6273.988281 467.592529 506.286011
v 6273.997559 463.880890 521.161011
v 6273.973633 460.230438 523.368530
v 6273.988770 463.881134 507.001831
v 6273.974609 460.291718 504.862671
v 6270.483887 463.880890 521.165894
v 6270.507812 460.230286 523.373413
v 6270.469727 463.880890 507.005249
v 6270.530273 460.291504 504.866577
v 6273.616699 511.327271 541.569702
v 6270.888672 511.327332 541.573120
v 6273.615234 498.191528 539.125366
v 6270.889160 498.191528 539.129272
v 6270.875977 498.191528 525.690308
v 6273.606445 498.191528 525.688354
v 6273.959961 469.991516 540.817749
v 6270.547363 469.991516 540.823120
v 6270.530762 469.991516 523.997437
v 6273.949219 469.991516 523.994507
v 6273.614258 490.848145 537.627808
v 6270.888184 490.848145 537.631226
v 6270.876953 490.848145 527.188354
v 6273.607422 490.848145 527.185913
v 6273.614746 496.167267 538.637085
v 6270.888184 496.167267 538.640503
v 6270.876465 496.167206 526.179565
v 6273.605957 496.167114 526.176636
v 6273.615723 494.058350 540.558472
v 6273.615234 492.674805 540.446655
v 6270.889648 492.674805 540.450073
v 6270.889160 494.058350 540.562378
v 6270.875000 492.674744 524.369995
v 6270.875000 494.058289 524.257690
v 6273.605469 492.674744 524.366577
v 6273.605469 494.058289 524.255249
v 6273.957520 474.696136 537.379272
v 6273.958984 472.321747 539.977417
v 6270.544922 474.696136 537.383179
v 6270.545898 472.321899 539.981812
v 6270.532715 474.696136 527.437378
v 6270.531250 472.321899 524.838257
v 6273.951172 474.696075 527.433960
v 6273.949707 472.321655 524.834839
v 6273.958496 475.926819 539.283081
v 6273.959961 479.610687 540.895874
v 6273.950195 475.926666 525.530151
v 6270.545898 475.926819 539.286987
v 6270.546875 479.610687 540.900757
v 6270.532227 475.926819 525.533569
v 6273.616699 428.655762 541.569702
v 6270.888672 428.655701 541.573120
v 6273.615234 441.791504 539.125366
v 6270.889160 441.791504 539.129272
v 6270.875977 441.791504 525.690308
v 6273.606445 441.791504 525.688354
v 6273.614258 449.134888 537.627808
v 6270.888184 449.134888 537.631226
v 6270.876953 449.134888 527.188354
v 6273.607422 449.134888 527.185913
v 6273.614746 443.815765 538.637085
v 6270.888184 443.815765 538.640503
v 6270.876465 443.815826 526.179565
v 6273.605957 443.815918 526.176636
v 6273.615723 445.924683 540.558472
v 6273.615234 447.308228 540.446655
v 6270.889648 447.308228 540.450073
v 6270.889160 445.924683 540.562378
v 6270.875000 447.308289 524.369995
v 6270.875000 445.924744 524.257690
v 6273.605469 447.308289 524.366577
v 6273.605469 445.924744 524.255249
v 6273.957520 465.286896 537.379272
v 6273.958984 467.661285 539.977417
v 6270.544922 465.286896 537.383179
v 6270.545898 467.661133 539.981812
v 6270.532715 465.286896 527.437378
v 6270.531250 467.661133 524.838257
v 6273.951172 465.286957 527.433960
v 6273.949707 467.661377 524.834839
v 6273.958496 464.056213 539.283081
v 6273.959961 460.372345 540.895874
v 6273.950195 464.056366 525.530151
v 6270.545898 464.056213 539.286987
v 6270.546875 460.372345 540.900757
v 6270.532227 464.056213 525.533569
v 6273.626953 511.327332 559.536499
v 6270.900879 511.327332 559.541382
v 6273.626953 498.191528 557.450073
v 6270.900879 498.191528 557.453979
v 6270.887695 498.191528 544.015015
v 6273.618164 498.191528 544.012573
v 6273.953125 469.991516 559.050171
v 6270.577637 469.991516 559.055054
v 6270.561523 469.991516 542.414429
v 6273.942383 469.991516 542.411499
v 6273.625977 490.848145 555.952515
v 6270.899902 490.848145 555.956421
v 6270.888672 490.848145 545.512573
v 6273.619141 490.848145 545.510132
v 6273.626465 496.167267 556.961304
v 6270.899902 496.167267 556.965210
v 6270.888184 496.167206 544.504761
v 6273.618164 496.167175 544.501831
v 6273.627441 494.058350 558.883179
v 6273.627441 492.674805 558.771851
v 6270.901367 492.674805 558.775269
v 6270.901367 494.058350 558.887085
v 6270.886719 492.674744 542.694214
v 6270.887207 494.058289 542.582886
v 6273.617188 492.674744 542.690796
v 6273.617188 494.058289 542.579956
v 6273.950684 474.644379 555.649780
v 6273.952148 472.296112 558.219116
v 6270.575195 474.644379 555.653198
v 6270.576660 472.296265 558.223022
v 6270.563477 474.644379 545.816284
v 6270.562012 472.296265 543.246460
v 6273.943848 474.644287 545.813354
v 6273.942871 472.296112 543.243042
v 6273.951660 475.861511 557.532104
v 6273.952637 479.504822 559.126831
v 6273.942871 475.861359 543.930054
v 6273.942383 479.504578 542.335815
v 6270.576172 475.861511 557.536011
v 6270.577637 479.504822 559.131714
v 6270.562500 475.861511 543.933472
v 6270.561523 479.504822 542.338745
v 6273.626953 428.655701 559.536499
v 6270.900879 428.655701 559.541382
v 6273.626953 441.791504 557.450073
v 6270.900879 441.791504 557.453979
v 6270.887695 441.791504 544.015015
v 6273.618164 441.791504 544.012573
v 6273.625977 449.134888 555.952515
v 6270.899902 449.134888 555.956421
v 6270.888672 449.134888 545.512573
v 6273.619141 449.134888 545.510132
v 6273.626465 443.815765 556.961304
v 6270.899902 443.815765 556.965210
v 6270.888184 443.815826 544.504761
v 6273.618164 443.815857 544.501831
v 6273.627441 445.924683 558.883179
v 6273.627441 447.308228 558.771851
v 6270.901367 447.308228 558.775269
v 6270.901367 445.924683 558.887085
v 6270.886719 447.308289 542.694214
v 6270.887207 445.924744 542.582886
v 6273.617188 447.308289 542.690796
v 6273.617188 445.924744 542.579956
v 6273.950684 465.338654 555.649780
v 6273.952148 467.686920 558.219116
v 6270.575195 465.338654 555.653198
v 6270.576660 467.686768 558.223022
v 6270.563477 465.338654 545.816284
v 6270.562012 467.686768 543.246460
v 6273.943848 465.338745 545.813354
v 6273.942871 467.686920 543.243042
v 6273.951660 464.121521 557.532104
v 6273.952637 460.478210 559.126831
v 6273.942871 464.121674 543.930054
v 6273.942383 460.478455 542.335815
v 6270.576172 464.121521 557.536011
v 6270.577637 460.478210 559.131714
v 6270.562500 464.121521 543.933472
v 6270.561523 460.478210 542.338745
v 5728.172852 633.366699 -222.499374
v 5631.257812 633.366699 -222.408447
v 5686.104492 627.000488 -222.492126
v 5673.371094 627.000488 -222.481415
v 5566.326172 637.664246 -205.075684
v 5728.171875 544.529297 -222.499634
v 5721.828125 627.000488 -222.525558
v 5721.828125 550.895752 -222.525543
v 5559.073242 656.685852 -205.064850
v 5566.021484 637.664246 -550.963867
v 5570.415039 638.898010 -532.784790
v 5558.769531 656.685852 -550.957947
v 5631.257812 544.529297 -222.408142
v 5637.647461 550.895813 -222.445251
v 5673.371094 550.895752 -222.481415
v 5637.647461 627.000549 -222.445251
v 5686.104492 550.895752 -222.492126
v 5749.768555 689.379028 -205.243042
v 5749.767578 707.568359 -205.243011
v 5739.564453 707.568359 -205.231262
v 5749.752930 689.379028 -222.521759
v 5716.984375 680.141235 -222.492310
v 5656.793945 663.172791 -222.433228
v 5570.686523 638.898010 -222.356598
v 5777.837891 518.077271 -222.543365
v 5777.837891 689.379089 -222.543381
v 5749.463867 689.379089 -551.133179
v 5749.479492 689.379089 -532.943542
v 5739.260742 707.568726 -551.123718
v 5749.463867 707.568726 -551.133545
v 5570.415039 428.655548 -532.784790
v 5777.564453 518.077332 -532.961304
v 5777.564453 689.379333 -532.961304
v 5686.104492 627.000488 -217.762054
v 5728.172852 633.366699 -217.769302
v 5631.257812 633.366699 -217.678375
v 5673.371094 627.000488 -217.751343
v 5721.828125 627.000488 -217.795486
v 5728.171875 544.529297 -217.769562
v 5721.828125 550.895752 -217.795471
v 5631.257812 544.529297 -217.678070
v 5637.647461 550.895813 -217.715179
v 5637.647461 627.000549 -217.715179
v 5673.371094 550.895752 -217.751343
v 5686.104492 550.895752 -217.762054
v 5974.687500 479.752655 671.717285
v 5974.687500 479.752655 671.717285
v 5974.687500 479.752655 671.717285
v 5974.687500 479.752655 671.717285
v 5974.687500 479.752655 671.717285
v 5974.687500 479.752655 671.717285
v 5974.687500 479.752655 671.717285
v 5978.153320 479.752747 671.712402
v 5978.153320 479.752747 671.712402
v 5978.153320 479.752747 671.712402
v 5974.687500 460.230438 671.717285
v 5974.687500 460.230438 671.717285
v 5974.687500 460.230438 671.717285
v 5974.687500 460.230438 671.717285
v 5974.687500 460.230438 671.717285
v 5974.687500 460.230438 671.717285
v 5974.687500 460.230438 671.717285
v 5978.153320 460.230286 671.712402
v 5978.153320 460.230286 671.712402
v 5978.153320 460.230286 671.712402
v 5974.687500 479.752655 615.944336
v 5974.687500 479.752655 615.944336
v 5974.687500 479.752655 615.944336
v 5974.687500 479.752655 615.944336
v 5974.687500 479.752655 615.944336
v 5974.687500 479.752655 615.944336
v 5974.687500 479.752655 615.944336
v 5978.153320 479.752747 615.939453
v 5978.153320 479.752747 615.939453
v 5978.153320 479.752747 615.939453
v 5974.687500 460.230438 615.944336
v 5974.687500 460.230438 615.944336
v 5974.687500 460.230438 615.944336
v 5974.687500 460.230438 615.944336
v 5974.687500 460.230438 615.944336
v 5974.687500 460.230438 615.944336
v 5974.687500 460.230438 615.944336
v 5978.153320 460.230286 615.939453
v 5978.153320 460.230286 615.939453
v 5978.153320 460.230286 615.939453
v 5974.687500 479.752655 560.756348
v 5974.687500 479.752655 560.756348
v 5974.687500 479.752655 560.756348
v 5974.687500 479.752655 560.756348
v 5974.687500 479.752655 560.756348
v 5974.687500 479.752655 560.756348
v 5974.687500 479.752655 560.756348
v 5978.153320 479.752747 560.751465
v 5978.153320 479.752747 560.751465
v 5978.153320 479.752747 560.751465
v 5974.687500 460.230438 560.756348
v 5974.687500 460.230438 560.756348
v 5974.687500 460.230438 560.756348
v 5974.687500 460.230438 560.756348
v 5974.687500 460.230438 560.756348
v 5974.687500 460.230438 560.756348
v 5974.687500 460.230438 560.756348
v 5978.153320 460.230286 560.751465
v 5978.153320 460.230286 560.751465
v 5978.153320 460.230286 560.751465
v 6160.064941 479.752655 710.666748
v 6160.064941 479.752655 710.666748
v 6160.064941 479.752655 710.666748
v 6160.064941 479.752655 710.666748
v 6160.064941 479.752655 710.666748
v 6160.064941 479.752655 710.666748
v 6160.064941 479.752655 710.666748
v 6160.060059 479.752747 707.200806
v 6160.060059 479.752747 707.200806
v 6160.060059 479.752747 707.200806
v 6160.064941 460.230438 710.666748
v 6160.064941 460.230438 710.666748
v 6160.064941 460.230438 710.666748
v 6160.064941 460.230438 710.666748
v 6160.064941 460.230438 710.666748
v 6160.064941 460.230438 710.666748
v 6160.064941 460.230438 710.666748
v 6160.060059 460.230286 707.200806
v 6160.060059 460.230286 707.200806
v 6160.060059 460.230286 707.200806
v 6102.163574 479.752655 710.666748
v 6102.163574 479.752655 710.666748
v 6102.163574 479.752655 710.666748
v 6102.163574 479.752655 710.666748
v 6102.163574 479.752655 710.666748
v 6102.163574 479.752655 710.666748
v 6102.163574 479.752655 710.666748
v 6102.158691 479.752747 707.200806
v 6102.158691 479.752747 707.200806
v 6102.158691 479.752747 707.200806
v 6102.163574 460.230438 710.666748
v 6102.163574 460.230438 710.666748
v 6102.163574 460.230438 710.666748
v 6102.163574 460.230438 710.666748
v 6102.163574 460.230438 710.666748
v 6102.163574 460.230438 710.666748
v 6102.163574 460.230438 710.666748
v 6102.158691 460.230286 707.200806
v 6102.158691 460.230286 707.200806
v 6102.158691 460.230286 707.200806
v 5547.300781 428.655518 516.567993
v 5547.300781 428.655518 516.567993
v 5547.300781 428.655518 516.567993
v 5547.300781 428.655518 516.567993
v 5547.300781 428.655518 516.567993
v 6546.739258 428.655518 516.567993
v 6546.739258 428.655518 516.567993
v 6546.739258 428.655518 516.567993
v 6546.739258 428.655518 516.567993
v 6546.739258 428.655518 516.567993
v 5737.665039 707.568481 526.565186
v 6356.374023 707.568481 526.565186
v 5785.281738 707.568481 526.565186
v 6305.160645 707.568542 526.565186
v 5786.702637 707.568481 503.428192
v 6305.838379 707.568481 503.428192
v 5578.015625 428.655518 516.567993
v 5578.015625 428.655518 516.567993
v 5578.015625 428.655518 516.567993
v 5578.015625 428.655518 516.567993
v 5578.015625 428.655518 516.567993
v 5578.015625 428.655518 503.428192
v 5578.015625 428.655518 503.428192
v 5578.015625 428.655518 503.428192
v 6510.903320 428.655518 516.567993
v 6510.903320 428.655518 516.567993
v 6510.903320 428.655518 516.567993
v 6510.903320 428.655518 516.567993
v 6510.903320 428.655518 516.567993
v 6510.903320 428.655518 503.428192
v 6510.903320 428.655518 503.428192
v 6510.903320 428.655518 503.428192
v 6027.475098 479.752655 710.666748
v 6027.475098 479.752655 710.666748
v 6027.475098 479.752655 710.666748
v 6027.475098 479.752655 710.666748
v 6027.475098 479.752655 710.666748
v 6027.475098 479.752655 710.666748
v 6027.475098 479.752655 710.666748
v 6027.470215 479.752747 707.200806
v 6027.470215 479.752747 707.200806
v 6027.470215 479.752747 707.200806
v 6027.475098 460.230438 710.666748
v 6027.475098 460.230438 710.666748
v 6027.475098 460.230438 710.666748
v 6027.475098 460.230438 710.666748
v 6027.475098 460.230438 710.666748
v 6027.475098 460.230438 710.666748
v 6027.475098 460.230438 710.666748
v 6027.470215 460.230286 707.200806
v 6027.470215 460.230286 707.200806
v 6027.470215 460.230286 707.200806
v 6237.023438 479.752655 710.666748
v 6237.023438 479.752655 710.666748
v 6237.023438 479.752655 710.666748
v 6237.023438 479.752655 710.666748
v 6237.023438 479.752655 710.666748
v 6237.023438 479.752655 710.666748
v 6237.023438 479.752655 710.666748
v 6237.018555 479.752747 707.200806
v 6237.018555 479.752747 707.200806
v 6237.018555 479.752747 707.200806
v 6237.023438 460.230438 710.666748
v 6237.023438 460.230438 710.666748
v 6237.023438 460.230438 710.666748
v 6237.023438 460.230438 710.666748
v 6237.023438 460.230438 710.666748
v 6237.023438 460.230438 710.666748
v 6237.023438 460.230438 710.666748
v 6237.018555 460.230286 707.200806
v 6237.018555 460.230286 707.200806
v 6237.018555 460.230286 707.200806
v 6273.973633 479.752655 634.329468
v 6273.973633 479.752655 634.329468
v 6273.973633 479.752655 634.329468
v 6273.973633 479.752655 634.329468
v 6273.973633 479.752655 634.329468
v 6273.973633 479.752655 634.329468
v 6273.973633 479.752655 634.329468
v 6270.507812 479.752747 634.334351
v 6270.507812 479.752747 634.334351
v 6270.507812 479.752747 634.334351
v 6273.973633 460.230438 634.329468
v 6273.973633 460.230438 634.329468
v 6273.973633 460.230438 634.329468
v 6273.973633 460.230438 634.329468
v 6273.973633 460.230438 634.329468
v 6273.973633 460.230438 634.329468
v 6273.973633 460.230438 634.329468
v 6270.507812 460.230286 634.334351
v 6270.507812 460.230286 634.334351
v 6270.507812 460.230286 634.334351
v 6273.973633 479.752655 579.141479
v 6273.973633 479.752655 579.141479
v 6273.973633 479.752655 579.141479
v 6273.973633 479.752655 579.141479
v 6273.973633 479.752655 579.141479
v 6273.973633 479.752655 579.141479
v 6273.973633 479.752655 579.141479
v 6270.507812 479.752747 579.146362
v 6270.507812 479.752747 579.146362
v 6270.507812 479.752747 579.146362
v 6273.973633 460.230438 579.141479
v 6273.973633 460.230438 579.141479
v 6273.973633 460.230438 579.141479
v 6273.973633 460.230438 579.141479
v 6273.973633 460.230438 579.141479
v 6273.973633 460.230438 579.141479
v 6273.973633 460.230438 579.141479
v 6270.507812 460.230286 579.146362
v 6270.507812 460.230286 579.146362
v 6270.507812 460.230286 579.146362
v 6273.973633 479.752655 523.368530
v 6273.973633 479.752655 523.368530
v 6273.973633 479.752655 523.368530
v 6273.973633 479.752655 523.368530
v 6273.973633 479.752655 523.368530
v 6273.973633 479.752655 523.368530
v 6273.973633 479.752655 523.368530
v 6270.507812 479.752747 523.373413
v 6270.507812 479.752747 523.373413
v 6270.507812 479.752747 523.373413
v 6273.973633 460.230438 523.368530
v 6273.973633 460.230438 523.368530
v 6273.973633 460.230438 523.368530
v 6273.973633 460.230438 523.368530
v 6273.973633 460.230438 523.368530
v 6273.973633 460.230438 523.368530
v 6273.973633 460.230438 523.368530
v 6270.507812 460.230286 523.373413
v 6270.507812 460.230286 523.373413
v 6270.507812 460.230286 523.373413
v 5749.752930 689.379028 -222.521759
v 5749.752930 689.379028 -222.521759
v 5749.752930 689.379028 -222.521759
v 5749.752930 689.379028 -222.521759
v 5716.984375 680.141235 -222.492310
v 5716.984375 680.141235 -222.492310
v 5656.793945 663.172791 -222.433228
v 5656.793945 663.172791 -222.433228
v 5656.793945 663.172791 -222.433228
v 5570.686523 638.898010 -222.356598
v 5570.686523 638.898010 -222.356598
v 5570.686523 638.898010 -222.356598
v 6305.160645 707.568542 526.565186
v 6356.374512 689.372986 526.565186
v 6356.374023 707.568481 526.565186
v 6356.374512 689.372986 526.565186
v 6356.374512 689.372986 408.418060
v 6356.374023 707.568420 408.418060
v 6356.374023 707.568481 526.565186
v 5737.665039 707.568420 408.418060
v 5737.665039 689.372986 408.418060
v 5737.665039 689.372986 526.565186
v 5737.665039 707.568481 526.565186
v 5737.665039 707.568481 526.565186
v 5785.281738 707.568481 526.565186
v 6046.487305 997.683350 526.565186
v 6047.020020 1027.872070 526.565186
v 6047.020020 1027.872070 410.264435
v 5737.665039 707.568420 408.418060
v 5737.665039 707.568481 526.565186
v 6047.020020 1027.872070 526.565186
v 6316.201172 689.372986 503.428192
v 6316.201172 689.372986 388.973755
v 6356.374512 689.372986 408.418060
v 6356.374512 689.372986 526.565186
v 5737.665039 689.372986 408.418060
v 5777.838379 689.372986 388.973755
v 5777.838379 689.372986 503.428192
v 5737.665039 689.372986 526.565186
v 5786.702637 707.568481 503.428192
v 6305.838379 707.568481 503.428192
v 6046.487305 997.683350 503.428192
v 5737.665039 689.372986 526.565186
v 5785.281738 707.568481 526.565186
v 5737.665039 707.568481 526.565186
v 6305.160645 707.568542 526.565186
v 6356.374023 707.568481 526.565186
v 6047.020020 1027.872070 526.565186
v 6046.487305 997.683350 526.565186
v 5786.702637 707.568481 503.428192
v 6046.487305 997.683350 503.428192
v 6046.487305 997.683350 526.565186
v 5785.281738 707.568481 526.565186
v 6046.487305 997.683350 503.428192
v 6305.838379 707.568481 503.428192
v 6305.160645 707.568542 526.565186
v 6046.487305 997.683350 526.565186
v 6356.374023 707.568481 526.565186
v 6356.374023 707.568420 408.418060
v 6047.020020 1027.872070 410.264435
v 6047.020020 1027.872070 526.565186
v 5954.961914 689.372986 503.428192
v 5972.694336 689.372986 526.152832
v 5737.665039 689.372986 526.565186
v 5777.838379 689.372986 503.428192
v 5992.595215 707.568542 526.565186
v 5786.702637 707.568481 503.428192
v 5785.281738 707.568481 526.565186
v 5972.694336 689.372986 526.152832
v 5992.595215 707.568542 526.565186
v 5785.281738 707.568481 526.565186
v 5737.665039 689.372986 526.565186
v 6356.374512 689.372986 526.565186
v 6276.895996 689.372986 526.977539
v 6276.895996 689.372986 503.428192
v 6295.549805 689.372986 503.428192
v 6316.201172 689.372986 503.428192
v 6356.374512 689.372986 526.565186
v 6305.160645 707.568542 526.565186
v 6252.282715 707.568542 526.565186
v 6276.895996 689.372986 526.977539
v 6305.160645 707.568542 526.565186
v 6305.838379 707.568481 503.428192
v 6252.282715 707.568542 526.565186
v 6252.282715 707.568542 526.565186
v 6305.838379 707.568481 503.428192
v 5786.702637 707.568481 503.428192
v 5992.595215 707.568542 526.565186
v 5570.415039 638.898010 -532.784790
v 5570.415039 428.655548 -532.784790
v 5570.686523 428.655487 -222.356812
v 5570.686523 638.898010 -222.356598
v 5777.837891 518.077271 -222.543365
v 5728.171875 544.529297 -222.499634
v 5631.257812 544.529297 -222.408142
v 5570.686523 428.655487 -222.356812
v 5570.686523 428.655487 -222.356812
v 5631.257812 544.529297 -222.408142
v 5631.257812 633.366699 -222.408447
v 5570.686523 638.898010 -222.356598
vt 0.657038 0.900499
vt 0.657038 0.896057
vt 0.661380 0.895413
vt 0.661380 0.901283
vt 0.656369 0.900337
vt 0.656369 0.896218
vt 0.655672 0.900973
vt 0.655672 0.895583
vt 0.655214 0.900936
vt 0.655214 0.895620
vt 0.654610 0.900004
vt 0.654610 0.896552
vt 0.650922 0.895230
vt 0.724638 0.583032
vt 0.724638 0.587713
vt 0.725056 0.583680
vt 0.725056 0.587065
vt 0.725865 0.582796
vt 0.725865 0.587949
vt 0.726657 0.582510
vt 0.726657 0.588419
vt 0.727450 0.582796
vt 0.727450 0.587949
vt 0.728258 0.583680
vt 0.728258 0.587065
vt 0.728677 0.583032
vt 0.728677 0.587713
vt 0.729864 0.588420
vt 0.108910 0.888807
vt 0.105458 0.888807
vt 0.109842 0.889411
vt 0.104526 0.889411
vt 0.109879 0.889869
vt 0.104489 0.889869
vt 0.109244 0.890566
vt 0.105125 0.890566
vt 0.109405 0.891235
vt 0.104963 0.891235
vt 0.110189 0.895577
vt 0.104319 0.895577
vt 0.386643 0.903630
vt 0.386643 0.899188
vt 0.390986 0.898356
vt 0.390986 0.904438
vt 0.385974 0.903468
vt 0.385974 0.899349
vt 0.385277 0.904103
vt 0.385277 0.898714
vt 0.384820 0.904066
vt 0.384820 0.898751
vt 0.384216 0.903135
vt 0.384216 0.899683
vt 0.783327 0.918952
vt 0.782109 0.918419
vt 0.782109 0.913873
vt 0.781702 0.917790
vt 0.781702 0.914502
vt 0.780918 0.918648
vt 0.780918 0.913643
vt 0.780147 0.918926
vt 0.780147 0.913365
vt 0.779377 0.918648
vt 0.779377 0.913643
vt 0.778592 0.917790
vt 0.778592 0.914502
vt 0.778185 0.918419
vt 0.778186 0.913873
vt 0.051835 0.897087
vt 0.055550 0.898167
vt 0.055550 0.901619
vt 0.056154 0.897235
vt 0.056154 0.902551
vt 0.056611 0.897198
vt 0.056611 0.902587
vt 0.057308 0.897833
vt 0.057308 0.901952
vt 0.057977 0.897672
vt 0.057977 0.902114
vt 0.062320 0.896864
vt 0.062320 0.902945
vt 0.526514 0.886594
vt 0.526514 0.882152
vt 0.530856 0.881345
vt 0.530856 0.887284
vt 0.525845 0.886433
vt 0.525845 0.882314
vt 0.525147 0.887068
vt 0.525147 0.881679
vt 0.524690 0.887031
vt 0.524690 0.881715
vt 0.524086 0.886099
vt 0.524086 0.882647
vt 0.520337 0.887148
vt 0.520337 0.881598
vt 0.519132 0.886621
vt 0.519132 0.882125
vt 0.518730 0.885999
vt 0.518730 0.882748
vt 0.517954 0.886849
vt 0.517954 0.881898
vt 0.517192 0.887123
vt 0.517192 0.881623
vt 0.516430 0.886849
vt 0.516430 0.881898
vt 0.515654 0.885999
vt 0.515654 0.882748
vt 0.515252 0.886621
vt 0.515252 0.882125
vt 0.514047 0.887148
vt 0.514047 0.881598
vt 0.510298 0.886099
vt 0.510298 0.882647
vt 0.509694 0.887031
vt 0.509694 0.881715
vt 0.509236 0.887068
vt 0.509236 0.881679
vt 0.508539 0.886433
vt 0.508539 0.882314
vt 0.507870 0.886594
vt 0.507870 0.882152
vt 0.503528 0.887284
vt 0.503528 0.881345
vt 0.745081 0.646327
vt 0.749524 0.646327
vt 0.750167 0.650669
vt 0.744297 0.650669
vt 0.745243 0.645657
vt 0.749362 0.645657
vt 0.744608 0.644960
vt 0.749997 0.644960
vt 0.744644 0.644503
vt 0.749961 0.644503
vt 0.745576 0.643899
vt 0.749028 0.643899
vt 0.750350 0.640211
vt 0.967720 0.900598
vt 0.967720 0.905278
vt 0.968138 0.901245
vt 0.968138 0.904630
vt 0.968946 0.900361
vt 0.968946 0.905515
vt 0.969739 0.900075
vt 0.969739 0.905985
vt 0.970532 0.900361
vt 0.970532 0.905515
vt 0.971340 0.901245
vt 0.971340 0.904630
vt 0.971759 0.900598
vt 0.971759 0.905278
vt 0.972946 0.905985
vt 0.573220 0.698369
vt 0.576672 0.698369
vt 0.572288 0.697765
vt 0.577604 0.697765
vt 0.572251 0.697308
vt 0.577641 0.697308
vt 0.572886 0.696611
vt 0.577005 0.696611
vt 0.572725 0.695942
vt 0.577167 0.695942
vt 0.571941 0.691599
vt 0.577811 0.691599
vt 0.445482 0.902069
vt 0.445482 0.897627
vt 0.449825 0.896795
vt 0.449825 0.902877
vt 0.444813 0.901907
vt 0.444813 0.897788
vt 0.444116 0.902542
vt 0.444116 0.897153
vt 0.443659 0.902505
vt 0.443659 0.897190
vt 0.443055 0.901573
vt 0.443055 0.898122
vt 0.976485 0.917719
vt 0.975267 0.917186
vt 0.975267 0.912640
vt 0.974860 0.916557
vt 0.974860 0.913270
vt 0.974076 0.917416
vt 0.974076 0.912410
vt 0.973305 0.917693
vt 0.973305 0.912133
vt 0.972535 0.917416
vt 0.972535 0.912410
vt 0.971750 0.916557
vt 0.971750 0.913270
vt 0.971344 0.917186
vt 0.971344 0.912640
vt 0.330577 0.896301
vt 0.334292 0.897382
vt 0.334292 0.900833
vt 0.334896 0.896450
vt 0.334896 0.901765
vt 0.335353 0.896413
vt 0.335353 0.901802
vt 0.336050 0.897048
vt 0.336050 0.901167
vt 0.336719 0.896887
vt 0.336719 0.901329
vt 0.341062 0.896079
vt 0.341062 0.902160
vt 0.989499 0.884242
vt 0.989499 0.879800
vt 0.993841 0.878993
vt 0.993841 0.884932
vt 0.988830 0.884081
vt 0.988830 0.879962
vt 0.988132 0.884716
vt 0.988132 0.879327
vt 0.987675 0.884679
vt 0.987675 0.879364
vt 0.987071 0.883747
vt 0.987071 0.880296
vt 0.983322 0.884797
vt 0.983322 0.879246
vt 0.982117 0.884269
vt 0.982117 0.879773
vt 0.981715 0.883647
vt 0.981715 0.880396
vt 0.980939 0.884497
vt 0.980939 0.879546
vt 0.980177 0.884771
vt 0.980177 0.879271
vt 0.979415 0.884497
vt 0.979415 0.879546
vt 0.978639 0.883647
vt 0.978639 0.880396
vt 0.978237 0.884269
vt 0.978237 0.879773
vt 0.977032 0.884797
vt 0.977032 0.879246
vt 0.973283 0.883747
vt 0.973283 0.880296
vt 0.972679 0.884679
vt 0.972679 0.879364
vt 0.972221 0.884716
vt 0.972221 0.879327
vt 0.971524 0.884081
vt 0.971524 0.879962
vt 0.970855 0.884242
vt 0.970855 0.879800
vt 0.966513 0.884932
vt 0.966513 0.878993
vt 0.941723 0.712291
vt 0.941723 0.707848
vt 0.946066 0.707205
vt 0.946066 0.713075
vt 0.941054 0.712129
vt 0.941054 0.708010
vt 0.940357 0.712764
vt 0.940357 0.707375
vt 0.939900 0.712728
vt 0.939900 0.707412
vt 0.939296 0.711796
vt 0.939296 0.708344
vt 0.935608 0.707022
vt 0.607554 0.577814
vt 0.607554 0.582495
vt 0.607973 0.578462
vt 0.607973 0.581847
vt 0.608781 0.577578
vt 0.608781 0.582731
vt 0.609574 0.577292
vt 0.609574 0.583201
vt 0.610367 0.577578
vt 0.610367 0.582731
vt 0.611175 0.578462
vt 0.611175 0.581847
vt 0.611594 0.577814
vt 0.611594 0.582495
vt 0.612780 0.583202
vt 0.905529 0.899902
vt 0.905529 0.896451
vt 0.904925 0.900834
vt 0.904925 0.895518
vt 0.904468 0.900871
vt 0.904468 0.895482
vt 0.903771 0.900236
vt 0.903771 0.896117
vt 0.903101 0.900398
vt 0.903101 0.895955
vt 0.898759 0.901182
vt 0.898759 0.895312
vt 0.456789 0.902938
vt 0.461231 0.902938
vt 0.462063 0.907281
vt 0.455981 0.907281
vt 0.456951 0.902269
vt 0.461070 0.902269
vt 0.456316 0.901572
vt 0.461705 0.901572
vt 0.456353 0.901115
vt 0.461668 0.901115
vt 0.457284 0.900511
vt 0.460736 0.900511
vt 0.102222 0.915918
vt 0.101004 0.915385
vt 0.101004 0.910839
vt 0.100597 0.914755
vt 0.100597 0.911468
vt 0.099812 0.915614
vt 0.099812 0.910609
vt 0.099042 0.915892
vt 0.099042 0.910331
vt 0.098272 0.915614
vt 0.098272 0.910609
vt 0.097487 0.914755
vt 0.097487 0.911468
vt 0.097080 0.915385
vt 0.097080 0.910839
vt 0.736506 0.899395
vt 0.740221 0.900475
vt 0.740221 0.903927
vt 0.740825 0.899543
vt 0.740825 0.904859
vt 0.741282 0.899506
vt 0.741282 0.904896
vt 0.741979 0.900141
vt 0.741979 0.904261
vt 0.742649 0.899980
vt 0.742649 0.904422
vt 0.746991 0.899172
vt 0.746991 0.905253
vt 0.783265 0.885238
vt 0.783265 0.880796
vt 0.787608 0.879989
vt 0.787608 0.885928
vt 0.782596 0.885077
vt 0.782596 0.880958
vt 0.781899 0.885712
vt 0.781899 0.880323
vt 0.781442 0.885675
vt 0.781442 0.880360
vt 0.780838 0.884743
vt 0.780838 0.881292
vt 0.777088 0.885793
vt 0.777088 0.880242
vt 0.775884 0.885266
vt 0.775884 0.880769
vt 0.775482 0.884643
vt 0.775482 0.881392
vt 0.774705 0.885493
vt 0.774705 0.880542
vt 0.773944 0.885767
vt 0.773944 0.880267
vt 0.773182 0.885493
vt 0.773182 0.880542
vt 0.772406 0.884643
vt 0.772406 0.881392
vt 0.772003 0.885266
vt 0.772003 0.880769
vt 0.770799 0.885793
vt 0.770799 0.880242
vt 0.767049 0.884743
vt 0.767049 0.881292
vt 0.766445 0.885675
vt 0.766445 0.880360
vt 0.765988 0.885712
vt 0.765988 0.880323
vt 0.765291 0.885077
vt 0.765291 0.880958
vt 0.764622 0.885238
vt 0.764622 0.880796
vt 0.760280 0.885928
vt 0.760280 0.879989
vt 0.970972 0.940550
vt 0.970972 0.941475
vt 0.966513 0.941476
vt 0.966513 0.940550
vt 0.971659 0.940550
vt 0.971659 0.941475
vt 0.972375 0.940550
vt 0.972375 0.941476
vt 0.972845 0.941475
vt 0.972845 0.940550
vt 0.735998 0.941779
vt 0.735998 0.940854
vt 0.740450 0.940854
vt 0.740450 0.941779
vt 0.735312 0.941779
vt 0.735312 0.940854
vt 0.734598 0.941779
vt 0.734598 0.940854
vt 0.734129 0.940854
vt 0.734129 0.941779
vt 0.558207 0.856718
vt 0.559536 0.856718
vt 0.559536 0.857625
vt 0.558207 0.857625
vt 0.558207 0.855811
vt 0.559536 0.855811
vt 0.559535 0.858550
vt 0.558206 0.858550
vt 0.558206 0.854886
vt 0.559535 0.854886
vt 0.559536 0.859029
vt 0.558207 0.859029
vt 0.558207 0.854407
vt 0.559536 0.854407
vt 0.559527 0.860410
vt 0.558216 0.860410
vt 0.558216 0.853027
vt 0.559527 0.853027
vt 0.572009 0.681236
vt 0.572980 0.681236
vt 0.572008 0.680585
vt 0.572980 0.680585
vt 0.689057 0.528954
vt 0.687793 0.528954
vt 0.687916 0.524860
vt 0.688918 0.524860
vt 0.689063 0.530271
vt 0.687771 0.530271
vt 0.687916 0.524189
vt 0.688918 0.524189
vt 0.687771 0.530736
vt 0.689063 0.530736
vt 0.687771 0.531633
vt 0.689062 0.531633
vt 0.689058 0.532513
vt 0.687794 0.532513
vt 0.689062 0.533394
vt 0.687771 0.533394
vt 0.898025 0.740138
vt 0.902583 0.740138
vt 0.902582 0.741085
vt 0.898025 0.741084
vt 0.897322 0.740138
vt 0.897322 0.741084
vt 0.896591 0.741084
vt 0.896591 0.740138
vt 0.896111 0.741084
vt 0.896111 0.740138
vt 0.895477 0.740138
vt 0.895477 0.741084
vt 0.723517 0.940844
vt 0.727969 0.940844
vt 0.727969 0.941770
vt 0.723517 0.941770
vt 0.722831 0.940844
vt 0.722831 0.941769
vt 0.722117 0.941770
vt 0.722117 0.940845
vt 0.721648 0.941770
vt 0.721648 0.940845
vt 0.727041 0.902668
vt 0.722917 0.902527
vt 0.722917 0.901518
vt 0.727041 0.901394
vt 0.722242 0.902527
vt 0.722242 0.901518
vt 0.728368 0.901372
vt 0.728368 0.902673
vt 0.728836 0.901372
vt 0.728836 0.902673
vt 0.729740 0.901372
vt 0.729740 0.902673
vt 0.268724 0.711149
vt 0.268724 0.712127
vt 0.264012 0.712127
vt 0.264012 0.711149
vt 0.269450 0.711149
vt 0.269450 0.712127
vt 0.270206 0.711149
vt 0.270206 0.712127
vt 0.270702 0.712127
vt 0.270702 0.711149
vt 0.271358 0.711149
vt 0.271358 0.712126
vt 0.275388 0.711026
vt 0.275388 0.712250
vt 0.276710 0.712250
vt 0.276710 0.711026
vt 0.277151 0.712250
vt 0.277151 0.711026
vt 0.278003 0.712250
vt 0.278003 0.711026
vt 0.278839 0.711027
vt 0.278839 0.712251
vt 0.279675 0.711026
vt 0.279675 0.712250
vt 0.280526 0.711026
vt 0.280526 0.712250
vt 0.280968 0.711026
vt 0.280968 0.712250
vt 0.946530 0.941422
vt 0.946530 0.942334
vt 0.942145 0.942334
vt 0.942145 0.941423
vt 0.947205 0.941423
vt 0.947205 0.942334
vt 0.990345 0.932076
vt 0.989851 0.932076
vt 0.989851 0.931101
vt 0.990345 0.931101
vt 0.989098 0.931100
vt 0.989098 0.932075
vt 0.990997 0.931100
vt 0.990998 0.932075
vt 0.327119 0.932309
vt 0.327119 0.931022
vt 0.327996 0.931022
vt 0.327996 0.932309
vt 0.326242 0.932309
vt 0.326242 0.931022
vt 0.328889 0.931023
vt 0.328889 0.932309
vt 0.325348 0.932309
vt 0.325348 0.931023
vt 0.329353 0.931023
vt 0.329353 0.932309
vt 0.324885 0.932309
vt 0.324885 0.931023
vt 0.331262 0.938262
vt 0.335722 0.938261
vt 0.335722 0.939188
vt 0.331262 0.939187
vt 0.330574 0.938261
vt 0.330574 0.939187
vt 0.329858 0.939187
vt 0.329858 0.938262
vt 0.329388 0.939187
vt 0.329388 0.938262
vt 0.456063 0.941303
vt 0.460447 0.941303
vt 0.460447 0.942214
vt 0.456063 0.942214
vt 0.455387 0.941303
vt 0.455387 0.942214
vt 0.215930 0.887454
vt 0.215930 0.888429
vt 0.215436 0.888429
vt 0.215436 0.887454
vt 0.216582 0.888430
vt 0.216582 0.887454
vt 0.214682 0.888429
vt 0.214682 0.887454
vt 0.776921 0.935952
vt 0.776921 0.934753
vt 0.778215 0.934753
vt 0.778215 0.935952
vt 0.782163 0.934873
vt 0.782164 0.935831
vt 0.782805 0.934874
vt 0.782805 0.935831
vt 0.899518 0.922332
vt 0.899518 0.921370
vt 0.904152 0.921370
vt 0.904152 0.922332
vt 0.898804 0.922332
vt 0.898804 0.921370
vt 0.898060 0.922332
vt 0.898060 0.921370
vt 0.897572 0.921370
vt 0.897572 0.922331
vt 0.896927 0.922332
vt 0.896927 0.921370
vt 0.892925 0.922446
vt 0.892925 0.921255
vt 0.891640 0.921255
vt 0.891640 0.922446
vt 0.891211 0.921256
vt 0.891211 0.922446
vt 0.890382 0.921255
vt 0.890382 0.922446
vt 0.889569 0.922446
vt 0.889569 0.921255
vt 0.888756 0.922446
vt 0.888756 0.921255
vt 0.887928 0.922446
vt 0.887928 0.921256
vt 0.887498 0.922446
vt 0.887498 0.921255
vt 0.886213 0.922446
vt 0.886213 0.921255
vt 0.882211 0.922332
vt 0.882211 0.921370
vt 0.881566 0.922331
vt 0.881566 0.921370
vt 0.881078 0.922332
vt 0.881078 0.921370
vt 0.880334 0.922332
vt 0.880334 0.921370
vt 0.879620 0.922332
vt 0.879620 0.921370
vt 0.874986 0.922332
vt 0.874986 0.921370
vt 0.346330 0.938258
vt 0.346330 0.939185
vt 0.341869 0.939185
vt 0.341869 0.938258
vt 0.347017 0.938258
vt 0.347017 0.939185
vt 0.347733 0.938258
vt 0.347733 0.939185
vt 0.348203 0.939185
vt 0.348203 0.938258
vt 0.305616 0.721605
vt 0.306838 0.721605
vt 0.306838 0.722438
vt 0.305616 0.722438
vt 0.305616 0.720772
vt 0.306838 0.720772
vt 0.306837 0.723287
vt 0.305615 0.723287
vt 0.305615 0.719923
vt 0.306837 0.719923
vt 0.306837 0.723727
vt 0.305615 0.723727
vt 0.305615 0.719484
vt 0.306837 0.719484
vt 0.305616 0.725044
vt 0.306838 0.725044
vt 0.305616 0.718167
vt 0.306838 0.718167
vt 0.306719 0.729144
vt 0.305733 0.729144
vt 0.305733 0.714067
vt 0.306719 0.714067
vt 0.306720 0.729804
vt 0.305733 0.729804
vt 0.305733 0.713406
vt 0.306720 0.713406
vt 0.305733 0.712906
vt 0.306720 0.712906
vt 0.305733 0.712144
vt 0.306720 0.712144
vt 0.305733 0.711412
vt 0.306720 0.711412
vt 0.501151 0.941673
vt 0.505530 0.941674
vt 0.505530 0.942583
vt 0.501151 0.942583
vt 0.289568 0.875348
vt 0.295635 0.875381
vt 0.295635 0.900102
vt 0.289568 0.900069
vt 0.831005 0.612197
vt 0.855726 0.612197
vt 0.855758 0.628019
vt 0.831037 0.628019
vt 0.873796 0.246277
vt 0.873796 0.268417
vt 0.850024 0.268417
vt 0.850024 0.246277
vt 0.574253 0.211640
vt 0.574253 0.189500
vt 0.598026 0.189500
vt 0.598026 0.211640
vt 0.004883 0.887489
vt 0.032967 0.887489
vt 0.032967 0.892269
vt 0.004883 0.892269
vt 0.332954 0.885356
vt 0.361039 0.885356
vt 0.361039 0.890136
vt 0.332954 0.890136
vt 0.976788 0.546839
vt 0.975428 0.546839
vt 0.975429 0.507466
vt 0.976789 0.507466
vt 0.976787 0.566530
vt 0.975428 0.566530
vt 0.975430 0.487775
vt 0.976789 0.487773
vt 0.984343 0.081648
vt 0.985703 0.081648
vt 0.985704 0.121021
vt 0.984344 0.121021
vt 0.984343 0.061957
vt 0.985703 0.061957
vt 0.985704 0.140712
vt 0.984345 0.140712
vt 0.795616 0.893230
vt 0.756213 0.893230
vt 0.756213 0.891871
vt 0.795616 0.891871
vt 0.736508 0.891871
vt 0.736506 0.893230
vt 0.815321 0.891871
vt 0.815321 0.893230
vt 0.992664 0.636794
vt 0.992664 0.597392
vt 0.994022 0.597392
vt 0.994022 0.636794
vt 0.992664 0.577688
vt 0.994022 0.577688
vt 0.992664 0.656499
vt 0.994022 0.656499
vt 0.544450 0.765051
vt 0.526112 0.759925
vt 0.544450 0.759925
vt 0.536935 0.765051
vt 0.526112 0.770178
vt 0.536935 0.770178
vt 0.101759 0.652631
vt 0.120097 0.652631
vt 0.120097 0.662884
vt 0.109275 0.657757
vt 0.109275 0.662884
vt 0.101759 0.657757
vt 0.239364 0.816336
vt 0.239364 0.818464
vt 0.237861 0.818464
vt 0.237861 0.811556
vt 0.239364 0.811556
vt 0.339536 0.816371
vt 0.339536 0.811556
vt 0.874391 0.868262
vt 0.908963 0.871575
vt 0.874391 0.871575
vt 0.943534 0.868262
vt 0.943535 0.871574
vt 0.185660 0.871188
vt 0.220231 0.867875
vt 0.220231 0.871188
vt 0.151089 0.867890
vt 0.151089 0.871188
vt 0.488761 0.894585
vt 0.488761 0.893227
vt 0.528163 0.893227
vt 0.528163 0.894585
vt 0.469057 0.894585
vt 0.469057 0.893227
vt 0.547868 0.893227
vt 0.547870 0.894585
vt 0.976787 0.631580
vt 0.975428 0.631580
vt 0.975428 0.592178
vt 0.976787 0.592178
vt 0.976787 0.651286
vt 0.975428 0.651286
vt 0.975428 0.572473
vt 0.976787 0.572473
vt 0.729008 0.499914
vt 0.689634 0.499914
vt 0.689634 0.498555
vt 0.729008 0.498554
vt 0.669942 0.498555
vt 0.669941 0.499915
vt 0.748699 0.498554
vt 0.748699 0.499913
vt 0.623808 0.499915
vt 0.584435 0.499914
vt 0.584435 0.498554
vt 0.623808 0.498555
vt 0.564744 0.499914
vt 0.564744 0.498554
vt 0.643499 0.499915
vt 0.643499 0.498556
vt 0.802214 0.942395
vt 0.801289 0.942395
vt 0.801288 0.937936
vt 0.802215 0.937936
vt 0.802215 0.943082
vt 0.801289 0.943082
vt 0.802214 0.943798
vt 0.801289 0.943798
vt 0.801289 0.944267
vt 0.802214 0.944267
vt 0.989098 0.940019
vt 0.990023 0.940019
vt 0.990023 0.944471
vt 0.989098 0.944471
vt 0.989098 0.939333
vt 0.990023 0.939333
vt 0.989098 0.938619
vt 0.990023 0.938619
vt 0.990023 0.938150
vt 0.989098 0.938150
vt 0.634407 0.776706
vt 0.634407 0.778035
vt 0.633499 0.778034
vt 0.633499 0.776705
vt 0.635314 0.776705
vt 0.635314 0.778034
vt 0.632575 0.778033
vt 0.632575 0.776705
vt 0.636238 0.776705
vt 0.636238 0.778033
vt 0.632096 0.778034
vt 0.632096 0.776705
vt 0.636718 0.776705
vt 0.636718 0.778034
vt 0.630715 0.778025
vt 0.630715 0.776714
vt 0.638098 0.776714
vt 0.638098 0.778025
vt 0.029902 0.923006
vt 0.029902 0.922034
vt 0.029250 0.923007
vt 0.029250 0.922035
vt 0.132674 0.650007
vt 0.132674 0.651271
vt 0.128580 0.651148
vt 0.128580 0.650146
vt 0.133991 0.650001
vt 0.133991 0.651293
vt 0.127910 0.651148
vt 0.127910 0.650146
vt 0.134456 0.651293
vt 0.134456 0.650001
vt 0.135353 0.651293
vt 0.135353 0.650002
vt 0.136234 0.650006
vt 0.136234 0.651270
vt 0.137114 0.650002
vt 0.137114 0.651293
vt 0.788073 0.747417
vt 0.792631 0.747417
vt 0.792631 0.748364
vt 0.788073 0.748363
vt 0.787371 0.747417
vt 0.787371 0.748363
vt 0.786639 0.748363
vt 0.786639 0.747418
vt 0.786159 0.748363
vt 0.786159 0.747418
vt 0.785525 0.747417
vt 0.785525 0.748363
vt 0.711036 0.940841
vt 0.715488 0.940841
vt 0.715488 0.941767
vt 0.711036 0.941767
vt 0.710350 0.940842
vt 0.710350 0.941767
vt 0.709636 0.941767
vt 0.709636 0.940842
vt 0.709167 0.941767
vt 0.709167 0.940842
vt 0.632543 0.875935
vt 0.628419 0.875795
vt 0.628419 0.874786
vt 0.632543 0.874662
vt 0.627743 0.875794
vt 0.627743 0.874785
vt 0.633869 0.874640
vt 0.633869 0.875940
vt 0.634338 0.874640
vt 0.634338 0.875941
vt 0.635241 0.874639
vt 0.635241 0.875940
vt 0.397500 0.712127
vt 0.397500 0.711150
vt 0.402211 0.711149
vt 0.402211 0.712127
vt 0.396774 0.712128
vt 0.396774 0.711150
vt 0.396017 0.712127
vt 0.396017 0.711149
vt 0.395521 0.711149
vt 0.395521 0.712127
vt 0.394866 0.712128
vt 0.394866 0.711150
vt 0.390835 0.712250
vt 0.390835 0.711026
vt 0.389514 0.711026
vt 0.389514 0.712250
vt 0.389072 0.711027
vt 0.389072 0.712251
vt 0.388220 0.711026
vt 0.388221 0.712250
vt 0.387385 0.712250
vt 0.387385 0.711026
vt 0.386549 0.712250
vt 0.386549 0.711026
vt 0.385697 0.712251
vt 0.385697 0.711027
vt 0.385256 0.712250
vt 0.385256 0.711026
vt 0.871049 0.941427
vt 0.871049 0.942339
vt 0.866665 0.942338
vt 0.866665 0.941428
vt 0.871725 0.941427
vt 0.871725 0.942338
vt 0.932173 0.896378
vt 0.932173 0.895884
vt 0.933148 0.895884
vt 0.933148 0.896378
vt 0.933148 0.895131
vt 0.932173 0.895131
vt 0.933149 0.897031
vt 0.932173 0.897031
vt 0.038867 0.931976
vt 0.038867 0.930690
vt 0.039744 0.930690
vt 0.039744 0.931976
vt 0.037990 0.931976
vt 0.037990 0.930690
vt 0.040638 0.930691
vt 0.040638 0.931977
vt 0.037097 0.931977
vt 0.037097 0.930691
vt 0.041101 0.930690
vt 0.041101 0.931977
vt 0.036634 0.931977
vt 0.036634 0.930690
vt 0.698559 0.938289
vt 0.703020 0.938289
vt 0.703020 0.939215
vt 0.698559 0.939214
vt 0.697872 0.938288
vt 0.697872 0.939214
vt 0.697156 0.939215
vt 0.697156 0.938289
vt 0.696686 0.939215
vt 0.696686 0.938289
vt 0.924991 0.941427
vt 0.929375 0.941428
vt 0.929375 0.942338
vt 0.924991 0.942338
vt 0.924315 0.941427
vt 0.924315 0.942338
vt 0.268231 0.914369
vt 0.268231 0.915344
vt 0.267737 0.915344
vt 0.267737 0.914369
vt 0.268883 0.915345
vt 0.268883 0.914370
vt 0.266984 0.915345
vt 0.266983 0.914370
vt 0.366831 0.932209
vt 0.366831 0.931010
vt 0.368126 0.931010
vt 0.368126 0.932209
vt 0.372074 0.931130
vt 0.372074 0.932088
vt 0.372716 0.931131
vt 0.372716 0.932088
vt 0.714396 0.918230
vt 0.714396 0.919192
vt 0.709761 0.919192
vt 0.709761 0.918230
vt 0.715110 0.918230
vt 0.715110 0.919192
vt 0.715854 0.918230
vt 0.715854 0.919192
vt 0.716342 0.919192
vt 0.716342 0.918230
vt 0.716986 0.918230
vt 0.716986 0.919191
vt 0.720988 0.918116
vt 0.720988 0.919307
vt 0.722273 0.919306
vt 0.722273 0.918116
vt 0.722703 0.919306
vt 0.722703 0.918115
vt 0.723531 0.919307
vt 0.723531 0.918116
vt 0.724344 0.918116
vt 0.724344 0.919307
vt 0.725157 0.918116
vt 0.725157 0.919307
vt 0.725986 0.918115
vt 0.725986 0.919306
vt 0.726415 0.918116
vt 0.726415 0.919306
vt 0.727701 0.918116
vt 0.727701 0.919307
vt 0.731703 0.918230
vt 0.731703 0.919191
vt 0.732347 0.918230
vt 0.732347 0.919192
vt 0.732835 0.918230
vt 0.732835 0.919192
vt 0.733579 0.918230
vt 0.733579 0.919192
vt 0.734293 0.918230
vt 0.734293 0.919192
vt 0.738928 0.918230
vt 0.738928 0.919192
vt 0.360000 0.938258
vt 0.360000 0.939185
vt 0.355539 0.939185
vt 0.355539 0.938258
vt 0.360687 0.938258
vt 0.360687 0.939185
vt 0.361403 0.938258
vt 0.361403 0.939185
vt 0.361873 0.939185
vt 0.361873 0.938258
vt 0.244994 0.721605
vt 0.246216 0.721605
vt 0.246216 0.722438
vt 0.244994 0.722438
vt 0.244994 0.720772
vt 0.246216 0.720772
vt 0.246215 0.723287
vt 0.244993 0.723287
vt 0.244993 0.719923
vt 0.246215 0.719923
vt 0.246215 0.723727
vt 0.244994 0.723727
vt 0.244994 0.719484
vt 0.246215 0.719484
vt 0.244994 0.725044
vt 0.246216 0.725044
vt 0.244994 0.718167
vt 0.246216 0.718167
vt 0.246098 0.729144
vt 0.245111 0.729144
vt 0.245111 0.714067
vt 0.246098 0.714067
vt 0.246098 0.729804
vt 0.245111 0.729804
vt 0.245111 0.713406
vt 0.246098 0.713406
vt 0.245111 0.712906
vt 0.246098 0.712906
vt 0.245111 0.712144
vt 0.246098 0.712144
vt 0.245111 0.711412
vt 0.246098 0.711412
vt 0.441936 0.942676
vt 0.437557 0.942675
vt 0.437557 0.941766
vt 0.441936 0.941766
vt 0.028761 0.855478
vt 0.004883 0.855478
vt 0.004883 0.839693
vt 0.028761 0.839693
vt 0.488670 0.353040
vt 0.506346 0.353040
vt 0.506346 0.364521
vt 0.488670 0.364521
vt 0.524347 0.353040
vt 0.524347 0.364521
vt 0.243910 0.646494
vt 0.220031 0.646494
vt 0.220031 0.630385
vt 0.243910 0.630385
vt 0.724120 0.739068
vt 0.724120 0.759409
vt 0.722094 0.759409
vt 0.722094 0.741733
vt 0.725851 0.741346
vt 0.725851 0.757131
vt 0.724120 0.780098
vt 0.722094 0.777411
vt 0.708573 0.739068
vt 0.710613 0.741733
vt 0.751462 0.739068
vt 0.749730 0.741346
vt 0.751462 0.759409
vt 0.749730 0.757131
vt 0.725851 0.761687
vt 0.725851 0.777797
vt 0.708573 0.780098
vt 0.710613 0.777411
vt 0.710613 0.759409
vt 0.749730 0.761687
vt 0.751462 0.780098
vt 0.749730 0.777797
vt 0.925015 0.852127
vt 0.901136 0.852127
vt 0.901136 0.836342
vt 0.925015 0.836342
vt 0.082146 0.826660
vt 0.099822 0.826660
vt 0.099822 0.838141
vt 0.082146 0.838141
vt 0.117824 0.826660
vt 0.117824 0.838141
vt 0.945817 0.701080
vt 0.921938 0.701080
vt 0.921938 0.684970
vt 0.945817 0.684970
vt 0.883401 0.731789
vt 0.883401 0.752130
vt 0.881375 0.752130
vt 0.881375 0.734453
vt 0.885132 0.734067
vt 0.885132 0.749852
vt 0.883401 0.772818
vt 0.881375 0.770131
vt 0.867854 0.731789
vt 0.869894 0.734453
vt 0.910743 0.731789
vt 0.909011 0.734067
vt 0.910743 0.752130
vt 0.909011 0.749852
vt 0.885132 0.754408
vt 0.885133 0.770518
vt 0.867854 0.772818
vt 0.869894 0.770131
vt 0.869894 0.752130
vt 0.909011 0.754408
vt 0.910743 0.772818
vt 0.909011 0.770518
vt 0.894704 0.852127
vt 0.870825 0.852127
vt 0.870825 0.836342
vt 0.894704 0.836342
vt 0.707978 0.662264
vt 0.725655 0.662264
vt 0.725655 0.673745
vt 0.707978 0.673745
vt 0.743656 0.662264
vt 0.743656 0.673745
vt 0.634981 0.844291
vt 0.611102 0.844291
vt 0.611102 0.828182
vt 0.634981 0.828182
vt 0.773449 0.739068
vt 0.773449 0.759409
vt 0.771423 0.759409
vt 0.771423 0.741733
vt 0.775181 0.741346
vt 0.775181 0.757131
vt 0.773449 0.780098
vt 0.771423 0.777411
vt 0.757902 0.739068
vt 0.759943 0.741733
vt 0.800791 0.739068
vt 0.799060 0.741346
vt 0.800791 0.759409
vt 0.799060 0.757131
vt 0.775181 0.761687
vt 0.775181 0.777797
vt 0.757902 0.780098
vt 0.759943 0.777411
vt 0.759943 0.759409
vt 0.799060 0.761687
vt 0.800791 0.780098
vt 0.799060 0.777797
vt 0.811987 0.547199
vt 0.811987 0.516943
vt 0.827772 0.516943
vt 0.827772 0.547199
vt 0.564150 0.577087
vt 0.581826 0.577087
vt 0.581826 0.591634
vt 0.564150 0.591634
vt 0.599827 0.577087
vt 0.599827 0.591634
vt 0.546977 0.687745
vt 0.546977 0.718002
vt 0.530867 0.718002
vt 0.530867 0.687745
vt 0.255778 0.702804
vt 0.255778 0.723145
vt 0.253211 0.723145
vt 0.253211 0.705469
vt 0.257972 0.705082
vt 0.257972 0.720868
vt 0.255778 0.743834
vt 0.253211 0.741147
vt 0.236078 0.702804
vt 0.238664 0.705469
vt 0.290423 0.702804
vt 0.288229 0.705082
vt 0.290423 0.723145
vt 0.288229 0.720868
vt 0.257972 0.725423
vt 0.257972 0.741533
vt 0.236078 0.743834
vt 0.238664 0.741147
vt 0.238664 0.723145
vt 0.288229 0.725423
vt 0.290423 0.743834
vt 0.288229 0.741533
vt 0.947440 0.768544
vt 0.917183 0.768544
vt 0.917183 0.752759
vt 0.947440 0.752759
vt 0.574253 0.406095
vt 0.591930 0.406095
vt 0.591930 0.420642
vt 0.574253 0.420642
vt 0.609931 0.406095
vt 0.609931 0.420642
vt 0.294863 0.765887
vt 0.264606 0.765887
vt 0.264606 0.749777
vt 0.294863 0.749777
vt 0.195156 0.702804
vt 0.195156 0.723145
vt 0.192589 0.723145
vt 0.192589 0.705469
vt 0.197350 0.705082
vt 0.197350 0.720868
vt 0.195156 0.743834
vt 0.192589 0.741147
vt 0.175456 0.702804
vt 0.178042 0.705469
vt 0.229801 0.702804
vt 0.227607 0.705082
vt 0.229801 0.723145
vt 0.227607 0.720868
vt 0.197350 0.725423
vt 0.197350 0.741533
vt 0.175456 0.743834
vt 0.178042 0.741147
vt 0.178042 0.723145
vt 0.227607 0.725423
vt 0.229801 0.743834
vt 0.227607 0.741533
vt 0.925449 0.830399
vt 0.895193 0.830399
vt 0.895193 0.814613
vt 0.925449 0.814613
vt 0.609931 0.312416
vt 0.592255 0.312416
vt 0.592255 0.297868
vt 0.609931 0.297868
vt 0.574253 0.312416
vt 0.574253 0.297869
vt 0.738235 0.656321
vt 0.707978 0.656321
vt 0.707978 0.640211
vt 0.738235 0.640211
vt 0.316400 0.702804
vt 0.316400 0.723145
vt 0.313833 0.723145
vt 0.313833 0.705469
vt 0.318594 0.705082
vt 0.318594 0.720868
vt 0.316400 0.743834
vt 0.313833 0.741147
vt 0.296700 0.702804
vt 0.299286 0.705469
vt 0.351045 0.702804
vt 0.348851 0.705082
vt 0.351045 0.723145
vt 0.348851 0.720868
vt 0.318594 0.725423
vt 0.318594 0.741533
vt 0.296700 0.743834
vt 0.299286 0.741147
vt 0.299286 0.723145
vt 0.348851 0.725423
vt 0.351045 0.743834
vt 0.348851 0.741533
vt 0.931447 0.844870
vt 0.931447 0.814613
vt 0.947233 0.814613
vt 0.947233 0.844870
vt 0.431303 0.619629
vt 0.431303 0.637306
vt 0.416755 0.637306
vt 0.416755 0.619629
vt 0.431303 0.655307
vt 0.416755 0.655307
vt 0.880280 0.370292
vt 0.850024 0.370292
vt 0.850024 0.354182
vt 0.880280 0.354182
vt 0.377022 0.702804
vt 0.377022 0.723145
vt 0.374455 0.723145
vt 0.374455 0.705469
vt 0.379216 0.705082
vt 0.379216 0.720868
vt 0.377022 0.743834
vt 0.374455 0.741147
vt 0.357322 0.702804
vt 0.359908 0.705469
vt 0.411667 0.702804
vt 0.409472 0.705082
vt 0.411667 0.723145
vt 0.409472 0.720868
vt 0.379216 0.725423
vt 0.379216 0.741533
vt 0.357322 0.743834
vt 0.359908 0.741147
vt 0.359908 0.723145
vt 0.409472 0.725423
vt 0.411667 0.743834
vt 0.409472 0.741533
vt 0.927881 0.478987
vt 0.927881 0.441154
vt 0.933411 0.441154
vt 0.933411 0.478987
vt 0.927881 0.398785
vt 0.933411 0.398785
vt 0.938941 0.441154
vt 0.938941 0.478987
vt 0.927881 0.332935
vt 0.933411 0.332935
vt 0.938941 0.398785
vt 0.947547 0.441154
vt 0.947547 0.478987
vt 0.927881 0.288882
vt 0.933411 0.288882
vt 0.938941 0.332935
vt 0.947547 0.398785
vt 0.927881 0.224574
vt 0.933411 0.224574
vt 0.938941 0.288882
vt 0.947547 0.332935
vt 0.927881 0.179651
vt 0.933411 0.179651
vt 0.938941 0.224574
vt 0.947547 0.288882
vt 0.927881 0.098967
vt 0.933411 0.098967
vt 0.938941 0.179651
vt 0.947547 0.224574
vt 0.927881 0.054464
vt 0.933411 0.054464
vt 0.938941 0.098967
vt 0.947547 0.179651
vt 0.927881 0.004908
vt 0.933411 0.004908
vt 0.938941 0.054464
vt 0.947547 0.098967
vt 0.938941 0.004908
vt 0.947547 0.054464
vt 0.947547 0.004908
vt 0.907261 0.228537
vt 0.901731 0.228537
vt 0.901731 0.004908
vt 0.907261 0.004908
vt 0.901731 0.478988
vt 0.907261 0.478988
vt 0.912790 0.228537
vt 0.912790 0.004908
vt 0.912790 0.478988
vt 0.921397 0.228537
vt 0.921397 0.004908
vt 0.921397 0.478988
vt 0.953438 0.967698
vt 0.953438 0.929520
vt 0.960479 0.929520
vt 0.953438 0.886762
vt 0.960479 0.886762
vt 0.953438 0.820309
vt 0.960479 0.820309
vt 0.953438 0.775852
vt 0.960479 0.775852
vt 0.953438 0.710956
vt 0.960479 0.710956
vt 0.953438 0.665621
vt 0.960479 0.665621
vt 0.953438 0.584198
vt 0.960479 0.584198
vt 0.953438 0.539288
vt 0.960479 0.539288
vt 0.953438 0.489278
vt 0.960479 0.489278
vt 0.961073 0.043087
vt 0.954032 0.043087
vt 0.954032 0.004908
vt 0.961073 0.085846
vt 0.954032 0.085846
vt 0.961073 0.152299
vt 0.954032 0.152299
vt 0.961073 0.196757
vt 0.954032 0.196757
vt 0.961073 0.261654
vt 0.954032 0.261654
vt 0.961073 0.306989
vt 0.954032 0.306989
vt 0.961073 0.388413
vt 0.954032 0.388413
vt 0.961073 0.433324
vt 0.954032 0.433324
vt 0.954032 0.483334
vt 0.961073 0.483334
vt 0.838731 0.479012
vt 0.838731 0.441178
vt 0.882449 0.441178
vt 0.882449 0.479012
vt 0.838731 0.398806
vt 0.886892 0.388285
vt 0.895355 0.441178
vt 0.895355 0.479012
vt 0.844001 0.388285
vt 0.895355 0.398806
vt 0.838731 0.332953
vt 0.844083 0.347252
vt 0.886892 0.347252
vt 0.895355 0.332953
vt 0.886892 0.348253
vt 0.886892 0.281366
vt 0.895355 0.288897
vt 0.838731 0.288897
vt 0.886892 0.240333
vt 0.895355 0.224586
vt 0.844001 0.281366
vt 0.886892 0.153822
vt 0.895355 0.179661
vt 0.838731 0.224586
vt 0.844083 0.240333
vt 0.838731 0.179661
vt 0.886892 0.112789
vt 0.895355 0.098972
vt 0.844001 0.153822
vt 0.882449 0.054467
vt 0.895355 0.054467
vt 0.838731 0.098972
vt 0.844083 0.112789
vt 0.838731 0.054467
vt 0.882449 0.004908
vt 0.895355 0.004908
vt 0.838731 0.004908
vt 0.450639 0.322351
vt 0.450639 0.278635
vt 0.488471 0.278635
vt 0.488471 0.322351
vt 0.408269 0.322351
vt 0.408269 0.278635
vt 0.450639 0.335256
vt 0.488471 0.335256
vt 0.342420 0.322351
vt 0.342420 0.278635
vt 0.408269 0.335256
vt 0.298366 0.322351
vt 0.298366 0.278635
vt 0.342420 0.335256
vt 0.234059 0.322351
vt 0.234059 0.278635
vt 0.298366 0.335256
vt 0.189135 0.322351
vt 0.189135 0.278635
vt 0.234059 0.335256
vt 0.108451 0.322351
vt 0.108451 0.278635
vt 0.189135 0.335256
vt 0.063948 0.322351
vt 0.063948 0.278635
vt 0.108451 0.335256
vt 0.014392 0.278635
vt 0.014392 0.322351
vt 0.063948 0.335256
vt 0.014392 0.335256
vt 0.005597 0.141772
vt 0.005597 0.148809
vt 0.056773 0.141772
vt 0.056773 0.148809
vt 0.004883 0.272692
vt 0.136309 0.141772
vt 0.136309 0.148809
vt 0.055259 0.272692
vt 0.189519 0.141772
vt 0.189519 0.148809
vt 0.133552 0.272692
vt 0.267192 0.141772
vt 0.267192 0.148809
vt 0.185930 0.272692
vt 0.321452 0.141772
vt 0.321452 0.148809
vt 0.262390 0.272692
vt 0.418907 0.141772
vt 0.418907 0.148809
vt 0.315802 0.272692
vt 0.472659 0.141772
vt 0.472659 0.148809
vt 0.411733 0.272692
vt 0.532515 0.141772
vt 0.532515 0.148809
vt 0.464645 0.272692
vt 0.523566 0.272692
vt 0.531801 0.011946
vt 0.531801 0.004908
vt 0.480625 0.011946
vt 0.480625 0.004908
vt 0.532515 0.135828
vt 0.401089 0.011946
vt 0.401089 0.004908
vt 0.482139 0.135828
vt 0.347879 0.011946
vt 0.347879 0.004908
vt 0.403846 0.135828
vt 0.270206 0.011946
vt 0.270206 0.004908
vt 0.351467 0.135828
vt 0.215945 0.011946
vt 0.215945 0.004908
vt 0.275008 0.135828
vt 0.118491 0.011946
vt 0.118491 0.004908
vt 0.221596 0.135828
vt 0.064739 0.011946
vt 0.064739 0.004908
vt 0.125664 0.135828
vt 0.004883 0.004908
vt 0.004883 0.011946
vt 0.072752 0.135828
vt 0.013831 0.135828
vt 0.747624 0.228541
vt 0.722466 0.228541
vt 0.722466 0.004908
vt 0.747624 0.004908
vt 0.722466 0.478997
vt 0.747624 0.478997
vt 0.676687 0.228541
vt 0.676687 0.004908
vt 0.676687 0.478997
vt 0.673635 0.228541
vt 0.673635 0.004908
vt 0.673635 0.478997
vt 0.646168 0.228541
vt 0.646168 0.004908
vt 0.646168 0.478997
vt 0.614896 0.479019
vt 0.622257 0.441185
vt 0.640054 0.441185
vt 0.640054 0.479019
vt 0.569114 0.479019
vt 0.567908 0.441185
vt 0.622257 0.400152
vt 0.640054 0.398812
vt 0.566062 0.479019
vt 0.566062 0.441185
vt 0.622257 0.332958
vt 0.640054 0.332958
vt 0.538593 0.479019
vt 0.538593 0.441185
vt 0.566062 0.398812
vt 0.568012 0.400152
vt 0.567908 0.332958
vt 0.622257 0.291925
vt 0.640054 0.288901
vt 0.538593 0.398812
vt 0.566062 0.332958
vt 0.622257 0.224590
vt 0.640054 0.224590
vt 0.538593 0.332958
vt 0.566062 0.288901
vt 0.568012 0.291925
vt 0.567908 0.224590
vt 0.622257 0.183557
vt 0.640054 0.179663
vt 0.538593 0.288901
vt 0.566062 0.224590
vt 0.622257 0.098973
vt 0.640054 0.098973
vt 0.538593 0.224590
vt 0.566062 0.179663
vt 0.568012 0.183557
vt 0.567908 0.098973
vt 0.622257 0.057940
vt 0.640054 0.054468
vt 0.538593 0.179663
vt 0.566062 0.098973
vt 0.614896 0.004908
vt 0.640054 0.004908
vt 0.538593 0.098973
vt 0.566062 0.054468
vt 0.568012 0.057940
vt 0.569114 0.004908
vt 0.538593 0.054468
vt 0.566062 0.004908
vt 0.538593 0.004908
vt 0.893593 0.516943
vt 0.893593 0.521191
vt 0.889250 0.521191
vt 0.889250 0.516943
vt 0.811987 0.557391
vt 0.811987 0.553143
vt 0.816330 0.553143
vt 0.816330 0.557391
vt 0.641411 0.751093
vt 0.641411 0.756623
vt 0.578830 0.756623
vt 0.578830 0.751093
vt 0.578830 0.762154
vt 0.641411 0.762154
vt 0.571876 0.756623
vt 0.571876 0.751093
vt 0.571876 0.762154
vt 0.578830 0.770761
vt 0.641411 0.770761
vt 0.571876 0.770761
vt 0.067462 0.766476
vt 0.067462 0.772006
vt 0.004883 0.772006
vt 0.004883 0.766476
vt 0.074415 0.772006
vt 0.074415 0.766476
vt 0.067462 0.777537
vt 0.004883 0.777537
vt 0.074415 0.777537
vt 0.067462 0.786144
vt 0.004883 0.786144
vt 0.074415 0.786144
vt 0.992664 0.482257
vt 0.992664 0.444164
vt 0.995117 0.444164
vt 0.995117 0.482257
vt 0.992664 0.401502
vt 0.995117 0.401502
vt 0.992664 0.335198
vt 0.995117 0.335198
vt 0.992664 0.290840
vt 0.995117 0.290840
vt 0.992664 0.226090
vt 0.995117 0.226090
vt 0.992664 0.180857
vt 0.995117 0.180857
vt 0.992664 0.099616
vt 0.995117 0.099616
vt 0.992664 0.054806
vt 0.995117 0.054806
vt 0.992664 0.004908
vt 0.995117 0.004908
vt 0.858721 0.879972
vt 0.858721 0.877518
vt 0.918069 0.877518
vt 0.918069 0.879972
vt 0.851807 0.877518
vt 0.851807 0.879972
vt 0.687771 0.882443
vt 0.687771 0.879990
vt 0.747111 0.879990
vt 0.747111 0.882443
vt 0.754030 0.879990
vt 0.754030 0.882443
vt 0.986202 0.425969
vt 0.983749 0.425969
vt 0.983749 0.200797
vt 0.986202 0.200797
vt 0.983749 0.678149
vt 0.986202 0.678149
vt 0.300860 0.755307
vt 0.300860 0.749777
vt 0.306670 0.749777
vt 0.306670 0.755307
vt 0.312023 0.749777
vt 0.312023 0.755307
vt 0.300860 0.760837
vt 0.306670 0.760837
vt 0.316694 0.749777
vt 0.316694 0.755307
vt 0.312023 0.760837
vt 0.300860 0.766367
vt 0.306670 0.766367
vt 0.394765 0.749777
vt 0.400295 0.749777
vt 0.400295 0.755587
vt 0.394765 0.755587
vt 0.405825 0.749777
vt 0.405825 0.755587
vt 0.400295 0.760940
vt 0.394765 0.760940
vt 0.411355 0.749777
vt 0.411355 0.755587
vt 0.405825 0.760940
vt 0.400295 0.765611
vt 0.394765 0.765611
vt 0.537172 0.723945
vt 0.542702 0.723945
vt 0.542702 0.729755
vt 0.537172 0.729755
vt 0.542702 0.735108
vt 0.537172 0.735108
vt 0.531642 0.723945
vt 0.531642 0.729755
vt 0.542702 0.739779
vt 0.537172 0.739779
vt 0.531642 0.735108
vt 0.526112 0.723945
vt 0.526112 0.729755
vt 0.433345 0.677084
vt 0.427815 0.677084
vt 0.427815 0.671275
vt 0.433345 0.671275
vt 0.422285 0.677084
vt 0.422285 0.671275
vt 0.427815 0.665922
vt 0.433345 0.665922
vt 0.416755 0.677084
vt 0.416755 0.671275
vt 0.422285 0.665922
vt 0.427815 0.661250
vt 0.433345 0.661250
vt 0.383656 0.584128
vt 0.383656 0.580608
vt 0.441749 0.580608
vt 0.441749 0.584128
vt 0.383656 0.577087
vt 0.441749 0.577087
vt 0.448838 0.580608
vt 0.448838 0.584128
vt 0.448838 0.577087
vt 0.448974 0.609438
vt 0.441885 0.609438
vt 0.441885 0.506152
vt 0.448838 0.506152
vt 0.441885 0.613686
vt 0.448974 0.613686
vt 0.379312 0.613686
vt 0.379312 0.609438
vt 0.448974 0.670307
vt 0.441885 0.670307
vt 0.329940 0.831292
vt 0.388033 0.831292
vt 0.388033 0.834812
vt 0.329940 0.834812
vt 0.388033 0.827771
vt 0.329940 0.827771
vt 0.322851 0.831292
vt 0.582983 0.863010
vt 0.322851 0.827771
vt 0.589663 0.888320
vt 0.874391 0.858071
vt 0.574688 0.745150
vt 0.581642 0.745150
vt 0.881480 0.862319
vt 0.864447 0.834920
vt 0.574688 0.742097
vt 0.581642 0.742097
vt 0.944326 0.858071
vt 0.944326 0.862319
vt 0.807826 0.842008
vt 0.807826 0.834920
vt 0.574688 0.714626
vt 0.581642 0.714626
vt 0.644224 0.742097
vt 0.644224 0.745150
vt 0.571876 0.745150
vt 0.571876 0.742097
vt 0.644224 0.714626
vt 0.178428 0.518746
vt 0.178428 0.456173
vt 0.205895 0.456173
vt 0.205895 0.518746
vt 0.208947 0.456173
vt 0.208947 0.518746
vt 0.991136 0.785546
vt 0.984183 0.785546
vt 0.984183 0.758079
vt 0.991136 0.758079
vt 0.984183 0.755027
vt 0.991136 0.755027
vt 0.981371 0.758079
vt 0.981371 0.755027
vt 0.984183 0.684092
vt 0.991272 0.684092
vt 0.277342 0.660904
vt 0.270390 0.660904
vt 0.270390 0.633437
vt 0.277342 0.633437
vt 0.270390 0.630385
vt 0.277342 0.630385
vt 0.267578 0.633437
vt 0.267578 0.630385
vt 0.101165 0.773513
vt 0.101165 0.766560
vt 0.128632 0.766560
vt 0.128632 0.773513
vt 0.131684 0.766560
vt 0.131684 0.773513
vt 0.202619 0.766424
vt 0.202619 0.773513
vt 0.131684 0.776325
vt 0.128632 0.776325
vt 0.571102 0.628096
vt 0.564150 0.628096
vt 0.564150 0.600629
vt 0.571102 0.600629
vt 0.564150 0.597577
vt 0.571102 0.597577
vt 0.574050 0.597577
vt 0.574050 0.600629
vt 0.417944 0.765377
vt 0.417944 0.702804
vt 0.445411 0.702804
vt 0.445411 0.765377
vt 0.448463 0.702804
vt 0.448463 0.765377
vt 0.004883 0.639040
vt 0.067469 0.639040
vt 0.067469 0.666513
vt 0.004883 0.666513
vt 0.074423 0.639040
vt 0.074423 0.666513
vt 0.067469 0.669566
vt 0.004883 0.669566
vt 0.074423 0.669566
vt 0.077372 0.666513
vt 0.077372 0.669566
vt 0.738499 0.824065
vt 0.738499 0.831018
vt 0.667564 0.831018
vt 0.667564 0.823929
vt 0.316522 0.822309
vt 0.316522 0.829397
vt 0.245588 0.829397
vt 0.245588 0.822445
vt 0.004883 0.833749
vt 0.004883 0.826797
vt 0.075818 0.826660
vt 0.075818 0.833749
vt 0.983749 0.791490
vt 0.990837 0.791490
vt 0.990701 0.862424
vt 0.983749 0.862424
vt 0.703986 0.860894
vt 0.703986 0.865142
vt 0.641413 0.865142
vt 0.641413 0.860894
vt 0.552109 0.859681
vt 0.552109 0.863929
vt 0.489264 0.863929
vt 0.489264 0.859681
vt 0.283378 0.875449
vt 0.283378 0.882538
vt 0.258069 0.882402
vt 0.258069 0.875313
vt 0.596244 0.882137
vt 0.596244 0.875048
vt 0.621553 0.874639
vt 0.621553 0.881728
vt 0.310123 0.563980
vt 0.310123 0.571069
vt 0.284813 0.570660
vt 0.284813 0.563572
vt 0.175456 0.757275
vt 0.175456 0.750186
vt 0.200766 0.749777
vt 0.200766 0.756866
vt 0.251878 0.868284
vt 0.251878 0.875373
vt 0.226569 0.874964
vt 0.226569 0.867875
vt 0.319285 0.863875
vt 0.326374 0.863875
vt 0.326782 0.889185
vt 0.319694 0.889185
vt 0.180964 0.829407
vt 0.180964 0.836496
vt 0.124344 0.836496
vt 0.124344 0.829407
vt 0.513791 0.829965
vt 0.513791 0.837054
vt 0.457170 0.837054
vt 0.457170 0.829965
vt 0.450791 0.827771
vt 0.450791 0.834860
vt 0.394171 0.834860
vt 0.394171 0.827771
vt 0.604724 0.828182
vt 0.604724 0.835270
vt 0.548103 0.835270
vt 0.548103 0.828182
vt 0.801448 0.834920
vt 0.801448 0.842008
vt 0.744827 0.842008
vt 0.744827 0.834920
vt 0.243964 0.835341
vt 0.243964 0.842430
vt 0.187343 0.842430
vt 0.187343 0.835341
vt 0.042657 0.942388
vt 0.041732 0.942388
vt 0.041731 0.937929
vt 0.042657 0.937929
vt 0.042658 0.943075
vt 0.041732 0.943075
vt 0.042657 0.943791
vt 0.041732 0.943791
vt 0.041732 0.944261
vt 0.042657 0.944261
vt 0.307135 0.942712
vt 0.306210 0.942712
vt 0.306210 0.938261
vt 0.307135 0.938261
vt 0.307135 0.943398
vt 0.306210 0.943398
vt 0.307135 0.944113
vt 0.306209 0.944113
vt 0.306209 0.944582
vt 0.307135 0.944582
vt 0.714047 0.860895
vt 0.714047 0.862224
vt 0.713140 0.862224
vt 0.713140 0.860895
vt 0.714954 0.860895
vt 0.714954 0.862224
vt 0.712215 0.862223
vt 0.712215 0.860894
vt 0.715879 0.860894
vt 0.715879 0.862223
vt 0.711736 0.862223
vt 0.711736 0.860895
vt 0.716358 0.860895
vt 0.716358 0.862223
vt 0.710356 0.862214
vt 0.710356 0.860904
vt 0.717739 0.860904
vt 0.717739 0.862214
vt 0.526764 0.742154
vt 0.526764 0.741183
vt 0.526112 0.742155
vt 0.526112 0.741183
vt 0.590900 0.602017
vt 0.592164 0.602017
vt 0.592041 0.606112
vt 0.591039 0.606112
vt 0.590895 0.600700
vt 0.592187 0.600700
vt 0.592042 0.606782
vt 0.591040 0.606782
vt 0.592186 0.600235
vt 0.590895 0.600235
vt 0.592187 0.599338
vt 0.590895 0.599338
vt 0.590900 0.598458
vt 0.592164 0.598458
vt 0.590895 0.597578
vt 0.592187 0.597577
vt 0.738744 0.747417
vt 0.743301 0.747417
vt 0.743301 0.748364
vt 0.738744 0.748363
vt 0.738041 0.747417
vt 0.738041 0.748363
vt 0.737310 0.748363
vt 0.737310 0.747418
vt 0.736830 0.748363
vt 0.736830 0.747418
vt 0.736196 0.747417
vt 0.736196 0.748363
vt 0.748479 0.941134
vt 0.752930 0.941134
vt 0.752931 0.942059
vt 0.748479 0.942059
vt 0.747793 0.941134
vt 0.747793 0.942059
vt 0.747079 0.942059
vt 0.747079 0.941134
vt 0.746610 0.942059
vt 0.746610 0.941134
vt 0.931492 0.878814
vt 0.927368 0.878674
vt 0.927368 0.877664
vt 0.931492 0.877540
vt 0.926693 0.878673
vt 0.926693 0.877664
vt 0.932819 0.877518
vt 0.932819 0.878819
vt 0.933287 0.877518
vt 0.933287 0.878819
vt 0.934190 0.877518
vt 0.934191 0.878819
vt 0.336878 0.712127
vt 0.336878 0.711149
vt 0.341590 0.711149
vt 0.341590 0.712127
vt 0.336152 0.712128
vt 0.336152 0.711150
vt 0.335395 0.712127
vt 0.335395 0.711149
vt 0.334899 0.711149
vt 0.334899 0.712127
vt 0.334244 0.712127
vt 0.334244 0.711150
vt 0.330213 0.712250
vt 0.330213 0.711026
vt 0.328892 0.711026
vt 0.328892 0.712250
vt 0.328450 0.711026
vt 0.328450 0.712251
vt 0.327599 0.711026
vt 0.327599 0.712250
vt 0.326763 0.712250
vt 0.326763 0.711026
vt 0.325927 0.712250
vt 0.325927 0.711026
vt 0.325075 0.712251
vt 0.325075 0.711026
vt 0.324634 0.712250
vt 0.324634 0.711026
vt 0.889925 0.942343
vt 0.889925 0.941431
vt 0.894310 0.941432
vt 0.894310 0.942342
vt 0.889250 0.942343
vt 0.889250 0.941432
vt 0.591620 0.907387
vt 0.591620 0.906892
vt 0.592595 0.906892
vt 0.592595 0.907387
vt 0.592596 0.906139
vt 0.591621 0.906139
vt 0.592596 0.908039
vt 0.591621 0.908039
vt 0.008556 0.923264
vt 0.008556 0.921977
vt 0.009434 0.921977
vt 0.009433 0.923264
vt 0.007680 0.923264
vt 0.007679 0.921977
vt 0.010327 0.921978
vt 0.010327 0.923264
vt 0.006786 0.923264
vt 0.006786 0.921978
vt 0.010790 0.921977
vt 0.010790 0.923264
vt 0.006323 0.923264
vt 0.006323 0.921977
vt 0.317592 0.938262
vt 0.322053 0.938261
vt 0.322053 0.939188
vt 0.317592 0.939187
vt 0.316905 0.938261
vt 0.316905 0.939187
vt 0.316189 0.939187
vt 0.316189 0.938262
vt 0.315719 0.939187
vt 0.315719 0.938262
vt 0.905521 0.942338
vt 0.901137 0.942338
vt 0.901136 0.941427
vt 0.905521 0.941427
vt 0.906196 0.942338
vt 0.906196 0.941427
vt 0.259316 0.868006
vt 0.259316 0.868981
vt 0.258822 0.868981
vt 0.258822 0.868006
vt 0.259968 0.868982
vt 0.259968 0.868007
vt 0.258069 0.868982
vt 0.258069 0.868007
vt 0.912429 0.936103
vt 0.912429 0.934904
vt 0.913723 0.934905
vt 0.913723 0.936104
vt 0.917671 0.935024
vt 0.917671 0.935982
vt 0.918313 0.935025
vt 0.918313 0.935983
vt 0.939933 0.922332
vt 0.939933 0.921370
vt 0.944567 0.921370
vt 0.944567 0.922332
vt 0.939218 0.922332
vt 0.939218 0.921370
vt 0.938474 0.922332
vt 0.938474 0.921370
vt 0.937986 0.921370
vt 0.937986 0.922331
vt 0.937342 0.922332
vt 0.937342 0.921370
vt 0.933340 0.922446
vt 0.933340 0.921255
vt 0.932055 0.921255
vt 0.932055 0.922446
vt 0.931625 0.921256
vt 0.931625 0.922446
vt 0.930797 0.921255
vt 0.930797 0.922446
vt 0.929984 0.922446
vt 0.929984 0.921255
vt 0.929170 0.922446
vt 0.929170 0.921255
vt 0.928342 0.922446
vt 0.928342 0.921256
vt 0.927913 0.922446
vt 0.927913 0.921255
vt 0.926627 0.922446
vt 0.926627 0.921255
vt 0.922625 0.922332
vt 0.922625 0.921370
vt 0.921981 0.922331
vt 0.921981 0.921370
vt 0.921493 0.922332
vt 0.921493 0.921370
vt 0.920749 0.922332
vt 0.920749 0.921370
vt 0.920035 0.922332
vt 0.920035 0.921370
vt 0.915400 0.922332
vt 0.915400 0.921370
vt 0.241133 0.938226
vt 0.241133 0.939154
vt 0.236673 0.939153
vt 0.236673 0.938227
vt 0.241820 0.938227
vt 0.241820 0.939153
vt 0.242537 0.938227
vt 0.242537 0.939154
vt 0.243006 0.939154
vt 0.243006 0.938227
vt 0.184372 0.721605
vt 0.185594 0.721605
vt 0.185594 0.722438
vt 0.184372 0.722438
vt 0.184372 0.720772
vt 0.185594 0.720772
vt 0.185593 0.723287
vt 0.184371 0.723287
vt 0.184371 0.719923
vt 0.185593 0.719923
vt 0.185594 0.723727
vt 0.184372 0.723727
vt 0.184372 0.719483
vt 0.185594 0.719483
vt 0.184372 0.725044
vt 0.185594 0.725044
vt 0.184372 0.718167
vt 0.185594 0.718167
vt 0.185476 0.729144
vt 0.184489 0.729144
vt 0.184489 0.714067
vt 0.185476 0.714067
vt 0.185476 0.729804
vt 0.184489 0.729804
vt 0.184489 0.713406
vt 0.185476 0.713406
vt 0.184489 0.712906
vt 0.185476 0.712906
vt 0.184489 0.712144
vt 0.185476 0.712144
vt 0.184489 0.711412
vt 0.185476 0.711412
vt 0.479160 0.941673
vt 0.483539 0.941674
vt 0.483539 0.942583
vt 0.479160 0.942583
vt 0.226067 0.939143
vt 0.226067 0.938216
vt 0.230533 0.938215
vt 0.230533 0.939143
vt 0.225379 0.939143
vt 0.225379 0.938216
vt 0.224662 0.939143
vt 0.224662 0.938216
vt 0.224192 0.938216
vt 0.224192 0.939143
vt 0.179617 0.939362
vt 0.180543 0.939362
vt 0.180543 0.943819
vt 0.179617 0.943819
vt 0.179617 0.938675
vt 0.180543 0.938675
vt 0.179617 0.937959
vt 0.180543 0.937959
vt 0.180543 0.937490
vt 0.179617 0.937490
vt 0.672319 0.529798
vt 0.673656 0.529798
vt 0.673656 0.530711
vt 0.672319 0.530711
vt 0.672319 0.528885
vt 0.673656 0.528885
vt 0.673655 0.531641
vt 0.672318 0.531641
vt 0.672318 0.527955
vt 0.673655 0.527955
vt 0.673656 0.532124
vt 0.672319 0.532124
vt 0.672319 0.527473
vt 0.673656 0.527473
vt 0.673647 0.533513
vt 0.672328 0.533513
vt 0.672328 0.526084
vt 0.673647 0.526084
vt 0.198694 0.649570
vt 0.198694 0.648595
vt 0.198041 0.649571
vt 0.198041 0.648596
vt 0.864322 0.126862
vt 0.864322 0.128133
vt 0.860207 0.128009
vt 0.860207 0.127002
vt 0.865646 0.126857
vt 0.865645 0.128155
vt 0.859533 0.128010
vt 0.859533 0.127003
vt 0.866113 0.128155
vt 0.866113 0.126857
vt 0.867014 0.128155
vt 0.867014 0.126857
vt 0.867899 0.126862
vt 0.867899 0.128133
vt 0.868784 0.126857
vt 0.868784 0.128155
vt 0.086777 0.639169
vt 0.091346 0.639169
vt 0.091346 0.640118
vt 0.086777 0.640117
vt 0.086073 0.639168
vt 0.086073 0.640117
vt 0.085339 0.640117
vt 0.085339 0.639169
vt 0.084858 0.640117
vt 0.084858 0.639169
vt 0.084222 0.639168
vt 0.084222 0.640117
vt 0.682511 0.938292
vt 0.686968 0.938292
vt 0.686968 0.939219
vt 0.682511 0.939219
vt 0.681824 0.938292
vt 0.681824 0.939218
vt 0.681108 0.939219
vt 0.681108 0.938292
vt 0.680639 0.939219
vt 0.680639 0.938292
vt 0.089392 0.735040
vt 0.089251 0.739186
vt 0.088237 0.739186
vt 0.088112 0.735040
vt 0.089250 0.739865
vt 0.088236 0.739865
vt 0.088090 0.733707
vt 0.089397 0.733707
vt 0.088090 0.733236
vt 0.089398 0.733236
vt 0.088089 0.732327
vt 0.089397 0.732327
vt 0.005989 0.121417
vt 0.005007 0.121417
vt 0.005007 0.116687
vt 0.005989 0.116687
vt 0.005989 0.122146
vt 0.005007 0.122146
vt 0.005989 0.122905
vt 0.005007 0.122905
vt 0.005007 0.123404
vt 0.005989 0.123404
vt 0.005989 0.124061
vt 0.005007 0.124061
vt 0.006112 0.128108
vt 0.004883 0.128108
vt 0.004883 0.129435
vt 0.006112 0.129435
vt 0.004884 0.129878
vt 0.006113 0.129878
vt 0.004883 0.130733
vt 0.006112 0.130733
vt 0.006112 0.131572
vt 0.004883 0.131572
vt 0.006112 0.132411
vt 0.004883 0.132411
vt 0.006113 0.133266
vt 0.004884 0.133266
vt 0.006112 0.133709
vt 0.004883 0.133709
vt 0.472255 0.941298
vt 0.472255 0.942210
vt 0.467868 0.942210
vt 0.467868 0.941299
vt 0.472931 0.941298
vt 0.472931 0.942210
vt 0.736385 0.837092
vt 0.736881 0.837093
vt 0.736881 0.838071
vt 0.736385 0.838071
vt 0.737637 0.838072
vt 0.737637 0.837093
vt 0.735730 0.838072
vt 0.735730 0.837093
vt 0.105455 0.902824
vt 0.105455 0.901529
vt 0.106337 0.901530
vt 0.106337 0.902824
vt 0.104573 0.902824
vt 0.104573 0.901530
vt 0.107236 0.901530
vt 0.107236 0.902824
vt 0.103674 0.902824
vt 0.103674 0.901530
vt 0.107702 0.901530
vt 0.107702 0.902824
vt 0.103208 0.902824
vt 0.103208 0.901530
vt 0.376434 0.938148
vt 0.380901 0.938148
vt 0.380901 0.939076
vt 0.376434 0.939075
vt 0.375745 0.938148
vt 0.375745 0.939075
vt 0.375028 0.939075
vt 0.375028 0.938148
vt 0.374558 0.939075
vt 0.374558 0.938148
vt 0.759767 0.941142
vt 0.764154 0.941143
vt 0.764154 0.942054
vt 0.759767 0.942054
vt 0.759091 0.941142
vt 0.759091 0.942054
vt 0.363144 0.543715
vt 0.363144 0.542736
vt 0.363640 0.542736
vt 0.363640 0.543715
vt 0.362489 0.542735
vt 0.362489 0.543714
vt 0.364396 0.542736
vt 0.364396 0.543714
vt 0.691890 0.915908
vt 0.691890 0.917111
vt 0.690592 0.917111
vt 0.690592 0.915908
vt 0.686632 0.916990
vt 0.686632 0.916030
vt 0.685988 0.916990
vt 0.685988 0.916029
vt 0.066343 0.918088
vt 0.066343 0.917123
vt 0.070992 0.917123
vt 0.070992 0.918088
vt 0.065626 0.918088
vt 0.065626 0.917123
vt 0.064880 0.918088
vt 0.064880 0.917123
vt 0.064390 0.917123
vt 0.064390 0.918088
vt 0.063744 0.918088
vt 0.063744 0.917123
vt 0.059729 0.918202
vt 0.059729 0.917008
vt 0.058439 0.917008
vt 0.058439 0.918203
vt 0.058009 0.917009
vt 0.058009 0.918203
vt 0.057177 0.917008
vt 0.057178 0.918203
vt 0.056362 0.918202
vt 0.056362 0.917008
vt 0.055546 0.918203
vt 0.055546 0.917008
vt 0.054715 0.918203
vt 0.054715 0.917009
vt 0.054284 0.918203
vt 0.054284 0.917008
vt 0.052995 0.918202
vt 0.052995 0.917008
vt 0.048980 0.918088
vt 0.048980 0.917123
vt 0.048333 0.918088
vt 0.048333 0.917123
vt 0.047844 0.918088
vt 0.047844 0.917123
vt 0.047097 0.918088
vt 0.047097 0.917123
vt 0.046381 0.918088
vt 0.046381 0.917123
vt 0.041731 0.918088
vt 0.041731 0.917123
vt 0.028749 0.938857
vt 0.028749 0.937929
vt 0.033216 0.937929
vt 0.033216 0.938857
vt 0.028061 0.938857
vt 0.028061 0.937929
vt 0.027344 0.938857
vt 0.027344 0.937928
vt 0.026873 0.937928
vt 0.026873 0.938857
vt 0.366238 0.721649
vt 0.367465 0.721649
vt 0.367465 0.722486
vt 0.366237 0.722486
vt 0.366237 0.720812
vt 0.367465 0.720812
vt 0.367464 0.723338
vt 0.366237 0.723338
vt 0.366237 0.719960
vt 0.367464 0.719960
vt 0.367465 0.723780
vt 0.366237 0.723780
vt 0.366237 0.719518
vt 0.367465 0.719518
vt 0.366238 0.725102
vt 0.367465 0.725102
vt 0.366238 0.718196
vt 0.367465 0.718196
vt 0.367346 0.729220
vt 0.366355 0.729220
vt 0.366355 0.714078
vt 0.367346 0.714078
vt 0.367347 0.729883
vt 0.366356 0.729883
vt 0.366356 0.713415
vt 0.367347 0.713415
vt 0.366356 0.712913
vt 0.367347 0.712913
vt 0.366355 0.712147
vt 0.367346 0.712147
vt 0.366355 0.711412
vt 0.367346 0.711412
vt 0.855967 0.941431
vt 0.860348 0.941432
vt 0.860348 0.942342
vt 0.855967 0.942342
vt 0.086339 0.770690
vt 0.091409 0.770690
vt 0.091915 0.775032
vt 0.085834 0.775032
vt 0.086524 0.770020
vt 0.091225 0.770020
vt 0.085799 0.769323
vt 0.091950 0.769323
vt 0.085841 0.768866
vt 0.091908 0.768866
vt 0.086904 0.768262
vt 0.090844 0.768262
vt 0.085712 0.764507
vt 0.092036 0.764507
vt 0.086313 0.763305
vt 0.091436 0.763305
vt 0.087022 0.762903
vt 0.090726 0.762903
vt 0.086054 0.762128
vt 0.091695 0.762128
vt 0.085741 0.761368
vt 0.092008 0.761368
vt 0.086054 0.760607
vt 0.091695 0.760607
vt 0.087022 0.759832
vt 0.090726 0.759832
vt 0.086313 0.759431
vt 0.091436 0.759431
vt 0.085712 0.758228
vt 0.092036 0.758229
vt 0.086904 0.754473
vt 0.090844 0.754473
vt 0.085841 0.753869
vt 0.091908 0.753870
vt 0.085799 0.753412
vt 0.091950 0.753412
vt 0.086524 0.752715
vt 0.091225 0.752715
vt 0.086339 0.752046
vt 0.091409 0.752046
vt 0.085834 0.747704
vt 0.091915 0.747704
vt 0.129280 0.877671
vt 0.129280 0.882741
vt 0.124938 0.883247
vt 0.124938 0.877166
vt 0.129949 0.877856
vt 0.129949 0.882557
vt 0.130646 0.877131
vt 0.130646 0.883282
vt 0.131104 0.877173
vt 0.131104 0.883240
vt 0.131708 0.878237
vt 0.131708 0.882176
vt 0.135463 0.877044
vt 0.135463 0.883369
vt 0.136665 0.877645
vt 0.136665 0.882768
vt 0.137067 0.878354
vt 0.137067 0.882059
vt 0.137842 0.877386
vt 0.137842 0.883027
vt 0.138602 0.877073
vt 0.138602 0.883340
vt 0.139362 0.877386
vt 0.139362 0.883027
vt 0.140137 0.878354
vt 0.140137 0.882059
vt 0.140539 0.877645
vt 0.140539 0.882768
vt 0.141741 0.877044
vt 0.141741 0.883369
vt 0.145496 0.878237
vt 0.145496 0.882176
vt 0.146100 0.877173
vt 0.146100 0.883240
vt 0.146558 0.877131
vt 0.146558 0.883282
vt 0.147255 0.877856
vt 0.147255 0.882557
vt 0.147924 0.877671
vt 0.147924 0.882741
vt 0.152266 0.877166
vt 0.152266 0.883247
vt 0.463880 0.821641
vt 0.463880 0.817199
vt 0.468222 0.816555
vt 0.468222 0.822425
vt 0.463211 0.821479
vt 0.463211 0.817361
vt 0.462514 0.822115
vt 0.462514 0.816725
vt 0.462056 0.822078
vt 0.462056 0.816762
vt 0.461452 0.821146
vt 0.461452 0.817694
vt 0.457764 0.816372
vt 0.263435 0.902909
vt 0.263436 0.907589
vt 0.263854 0.903556
vt 0.263854 0.906941
vt 0.264662 0.902672
vt 0.264662 0.907825
vt 0.265455 0.902386
vt 0.265455 0.908296
vt 0.266248 0.902672
vt 0.266248 0.907825
vt 0.267056 0.903556
vt 0.267056 0.906941
vt 0.267475 0.902909
vt 0.267475 0.907589
vt 0.268661 0.908296
vt 0.922170 0.899902
vt 0.922170 0.896450
vt 0.921566 0.900834
vt 0.921566 0.895518
vt 0.921109 0.900871
vt 0.921109 0.895482
vt 0.920412 0.900236
vt 0.920412 0.896117
vt 0.919743 0.900398
vt 0.919743 0.895955
vt 0.915400 0.901182
vt 0.915400 0.895312
vt 0.153071 0.903837
vt 0.153071 0.899395
vt 0.157413 0.898563
vt 0.157413 0.904645
vt 0.152401 0.903675
vt 0.152401 0.899556
vt 0.151704 0.904310
vt 0.151704 0.898921
vt 0.151247 0.904273
vt 0.151247 0.898958
vt 0.150643 0.903342
vt 0.150643 0.899890
vt 0.011289 0.916026
vt 0.010071 0.915493
vt 0.010071 0.910947
vt 0.009664 0.914864
vt 0.009664 0.911577
vt 0.008880 0.915723
vt 0.008880 0.910718
vt 0.008109 0.916001
vt 0.008109 0.910440
vt 0.007339 0.915723
vt 0.007339 0.910718
vt 0.006554 0.914864
vt 0.006554 0.911577
vt 0.006147 0.915493
vt 0.006147 0.910947
vt 0.416542 0.902589
vt 0.412827 0.901508
vt 0.412827 0.898057
vt 0.412223 0.902440
vt 0.412223 0.897125
vt 0.411766 0.902477
vt 0.411766 0.897088
vt 0.411069 0.901842
vt 0.411069 0.897723
vt 0.410400 0.902004
vt 0.410400 0.897562
vt 0.406057 0.902812
vt 0.406057 0.896730
vt 0.068283 0.890368
vt 0.068283 0.885926
vt 0.072625 0.885119
vt 0.072625 0.891058
vt 0.067614 0.890207
vt 0.067614 0.886088
vt 0.066917 0.890842
vt 0.066917 0.885453
vt 0.066460 0.890805
vt 0.066460 0.885489
vt 0.065856 0.889873
vt 0.065856 0.886421
vt 0.062106 0.890923
vt 0.062106 0.885372
vt 0.060902 0.890395
vt 0.060902 0.885899
vt 0.060499 0.889773
vt 0.060499 0.886522
vt 0.059723 0.890622
vt 0.059723 0.885672
vt 0.058961 0.890897
vt 0.058961 0.885397
vt 0.058200 0.890622
vt 0.058200 0.885672
vt 0.057423 0.889773
vt 0.057423 0.886522
vt 0.057021 0.890395
vt 0.057021 0.885899
vt 0.055817 0.890923
vt 0.055817 0.885372
vt 0.052067 0.889873
vt 0.052067 0.886421
vt 0.051463 0.890805
vt 0.051463 0.885489
vt 0.051006 0.890842
vt 0.051006 0.885453
vt 0.050309 0.890207
vt 0.050309 0.886088
vt 0.049640 0.890368
vt 0.049640 0.885926
vt 0.045297 0.891058
vt 0.045297 0.885119
vt 0.816329 0.773351
vt 0.816329 0.777793
vt 0.811987 0.778437
vt 0.811987 0.772567
vt 0.816998 0.773512
vt 0.816998 0.777631
vt 0.817695 0.772877
vt 0.817695 0.778267
vt 0.818153 0.772914
vt 0.818153 0.778230
vt 0.818756 0.773846
vt 0.818756 0.777298
vt 0.822445 0.778620
vt 0.819731 0.624161
vt 0.819731 0.628841
vt 0.820150 0.624809
vt 0.820150 0.628193
vt 0.820958 0.623924
vt 0.820958 0.629078
vt 0.821751 0.623639
vt 0.821751 0.629548
vt 0.822544 0.623924
vt 0.822544 0.629078
vt 0.823352 0.624809
vt 0.823352 0.628193
vt 0.823770 0.624161
vt 0.823770 0.628841
vt 0.824957 0.629548
vt 0.641051 0.898899
vt 0.641051 0.895447
vt 0.640447 0.899831
vt 0.640447 0.894515
vt 0.639990 0.899867
vt 0.639990 0.894478
vt 0.639293 0.899232
vt 0.639293 0.895113
vt 0.638623 0.899394
vt 0.638623 0.894952
vt 0.634281 0.900178
vt 0.634281 0.894308
vt 0.136429 0.903844
vt 0.136429 0.899402
vt 0.140772 0.898571
vt 0.140772 0.904652
vt 0.135760 0.903683
vt 0.135760 0.899563
vt 0.135063 0.904318
vt 0.135063 0.898928
vt 0.134606 0.904281
vt 0.134606 0.898965
vt 0.134002 0.903349
vt 0.134002 0.899897
vt 0.644253 0.918972
vt 0.643035 0.918439
vt 0.643035 0.913893
vt 0.642629 0.917809
vt 0.642629 0.914522
vt 0.641844 0.918668
vt 0.641844 0.913663
vt 0.641074 0.918946
vt 0.641074 0.913385
vt 0.640303 0.918668
vt 0.640303 0.913663
vt 0.639518 0.917809
vt 0.639518 0.914522
vt 0.639112 0.918439
vt 0.639112 0.913893
vt 0.347218 0.896301
vt 0.350933 0.897382
vt 0.350933 0.900834
vt 0.351537 0.896450
vt 0.351537 0.901765
vt 0.351994 0.896413
vt 0.351994 0.901802
vt 0.352692 0.897048
vt 0.352691 0.901167
vt 0.353361 0.896887
vt 0.353361 0.901329
vt 0.357703 0.896079
vt 0.357703 0.902160
vt 0.559796 0.886594
vt 0.559796 0.882152
vt 0.564138 0.881345
vt 0.564138 0.887284
vt 0.559127 0.886433
vt 0.559127 0.882314
vt 0.558430 0.887068
vt 0.558430 0.881679
vt 0.557973 0.887031
vt 0.557973 0.881715
vt 0.557369 0.886099
vt 0.557369 0.882647
vt 0.553619 0.887149
vt 0.553619 0.881598
vt 0.552415 0.886621
vt 0.552415 0.882125
vt 0.552013 0.885999
vt 0.552013 0.882748
vt 0.551236 0.886849
vt 0.551236 0.881898
vt 0.550475 0.887123
vt 0.550475 0.881623
vt 0.549713 0.886849
vt 0.549713 0.881898
vt 0.548936 0.885999
vt 0.548936 0.882748
vt 0.548534 0.886621
vt 0.548534 0.882125
vt 0.547330 0.887149
vt 0.547330 0.881598
vt 0.543580 0.886099
vt 0.543580 0.882647
vt 0.542976 0.887031
vt 0.542976 0.881715
vt 0.542519 0.887068
vt 0.542519 0.881679
vt 0.541822 0.886433
vt 0.541822 0.882314
vt 0.541153 0.886594
vt 0.541153 0.882152
vt 0.536810 0.887284
vt 0.536811 0.881345
vt 0.554895 0.899343
vt 0.559337 0.899343
vt 0.559981 0.903685
vt 0.554111 0.903685
vt 0.555056 0.898673
vt 0.559175 0.898673
vt 0.554421 0.897976
vt 0.559811 0.897976
vt 0.554458 0.897519
vt 0.559774 0.897519
vt 0.555390 0.896915
vt 0.558842 0.896915
vt 0.560164 0.893227
vt 0.580215 0.906803
vt 0.580215 0.911483
vt 0.580634 0.907450
vt 0.580634 0.910835
vt 0.581442 0.906566
vt 0.581442 0.911720
vt 0.582235 0.906280
vt 0.582235 0.912190
vt 0.583028 0.906566
vt 0.583028 0.911720
vt 0.583836 0.907450
vt 0.583836 0.910835
vt 0.584255 0.906803
vt 0.584254 0.911483
vt 0.585441 0.912190
vt 0.320706 0.899900
vt 0.320706 0.896448
vt 0.320102 0.900832
vt 0.320102 0.895516
vt 0.319644 0.900868
vt 0.319644 0.895479
vt 0.318947 0.900233
vt 0.318947 0.896114
vt 0.318278 0.900395
vt 0.318278 0.895953
vt 0.313936 0.901179
vt 0.313936 0.895309
vt 0.035393 0.903419
vt 0.035393 0.898977
vt 0.039735 0.898146
vt 0.039735 0.904227
vt 0.034724 0.903258
vt 0.034724 0.899139
vt 0.034026 0.903893
vt 0.034026 0.898504
vt 0.033569 0.903856
vt 0.033569 0.898540
vt 0.032965 0.902924
vt 0.032965 0.899472
vt 0.795808 0.918952
vt 0.794590 0.918419
vt 0.794590 0.913873
vt 0.794183 0.917790
vt 0.794183 0.914502
vt 0.793399 0.918648
vt 0.793399 0.913643
vt 0.792628 0.918926
vt 0.792628 0.913365
vt 0.791858 0.918648
vt 0.791858 0.913643
vt 0.791073 0.917790
vt 0.791073 0.914502
vt 0.790666 0.918419
vt 0.790667 0.913873
vt 0.667564 0.895636
vt 0.671278 0.896716
vt 0.671278 0.900168
vt 0.671882 0.895784
vt 0.671882 0.901100
vt 0.672340 0.895748
vt 0.672340 0.901137
vt 0.673037 0.896383
vt 0.673037 0.900502
vt 0.673706 0.896221
vt 0.673706 0.900663
vt 0.678048 0.895413
vt 0.678048 0.901495
vt 0.816548 0.885239
vt 0.816548 0.880797
vt 0.820890 0.879989
vt 0.820890 0.885928
vt 0.815879 0.885077
vt 0.815879 0.880958
vt 0.815182 0.885712
vt 0.815182 0.880323
vt 0.814724 0.885675
vt 0.814724 0.880360
vt 0.814120 0.884744
vt 0.814120 0.881292
vt 0.810371 0.885793
vt 0.810371 0.880242
vt 0.809167 0.885266
vt 0.809166 0.880769
vt 0.808764 0.884643
vt 0.808764 0.881392
vt 0.807988 0.885493
vt 0.807988 0.880542
vt 0.807226 0.885767
vt 0.807226 0.880267
vt 0.806464 0.885493
vt 0.806464 0.880542
vt 0.805688 0.884643
vt 0.805688 0.881392
vt 0.805286 0.885266
vt 0.805286 0.880769
vt 0.804081 0.885793
vt 0.804081 0.880242
vt 0.800332 0.884744
vt 0.800332 0.881292
vt 0.799728 0.885675
vt 0.799728 0.880360
vt 0.799271 0.885712
vt 0.799271 0.880323
vt 0.798573 0.885077
vt 0.798574 0.880958
vt 0.797904 0.885239
vt 0.797904 0.880797
vt 0.793562 0.885928
vt 0.793562 0.879989
vt 0.636658 0.802265
vt 0.754936 0.802265
vt 0.754939 0.808770
vt 0.636660 0.808770
vt 0.879388 0.146722
vt 0.850024 0.146722
vt 0.850024 0.145158
vt 0.879388 0.145158
vt 0.975428 0.682385
vt 0.975428 0.657229
vt 0.976991 0.657229
vt 0.976991 0.682385
vt 0.279464 0.917846
vt 0.279465 0.888482
vt 0.281028 0.888482
vt 0.281028 0.917846
vt 0.993038 0.899870
vt 0.993038 0.925026
vt 0.991475 0.925026
vt 0.991475 0.899870
vt 0.021524 0.923368
vt 0.021524 0.898212
vt 0.023088 0.898212
vt 0.023088 0.923368
vt 0.745421 0.913160
vt 0.770577 0.913160
vt 0.770577 0.914724
vt 0.745421 0.914724
vt 0.698753 0.541680
vt 0.680045 0.541664
vt 0.681336 0.540374
vt 0.697464 0.540389
vt 0.681355 0.518234
vt 0.680066 0.516943
vt 0.698775 0.516959
vt 0.697483 0.518248
vt 0.852998 0.120919
vt 0.853012 0.137047
vt 0.850042 0.139215
vt 0.850024 0.118757
vt 0.875152 0.137028
vt 0.878126 0.139190
vt 0.875138 0.120900
vt 0.878109 0.118733
vt 0.531249 0.264043
vt 0.532605 0.264172
vt 0.531629 0.274426
vt 0.530273 0.274297
vt 0.647900 0.661606
vt 0.645573 0.640359
vt 0.646928 0.640210
vt 0.649255 0.661458
vt 0.939798 0.520455
vt 0.947283 0.554643
vt 0.939768 0.554636
vt 0.947313 0.520461
vt 0.445588 0.782173
vt 0.411416 0.771320
vt 0.445597 0.771350
vt 0.411406 0.782142
vt 0.698461 0.777940
vt 0.647356 0.777896
vt 0.647362 0.770987
vt 0.698468 0.771031
vt 0.151994 0.892621
vt 0.117813 0.892636
vt 0.117806 0.889338
vt 0.152032 0.889308
vt 0.816749 0.847952
vt 0.850930 0.847982
vt 0.850967 0.851294
vt 0.816741 0.851264
vt 0.986479 0.016694
vt 0.986476 0.050875
vt 0.984387 0.056014
vt 0.984343 0.004909
vt 0.986476 0.056013
vt 0.986471 0.004908
vt 0.901731 0.722812
vt 0.901582 0.724166
vt 0.880335 0.721840
vt 0.880483 0.720485
vt 0.968084 0.198006
vt 0.967107 0.187752
vt 0.968464 0.187623
vt 0.969440 0.197877
vt 0.691357 0.909965
vt 0.650328 0.909932
vt 0.650328 0.908882
vt 0.691357 0.908947
vt 0.384112 0.910376
vt 0.384112 0.911398
vt 0.363412 0.911415
vt 0.343059 0.911431
vt 0.343058 0.910424
vt 0.494945 0.935717
vt 0.479160 0.935730
vt 0.479160 0.935159
vt 0.494945 0.935146
vt 0.097931 0.935494
vt 0.082146 0.935481
vt 0.082146 0.934910
vt 0.097931 0.934922
vt 0.650328 0.923040
vt 0.668003 0.923054
vt 0.668003 0.923625
vt 0.650328 0.923611
vt 0.686003 0.923068
vt 0.686003 0.923640
vt 0.181570 0.924447
vt 0.199245 0.924433
vt 0.199245 0.925004
vt 0.181570 0.925018
vt 0.163570 0.924461
vt 0.163570 0.925032
vt 0.905954 0.935475
vt 0.889844 0.935488
vt 0.889844 0.934917
vt 0.905954 0.934904
vt 0.770446 0.935199
vt 0.754336 0.935187
vt 0.754336 0.934615
vt 0.770446 0.934628
vt 0.328220 0.909060
vt 0.287191 0.909028
vt 0.287191 0.907977
vt 0.328220 0.908043
vt 0.738928 0.911131
vt 0.738928 0.912153
vt 0.718228 0.912170
vt 0.697875 0.912186
vt 0.697875 0.911179
vt 0.652442 0.936669
vt 0.636658 0.936681
vt 0.636658 0.936110
vt 0.652442 0.936097
vt 0.833977 0.936619
vt 0.849760 0.936632
vt 0.849760 0.937203
vt 0.833977 0.937190
vt 0.457170 0.921718
vt 0.474845 0.921732
vt 0.474845 0.922303
vt 0.457170 0.922289
vt 0.492845 0.921746
vt 0.492845 0.922318
vt 0.100146 0.921866
vt 0.117821 0.921852
vt 0.117821 0.922423
vt 0.100146 0.922437
vt 0.082146 0.921881
vt 0.082146 0.922452
vt 0.181463 0.564143
vt 0.165353 0.564155
vt 0.165353 0.563584
vt 0.181463 0.563572
vt 0.374547 0.481684
vt 0.374535 0.497795
vt 0.373963 0.497795
vt 0.373976 0.481685
vt 0.509491 0.908605
vt 0.468462 0.908573
vt 0.468463 0.907522
vt 0.509492 0.907588
vt 0.153510 0.910587
vt 0.153510 0.911610
vt 0.132810 0.911626
vt 0.112458 0.911642
vt 0.112457 0.910635
vt 0.674432 0.936669
vt 0.658649 0.936681
vt 0.658649 0.936110
vt 0.674432 0.936097
vt 0.827770 0.937197
vt 0.811987 0.937184
vt 0.811987 0.936613
vt 0.827770 0.936625
vt 0.266983 0.923784
vt 0.284659 0.923799
vt 0.284659 0.924370
vt 0.266983 0.924356
vt 0.302659 0.923813
vt 0.302659 0.924384
vt 0.057949 0.924152
vt 0.075624 0.924138
vt 0.075624 0.924709
vt 0.057949 0.924723
vt 0.039948 0.924167
vt 0.039948 0.924738
vt 0.702693 0.932336
vt 0.686582 0.932349
vt 0.686582 0.931778
vt 0.702693 0.931765
vt 0.805512 0.931992
vt 0.789402 0.931980
vt 0.789402 0.931408
vt 0.805512 0.931421
vt 0.751259 0.656613
vt 0.751226 0.697644
vt 0.750176 0.697644
vt 0.750242 0.656612
vt 0.574254 0.092179
vt 0.574253 0.091157
vt 0.594957 0.091140
vt 0.615314 0.092652
vt 0.615313 0.091124
vt 0.442048 0.935814
vt 0.426265 0.935827
vt 0.426265 0.935256
vt 0.442048 0.935243
vt 0.020666 0.936409
vt 0.004883 0.936397
vt 0.004883 0.935825
vt 0.020666 0.935838
vt 0.911240 0.794985
vt 0.928915 0.794999
vt 0.928915 0.795570
vt 0.911240 0.795556
vt 0.946915 0.795013
vt 0.946915 0.795584
vt 0.402066 0.924371
vt 0.419741 0.924357
vt 0.419741 0.924928
vt 0.402066 0.924942
vt 0.384067 0.924385
vt 0.384067 0.924957
vt 0.946963 0.935471
vt 0.930853 0.935484
vt 0.930853 0.934913
vt 0.946963 0.934900
vt 0.725277 0.934901
vt 0.709167 0.934888
vt 0.709167 0.934317
vt 0.725277 0.934330
vt 0.438172 0.909855
vt 0.397142 0.909822
vt 0.397143 0.908772
vt 0.438172 0.908837
vt 0.985399 0.187718
vt 0.984376 0.187718
vt 0.984359 0.167013
vt 0.984343 0.146656
vt 0.985703 0.146655
vt 0.546914 0.936811
vt 0.562700 0.936799
vt 0.562700 0.937370
vt 0.546914 0.937382
vt 0.250937 0.936829
vt 0.266722 0.936842
vt 0.266722 0.937413
vt 0.250937 0.937401
vt 0.220031 0.924440
vt 0.237706 0.924454
vt 0.237706 0.925025
vt 0.220031 0.925011
vt 0.255706 0.924468
vt 0.255706 0.925039
vt 0.887042 0.795000
vt 0.904718 0.794986
vt 0.904718 0.795557
vt 0.887042 0.795571
vt 0.869042 0.795015
vt 0.869042 0.795586
vt 0.590362 0.218155
vt 0.574253 0.218168
vt 0.574253 0.217596
vt 0.590362 0.217584
vt 0.880324 0.246277
vt 0.880312 0.262385
vt 0.879740 0.262385
vt 0.879753 0.246277
vt 0.843508 0.910501
vt 0.802477 0.910469
vt 0.802478 0.909418
vt 0.843508 0.909484
vt 0.643848 0.906205
vt 0.643848 0.907228
vt 0.623141 0.907244
vt 0.602782 0.907261
vt 0.602781 0.906046
vt 0.516936 0.935717
vt 0.501151 0.935730
vt 0.501151 0.935159
vt 0.516936 0.935146
vt 0.583763 0.936775
vt 0.599549 0.936787
vt 0.599549 0.937358
vt 0.583763 0.937346
vt 0.826845 0.923567
vt 0.844523 0.923581
vt 0.844523 0.924152
vt 0.826845 0.924138
vt 0.862525 0.923595
vt 0.862525 0.924166
vt 0.564322 0.923756
vt 0.582000 0.923742
vt 0.582000 0.924313
vt 0.564322 0.924327
vt 0.546320 0.923771
vt 0.546320 0.924342
vt 0.614074 0.931631
vt 0.630184 0.931618
vt 0.630184 0.932190
vt 0.614074 0.932202
vt 0.118400 0.931221
vt 0.134511 0.931234
vt 0.134511 0.931805
vt 0.118400 0.931792
vt 0.891054 0.910510
vt 0.850024 0.910477
vt 0.850024 0.909427
vt 0.891055 0.909492
vt 0.557081 0.909631
vt 0.557081 0.910654
vt 0.536372 0.910671
vt 0.516010 0.910687
vt 0.516009 0.909618
vt 0.871754 0.935476
vt 0.855967 0.935488
vt 0.855967 0.934917
vt 0.871754 0.934904
vt 0.783199 0.629337
vt 0.767412 0.629325
vt 0.767412 0.628753
vt 0.783199 0.628766
vt 0.110694 0.564171
vt 0.093017 0.564157
vt 0.093017 0.563586
vt 0.110694 0.563600
vt 0.075014 0.564143
vt 0.075014 0.563572
vt 0.911682 0.556349
vt 0.894004 0.556363
vt 0.894004 0.555791
vt 0.911682 0.555778
vt 0.929685 0.556334
vt 0.929685 0.555763
vt 0.472686 0.935347
vt 0.456576 0.935359
vt 0.456576 0.934788
vt 0.472686 0.934776
vt 0.747862 0.934912
vt 0.731752 0.934899
vt 0.731752 0.934328
vt 0.747862 0.934341
vt 0.492919 0.450229
vt 0.488780 0.371309
vt 0.181274 0.842439
vt 0.448636 0.450229
vt 0.444899 0.371309
vt 0.181274 0.846937
vt 0.379814 0.450229
vt 0.376701 0.371309
vt 0.333771 0.450229
vt 0.331077 0.371309
vt 0.266561 0.450229
vt 0.264476 0.371309
vt 0.219609 0.450229
vt 0.217951 0.371309
vt 0.135282 0.450229
vt 0.134390 0.371309
vt 0.088770 0.450229
vt 0.088300 0.371309
vt 0.036977 0.450229
vt 0.036977 0.371309
vt 0.832713 0.048616
vt 0.753865 0.044474
vt 0.810672 0.852043
vt 0.832713 0.009409
vt 0.832713 0.092525
vt 0.754003 0.088785
vt 0.731752 0.852043
vt 0.832713 0.160767
vt 0.754216 0.157652
vt 0.832713 0.206421
vt 0.754359 0.203725
vt 0.832713 0.273065
vt 0.754568 0.270980
vt 0.832713 0.319621
vt 0.754714 0.317962
vt 0.832713 0.403236
vt 0.754976 0.402343
vt 0.832713 0.449356
vt 0.755121 0.448885
vt 0.755282 0.500713
vt 0.832713 0.500713
vt 0.020819 0.341199
vt 0.014392 0.354478
vt 0.063189 0.341199
vt 0.058129 0.354478
vt 0.737128 0.793825
vt 0.737128 0.786041
vt 0.129039 0.341199
vt 0.126103 0.354478
vt 0.730962 0.793825
vt 0.173093 0.341199
vt 0.171578 0.354478
vt 0.760900 0.642588
vt 0.767066 0.642588
vt 0.782647 0.697650
vt 0.703914 0.786041
vt 0.237400 0.341199
vt 0.237960 0.354478
vt 0.782647 0.642588
vt 0.757308 0.697650
vt 0.757308 0.642588
vt 0.711376 0.793825
vt 0.695375 0.786041
vt 0.282323 0.341199
vt 0.284333 0.354478
vt 0.767066 0.635499
vt 0.782647 0.635499
vt 0.786653 0.642588
vt 0.760900 0.635499
vt 0.757308 0.635499
vt 0.706004 0.793825
vt 0.363008 0.341199
vt 0.367621 0.354478
vt 0.786653 0.635499
vt 0.792024 0.642588
vt 0.757308 0.632422
vt 0.760900 0.632422
vt 0.666104 0.793825
vt 0.653745 0.786041
vt 0.407510 0.341199
vt 0.413559 0.354478
vt 0.831925 0.642588
vt 0.661057 0.793825
vt 0.457067 0.341199
vt 0.464715 0.354478
vt 0.831925 0.635499
vt 0.792024 0.635499
vt 0.811177 0.635499
vt 0.836972 0.642588
vt 0.642438 0.793825
vt 0.630715 0.786041
vt 0.855591 0.642588
vt 0.861452 0.697922
vt 0.855591 0.635499
vt 0.836972 0.635499
vt 0.861452 0.642861
vt 0.455205 0.696861
vt 0.448778 0.683582
vt 0.411469 0.696861
vt 0.406408 0.683582
vt 0.343494 0.696861
vt 0.340559 0.683582
vt 0.298019 0.696861
vt 0.296505 0.683582
vt 0.231637 0.696861
vt 0.232197 0.683582
vt 0.185264 0.696861
vt 0.187274 0.683582
vt 0.101976 0.696861
vt 0.106590 0.683582
vt 0.056038 0.696861
vt 0.062087 0.683582
vt 0.012531 0.683582
vt 0.004883 0.696861
vt 0.977903 0.005627
vt 0.616377 0.510273
vt 0.617173 0.510999
vt 0.978400 0.004901
vt 0.977571 0.006113
vt 0.615844 0.509788
vt 0.619323 0.510273
vt 0.620194 0.510999
vt 0.978281 0.043079
vt 0.977922 0.074808
vt 0.977085 0.006822
vt 0.615066 0.509078
vt 0.618740 0.509788
vt 0.977681 0.096036
vt 0.627054 0.510273
vt 0.628336 0.510999
vt 0.977942 0.152287
vt 0.978148 0.085836
vt 0.976746 0.007317
vt 0.614523 0.508583
vt 0.617889 0.509078
vt 0.977329 0.127022
vt 0.626197 0.509788
vt 0.977804 0.196743
vt 0.645095 0.510273
vt 0.647334 0.510999
vt 0.976138 0.008207
vt 0.613547 0.507693
vt 0.617295 0.508583
vt 0.977084 0.148668
vt 0.624945 0.509078
vt 0.977602 0.261638
vt 0.643597 0.509788
vt 0.701854 0.510273
vt 0.705355 0.510999
vt 0.567342 0.507203
vt 0.613008 0.507203
vt 0.616228 0.507693
vt 0.976643 0.187546
vt 0.624071 0.508583
vt 0.977462 0.306972
vt 0.641410 0.509078
vt 0.699511 0.509788
vt 0.705355 0.510416
vt 0.975428 0.009244
vt 0.612409 0.506656
vt 0.615639 0.507203
vt 0.976400 0.208989
vt 0.622501 0.507693
vt 0.977209 0.388394
vt 0.639882 0.508583
vt 0.696092 0.509078
vt 0.705355 0.509565
vt 0.711216 0.510689
vt 0.711216 0.511272
vt 0.614983 0.506656
vt 0.976129 0.232868
vt 0.621635 0.507203
vt 0.977069 0.433303
vt 0.637139 0.507693
vt 0.693703 0.508583
vt 0.705355 0.508970
vt 0.711216 0.509837
vt 0.729835 0.510416
vt 0.729835 0.510999
vt 0.711216 0.569365
vt 0.705355 0.569093
vt 0.620671 0.506656
vt 0.976914 0.483312
vt 0.635626 0.507203
vt 0.689413 0.507693
vt 0.705355 0.507902
vt 0.711216 0.509242
vt 0.729835 0.509565
vt 0.730978 0.510016
vt 0.729835 0.569093
vt 0.633941 0.506656
vt 0.687047 0.507203
vt 0.705355 0.507312
vt 0.711216 0.508174
vt 0.729835 0.508970
vt 0.731777 0.509329
vt 0.746312 0.510016
vt 0.734883 0.510999
vt 0.734883 0.569093
vt 0.729835 0.576182
vt 0.711216 0.576454
vt 0.684412 0.506656
vt 0.705355 0.506656
vt 0.711216 0.507585
vt 0.729835 0.507902
vt 0.733211 0.508095
vt 0.754296 0.509329
vt 0.783690 0.510016
vt 0.781606 0.510999
vt 0.774783 0.569093
vt 0.711216 0.506929
vt 0.729835 0.507312
vt 0.734002 0.507414
vt 0.768636 0.508095
vt 0.785145 0.509329
vt 0.792830 0.510016
vt 0.790807 0.510999
vt 0.780236 0.569093
vt 0.774783 0.576182
vt 0.734883 0.576182
vt 0.729835 0.506656
vt 0.734882 0.506656
vt 0.776545 0.507414
vt 0.787759 0.508095
vt 0.794243 0.509329
vt 0.794519 0.510016
vt 0.792634 0.510999
vt 0.784225 0.569093
vt 0.785353 0.506656
vt 0.789201 0.507414
vt 0.796782 0.508095
vt 0.801086 0.510016
vt 0.799741 0.510999
vt 0.799741 0.569093
vt 0.784225 0.576182
vt 0.780236 0.576182
vt 0.790807 0.506656
vt 0.798182 0.507414
vt 0.799741 0.506656
vt 0.805683 0.506656
vt 0.805907 0.510999
vt 0.805907 0.569093
vt 0.799741 0.576182
vt 0.808699 0.506656
vt 0.809019 0.510999
vt 0.892130 0.506656
vt 0.969485 0.684699
vt 0.966632 0.642524
vt 0.969485 0.646521
vt 0.966764 0.600155
vt 0.969485 0.603763
vt 0.966971 0.534306
vt 0.969485 0.537311
vt 0.967109 0.490252
vt 0.969485 0.492854
vt 0.967310 0.425946
vt 0.969485 0.427958
vt 0.967451 0.381023
vt 0.969485 0.382623
vt 0.967704 0.300339
vt 0.969485 0.301201
vt 0.967844 0.255837
vt 0.969485 0.256291
vt 0.967999 0.206281
vt 0.969485 0.206281
vt 0.054712 0.816374
vt 0.054712 0.820717
vt 0.057582 0.816374
vt 0.057582 0.820717
vt 0.064900 0.816374
vt 0.064900 0.820717
vt 0.081972 0.816374
vt 0.081972 0.820717
vt 0.289157 0.577087
vt 0.135341 0.820717
vt 0.289429 0.582948
vt 0.285086 0.582948
vt 0.289157 0.601567
vt 0.284813 0.595037
vt 0.347250 0.577087
vt 0.347523 0.582948
vt 0.289157 0.657085
vt 0.284813 0.635886
vt 0.347250 0.601567
vt 0.289157 0.662539
vt 0.347250 0.606614
vt 0.347250 0.646515
vt 0.354339 0.601567
vt 0.354612 0.582948
vt 0.289157 0.664366
vt 0.284813 0.643164
vt 0.347250 0.651968
vt 0.354339 0.646515
vt 0.354339 0.606614
vt 0.289157 0.671473
vt 0.284813 0.671473
vt 0.347250 0.655957
vt 0.289157 0.677639
vt 0.187343 0.852716
vt 0.347250 0.671473
vt 0.354339 0.655957
vt 0.354339 0.651968
vt 0.190042 0.848373
vt 0.190042 0.852716
vt 0.347250 0.677639
vt 0.354339 0.671473
vt 0.726997 0.857986
vt 0.795348 0.857986
vt 0.795348 0.862481
vt 0.801288 0.858071
vt 0.801288 0.862573
vt 0.119095 0.633097
vt 0.114047 0.633097
vt 0.114047 0.570524
vt 0.119095 0.570524
vt 0.095428 0.632824
vt 0.095428 0.570252
vt 0.169565 0.633097
vt 0.158995 0.570524
vt 0.089567 0.633097
vt 0.089567 0.570524
vt 0.119095 0.563572
vt 0.158995 0.563572
vt 0.164449 0.570524
vt 0.175019 0.633097
vt 0.068624 0.633097
vt 0.068624 0.570524
vt 0.183953 0.570524
vt 0.183953 0.633097
vt 0.018153 0.633097
vt 0.026183 0.570524
vt 0.004883 0.633097
vt 0.004883 0.570524
vt 0.026183 0.563572
vt 0.068624 0.563572
vt 0.372180 0.468071
vt 0.434753 0.467570
vt 0.434753 0.475741
vt 0.372180 0.475741
vt 0.423373 0.871352
vt 0.383473 0.871352
vt 0.383473 0.865542
vt 0.423373 0.865542
vt 0.503772 0.789113
vt 0.461330 0.789113
vt 0.461330 0.783303
vt 0.503772 0.783303
vt 0.681313 0.876439
vt 0.641413 0.876439
vt 0.641413 0.871086
vt 0.681313 0.871086
vt 0.752797 0.873777
vt 0.710356 0.873777
vt 0.710356 0.868424
vt 0.752797 0.868424
vt 0.372854 0.879413
vt 0.332954 0.879413
vt 0.332954 0.874742
vt 0.372854 0.874742
vt 0.118643 0.879176
vt 0.076203 0.879176
vt 0.076203 0.874505
vt 0.118643 0.874505
vt 0.093235 0.648583
vt 0.093235 0.669883
vt 0.086283 0.669883
vt 0.086283 0.648583
vt 0.093235 0.675356
vt 0.086283 0.675356
vt 0.083335 0.669883
vt 0.083335 0.648583
vt 0.155808 0.669883
vt 0.155808 0.675785
vt 0.083335 0.675356
vt 0.193399 0.568619
vt 0.200352 0.568619
vt 0.200079 0.587238
vt 0.193126 0.587238
vt 0.190315 0.587238
vt 0.190587 0.568619
vt 0.193399 0.593099
vt 0.190587 0.593099
vt 0.193399 0.563572
vt 0.190587 0.563572
vt 0.193399 0.614042
vt 0.190587 0.614042
vt 0.200352 0.593099
vt 0.200352 0.614042
vt 0.935009 0.487743
vt 0.935009 0.494695
vt 0.915505 0.494695
vt 0.915505 0.487743
vt 0.915505 0.484931
vt 0.935009 0.484931
vt 0.910051 0.487743
vt 0.910051 0.484931
vt 0.942679 0.487743
vt 0.942679 0.484931
vt 0.388500 0.846664
vt 0.388227 0.840803
vt 0.450801 0.840803
vt 0.451073 0.846664
vt 0.382131 0.840755
vt 0.381858 0.846617
vt 0.319285 0.846617
vt 0.319557 0.840755
vt 0.686582 0.895476
vt 0.686582 0.888387
vt 0.705201 0.888387
vt 0.705201 0.895476
vt 0.602781 0.895160
vt 0.602781 0.888071
vt 0.621400 0.888071
vt 0.621400 0.895160
vt 0.808266 0.715398
vt 0.808266 0.721564
vt 0.745421 0.721564
vt 0.745421 0.715398
vt 0.250342 0.841507
vt 0.250342 0.835341
vt 0.313187 0.835341
vt 0.313187 0.841507
vt 0.574253 0.325448
vt 0.574253 0.318359
vt 0.614154 0.318359
vt 0.614154 0.325448
vt 0.574253 0.433674
vt 0.574253 0.426586
vt 0.614154 0.426586
vt 0.614154 0.433674
vt 0.661026 0.889471
vt 0.661026 0.882382
vt 0.680612 0.882382
vt 0.680612 0.889471
vt 0.940362 0.877518
vt 0.947451 0.877518
vt 0.947451 0.897104
vt 0.940362 0.897104
vt 0.059945 0.866883
vt 0.973924 0.806239
vt 0.067034 0.870475
vt 0.059945 0.870475
vt 0.977461 0.806239
vt 0.070110 0.870475
vt 0.004883 0.866883
vt 0.004883 0.870475
vt 0.966513 0.748438
vt 0.970050 0.748438
vt 0.974237 0.690635
vt 0.977774 0.690635
vt 0.570093 0.902645
vt 0.570093 0.881345
vt 0.573041 0.881345
vt 0.573041 0.902645
vt 0.570093 0.908118
vt 0.573041 0.908118
vt 0.163268 0.890407
vt 0.158221 0.890407
vt 0.158221 0.887595
vt 0.163268 0.887595
vt 0.181886 0.890135
vt 0.181886 0.887323
vt 0.187748 0.890407
vt 0.187748 0.887595
vt 0.208691 0.890407
vt 0.208691 0.887595
vt 0.265790 0.893426
vt 0.273460 0.893426
vt 0.273460 0.896238
vt 0.265790 0.896238
vt 0.246286 0.893426
vt 0.246286 0.896238
vt 0.240833 0.893426
vt 0.240833 0.896238
vt 0.008155 0.362093
vt 0.045988 0.362093
vt 0.042977 0.365366
vt 0.004883 0.365366
vt 0.088358 0.362093
vt 0.085639 0.365366
vt 0.008155 0.278627
vt 0.004883 0.281822
vt 0.154209 0.362093
vt 0.151945 0.365366
vt 0.400876 0.857259
vt 0.400915 0.853987
vt 0.198263 0.362093
vt 0.196303 0.365366
vt 0.407829 0.857259
vt 0.407829 0.853987
vt 0.262572 0.362093
vt 0.261055 0.365366
vt 0.307496 0.362093
vt 0.306289 0.365366
vt 0.388181 0.362093
vt 0.387532 0.365366
vt 0.432685 0.362093
vt 0.432342 0.365366
vt 0.482242 0.362093
vt 0.482242 0.365366
vt 0.417042 0.791999
vt 0.414030 0.788727
vt 0.451863 0.788727
vt 0.264572 0.858660
vt 0.374379 0.791999
vt 0.371660 0.788727
vt 0.635458 0.855653
vt 0.632185 0.852458
vt 0.308074 0.791999
vt 0.305809 0.788727
vt 0.572885 0.857157
vt 0.572846 0.853885
vt 0.263715 0.791999
vt 0.261755 0.788727
vt 0.565933 0.857157
vt 0.565933 0.853885
vt 0.198963 0.791999
vt 0.887232 0.814713
vt 0.843514 0.817986
vt 0.842308 0.814713
vt 0.762272 0.817986
vt 0.761623 0.814713
vt 0.717462 0.817986
vt 0.717120 0.814713
vt 0.667564 0.814713
vt 0.667564 0.817986
vt 0.483309 0.858312
vt 0.420736 0.859599
vt 0.420703 0.856326
vt 0.480037 0.855106
vt 0.413784 0.859599
vt 0.413784 0.856327
vt 0.376047 0.810431
vt 0.882118 0.889187
vt 0.630300 0.801215
vt 0.628571 0.797942
vt 0.378124 0.797943
vt 0.378124 0.801215
vt 0.164926 0.857373
vt 0.876097 0.889188
vt 0.872891 0.885915
vt 0.164960 0.854100
vt 0.228510 0.810431
vt 0.231782 0.807158
vt 0.171879 0.857373
vt 0.171879 0.854100
vt 0.006612 0.797942
vt 0.004883 0.801215
vt 0.257058 0.797943
vt 0.257058 0.801215
vt 0.632450 0.561527
vt 0.632451 0.562494
vt 0.631311 0.562494
vt 0.631309 0.561528
vt 0.596839 0.218552
vt 0.596838 0.217585
vt 0.597978 0.217584
vt 0.597980 0.218551
vt 0.838138 0.716412
vt 0.838137 0.715652
vt 0.839331 0.715650
vt 0.839331 0.716411
vt 0.577225 0.621983
vt 0.577225 0.621223
vt 0.578421 0.621222
vt 0.578421 0.621982
vt 0.606349 0.589144
vt 0.607489 0.589145
vt 0.607488 0.590111
vt 0.606347 0.590111
vt 0.216417 0.517432
vt 0.215277 0.517431
vt 0.215278 0.516463
vt 0.216418 0.516464
vt 0.851213 0.703747
vt 0.852407 0.703749
vt 0.852406 0.704509
vt 0.851213 0.704507
vt 0.246182 0.613597
vt 0.246183 0.612401
vt 0.246943 0.612401
vt 0.246942 0.613597
vt 0.599761 0.597577
vt 0.599763 0.598544
vt 0.598622 0.598544
vt 0.598621 0.597578
vt 0.685989 0.548587
vt 0.685988 0.547619
vt 0.687128 0.547618
vt 0.687130 0.548586
vt 0.807232 0.739069
vt 0.807992 0.739068
vt 0.807994 0.740262
vt 0.807233 0.740262
vt 0.564745 0.485724
vt 0.564744 0.484964
vt 0.565940 0.484963
vt 0.565940 0.485723
vt 0.735913 0.602760
vt 0.737054 0.602760
vt 0.737052 0.603726
vt 0.735912 0.603726
vt 0.565885 0.526426
vt 0.564744 0.526426
vt 0.564745 0.525458
vt 0.565886 0.525459
vt 0.925672 0.745397
vt 0.925670 0.746591
vt 0.924910 0.746590
vt 0.924911 0.745396
vt 0.278443 0.611827
vt 0.278442 0.613022
vt 0.277681 0.613022
vt 0.277683 0.611826
vt 0.604560 0.847035
vt 0.542754 0.847092
vt 0.725809 0.843086
vt 0.724329 0.836961
vt 0.664003 0.843143
vt 0.663998 0.837014
vt 0.886380 0.562432
vt 0.947192 0.562488
vt 0.947090 0.679027
vt 0.886278 0.678971
vt 0.716240 0.903012
vt 0.684205 0.902982
vt 0.684205 0.901419
vt 0.716240 0.901449
vt 0.458359 0.567216
vt 0.470167 0.567205
vt 0.470167 0.568768
vt 0.458359 0.568779
vt 0.532443 0.349946
vt 0.532431 0.361753
vt 0.530867 0.361753
vt 0.530879 0.349946
vt 0.216404 0.526251
vt 0.184371 0.526282
vt 0.184371 0.524718
vt 0.216404 0.524688
vt 0.661542 0.500129
vt 0.649734 0.500117
vt 0.649734 0.498554
vt 0.661542 0.498565
vt 0.470840 0.353454
vt 0.482647 0.353442
vt 0.482647 0.355006
vt 0.470840 0.355018
vt 0.168184 0.675038
vt 0.168184 0.674092
vt 0.172742 0.674091
vt 0.172742 0.675038
vt 0.167482 0.675038
vt 0.167482 0.674092
vt 0.166750 0.675038
vt 0.166750 0.674092
vt 0.166270 0.674092
vt 0.166270 0.675037
vt 0.165636 0.675038
vt 0.165636 0.674092
vt 0.469475 0.915615
vt 0.469475 0.914642
vt 0.474157 0.914642
vt 0.474157 0.915615
vt 0.468753 0.915615
vt 0.468753 0.914642
vt 0.468002 0.915615
vt 0.468002 0.914641
vt 0.467509 0.914641
vt 0.467509 0.915615
vt 0.466857 0.915615
vt 0.466857 0.914642
vt 0.462881 0.915750
vt 0.462881 0.914523
vt 0.461601 0.915755
vt 0.461601 0.914501
vt 0.461150 0.914501
vt 0.461150 0.915755
vt 0.460278 0.914501
vt 0.460278 0.915755
vt 0.459423 0.915750
vt 0.459423 0.914523
vt 0.458568 0.915755
vt 0.458568 0.914501
vt 0.457697 0.915755
vt 0.457697 0.914501
vt 0.457245 0.915755
vt 0.457245 0.914501
vt 0.455966 0.915750
vt 0.455965 0.914523
vt 0.451989 0.915615
vt 0.451989 0.914642
vt 0.451338 0.915615
vt 0.451338 0.914641
vt 0.450844 0.915615
vt 0.450844 0.914641
vt 0.450093 0.915615
vt 0.450093 0.914642
vt 0.449371 0.915615
vt 0.449371 0.914642
vt 0.444689 0.915615
vt 0.444689 0.914642
vt 0.451822 0.778899
vt 0.453151 0.778899
vt 0.453150 0.779806
vt 0.451821 0.779806
vt 0.451821 0.777992
vt 0.453150 0.777992
vt 0.453150 0.780731
vt 0.451821 0.780731
vt 0.451821 0.777067
vt 0.453150 0.777067
vt 0.453150 0.781210
vt 0.451821 0.781210
vt 0.451821 0.776588
vt 0.453150 0.776588
vt 0.453141 0.782591
vt 0.451830 0.782591
vt 0.451830 0.775208
vt 0.453141 0.775208
vt 0.841831 0.757317
vt 0.841831 0.752759
vt 0.842778 0.752759
vt 0.842777 0.757317
vt 0.841831 0.758019
vt 0.842777 0.758019
vt 0.842777 0.758751
vt 0.841831 0.758751
vt 0.842777 0.759231
vt 0.841832 0.759231
vt 0.841831 0.759865
vt 0.842777 0.759865
vt 0.547989 0.916726
vt 0.547989 0.917689
vt 0.543348 0.917689
vt 0.543348 0.916725
vt 0.548704 0.916725
vt 0.548704 0.917688
vt 0.549449 0.916726
vt 0.549449 0.917689
vt 0.549937 0.917689
vt 0.549937 0.916726
vt 0.550583 0.916725
vt 0.550583 0.917688
vt 0.554553 0.916605
vt 0.554553 0.917810
vt 0.555854 0.917810
vt 0.555854 0.916604
vt 0.556289 0.917810
vt 0.556289 0.916604
vt 0.557128 0.917810
vt 0.557127 0.916604
vt 0.557951 0.916605
vt 0.557951 0.917810
vt 0.558774 0.916604
vt 0.558774 0.917810
vt 0.559613 0.916604
vt 0.559613 0.917810
vt 0.560047 0.916604
vt 0.560047 0.917810
vt 0.561349 0.916605
vt 0.561349 0.917810
vt 0.565319 0.916725
vt 0.565319 0.917688
vt 0.565964 0.916726
vt 0.565964 0.917689
vt 0.566453 0.916726
vt 0.566453 0.917689
vt 0.567198 0.916725
vt 0.567198 0.917688
vt 0.567913 0.916726
vt 0.567913 0.917689
vt 0.572553 0.916725
vt 0.572553 0.917689
vt 0.694163 0.872160
vt 0.694163 0.871213
vt 0.698717 0.871213
vt 0.698717 0.872159
vt 0.693461 0.872159
vt 0.693461 0.871213
vt 0.692730 0.872159
vt 0.692730 0.871213
vt 0.692251 0.871213
vt 0.692251 0.872159
vt 0.691617 0.872160
vt 0.691617 0.871213
vt 0.356835 0.932305
vt 0.356835 0.931019
vt 0.357712 0.931019
vt 0.357712 0.932305
vt 0.355958 0.932305
vt 0.355958 0.931019
vt 0.358606 0.931019
vt 0.358606 0.932306
vt 0.355065 0.932306
vt 0.355065 0.931019
vt 0.359069 0.931019
vt 0.359069 0.932305
vt 0.354602 0.932305
vt 0.354602 0.931019
vt 0.535476 0.900656
vt 0.540030 0.900656
vt 0.540030 0.901602
vt 0.535476 0.901602
vt 0.534774 0.900656
vt 0.534774 0.901602
vt 0.534043 0.901603
vt 0.534043 0.900656
vt 0.533564 0.901603
vt 0.533564 0.900656
vt 0.532931 0.900655
vt 0.532931 0.901602
vt 0.750100 0.920783
vt 0.750100 0.921754
vt 0.745421 0.921754
vt 0.745421 0.920783
vt 0.750821 0.920783
vt 0.750821 0.921754
vt 0.751572 0.920783
vt 0.751572 0.921754
vt 0.752064 0.921754
vt 0.752064 0.920783
vt 0.752715 0.920783
vt 0.752715 0.921754
vt 0.756755 0.920668
vt 0.756755 0.921870
vt 0.758052 0.921870
vt 0.758052 0.920667
vt 0.758486 0.921869
vt 0.758486 0.920667
vt 0.759322 0.921870
vt 0.759322 0.920668
vt 0.760143 0.920668
vt 0.760143 0.921870
vt 0.760964 0.920668
vt 0.760964 0.921870
vt 0.761800 0.920667
vt 0.761800 0.921869
vt 0.762233 0.920667
vt 0.762233 0.921870
vt 0.763531 0.920668
vt 0.763531 0.921870
vt 0.767571 0.920783
vt 0.767571 0.921754
vt 0.768222 0.920783
vt 0.768221 0.921754
vt 0.768714 0.920783
vt 0.768714 0.921754
vt 0.769465 0.920783
vt 0.769465 0.921754
vt 0.770186 0.920783
vt 0.770186 0.921754
vt 0.164641 0.917422
vt 0.164641 0.918386
vt 0.160004 0.918386
vt 0.160004 0.917423
vt 0.165355 0.917422
vt 0.165355 0.918386
vt 0.166100 0.917423
vt 0.166100 0.918386
vt 0.166588 0.918386
vt 0.166588 0.917423
vt 0.167233 0.917422
vt 0.167233 0.918386
vt 0.171237 0.917308
vt 0.171237 0.918501
vt 0.172523 0.917308
vt 0.172523 0.918501
vt 0.172953 0.918501
vt 0.172953 0.917307
vt 0.173781 0.918501
vt 0.173782 0.917308
vt 0.174595 0.917308
vt 0.174595 0.918501
vt 0.175409 0.917308
vt 0.175409 0.918501
vt 0.176237 0.917307
vt 0.176237 0.918501
vt 0.176667 0.917308
vt 0.176667 0.918501
vt 0.177953 0.917308
vt 0.177953 0.918501
vt 0.181957 0.917422
vt 0.181957 0.918386
vt 0.182602 0.917423
vt 0.182602 0.918386
vt 0.183091 0.917423
vt 0.183091 0.918386
vt 0.183835 0.917422
vt 0.183835 0.918386
vt 0.184550 0.917422
vt 0.184550 0.918386
vt 0.189186 0.917423
vt 0.189187 0.918386
vt 0.882327 0.942905
vt 0.877957 0.942905
vt 0.877957 0.941998
vt 0.882327 0.941998
vt 0.270410 0.732441
vt 0.270410 0.731495
vt 0.274967 0.731495
vt 0.274967 0.732441
vt 0.269707 0.732441
vt 0.269707 0.731495
vt 0.268976 0.732441
vt 0.268976 0.731495
vt 0.268495 0.731495
vt 0.268495 0.732441
vt 0.267862 0.732441
vt 0.267862 0.731495
vt 0.922357 0.915286
vt 0.922357 0.914313
vt 0.927039 0.914313
vt 0.927039 0.915286
vt 0.921635 0.915286
vt 0.921635 0.914313
vt 0.920883 0.915286
vt 0.920883 0.914312
vt 0.920390 0.914312
vt 0.920390 0.915286
vt 0.919739 0.915286
vt 0.919739 0.914313
vt 0.915762 0.915421
vt 0.915762 0.914194
vt 0.914483 0.915426
vt 0.914483 0.914172
vt 0.914031 0.914172
vt 0.914031 0.915427
vt 0.913160 0.914172
vt 0.913160 0.915426
vt 0.912305 0.915421
vt 0.912305 0.914194
vt 0.911450 0.915426
vt 0.911449 0.914172
vt 0.910578 0.915427
vt 0.910578 0.914172
vt 0.910127 0.915426
vt 0.910127 0.914172
vt 0.908847 0.915421
vt 0.908847 0.914194
vt 0.904870 0.915286
vt 0.904870 0.914313
vt 0.904219 0.915286
vt 0.904219 0.914312
vt 0.903726 0.915286
vt 0.903726 0.914312
vt 0.902974 0.915286
vt 0.902974 0.914313
vt 0.902253 0.915286
vt 0.902253 0.914313
vt 0.897570 0.915286
vt 0.897570 0.914313
vt 0.917184 0.742459
vt 0.918513 0.742459
vt 0.918513 0.743366
vt 0.917184 0.743367
vt 0.917184 0.741552
vt 0.918513 0.741552
vt 0.918512 0.744291
vt 0.917183 0.744291
vt 0.917183 0.740627
vt 0.918512 0.740627
vt 0.918513 0.744770
vt 0.917184 0.744770
vt 0.917184 0.740148
vt 0.918513 0.740148
vt 0.918504 0.746151
vt 0.917193 0.746151
vt 0.917193 0.738768
vt 0.918504 0.738768
vt 0.647485 0.755651
vt 0.647484 0.751093
vt 0.648431 0.751093
vt 0.648430 0.755651
vt 0.647484 0.756353
vt 0.648430 0.756353
vt 0.648431 0.757085
vt 0.647485 0.757085
vt 0.648431 0.757565
vt 0.647485 0.757565
vt 0.647484 0.758199
vt 0.648430 0.758199
vt 0.843966 0.916552
vt 0.843966 0.917516
vt 0.839326 0.917516
vt 0.839326 0.916552
vt 0.844681 0.916552
vt 0.844681 0.917515
vt 0.845426 0.916552
vt 0.845426 0.917516
vt 0.845915 0.917516
vt 0.845915 0.916553
vt 0.846560 0.916552
vt 0.846560 0.917515
vt 0.850530 0.916432
vt 0.850530 0.917637
vt 0.851832 0.917637
vt 0.851832 0.916431
vt 0.852266 0.917637
vt 0.852266 0.916431
vt 0.853105 0.917637
vt 0.853105 0.916431
vt 0.853928 0.916432
vt 0.853928 0.917637
vt 0.854752 0.916431
vt 0.854752 0.917637
vt 0.855590 0.916431
vt 0.855590 0.917637
vt 0.856025 0.916431
vt 0.856025 0.917637
vt 0.857326 0.916432
vt 0.857326 0.917637
vt 0.861296 0.916552
vt 0.861296 0.917515
vt 0.861942 0.916553
vt 0.861942 0.917516
vt 0.862430 0.916552
vt 0.862430 0.917516
vt 0.863175 0.916552
vt 0.863175 0.917515
vt 0.863890 0.916552
vt 0.863890 0.917516
vt 0.868531 0.916552
vt 0.868531 0.917516
vt 0.858199 0.869590
vt 0.858199 0.868644
vt 0.862752 0.868644
vt 0.862752 0.869590
vt 0.857497 0.869590
vt 0.857497 0.868644
vt 0.856766 0.869590
vt 0.856766 0.868643
vt 0.856286 0.868643
vt 0.856286 0.869590
vt 0.855653 0.869591
vt 0.855653 0.868644
vt 0.343166 0.932305
vt 0.343166 0.931019
vt 0.344043 0.931019
vt 0.344043 0.932305
vt 0.342289 0.932305
vt 0.342289 0.931019
vt 0.344936 0.931019
vt 0.344936 0.932306
vt 0.341395 0.932306
vt 0.341395 0.931019
vt 0.345399 0.931019
vt 0.345399 0.932305
vt 0.340932 0.932305
vt 0.340932 0.931019
vt 0.418987 0.877423
vt 0.423541 0.877423
vt 0.423541 0.878369
vt 0.418987 0.878369
vt 0.418285 0.877423
vt 0.418285 0.878369
vt 0.417554 0.878370
vt 0.417554 0.877423
vt 0.417074 0.878370
vt 0.417074 0.877423
vt 0.416441 0.877422
vt 0.416441 0.878369
vt 0.516527 0.921601
vt 0.516527 0.922572
vt 0.511849 0.922572
vt 0.511849 0.921601
vt 0.517248 0.921601
vt 0.517248 0.922572
vt 0.517999 0.921601
vt 0.517999 0.922572
vt 0.518492 0.922572
vt 0.518492 0.921601
vt 0.519142 0.921601
vt 0.519142 0.922572
vt 0.523182 0.921486
vt 0.523182 0.922688
vt 0.524480 0.922688
vt 0.524480 0.921485
vt 0.524913 0.922687
vt 0.524913 0.921485
vt 0.525749 0.922688
vt 0.525749 0.921486
vt 0.526570 0.921486
vt 0.526570 0.922688
vt 0.527391 0.921486
vt 0.527391 0.922688
vt 0.528227 0.921485
vt 0.528227 0.922687
vt 0.528661 0.921485
vt 0.528661 0.922688
vt 0.529958 0.921486
vt 0.529958 0.922688
vt 0.533998 0.921601
vt 0.533998 0.922572
vt 0.534649 0.921601
vt 0.534649 0.922572
vt 0.535141 0.921601
vt 0.535141 0.922572
vt 0.535892 0.921601
vt 0.535892 0.922572
vt 0.536613 0.921601
vt 0.536613 0.922572
vt 0.200300 0.917430
vt 0.200300 0.918394
vt 0.195664 0.918393
vt 0.195664 0.917430
vt 0.201015 0.917430
vt 0.201015 0.918393
vt 0.201759 0.917430
vt 0.201759 0.918394
vt 0.202248 0.918394
vt 0.202248 0.917430
vt 0.202893 0.917430
vt 0.202893 0.918393
vt 0.206897 0.917315
vt 0.206897 0.918509
vt 0.208183 0.917315
vt 0.208183 0.918509
vt 0.208612 0.918508
vt 0.208612 0.917315
vt 0.209441 0.918509
vt 0.209441 0.917315
vt 0.210255 0.917315
vt 0.210255 0.918509
vt 0.211068 0.917315
vt 0.211068 0.918509
vt 0.211897 0.917315
vt 0.211897 0.918508
vt 0.212327 0.917315
vt 0.212327 0.918509
vt 0.213613 0.917315
vt 0.213613 0.918509
vt 0.217617 0.917430
vt 0.217617 0.918393
vt 0.218262 0.917430
vt 0.218262 0.918394
vt 0.218750 0.917430
vt 0.218750 0.918394
vt 0.219495 0.917430
vt 0.219495 0.918393
vt 0.220209 0.917430
vt 0.220209 0.918394
vt 0.224846 0.917430
vt 0.224846 0.918393
vt 0.430040 0.942677
vt 0.425670 0.942677
vt 0.425670 0.941770
vt 0.430040 0.941770
vt 0.209788 0.732441
vt 0.209788 0.731495
vt 0.214345 0.731495
vt 0.214345 0.732441
vt 0.209085 0.732441
vt 0.209085 0.731495
vt 0.208354 0.732441
vt 0.208354 0.731495
vt 0.207874 0.731495
vt 0.207874 0.732441
vt 0.207240 0.732441
vt 0.207240 0.731495
vt 0.505135 0.915658
vt 0.505135 0.914685
vt 0.509817 0.914685
vt 0.509817 0.915658
vt 0.504413 0.915658
vt 0.504413 0.914685
vt 0.503662 0.915658
vt 0.503662 0.914684
vt 0.503168 0.914684
vt 0.503168 0.915658
vt 0.502517 0.915658
vt 0.502517 0.914685
vt 0.498540 0.915793
vt 0.498540 0.914566
vt 0.497261 0.915798
vt 0.497261 0.914544
vt 0.496809 0.914544
vt 0.496809 0.915798
vt 0.495938 0.914544
vt 0.495938 0.915798
vt 0.495083 0.915793
vt 0.495083 0.914566
vt 0.494228 0.915798
vt 0.494228 0.914544
vt 0.493357 0.915798
vt 0.493357 0.914544
vt 0.492905 0.915798
vt 0.492905 0.914544
vt 0.491625 0.915793
vt 0.491625 0.914566
vt 0.487649 0.915658
vt 0.487649 0.914685
vt 0.486998 0.915658
vt 0.486998 0.914684
vt 0.486504 0.915658
vt 0.486504 0.914684
vt 0.485753 0.915658
vt 0.485753 0.914685
vt 0.485031 0.915658
vt 0.485031 0.914685
vt 0.480349 0.915658
vt 0.480349 0.914685
vt 0.860847 0.847953
vt 0.860847 0.849281
vt 0.859940 0.849281
vt 0.859940 0.847952
vt 0.861755 0.847952
vt 0.861754 0.849281
vt 0.859015 0.849280
vt 0.859015 0.847952
vt 0.862679 0.847952
vt 0.862679 0.849280
vt 0.858536 0.849281
vt 0.858536 0.847952
vt 0.863158 0.847952
vt 0.863158 0.849281
vt 0.857156 0.849272
vt 0.857156 0.847961
vt 0.864539 0.847961
vt 0.864539 0.849272
vt 0.329249 0.749905
vt 0.333806 0.749905
vt 0.333806 0.750852
vt 0.329249 0.750851
vt 0.328546 0.749905
vt 0.328546 0.750851
vt 0.327815 0.750851
vt 0.327815 0.749905
vt 0.327334 0.750851
vt 0.327334 0.749906
vt 0.326701 0.749905
vt 0.326701 0.750851
vt 0.806523 0.916552
vt 0.806523 0.917515
vt 0.801883 0.917516
vt 0.801883 0.916552
vt 0.807238 0.916552
vt 0.807238 0.917515
vt 0.807983 0.916552
vt 0.807983 0.917515
vt 0.808472 0.917515
vt 0.808472 0.916552
vt 0.809117 0.916552
vt 0.809117 0.917515
vt 0.813087 0.916431
vt 0.813087 0.917637
vt 0.814389 0.917636
vt 0.814389 0.916431
vt 0.814823 0.917636
vt 0.814823 0.916430
vt 0.815662 0.917637
vt 0.815662 0.916431
vt 0.816485 0.916431
vt 0.816485 0.917637
vt 0.817309 0.916431
vt 0.817309 0.917637
vt 0.818147 0.916430
vt 0.818147 0.917636
vt 0.818582 0.916431
vt 0.818582 0.917636
vt 0.819883 0.916431
vt 0.819883 0.917637
vt 0.823853 0.916552
vt 0.823853 0.917515
vt 0.824499 0.916552
vt 0.824499 0.917515
vt 0.824987 0.916552
vt 0.824987 0.917515
vt 0.825732 0.916552
vt 0.825732 0.917515
vt 0.826447 0.916552
vt 0.826447 0.917515
vt 0.831088 0.916552
vt 0.831088 0.917516
vt 0.985386 0.869442
vt 0.985386 0.868495
vt 0.989940 0.868495
vt 0.989940 0.869441
vt 0.984684 0.869441
vt 0.984684 0.868495
vt 0.983953 0.869441
vt 0.983953 0.868495
vt 0.983473 0.868495
vt 0.983473 0.869441
vt 0.982840 0.869442
vt 0.982840 0.868495
vt 0.313449 0.932309
vt 0.313449 0.931022
vt 0.314326 0.931022
vt 0.314326 0.932309
vt 0.312572 0.932309
vt 0.312572 0.931022
vt 0.315220 0.931023
vt 0.315220 0.932309
vt 0.311678 0.932309
vt 0.311678 0.931023
vt 0.315683 0.931023
vt 0.315683 0.932309
vt 0.311215 0.932309
vt 0.311215 0.931023
vt 0.169367 0.877259
vt 0.173921 0.877259
vt 0.173921 0.878205
vt 0.169367 0.878205
vt 0.168666 0.877259
vt 0.168666 0.878205
vt 0.167934 0.878205
vt 0.167934 0.877259
vt 0.167455 0.878205
vt 0.167455 0.877259
vt 0.166822 0.877258
vt 0.166822 0.878205
vt 0.446351 0.922669
vt 0.446351 0.921698
vt 0.451029 0.921698
vt 0.451029 0.922669
vt 0.445630 0.922669
vt 0.445630 0.921698
vt 0.444879 0.922669
vt 0.444879 0.921698
vt 0.444386 0.921698
vt 0.444386 0.922669
vt 0.443736 0.922669
vt 0.443736 0.921698
vt 0.439696 0.922784
vt 0.439696 0.921582
vt 0.438398 0.921583
vt 0.438398 0.922785
vt 0.437965 0.921583
vt 0.437965 0.922785
vt 0.437129 0.921583
vt 0.437129 0.922785
vt 0.436308 0.922784
vt 0.436308 0.921582
vt 0.435487 0.922785
vt 0.435487 0.921583
vt 0.434651 0.922785
vt 0.434651 0.921583
vt 0.434217 0.922785
vt 0.434217 0.921583
vt 0.432920 0.922784
vt 0.432920 0.921582
vt 0.428880 0.922669
vt 0.428880 0.921698
vt 0.428229 0.922669
vt 0.428229 0.921698
vt 0.427737 0.922669
vt 0.427737 0.921698
vt 0.426986 0.922669
vt 0.426986 0.921698
vt 0.426265 0.922669
vt 0.426265 0.921698
vt 0.235960 0.917430
vt 0.235960 0.918394
vt 0.231324 0.918394
vt 0.231324 0.917431
vt 0.236675 0.917430
vt 0.236675 0.918394
vt 0.237419 0.917430
vt 0.237419 0.918394
vt 0.237908 0.918394
vt 0.237908 0.917430
vt 0.238553 0.917430
vt 0.238553 0.918394
vt 0.242557 0.917316
vt 0.242557 0.918509
vt 0.243843 0.917315
vt 0.243843 0.918509
vt 0.244272 0.918508
vt 0.244272 0.917315
vt 0.245101 0.918509
vt 0.245101 0.917315
vt 0.245915 0.917316
vt 0.245915 0.918509
vt 0.246728 0.917315
vt 0.246728 0.918509
vt 0.247557 0.917315
vt 0.247557 0.918508
vt 0.247987 0.917315
vt 0.247987 0.918509
vt 0.249273 0.917316
vt 0.249273 0.918509
vt 0.253277 0.917430
vt 0.253277 0.918394
vt 0.253922 0.917430
vt 0.253922 0.918394
vt 0.254410 0.917430
vt 0.254410 0.918394
vt 0.255155 0.917430
vt 0.255155 0.918394
vt 0.255869 0.917430
vt 0.255869 0.918394
vt 0.260506 0.917431
vt 0.260506 0.918394
vt 0.774753 0.942802
vt 0.770383 0.942802
vt 0.770383 0.941896
vt 0.774753 0.941896
vt 0.888233 0.900398
vt 0.888233 0.895956
vt 0.892576 0.895312
vt 0.892576 0.901182
vt 0.887564 0.900237
vt 0.887564 0.896117
vt 0.886867 0.900872
vt 0.886867 0.895482
vt 0.886410 0.900835
vt 0.886410 0.895519
vt 0.885806 0.899903
vt 0.885806 0.896451
vt 0.882118 0.895129
vt 0.839938 0.704321
vt 0.839938 0.709001
vt 0.840357 0.704968
vt 0.840357 0.708353
vt 0.841165 0.704084
vt 0.841165 0.709237
vt 0.841958 0.703798
vt 0.841958 0.709707
vt 0.842751 0.704084
vt 0.842751 0.709237
vt 0.843559 0.704968
vt 0.843559 0.708353
vt 0.843978 0.704321
vt 0.843978 0.709001
vt 0.845164 0.709708
vt 0.592910 0.898854
vt 0.592910 0.895402
vt 0.592306 0.899785
vt 0.592306 0.894469
vt 0.591849 0.899822
vt 0.591849 0.894433
vt 0.591151 0.899187
vt 0.591152 0.895068
vt 0.590482 0.899349
vt 0.590482 0.894906
vt 0.586140 0.900133
vt 0.586140 0.894263
vt 0.370002 0.903630
vt 0.370002 0.899188
vt 0.374344 0.898356
vt 0.374344 0.904438
vt 0.369333 0.903468
vt 0.369333 0.899349
vt 0.368636 0.904103
vt 0.368636 0.898714
vt 0.368178 0.904066
vt 0.368178 0.898751
vt 0.367574 0.903135
vt 0.367574 0.899683
vt 0.035657 0.915961
vt 0.034439 0.915428
vt 0.034439 0.910882
vt 0.034032 0.914799
vt 0.034032 0.911512
vt 0.033247 0.915658
vt 0.033247 0.910652
vt 0.032477 0.915935
vt 0.032477 0.910375
vt 0.031707 0.915658
vt 0.031707 0.910652
vt 0.030922 0.914799
vt 0.030922 0.911512
vt 0.030515 0.915428
vt 0.030515 0.910882
vt 0.163570 0.896507
vt 0.167284 0.897587
vt 0.167284 0.901039
vt 0.167888 0.896655
vt 0.167888 0.901971
vt 0.168346 0.896619
vt 0.168346 0.902008
vt 0.169043 0.897254
vt 0.169043 0.901373
vt 0.169712 0.897092
vt 0.169712 0.901534
vt 0.174054 0.896284
vt 0.174054 0.902366
vt 0.493231 0.886594
vt 0.493231 0.882152
vt 0.497573 0.881345
vt 0.497573 0.887284
vt 0.492562 0.886432
vt 0.492562 0.882314
vt 0.491865 0.887068
vt 0.491865 0.881679
vt 0.491408 0.887031
vt 0.491408 0.881715
vt 0.490804 0.886099
vt 0.490804 0.882647
vt 0.487054 0.887148
vt 0.487054 0.881598
vt 0.485850 0.886621
vt 0.485850 0.882125
vt 0.485447 0.885999
vt 0.485447 0.882747
vt 0.484671 0.886848
vt 0.484671 0.881898
vt 0.483909 0.887123
vt 0.483909 0.881623
vt 0.483148 0.886848
vt 0.483148 0.881898
vt 0.482371 0.885999
vt 0.482371 0.882747
vt 0.481969 0.886621
vt 0.481969 0.882125
vt 0.480765 0.887148
vt 0.480765 0.881598
vt 0.477015 0.886099
vt 0.477015 0.882647
vt 0.476411 0.887031
vt 0.476411 0.881715
vt 0.475954 0.887068
vt 0.475954 0.881679
vt 0.475257 0.886432
vt 0.475257 0.882314
vt 0.474588 0.886594
vt 0.474588 0.882152
vt 0.470245 0.887284
vt 0.470245 0.881345
vt 0.536297 0.853737
vt 0.520169 0.853737
vt 0.520169 0.829965
vt 0.536297 0.829965
vt 0.657541 0.851954
vt 0.641413 0.851954
vt 0.641413 0.828182
vt 0.657541 0.828182
vt 0.510435 0.278635
vt 0.497073 0.293367
vt 0.494613 0.297366
vt 0.494613 0.278658
vt 0.500680 0.297344
vt 0.756405 0.619217
vt 0.743044 0.604485
vt 0.758866 0.604508
vt 0.758866 0.623216
vt 0.752799 0.623193
vt 0.765285 0.828709
vt 0.744827 0.828709
vt 0.744827 0.823929
vt 0.765285 0.823929
vt 0.218843 0.824408
vt 0.239300 0.824408
vt 0.239300 0.829187
vt 0.218843 0.829187
vt 0.888143 0.789045
vt 0.891224 0.787566
vt 0.924435 0.787559
vt 0.927517 0.789037
vt 0.888139 0.778768
vt 0.891221 0.780245
vt 0.924432 0.780238
vt 0.927513 0.778760
vt 0.885062 0.787568
vt 0.885059 0.780246
vt 0.930594 0.780237
vt 0.930597 0.787558
vt 0.868451 0.789049
vt 0.871533 0.787570
vt 0.871530 0.780249
vt 0.868448 0.778772
vt 0.947203 0.778755
vt 0.944123 0.780234
vt 0.944126 0.787555
vt 0.947208 0.789032
vt 0.004883 0.430417
vt 0.004883 0.391014
vt 0.007948 0.394099
vt 0.007948 0.427335
vt 0.026194 0.391023
vt 0.023129 0.394105
vt 0.023129 0.427341
vt 0.026194 0.430426
vt 0.007948 0.387932
vt 0.023129 0.387939
vt 0.023129 0.433508
vt 0.007948 0.433501
vt 0.004883 0.371309
vt 0.007948 0.374394
vt 0.023129 0.374400
vt 0.026194 0.371318
vt 0.026194 0.450131
vt 0.023129 0.447046
vt 0.007948 0.447040
vt 0.004883 0.450123
vt 0.077391 0.490744
vt 0.080342 0.490744
vt 0.080342 0.522324
vt 0.077391 0.525315
vt 0.080342 0.459163
vt 0.077391 0.456173
vt 0.083086 0.493487
vt 0.083086 0.519581
vt 0.108632 0.522324
vt 0.111617 0.525315
vt 0.083086 0.461907
vt 0.083086 0.488000
vt 0.108632 0.459163
vt 0.111617 0.456173
vt 0.108632 0.490744
vt 0.105888 0.493487
vt 0.105888 0.519581
vt 0.111617 0.490744
vt 0.105888 0.461907
vt 0.105888 0.488000
vt 0.513632 0.764235
vt 0.519670 0.753981
vt 0.519670 0.764235
vt 0.519670 0.750943
vt 0.514532 0.664063
vt 0.519671 0.681802
vt 0.553851 0.750943
vt 0.519670 0.664063
vt 0.553851 0.753981
vt 0.553851 0.664063
vt 0.553852 0.681802
vt 0.565639 0.764235
vt 0.565638 0.664063
vt 0.553851 0.764235
vt 0.004883 0.881545
vt 0.039064 0.876418
vt 0.039064 0.881545
vt 0.004883 0.876418
vt 0.464012 0.876731
vt 0.429831 0.881857
vt 0.429831 0.876731
vt 0.464012 0.881857
vt 0.055989 0.677012
vt 0.004883 0.677012
vt 0.004883 0.675509
vt 0.055989 0.675509
vt 0.502013 0.456173
vt 0.498931 0.459238
vt 0.465695 0.459238
vt 0.462611 0.456173
vt 0.502022 0.477484
vt 0.498938 0.474419
vt 0.465702 0.474419
vt 0.462620 0.477484
vt 0.505098 0.459238
vt 0.505104 0.474419
vt 0.459535 0.474419
vt 0.459529 0.459238
vt 0.521720 0.456173
vt 0.518636 0.459238
vt 0.518643 0.474419
vt 0.521727 0.477484
vt 0.442915 0.477484
vt 0.445997 0.474419
vt 0.445990 0.459238
vt 0.442906 0.456173
vt 0.763333 0.786045
vt 0.802707 0.786054
vt 0.799625 0.787531
vt 0.766414 0.787524
vt 0.802703 0.796331
vt 0.799622 0.794852
vt 0.766411 0.794845
vt 0.763329 0.796322
vt 0.805787 0.787532
vt 0.805784 0.794854
vt 0.760249 0.794844
vt 0.760252 0.787523
vt 0.822398 0.786058
vt 0.819316 0.787535
vt 0.819313 0.794856
vt 0.822393 0.796335
vt 0.743638 0.796318
vt 0.746720 0.794841
vt 0.746723 0.787520
vt 0.743641 0.786041
vt 0.270804 0.672963
vt 0.275246 0.672963
vt 0.275890 0.677305
vt 0.270020 0.677305
vt 0.270965 0.672293
vt 0.275084 0.672293
vt 0.270330 0.671596
vt 0.275720 0.671596
vt 0.270367 0.671139
vt 0.275683 0.671139
vt 0.271299 0.670535
vt 0.274751 0.670535
vt 0.276073 0.666847
vt 0.847070 0.599784
vt 0.847070 0.604464
vt 0.847489 0.600432
vt 0.847489 0.603816
vt 0.848297 0.599548
vt 0.848297 0.604701
vt 0.849090 0.599262
vt 0.849090 0.605171
vt 0.849883 0.599548
vt 0.849883 0.604701
vt 0.850691 0.600432
vt 0.850691 0.603816
vt 0.851110 0.599784
vt 0.851110 0.604464
vt 0.852296 0.605172
vt 0.367658 0.608457
vt 0.367658 0.605005
vt 0.367054 0.609388
vt 0.367054 0.604073
vt 0.366597 0.609425
vt 0.366597 0.604036
vt 0.365899 0.608790
vt 0.365900 0.604671
vt 0.365230 0.608952
vt 0.365230 0.604509
vt 0.360888 0.609736
vt 0.360888 0.603866
vt 0.091260 0.903377
vt 0.091260 0.898935
vt 0.095602 0.898103
vt 0.095602 0.904184
vt 0.090591 0.903215
vt 0.090591 0.899096
vt 0.089894 0.903850
vt 0.089894 0.898461
vt 0.089436 0.903813
vt 0.089436 0.898498
vt 0.088832 0.902881
vt 0.088832 0.899430
vt 0.631772 0.918982
vt 0.630554 0.918449
vt 0.630554 0.913903
vt 0.630148 0.917819
vt 0.630148 0.914532
vt 0.629363 0.918678
vt 0.629363 0.913673
vt 0.628593 0.918956
vt 0.628593 0.913395
vt 0.627822 0.918678
vt 0.627822 0.913673
vt 0.627037 0.917819
vt 0.627037 0.914532
vt 0.626631 0.918449
vt 0.626631 0.913903
vt 0.422699 0.897018
vt 0.426414 0.898098
vt 0.426414 0.901550
vt 0.427017 0.897166
vt 0.427017 0.902482
vt 0.427475 0.897129
vt 0.427475 0.902519
vt 0.428172 0.897765
vt 0.428172 0.901884
vt 0.428841 0.897603
vt 0.428841 0.902045
vt 0.433183 0.896795
vt 0.433183 0.902877
vt 0.873010 0.381484
vt 0.873010 0.377042
vt 0.877352 0.376234
vt 0.877352 0.382174
vt 0.872340 0.381322
vt 0.872340 0.377204
vt 0.871643 0.381958
vt 0.871643 0.376568
vt 0.871186 0.381921
vt 0.871186 0.376605
vt 0.870582 0.380989
vt 0.870582 0.377537
vt 0.866832 0.382038
vt 0.866832 0.376488
vt 0.865628 0.381511
vt 0.865628 0.377015
vt 0.865226 0.380889
vt 0.865226 0.377637
vt 0.864450 0.381738
vt 0.864450 0.376788
vt 0.863688 0.382013
vt 0.863688 0.376513
vt 0.862926 0.381738
vt 0.862926 0.376788
vt 0.862150 0.380889
vt 0.862150 0.377637
vt 0.861747 0.381511
vt 0.861747 0.377015
vt 0.860543 0.382038
vt 0.860543 0.376488
vt 0.856793 0.380989
vt 0.856793 0.377537
vt 0.856190 0.381921
vt 0.856190 0.376605
vt 0.855732 0.381958
vt 0.855732 0.376568
vt 0.855035 0.381322
vt 0.855035 0.377204
vt 0.854366 0.381484
vt 0.854366 0.377042
vt 0.850024 0.382174
vt 0.850024 0.376234
vt 0.255788 0.911372
vt 0.228446 0.911372
vt 0.212899 0.910354
vt 0.255788 0.910365
vt 0.212899 0.911371
vt 0.753230 0.906195
vt 0.796035 0.906167
vt 0.780488 0.907217
vt 0.753148 0.907217
vt 0.796035 0.907217
vt 0.419831 0.931466
vt 0.395954 0.931466
vt 0.395954 0.930895
vt 0.419831 0.930895
vt 0.450142 0.929300
vt 0.426265 0.929300
vt 0.426265 0.928728
vt 0.450142 0.928728
vt 0.173266 0.938061
vt 0.161787 0.938061
vt 0.161787 0.937490
vt 0.173266 0.937490
vt 0.583356 0.708572
vt 0.571876 0.708572
vt 0.571876 0.708001
vt 0.583356 0.708001
vt 0.373963 0.539013
vt 0.373963 0.515137
vt 0.374535 0.515137
vt 0.374535 0.539013
vt 0.184478 0.931547
vt 0.160598 0.931547
vt 0.160598 0.930976
vt 0.184478 0.930976
vt 0.206458 0.911364
vt 0.179116 0.911364
vt 0.163570 0.910346
vt 0.206458 0.910357
vt 0.163570 0.911364
vt 0.247204 0.563653
vt 0.247232 0.606458
vt 0.246182 0.590912
vt 0.246182 0.563571
vt 0.246182 0.606458
vt 0.217163 0.931528
vt 0.193286 0.931528
vt 0.193286 0.930957
vt 0.217163 0.930957
vt 0.333057 0.925070
vt 0.309181 0.925070
vt 0.309181 0.924499
vt 0.333057 0.924499
vt 0.284406 0.937405
vt 0.272927 0.937405
vt 0.272927 0.936834
vt 0.284406 0.936834
vt 0.115616 0.938310
vt 0.104136 0.938310
vt 0.104136 0.937738
vt 0.115616 0.937738
vt 0.028760 0.929882
vt 0.004883 0.929882
vt 0.004883 0.929311
vt 0.028760 0.929311
vt 0.286110 0.930890
vt 0.262229 0.930890
vt 0.262229 0.930319
vt 0.286110 0.930319
vt 0.088781 0.911065
vt 0.061439 0.911064
vt 0.045892 0.910047
vt 0.088781 0.910058
vt 0.045892 0.911064
vt 0.904190 0.907206
vt 0.946995 0.907178
vt 0.931449 0.908228
vt 0.904108 0.908228
vt 0.946995 0.908228
vt 0.607640 0.930831
vt 0.583763 0.930831
vt 0.583763 0.930260
vt 0.607640 0.930260
vt 0.577327 0.930855
vt 0.553452 0.930855
vt 0.553452 0.930284
vt 0.577327 0.930284
vt 0.191691 0.903960
vt 0.180211 0.903960
vt 0.180211 0.903389
vt 0.191691 0.903389
vt 0.133446 0.938320
vt 0.121966 0.938320
vt 0.121966 0.937748
vt 0.133446 0.937748
vt 0.849532 0.930676
vt 0.825656 0.930676
vt 0.825656 0.930104
vt 0.849532 0.930104
vt 0.075715 0.931248
vt 0.051835 0.931248
vt 0.051835 0.930676
vt 0.075715 0.930676
vt 0.967107 0.181680
vt 0.967107 0.147035
vt 0.968114 0.147035
vt 0.968635 0.181680
vt 0.967108 0.127335
vt 0.968125 0.127335
vt 0.753252 0.899202
vt 0.807495 0.899173
vt 0.787794 0.900223
vt 0.753148 0.900223
vt 0.807495 0.900223
vt 0.523679 0.929203
vt 0.493424 0.929203
vt 0.493424 0.928631
vt 0.523679 0.928631
vt 0.982560 0.942180
vt 0.982560 0.911928
vt 0.983131 0.911928
vt 0.983131 0.942180
vt 0.155532 0.938061
vt 0.140985 0.938061
vt 0.140985 0.937490
vt 0.155532 0.937490
vt 0.565027 0.770750
vt 0.550480 0.770750
vt 0.550480 0.770178
vt 0.565027 0.770178
vt 0.819656 0.925465
vt 0.789402 0.925465
vt 0.789402 0.924894
vt 0.819656 0.924894
vt 0.935555 0.928961
vt 0.905297 0.928961
vt 0.905297 0.928390
vt 0.935555 0.928390
vt 0.875840 0.896490
vt 0.841195 0.896490
vt 0.841195 0.895483
vt 0.875840 0.895131
vt 0.821496 0.896490
vt 0.821496 0.895472
vt 0.468566 0.900557
vt 0.503107 0.900573
vt 0.503107 0.901579
vt 0.468462 0.901579
vt 0.522806 0.900529
vt 0.522806 0.901579
vt 0.899298 0.928961
vt 0.869042 0.928961
vt 0.869042 0.928390
vt 0.899298 0.928390
vt 0.644326 0.925675
vt 0.614074 0.925675
vt 0.614074 0.925104
vt 0.644326 0.925104
vt 0.063410 0.937762
vt 0.048863 0.937762
vt 0.048863 0.937191
vt 0.063410 0.937191
vt 0.205455 0.938043
vt 0.190909 0.938043
vt 0.190909 0.937472
vt 0.205455 0.937472
vt 0.154599 0.925278
vt 0.124344 0.925278
vt 0.124344 0.924707
vt 0.154599 0.924707
vt 0.759032 0.928385
vt 0.728780 0.928385
vt 0.728780 0.927813
vt 0.759032 0.927813
vt 0.234557 0.897446
vt 0.199911 0.897445
vt 0.199911 0.896439
vt 0.234557 0.896232
vt 0.180211 0.897445
vt 0.180211 0.896428
vt 0.813874 0.902462
vt 0.868116 0.902433
vt 0.848416 0.903484
vt 0.813769 0.903484
vt 0.868116 0.903484
vt 0.112405 0.928966
vt 0.082146 0.928966
vt 0.082146 0.928395
vt 0.112405 0.928395
vt 0.722782 0.925822
vt 0.692526 0.925822
vt 0.692526 0.925250
vt 0.722782 0.925250
vt 0.406936 0.937981
vt 0.392388 0.937981
vt 0.392388 0.937410
vt 0.406936 0.937410
vt 0.537689 0.937873
vt 0.523141 0.937873
vt 0.523141 0.937302
vt 0.537689 0.937302
vt 0.372723 0.925067
vt 0.342464 0.925067
vt 0.342464 0.924495
vt 0.372723 0.924495
vt 0.487425 0.928832
vt 0.457170 0.928832
vt 0.457170 0.928261
vt 0.487425 0.928261
vt 0.216345 0.456173
vt 0.216345 0.490819
vt 0.215327 0.510520
vt 0.215277 0.456173
vt 0.216345 0.510520
vt 0.199928 0.903389
vt 0.234469 0.903404
vt 0.234469 0.904411
vt 0.199824 0.904411
vt 0.254169 0.903360
vt 0.254169 0.904411
vt 0.455364 0.739005
vt 0.455364 0.769264
vt 0.454793 0.769264
vt 0.454793 0.739005
vt 0.455364 0.702804
vt 0.455364 0.733061
vt 0.454793 0.733061
vt 0.454793 0.702804
vt 0.019432 0.564143
vt 0.004883 0.564143
vt 0.004883 0.563572
vt 0.019432 0.563572
vt 0.532627 0.243322
vt 0.532627 0.257869
vt 0.532056 0.257869
vt 0.532056 0.243322
vt 0.850618 0.274360
vt 0.880877 0.274360
vt 0.880877 0.274932
vt 0.850618 0.274932
vt 0.680581 0.930154
vt 0.650328 0.930154
vt 0.650328 0.929583
vt 0.680581 0.929583
vt 0.220031 0.609552
vt 0.220031 0.563572
vt 0.225561 0.563572
vt 0.225561 0.609552
vt 0.231091 0.563572
vt 0.231091 0.609552
vt 0.239697 0.563572
vt 0.239697 0.609552
vt 0.264606 0.775742
vt 0.269682 0.779263
vt 0.274759 0.782783
vt 0.317036 0.775742
vt 0.320812 0.779263
vt 0.324589 0.782783
vt 0.323757 0.779263
vt 0.320056 0.775742
vt 0.327459 0.782783
vt 0.331487 0.779263
vt 0.328198 0.775742
vt 0.334776 0.782783
vt 0.349522 0.779263
vt 0.347196 0.775742
vt 0.351849 0.782783
vt 0.405218 0.779263
vt 0.405218 0.775742
vt 0.405218 0.782783
vt 0.868448 0.489202
vt 0.868448 0.484954
vt 0.004883 0.532471
vt 0.050864 0.532471
vt 0.049576 0.557628
vt 0.004883 0.557628
vt 0.004883 0.486692
vt 0.051936 0.486692
vt 0.052151 0.557628
vt 0.004883 0.483640
vt 0.051936 0.483640
vt 0.057838 0.532471
vt 0.057838 0.486692
vt 0.057838 0.557628
vt 0.004883 0.456173
vt 0.050864 0.456173
vt 0.071109 0.532471
vt 0.071109 0.486692
vt 0.071109 0.557628
vt 0.057838 0.483640
vt 0.071109 0.483640
vt 0.121580 0.532471
vt 0.121580 0.557628
vt 0.057838 0.456173
vt 0.071109 0.456173
vt 0.142524 0.532471
vt 0.142524 0.557628
vt 0.121580 0.456173
vt 0.142524 0.456173
vt 0.148385 0.532471
vt 0.148385 0.557628
vt 0.148385 0.456173
vt 0.167005 0.532471
vt 0.167005 0.557628
vt 0.167005 0.456173
vt 0.172052 0.532471
vt 0.172052 0.557628
vt 0.172052 0.456173
vt 0.222524 0.532471
vt 0.222524 0.557628
vt 0.227977 0.532471
vt 0.227977 0.557628
vt 0.227977 0.486692
vt 0.222524 0.486692
vt 0.236912 0.532471
vt 0.236911 0.557628
vt 0.236912 0.486692
vt 0.222524 0.483640
vt 0.227977 0.483640
vt 0.244582 0.532471
vt 0.242854 0.557628
vt 0.236912 0.483640
vt 0.245083 0.486692
vt 0.227977 0.456173
vt 0.222524 0.456173
vt 0.245870 0.557628
vt 0.236912 0.456173
vt 0.329302 0.532471
vt 0.329302 0.486692
vt 0.329302 0.557628
vt 0.245083 0.483640
vt 0.329302 0.483640
vt 0.245835 0.456173
vt 0.329302 0.456173
vt 0.558629 0.545833
vt 0.574850 0.571144
vt 0.523065 0.545833
vt 0.571980 0.571144
vt 0.521016 0.545833
vt 0.523065 0.541585
vt 0.558629 0.541585
vt 0.564663 0.571144
vt 0.521016 0.541585
vt 0.523065 0.497868
vt 0.558629 0.497868
vt 0.547589 0.571144
vt 0.514140 0.545833
vt 0.514140 0.541585
vt 0.521016 0.497868
vt 0.558629 0.484963
vt 0.500081 0.484963
vt 0.494219 0.571144
vt 0.494219 0.545833
vt 0.494219 0.541585
vt 0.514140 0.497868
vt 0.488358 0.571144
vt 0.488358 0.545833
vt 0.500081 0.497868
vt 0.476269 0.571144
vt 0.477050 0.545833
vt 0.488358 0.541585
vt 0.494219 0.497868
vt 0.477050 0.541585
vt 0.477050 0.497868
vt 0.477050 0.484963
vt 0.435419 0.497868
vt 0.435419 0.484963
vt 0.426880 0.497868
vt 0.426880 0.484963
vt 0.428141 0.541585
vt 0.435419 0.541585
vt 0.393665 0.497868
vt 0.393665 0.484963
vt 0.399831 0.541585
vt 0.428141 0.545833
vt 0.435419 0.545833
vt 0.387499 0.497868
vt 0.387499 0.484963
vt 0.393665 0.541585
vt 0.399831 0.545833
vt 0.428141 0.571144
vt 0.435419 0.571144
vt 0.380672 0.497868
vt 0.380672 0.484963
vt 0.380672 0.541585
vt 0.399831 0.571144
vt 0.393665 0.545833
vt 0.380672 0.545833
vt 0.393665 0.571144
vt 0.390966 0.571144
vt 0.316313 0.571144
vt 0.935100 0.808670
vt 0.941023 0.805149
vt 0.946946 0.801629
vt 0.860449 0.808670
vt 0.860656 0.805149
vt 0.860862 0.801629
vt 0.857750 0.808670
vt 0.857750 0.805149
vt 0.857750 0.801629
vt 0.202330 0.638630
vt 0.126127 0.663940
vt 0.202330 0.634382
vt 0.263676 0.661224
vt 0.180211 0.661224
vt 0.180211 0.655694
vt 0.263676 0.655694
vt 0.263676 0.666754
vt 0.180211 0.666754
vt 0.263676 0.675360
vt 0.180211 0.675360
vt 0.410769 0.625160
vt 0.405721 0.625160
vt 0.405721 0.619629
vt 0.410769 0.619629
vt 0.410769 0.630690
vt 0.405721 0.630690
vt 0.387101 0.619629
vt 0.387101 0.625160
vt 0.410769 0.636220
vt 0.405721 0.636220
vt 0.387101 0.630690
vt 0.381239 0.625160
vt 0.381239 0.619629
vt 0.405721 0.641751
vt 0.535622 0.875402
vt 0.387101 0.636220
vt 0.381239 0.630690
vt 0.360294 0.625160
vt 0.360294 0.619629
vt 0.387101 0.641751
vt 0.575522 0.869872
vt 0.335332 0.509194
vt 0.410769 0.669220
vt 0.405721 0.669220
vt 0.381239 0.636220
vt 0.360294 0.630690
vt 0.387101 0.669220
vt 0.381239 0.641751
vt 0.340785 0.506740
vt 0.340785 0.509194
vt 0.144794 0.863032
vt 0.381239 0.669220
vt 0.360294 0.641751
vt 0.340785 0.498134
vt 0.335332 0.498134
vt 0.360290 0.506740
vt 0.360290 0.509194
vt 0.340785 0.536661
vt 0.335332 0.536661
vt 0.360294 0.669220
vt 0.102353 0.868561
vt 0.241736 0.780037
vt 0.360290 0.498134
vt 0.340785 0.492604
vt 0.335332 0.492604
vt 0.367709 0.506740
vt 0.367709 0.509194
vt 0.360290 0.536661
vt 0.236206 0.758737
vt 0.238660 0.758737
vt 0.367709 0.498134
vt 0.360290 0.492604
vt 0.340785 0.487074
vt 0.335332 0.487074
vt 0.370981 0.506740
vt 0.370981 0.509194
vt 0.367960 0.536661
vt 0.236206 0.753050
vt 0.238660 0.753050
vt 0.247266 0.758737
vt 0.247266 0.780037
vt 0.208739 0.780037
vt 0.208739 0.758737
vt 0.367709 0.492604
vt 0.360290 0.487074
vt 0.236206 0.749777
vt 0.238660 0.749777
vt 0.247266 0.753050
vt 0.208739 0.753264
vt 0.252796 0.758737
vt 0.252796 0.780037
vt 0.367709 0.487074
vt 0.252796 0.753050
vt 0.258326 0.758737
vt 0.258326 0.780037
vt 0.258326 0.753050
vt 0.730164 0.895428
vt 0.803968 0.823929
vt 0.832149 0.752759
vt 0.800448 0.828976
vt 0.711544 0.891907
vt 0.711544 0.895428
vt 0.730164 0.888387
vt 0.807489 0.828976
vt 0.374860 0.816374
vt 0.828628 0.792659
vt 0.775138 0.828976
vt 0.532144 0.474792
vt 0.711544 0.888387
vt 0.583530 0.816374
vt 0.587053 0.816374
vt 0.878425 0.823929
vt 0.878425 0.828976
vt 0.835669 0.792659
vt 0.078580 0.888640
vt 0.078580 0.892161
vt 0.091814 0.855892
vt 0.180211 0.881380
vt 0.590575 0.816374
vt 0.558206 0.822238
vt 0.096096 0.844085
vt 0.078580 0.885119
vt 0.082569 0.888640
vt 0.082569 0.892161
vt 0.346030 0.821746
vt 0.220111 0.877131
vt 0.527896 0.456173
vt 0.327764 0.852560
vt 0.598615 0.516943
vt 0.593536 0.516943
vt 0.661550 0.816374
vt 0.661550 0.822238
vt 0.091846 0.844085
vt 0.449317 0.816374
vt 0.449317 0.821827
vt 0.082569 0.885119
vt 0.098084 0.888640
vt 0.341394 0.805613
vt 0.611102 0.063884
vt 0.619491 0.560666
vt 0.574802 0.516943
vt 0.568904 0.516943
vt 0.098084 0.885119
vt 0.337873 0.799447
vt 0.341394 0.799447
vt 0.615350 0.083470
vt 0.972679 0.868802
vt 0.271144 0.857932
vt 0.638762 0.516943
vt 0.619491 0.516943
vt 0.334353 0.799447
vt 0.366704 0.799447
vt 0.966513 0.868802
vt 0.263417 0.805613
vt 0.263417 0.797942
vt 0.966513 0.812182
vt 0.663875 0.516943
vt 0.648198 0.516943
vt 0.845349 0.874046
vt 0.805449 0.874046
vt 0.805449 0.868516
vt 0.845349 0.868516
vt 0.482969 0.870787
vt 0.440529 0.870787
vt 0.440529 0.865257
vt 0.482969 0.865257
vt 0.995117 0.571744
vt 0.992664 0.571744
vt 0.992664 0.488200
vt 0.995117 0.488200
vt 0.406340 0.677617
vt 0.360294 0.677617
vt 0.360294 0.675163
vt 0.406340 0.675164
vt 0.556073 0.658054
vt 0.513632 0.658054
vt 0.513632 0.652524
vt 0.556073 0.652524
vt 0.798992 0.874046
vt 0.759091 0.874046
vt 0.759091 0.868516
vt 0.798992 0.868516
vt 0.529165 0.875402
vt 0.489264 0.875402
vt 0.489264 0.869872
vt 0.529165 0.869872
vt 0.312991 0.869405
vt 0.270549 0.869405
vt 0.270549 0.863875
vt 0.312991 0.863875
vt 0.362799 0.456173
vt 0.362799 0.461626
vt 0.335332 0.461626
vt 0.335332 0.456173
vt 0.365851 0.461626
vt 0.365851 0.456173
vt 0.335332 0.481131
vt 0.362799 0.481131
vt 0.365851 0.481131
vt 0.436785 0.456173
vt 0.436785 0.461626
vt 0.708573 0.733125
vt 0.708573 0.728077
vt 0.736044 0.728077
vt 0.736044 0.733125
vt 0.736044 0.709455
vt 0.708573 0.709455
vt 0.739096 0.728077
vt 0.739096 0.733125
vt 0.739096 0.709455
vt 0.736044 0.703593
vt 0.708573 0.703593
vt 0.810042 0.728077
vt 0.810042 0.733125
vt 0.739096 0.703593
vt 0.736044 0.682646
vt 0.708573 0.682646
vt 0.739096 0.682646
vt 0.810042 0.703593
vt 0.810042 0.709455
vt 0.574253 0.085184
vt 0.574253 0.063884
vt 0.601720 0.063884
vt 0.601720 0.085184
vt 0.604772 0.063884
vt 0.604772 0.085184
vt 0.431822 0.590071
vt 0.431822 0.597742
vt 0.360888 0.597742
vt 0.360888 0.591576
vt 0.190315 0.624441
vt 0.190315 0.620193
vt 0.208934 0.620193
vt 0.208934 0.624441
vt 0.213981 0.620193
vt 0.213981 0.624441
vt 0.208934 0.563572
vt 0.213981 0.563572
vt 0.253882 0.620193
vt 0.253882 0.624441
vt 0.213981 0.649751
vt 0.208934 0.649751
vt 0.259254 0.620193
vt 0.259254 0.624441
vt 0.253882 0.563572
vt 0.259254 0.563572
vt 0.278840 0.620193
vt 0.278840 0.624441
vt 0.259336 0.649751
vt 0.253882 0.649751
vt 0.302049 0.875348
vt 0.307914 0.875348
vt 0.307914 0.900672
vt 0.302049 0.900672
vt 0.226569 0.887482
vt 0.226569 0.881316
vt 0.251880 0.881316
vt 0.251880 0.887482
vt 0.663998 0.854951
vt 0.663998 0.849086
vt 0.720649 0.849086
vt 0.720649 0.854951
vt 0.457170 0.849163
vt 0.457170 0.842997
vt 0.513790 0.842997
vt 0.513790 0.849163
vt 0.889942 0.684924
vt 0.889942 0.688220
vt 0.839373 0.731927
vt 0.835760 0.731927
vt 0.944123 0.731927
vt 0.940510 0.731927
vt 0.889660 0.700056
vt 0.839354 0.746816
vt 0.835760 0.746816
vt 0.889660 0.700056
vt 0.939967 0.746816
vt 0.943561 0.746816
vt 0.392384 0.889362
vt 0.400055 0.889362
vt 0.400055 0.892414
vt 0.392384 0.892414
vt 0.372879 0.892414
vt 0.372879 0.889362
vt 0.367426 0.889362
vt 0.367426 0.892414
vt 0.458023 0.890853
vt 0.458023 0.887801
vt 0.463071 0.887801
vt 0.463071 0.890853
vt 0.439402 0.887801
vt 0.439402 0.890853
vt 0.433541 0.890853
vt 0.433540 0.887801
vt 0.412595 0.887801
vt 0.412595 0.890853
vt 0.971986 0.890875
vt 0.993286 0.890875
vt 0.993286 0.893927
vt 0.971986 0.893927
vt 0.966513 0.890875
vt 0.966513 0.893927
vt 0.732647 0.594362
vt 0.732647 0.596816
vt 0.729374 0.596816
vt 0.729374 0.594363
vt 0.867854 0.689012
vt 0.867854 0.686559
vt 0.871126 0.686559
vt 0.871126 0.689012
vt 0.901136 0.511302
vt 0.908177 0.512788
vt 0.901136 0.512788
vt 0.367004 0.582354
vt 0.367004 0.577912
vt 0.371346 0.577268
vt 0.371346 0.583138
vt 0.366335 0.582193
vt 0.366335 0.578074
vt 0.365637 0.582828
vt 0.365637 0.577438
vt 0.365180 0.582791
vt 0.365180 0.577475
vt 0.364576 0.581859
vt 0.364576 0.578407
vt 0.360888 0.577085
vt 0.980201 0.900598
vt 0.980201 0.905278
vt 0.980619 0.901245
vt 0.980619 0.904630
vt 0.981427 0.900361
vt 0.981427 0.905514
vt 0.982220 0.900075
vt 0.982220 0.905985
vt 0.983013 0.900361
vt 0.983013 0.905514
vt 0.983821 0.901245
vt 0.983821 0.904630
vt 0.984240 0.900598
vt 0.984240 0.905278
vt 0.985427 0.905985
vt 0.170339 0.666742
vt 0.170339 0.663290
vt 0.169736 0.667674
vt 0.169736 0.662358
vt 0.169278 0.667710
vt 0.169278 0.662321
vt 0.168581 0.667075
vt 0.168581 0.662956
vt 0.167912 0.667237
vt 0.167912 0.662794
vt 0.163570 0.668021
vt 0.163570 0.662151
vt 0.072819 0.898688
vt 0.072819 0.903130
vt 0.068476 0.903961
vt 0.068476 0.897880
vt 0.073488 0.898849
vt 0.073488 0.902968
vt 0.074185 0.898214
vt 0.074185 0.903603
vt 0.074642 0.898251
vt 0.074642 0.903567
vt 0.075246 0.899183
vt 0.075246 0.902635
vt 0.915863 0.690739
vt 0.914645 0.690206
vt 0.914645 0.685660
vt 0.914238 0.689577
vt 0.914238 0.686289
vt 0.913454 0.690435
vt 0.913454 0.685430
vt 0.912683 0.690713
vt 0.912683 0.685152
vt 0.911913 0.690435
vt 0.911913 0.685430
vt 0.911128 0.689577
vt 0.911128 0.686289
vt 0.910722 0.690206
vt 0.910722 0.685660
vt 0.004883 0.898434
vt 0.008598 0.899514
vt 0.008598 0.902966
vt 0.009201 0.898582
vt 0.009201 0.903898
vt 0.009659 0.898545
vt 0.009659 0.903935
vt 0.010356 0.899180
vt 0.010356 0.903299
vt 0.011025 0.899019
vt 0.011025 0.903461
vt 0.015367 0.898211
vt 0.015367 0.904292
vt 0.650729 0.887631
vt 0.650729 0.883189
vt 0.655071 0.882381
vt 0.655071 0.888320
vt 0.650060 0.887469
vt 0.650060 0.883351
vt 0.649363 0.888104
vt 0.649363 0.882715
vt 0.648906 0.888068
vt 0.648906 0.882752
vt 0.648302 0.887136
vt 0.648302 0.883684
vt 0.644552 0.888185
vt 0.644552 0.882635
vt 0.643348 0.887658
vt 0.643348 0.883162
vt 0.642945 0.887036
vt 0.642945 0.883784
vt 0.642169 0.887885
vt 0.642169 0.882935
vt 0.641407 0.888160
vt 0.641407 0.882660
vt 0.640646 0.887885
vt 0.640646 0.882935
vt 0.639869 0.887036
vt 0.639869 0.883784
vt 0.639467 0.887658
vt 0.639467 0.883162
vt 0.638263 0.888185
vt 0.638263 0.882635
vt 0.634513 0.887136
vt 0.634513 0.883684
vt 0.633909 0.888068
vt 0.633909 0.882752
vt 0.633452 0.888104
vt 0.633452 0.882715
vt 0.632755 0.887469
vt 0.632755 0.883351
vt 0.632086 0.887631
vt 0.632086 0.883189
vt 0.627743 0.888320
vt 0.627743 0.882381
vt 0.476361 0.346631
vt 0.476361 0.342050
vt 0.480703 0.341386
vt 0.480703 0.347439
vt 0.475692 0.346464
vt 0.475692 0.342216
vt 0.474995 0.347119
vt 0.474995 0.341561
vt 0.474537 0.347081
vt 0.474537 0.341599
vt 0.473933 0.346120
vt 0.473933 0.342560
vt 0.470245 0.341197
vt 0.743656 0.485690
vt 0.743656 0.490517
vt 0.744075 0.486358
vt 0.744075 0.489849
vt 0.744883 0.485446
vt 0.744883 0.490761
vt 0.745676 0.485151
vt 0.745676 0.491246
vt 0.746469 0.485446
vt 0.746469 0.490761
vt 0.747277 0.486358
vt 0.747277 0.489849
vt 0.747696 0.485690
vt 0.747696 0.490517
vt 0.748882 0.491246
vt 0.945880 0.497374
vt 0.942320 0.497374
vt 0.946841 0.497978
vt 0.941358 0.497978
vt 0.946879 0.498436
vt 0.941320 0.498436
vt 0.946224 0.499133
vt 0.941976 0.499133
vt 0.946390 0.499802
vt 0.941809 0.499802
vt 0.947199 0.504144
vt 0.941145 0.504144
vt 0.459135 0.555832
vt 0.459135 0.560413
vt 0.454793 0.561270
vt 0.454793 0.554999
vt 0.459804 0.555999
vt 0.459804 0.560247
vt 0.460501 0.555344
vt 0.460501 0.560902
vt 0.460959 0.555382
vt 0.460959 0.560864
vt 0.461562 0.556343
vt 0.461562 0.559903
vt 0.123023 0.904552
vt 0.121806 0.904002
vt 0.121806 0.899314
vt 0.121399 0.903353
vt 0.121399 0.899963
vt 0.120614 0.904239
vt 0.120614 0.899077
vt 0.119844 0.904525
vt 0.119844 0.898790
vt 0.119074 0.904239
vt 0.119074 0.899077
vt 0.118289 0.903353
vt 0.118289 0.899963
vt 0.117882 0.904002
vt 0.117882 0.899314
vt 0.575229 0.539651
vt 0.571514 0.538537
vt 0.571514 0.534977
vt 0.570910 0.539498
vt 0.570910 0.534016
vt 0.570453 0.539536
vt 0.570453 0.533978
vt 0.569755 0.538881
vt 0.569756 0.534634
vt 0.569086 0.539048
vt 0.569086 0.534467
vt 0.564744 0.539881
vt 0.564744 0.533610
vt 0.402298 0.882708
vt 0.402298 0.878128
vt 0.406640 0.877295
vt 0.406640 0.883420
vt 0.401629 0.882542
vt 0.401629 0.878294
vt 0.400932 0.883197
vt 0.400932 0.877639
vt 0.400475 0.883159
vt 0.400475 0.877677
vt 0.399871 0.882198
vt 0.399871 0.878638
vt 0.396121 0.883280
vt 0.396121 0.877556
vt 0.394917 0.882736
vt 0.394917 0.878100
vt 0.394514 0.882095
vt 0.394514 0.878742
vt 0.393738 0.882970
vt 0.393738 0.877865
vt 0.392976 0.883254
vt 0.392976 0.877582
vt 0.392215 0.882970
vt 0.392215 0.877865
vt 0.391438 0.882095
vt 0.391438 0.878742
vt 0.391036 0.882736
vt 0.391036 0.878100
vt 0.389832 0.883280
vt 0.389832 0.877556
vt 0.386082 0.882198
vt 0.386082 0.878638
vt 0.385478 0.883159
vt 0.385478 0.877677
vt 0.385021 0.883197
vt 0.385021 0.877639
vt 0.384324 0.882542
vt 0.384324 0.878294
vt 0.383655 0.882708
vt 0.383655 0.878128
vt 0.379312 0.883420
vt 0.379312 0.877295
vt 0.628646 0.938142
vt 0.628646 0.939070
vt 0.624177 0.939070
vt 0.624177 0.938142
vt 0.629334 0.938142
vt 0.629334 0.939070
vt 0.630052 0.938142
vt 0.630052 0.939070
vt 0.630522 0.939070
vt 0.630522 0.938143
vt 0.570781 0.937728
vt 0.570781 0.936799
vt 0.575250 0.936799
vt 0.575250 0.937728
vt 0.570093 0.937728
vt 0.570093 0.936799
vt 0.569375 0.937728
vt 0.569375 0.936799
vt 0.568904 0.936799
vt 0.568904 0.937728
vt 0.083926 0.942722
vt 0.083926 0.941431
vt 0.084807 0.941432
vt 0.084807 0.942722
vt 0.083044 0.942722
vt 0.083044 0.941432
vt 0.085705 0.941432
vt 0.085705 0.942723
vt 0.082146 0.942723
vt 0.082146 0.941432
vt 0.945708 0.719018
vt 0.945708 0.720311
vt 0.944826 0.720310
vt 0.944826 0.719018
vt 0.946589 0.719018
vt 0.946589 0.720310
vt 0.943928 0.720310
vt 0.943928 0.719017
vt 0.947487 0.719017
vt 0.947487 0.720310
vt 0.448255 0.940364
vt 0.448255 0.939122
vt 0.449405 0.939122
vt 0.449406 0.940364
vt 0.448365 0.935243
vt 0.449296 0.935243
vt 0.201326 0.779456
vt 0.202568 0.779456
vt 0.202568 0.780608
vt 0.201326 0.780609
vt 0.197447 0.780498
vt 0.197447 0.779566
vt 0.298197 0.938958
vt 0.293728 0.938958
vt 0.293728 0.938030
vt 0.298197 0.938030
vt 0.298885 0.938958
vt 0.298885 0.938031
vt 0.299603 0.938030
vt 0.299603 0.938958
vt 0.300074 0.938030
vt 0.300074 0.938958
vt 0.503836 0.922671
vt 0.499368 0.922671
vt 0.499368 0.921742
vt 0.503836 0.921742
vt 0.504525 0.922671
vt 0.504525 0.921742
vt 0.505242 0.921742
vt 0.505242 0.922670
vt 0.505713 0.921741
vt 0.505713 0.922670
vt 0.216831 0.937472
vt 0.216832 0.938622
vt 0.215590 0.938622
vt 0.215590 0.937472
vt 0.211711 0.938513
vt 0.211711 0.937582
vt 0.579008 0.898142
vt 0.580161 0.898142
vt 0.580160 0.899384
vt 0.579008 0.899384
vt 0.579118 0.894263
vt 0.580050 0.894263
vt 0.607630 0.939073
vt 0.607630 0.938146
vt 0.612099 0.938146
vt 0.612099 0.939073
vt 0.606941 0.939073
vt 0.606941 0.938146
vt 0.606224 0.939073
vt 0.606224 0.938145
vt 0.605753 0.938145
vt 0.605753 0.939073
vt 0.415066 0.938339
vt 0.415066 0.937410
vt 0.419534 0.937410
vt 0.419534 0.938339
vt 0.414377 0.938339
vt 0.414377 0.937410
vt 0.413660 0.938339
vt 0.413660 0.937410
vt 0.413189 0.937410
vt 0.413189 0.938339
vt 0.397143 0.900137
vt 0.398434 0.900137
vt 0.398434 0.901018
vt 0.397143 0.901018
vt 0.397143 0.899255
vt 0.398434 0.899255
vt 0.398433 0.901916
vt 0.397142 0.901916
vt 0.397142 0.898357
vt 0.398433 0.898357
vt 0.889840 0.714648
vt 0.889840 0.713355
vt 0.890722 0.713356
vt 0.890722 0.714649
vt 0.888959 0.714649
vt 0.888959 0.713356
vt 0.891620 0.713356
vt 0.891620 0.714649
vt 0.888061 0.714649
vt 0.888061 0.713356
vt 0.702995 0.919280
vt 0.701753 0.919280
vt 0.701753 0.918130
vt 0.702995 0.918129
vt 0.697875 0.919170
vt 0.697875 0.918239
vt 0.816147 0.704835
vt 0.816147 0.703593
vt 0.817299 0.703593
vt 0.817299 0.704835
vt 0.817189 0.708714
vt 0.816256 0.708714
vt 0.790684 0.937932
vt 0.795153 0.937932
vt 0.795153 0.938860
vt 0.790684 0.938860
vt 0.789996 0.937932
vt 0.789996 0.938859
vt 0.789278 0.938860
vt 0.789278 0.937932
vt 0.788808 0.938860
vt 0.788808 0.937932
vt 0.074133 0.938120
vt 0.069665 0.938120
vt 0.069665 0.937191
vt 0.074133 0.937191
vt 0.074822 0.938120
vt 0.074822 0.937191
vt 0.075539 0.937191
vt 0.075539 0.938120
vt 0.076010 0.937191
vt 0.076010 0.938120
vt 0.883078 0.934905
vt 0.883078 0.936055
vt 0.881836 0.936055
vt 0.881836 0.934904
vt 0.877957 0.935946
vt 0.877957 0.935015
vt 0.434549 0.866646
vt 0.433397 0.866646
vt 0.433397 0.865404
vt 0.434549 0.865404
vt 0.434440 0.870525
vt 0.433507 0.870525
vt 0.225240 0.817448
vt 0.225240 0.816502
vt 0.229798 0.816502
vt 0.229798 0.817448
vt 0.224538 0.817448
vt 0.224538 0.816503
vt 0.223806 0.817448
vt 0.223806 0.816502
vt 0.223326 0.816502
vt 0.223326 0.817448
vt 0.222692 0.817448
vt 0.222692 0.816503
vt 0.394452 0.732481
vt 0.394452 0.731508
vt 0.399135 0.731508
vt 0.399135 0.732481
vt 0.393731 0.732481
vt 0.393731 0.731508
vt 0.392979 0.732481
vt 0.392979 0.731507
vt 0.392486 0.731507
vt 0.392486 0.732481
vt 0.391835 0.732481
vt 0.391835 0.731508
vt 0.387858 0.732616
vt 0.387858 0.731389
vt 0.386579 0.732621
vt 0.386579 0.731367
vt 0.386127 0.731367
vt 0.386127 0.732622
vt 0.385256 0.731367
vt 0.385256 0.732621
vt 0.884496 0.827666
vt 0.885841 0.827666
vt 0.885841 0.828584
vt 0.884496 0.828584
vt 0.884496 0.826747
vt 0.885841 0.826747
vt 0.885840 0.829520
vt 0.884495 0.829520
vt 0.884495 0.825812
vt 0.885840 0.825812
vt 0.885841 0.830005
vt 0.884495 0.830005
vt 0.884495 0.825326
vt 0.885841 0.825326
vt 0.884505 0.823929
vt 0.885831 0.823929
vt 0.898025 0.760479
vt 0.902582 0.760479
vt 0.902582 0.761426
vt 0.898025 0.761425
vt 0.897322 0.760479
vt 0.897322 0.761425
vt 0.896591 0.761425
vt 0.896591 0.760479
vt 0.896111 0.761425
vt 0.896111 0.760479
vt 0.895477 0.760479
vt 0.895477 0.761425
vt 0.450247 0.676390
vt 0.454929 0.676390
vt 0.454929 0.677364
vt 0.450247 0.677364
vt 0.449525 0.676391
vt 0.449525 0.677364
vt 0.448773 0.677364
vt 0.448773 0.676391
vt 0.448280 0.677364
vt 0.448280 0.676391
vt 0.447629 0.676390
vt 0.447629 0.677363
vt 0.443652 0.676255
vt 0.443653 0.677483
vt 0.442373 0.677504
vt 0.442373 0.676250
vt 0.441921 0.677504
vt 0.441921 0.676250
vt 0.441050 0.677505
vt 0.441050 0.676250
vt 0.440195 0.676255
vt 0.440195 0.677483
vt 0.439340 0.677505
vt 0.439340 0.676250
vt 0.291831 0.915112
vt 0.291831 0.916075
vt 0.287191 0.916075
vt 0.287191 0.915111
vt 0.292547 0.915111
vt 0.292547 0.916074
vt 0.293292 0.915112
vt 0.293292 0.916075
vt 0.293780 0.916075
vt 0.293780 0.915112
vt 0.294426 0.915111
vt 0.294426 0.916074
vt 0.298396 0.914991
vt 0.298396 0.916196
vt 0.299697 0.916196
vt 0.299697 0.914990
vt 0.300132 0.916195
vt 0.300132 0.914990
vt 0.300971 0.916196
vt 0.300971 0.914990
vt 0.301794 0.914991
vt 0.301794 0.916196
vt 0.302617 0.914990
vt 0.302617 0.916196
vt 0.303456 0.914990
vt 0.303456 0.916195
vt 0.303891 0.914990
vt 0.303891 0.916196
vt 0.305192 0.914991
vt 0.305192 0.916196
vt 0.309162 0.915111
vt 0.309162 0.916074
vt 0.309808 0.915112
vt 0.309808 0.916075
vt 0.310296 0.915112
vt 0.310296 0.916075
vt 0.311041 0.915111
vt 0.311041 0.916074
vt 0.311756 0.915112
vt 0.311756 0.916075
vt 0.316397 0.915111
vt 0.316397 0.916075
vt 0.967587 0.928214
vt 0.966641 0.928214
vt 0.966641 0.923661
vt 0.967587 0.923661
vt 0.967587 0.928916
vt 0.966641 0.928916
vt 0.967587 0.929647
vt 0.966640 0.929647
vt 0.966640 0.930126
vt 0.967587 0.930126
vt 0.967587 0.930760
vt 0.966641 0.930760
vt 0.240941 0.932274
vt 0.240941 0.930987
vt 0.241818 0.930987
vt 0.241818 0.932274
vt 0.240064 0.932274
vt 0.240064 0.930987
vt 0.242711 0.930988
vt 0.242711 0.932275
vt 0.239170 0.932275
vt 0.239170 0.930988
vt 0.243174 0.930988
vt 0.243174 0.932274
vt 0.238707 0.932274
vt 0.238707 0.930988
vt 0.536070 0.930285
vt 0.540623 0.930285
vt 0.540624 0.931231
vt 0.536070 0.931231
vt 0.535368 0.930285
vt 0.535368 0.931231
vt 0.534637 0.931231
vt 0.534637 0.930285
vt 0.534158 0.931231
vt 0.534158 0.930285
vt 0.533525 0.930284
vt 0.533525 0.931231
vt 0.359579 0.917475
vt 0.359579 0.918437
vt 0.354945 0.918437
vt 0.354945 0.917475
vt 0.360293 0.917475
vt 0.360293 0.918437
vt 0.361037 0.917475
vt 0.361037 0.918437
vt 0.361525 0.918437
vt 0.361525 0.917475
vt 0.362170 0.917475
vt 0.362170 0.918437
vt 0.366172 0.917361
vt 0.366172 0.918552
vt 0.367457 0.918551
vt 0.367457 0.917361
vt 0.367886 0.918551
vt 0.367886 0.917360
vt 0.368715 0.918552
vt 0.368715 0.917361
vt 0.369528 0.917361
vt 0.369528 0.918552
vt 0.370341 0.917361
vt 0.370341 0.918552
vt 0.371169 0.917360
vt 0.371169 0.918551
vt 0.371599 0.917361
vt 0.371599 0.918551
vt 0.372884 0.917361
vt 0.372884 0.918552
vt 0.376886 0.917475
vt 0.376886 0.918437
vt 0.377530 0.917475
vt 0.377530 0.918437
vt 0.378018 0.917475
vt 0.378018 0.918437
vt 0.378763 0.917475
vt 0.378763 0.918437
vt 0.379477 0.917475
vt 0.379477 0.918437
vt 0.384111 0.917475
vt 0.384111 0.918437
vt 0.342944 0.918440
vt 0.342944 0.917467
vt 0.347624 0.917467
vt 0.347624 0.918439
vt 0.342223 0.918440
vt 0.342223 0.917467
vt 0.341472 0.918439
vt 0.341472 0.917467
vt 0.340979 0.917466
vt 0.340979 0.918439
vt 0.340328 0.918440
vt 0.340328 0.917467
vt 0.336287 0.918555
vt 0.336287 0.917351
vt 0.334989 0.918555
vt 0.334989 0.917351
vt 0.334555 0.917351
vt 0.334555 0.918556
vt 0.333719 0.917351
vt 0.333719 0.918555
vt 0.332898 0.918555
vt 0.332898 0.917351
vt 0.332076 0.918555
vt 0.332076 0.917351
vt 0.331240 0.918556
vt 0.331240 0.917351
vt 0.330806 0.918555
vt 0.330806 0.917351
vt 0.329508 0.918555
vt 0.329508 0.917351
vt 0.325467 0.918440
vt 0.325467 0.917467
vt 0.324816 0.918439
vt 0.324816 0.917466
vt 0.324323 0.918439
vt 0.324323 0.917467
vt 0.323572 0.918440
vt 0.323572 0.917467
vt 0.322851 0.918440
vt 0.322851 0.917467
vt 0.516822 0.942579
vt 0.512443 0.942578
vt 0.512443 0.941669
vt 0.516822 0.941669
vt 0.082600 0.867957
vt 0.082600 0.867011
vt 0.087158 0.867010
vt 0.087158 0.867957
vt 0.081898 0.867957
vt 0.081898 0.867011
vt 0.081166 0.867957
vt 0.081166 0.867011
vt 0.080686 0.867011
vt 0.080686 0.867957
vt 0.080052 0.867957
vt 0.080052 0.867011
vt 0.333830 0.732481
vt 0.333830 0.731508
vt 0.338513 0.731508
vt 0.338513 0.732481
vt 0.333109 0.732481
vt 0.333109 0.731508
vt 0.332357 0.732480
vt 0.332357 0.731507
vt 0.331864 0.731507
vt 0.331864 0.732480
vt 0.331213 0.732481
vt 0.331213 0.731508
vt 0.327236 0.732616
vt 0.327236 0.731389
vt 0.325957 0.732621
vt 0.325957 0.731367
vt 0.325505 0.731367
vt 0.325505 0.732622
vt 0.324634 0.731367
vt 0.324634 0.732621
vt 0.765035 0.608222
vt 0.766380 0.608222
vt 0.766380 0.609140
vt 0.765035 0.609140
vt 0.765035 0.607303
vt 0.766380 0.607303
vt 0.766379 0.610076
vt 0.765034 0.610076
vt 0.765034 0.606367
vt 0.766379 0.606367
vt 0.766380 0.610561
vt 0.765035 0.610561
vt 0.765035 0.605882
vt 0.766380 0.605882
vt 0.765044 0.604485
vt 0.766370 0.604485
vt 0.738744 0.767759
vt 0.743301 0.767759
vt 0.743301 0.768705
vt 0.738744 0.768704
vt 0.738041 0.767758
vt 0.738041 0.768704
vt 0.737310 0.768705
vt 0.737310 0.767759
vt 0.736830 0.768705
vt 0.736830 0.767759
vt 0.736196 0.767758
vt 0.736196 0.768704
vt 0.214297 0.711166
vt 0.218979 0.711166
vt 0.218979 0.712139
vt 0.214297 0.712139
vt 0.213575 0.711166
vt 0.213575 0.712139
vt 0.212823 0.712140
vt 0.212823 0.711167
vt 0.212330 0.712140
vt 0.212330 0.711167
vt 0.211679 0.711166
vt 0.211679 0.712139
vt 0.207702 0.711031
vt 0.207703 0.712259
vt 0.206423 0.712280
vt 0.206423 0.711026
vt 0.205971 0.712280
vt 0.205971 0.711026
vt 0.205100 0.712280
vt 0.205100 0.711026
vt 0.204245 0.711031
vt 0.204245 0.712259
vt 0.203390 0.712280
vt 0.203390 0.711026
vt 0.654969 0.916016
vt 0.654969 0.916979
vt 0.650328 0.916979
vt 0.650328 0.916016
vt 0.655684 0.916015
vt 0.655684 0.916979
vt 0.656429 0.916016
vt 0.656429 0.916979
vt 0.656918 0.916979
vt 0.656918 0.916016
vt 0.657563 0.916015
vt 0.657563 0.916979
vt 0.661533 0.915895
vt 0.661533 0.917101
vt 0.662834 0.917100
vt 0.662834 0.915894
vt 0.663269 0.917100
vt 0.663269 0.915894
vt 0.664108 0.917100
vt 0.664108 0.915894
vt 0.664931 0.915895
vt 0.664931 0.917101
vt 0.665754 0.915894
vt 0.665754 0.917100
vt 0.666593 0.915894
vt 0.666593 0.917100
vt 0.667028 0.915894
vt 0.667028 0.917100
vt 0.668329 0.915895
vt 0.668329 0.917101
vt 0.672300 0.916015
vt 0.672300 0.916979
vt 0.672945 0.916016
vt 0.672945 0.916979
vt 0.673434 0.916016
vt 0.673434 0.916979
vt 0.674179 0.916015
vt 0.674179 0.916979
vt 0.674894 0.916016
vt 0.674894 0.916979
vt 0.679534 0.916016
vt 0.679534 0.916979
vt 0.937784 0.914299
vt 0.937784 0.915246
vt 0.933230 0.915245
vt 0.933230 0.914299
vt 0.938485 0.914299
vt 0.938485 0.915245
vt 0.939216 0.914299
vt 0.939216 0.915246
vt 0.939696 0.915246
vt 0.939696 0.914299
vt 0.940329 0.914299
vt 0.940329 0.915245
vt 0.382392 0.932195
vt 0.382392 0.930909
vt 0.383269 0.930909
vt 0.383269 0.932195
vt 0.381515 0.932195
vt 0.381515 0.930909
vt 0.384162 0.930909
vt 0.384162 0.932196
vt 0.380621 0.932196
vt 0.380621 0.930909
vt 0.384625 0.930909
vt 0.384625 0.932196
vt 0.380158 0.932196
vt 0.380158 0.930909
vt 0.975313 0.930053
vt 0.975313 0.934606
vt 0.974367 0.934606
vt 0.974367 0.930053
vt 0.975313 0.929351
vt 0.974367 0.929351
vt 0.974367 0.928620
vt 0.975313 0.928620
vt 0.974367 0.928141
vt 0.975313 0.928141
vt 0.975314 0.927507
vt 0.974367 0.927507
vt 0.128978 0.917686
vt 0.128978 0.918648
vt 0.124344 0.918648
vt 0.124344 0.917686
vt 0.129692 0.917686
vt 0.129692 0.918648
vt 0.130436 0.917687
vt 0.130436 0.918648
vt 0.130924 0.918648
vt 0.130924 0.917687
vt 0.131569 0.917686
vt 0.131569 0.918648
vt 0.135570 0.917572
vt 0.135570 0.918763
vt 0.136856 0.918763
vt 0.136856 0.917572
vt 0.137285 0.918762
vt 0.137285 0.917571
vt 0.138114 0.918763
vt 0.138113 0.917572
vt 0.138927 0.917572
vt 0.138927 0.918763
vt 0.139740 0.917572
vt 0.139740 0.918763
vt 0.140568 0.917571
vt 0.140568 0.918762
vt 0.140997 0.917572
vt 0.140997 0.918763
vt 0.142283 0.917572
vt 0.142283 0.918763
vt 0.146285 0.917686
vt 0.146285 0.918648
vt 0.146929 0.917687
vt 0.146929 0.918648
vt 0.147417 0.917687
vt 0.147417 0.918648
vt 0.148161 0.917686
vt 0.148161 0.918648
vt 0.148875 0.917686
vt 0.148875 0.918648
vt 0.153510 0.917686
vt 0.153510 0.918648
vt 0.065391 0.877507
vt 0.065391 0.876535
vt 0.070071 0.876535
vt 0.070071 0.877507
vt 0.064670 0.877507
vt 0.064670 0.876535
vt 0.063919 0.877507
vt 0.063919 0.876534
vt 0.063426 0.876534
vt 0.063426 0.877507
vt 0.062775 0.877508
vt 0.062775 0.876535
vt 0.058733 0.877623
vt 0.058734 0.876418
vt 0.057435 0.877623
vt 0.057436 0.876419
vt 0.057002 0.876419
vt 0.057002 0.877623
vt 0.056165 0.876419
vt 0.056165 0.877623
vt 0.055344 0.877623
vt 0.055344 0.876418
vt 0.054523 0.877623
vt 0.054523 0.876419
vt 0.053687 0.877623
vt 0.053687 0.876419
vt 0.053253 0.877623
vt 0.053253 0.876419
vt 0.051955 0.877623
vt 0.051955 0.876418
vt 0.047914 0.877508
vt 0.047914 0.876535
vt 0.047263 0.877507
vt 0.047263 0.876534
vt 0.046770 0.877507
vt 0.046770 0.876534
vt 0.046019 0.877507
vt 0.046019 0.876535
vt 0.045297 0.877507
vt 0.045297 0.876535
vt 0.091655 0.941437
vt 0.096034 0.941437
vt 0.096034 0.942347
vt 0.091655 0.942347
vt 0.937845 0.851887
vt 0.937845 0.850942
vt 0.942403 0.850941
vt 0.942403 0.851888
vt 0.937143 0.851888
vt 0.937143 0.850942
vt 0.936411 0.851887
vt 0.936411 0.850941
vt 0.935931 0.850941
vt 0.935931 0.851887
vt 0.935297 0.851888
vt 0.935297 0.850942
vt 0.071136 0.676623
vt 0.071136 0.675650
vt 0.075818 0.675650
vt 0.075818 0.676623
vt 0.070414 0.676623
vt 0.070414 0.675650
vt 0.069662 0.676623
vt 0.069662 0.675649
vt 0.069169 0.675649
vt 0.069169 0.676623
vt 0.068518 0.676623
vt 0.068518 0.675650
vt 0.064541 0.676759
vt 0.064541 0.675531
vt 0.063262 0.676764
vt 0.063262 0.675509
vt 0.062810 0.675510
vt 0.062810 0.676764
vt 0.061939 0.675509
vt 0.061939 0.676763
vt 0.583725 0.544457
vt 0.583725 0.545802
vt 0.582806 0.545802
vt 0.582806 0.544457
vt 0.584643 0.544457
vt 0.584643 0.545802
vt 0.581870 0.545802
vt 0.581870 0.544456
vt 0.585579 0.544456
vt 0.585579 0.545802
vt 0.581385 0.545802
vt 0.581385 0.544457
vt 0.586064 0.544457
vt 0.586064 0.545802
vt 0.587461 0.544466
vt 0.587461 0.545793
vt 0.788073 0.767759
vt 0.792631 0.767759
vt 0.792631 0.768705
vt 0.788073 0.768704
vt 0.787371 0.767758
vt 0.787371 0.768704
vt 0.786639 0.768705
vt 0.786639 0.767759
vt 0.786159 0.768705
vt 0.786159 0.767759
vt 0.785525 0.767758
vt 0.785525 0.768704
vt 0.992804 0.667124
vt 0.992804 0.662442
vt 0.993777 0.662442
vt 0.993777 0.667124
vt 0.992804 0.667846
vt 0.993777 0.667846
vt 0.993778 0.668597
vt 0.992805 0.668597
vt 0.993778 0.669091
vt 0.992805 0.669091
vt 0.992804 0.669742
vt 0.993777 0.669742
vt 0.992669 0.673718
vt 0.993897 0.673718
vt 0.993918 0.674998
vt 0.992664 0.674998
vt 0.993918 0.675449
vt 0.992664 0.675449
vt 0.993918 0.676321
vt 0.992664 0.676321
vt 0.992669 0.677176
vt 0.993897 0.677176
vt 0.993918 0.678031
vt 0.992664 0.678031
vt 0.395245 0.915901
vt 0.395245 0.916863
vt 0.390605 0.916864
vt 0.390605 0.915900
vt 0.395960 0.915900
vt 0.395960 0.916863
vt 0.396706 0.915901
vt 0.396706 0.916864
vt 0.397194 0.916863
vt 0.397194 0.915901
vt 0.397840 0.915900
vt 0.397840 0.916863
vt 0.401810 0.915780
vt 0.401810 0.916985
vt 0.403111 0.916985
vt 0.403111 0.915779
vt 0.403546 0.916984
vt 0.403546 0.915779
vt 0.404385 0.916985
vt 0.404385 0.915779
vt 0.405208 0.915780
vt 0.405208 0.916985
vt 0.406031 0.915779
vt 0.406031 0.916985
vt 0.406870 0.915779
vt 0.406870 0.916984
vt 0.407305 0.915779
vt 0.407305 0.916985
vt 0.408606 0.915780
vt 0.408606 0.916985
vt 0.412576 0.915900
vt 0.412576 0.916863
vt 0.413222 0.915901
vt 0.413222 0.916863
vt 0.413710 0.915901
vt 0.413710 0.916864
vt 0.414455 0.915900
vt 0.414455 0.916863
vt 0.415170 0.915901
vt 0.415170 0.916863
vt 0.419811 0.915900
vt 0.419811 0.916864
vt 0.776720 0.927735
vt 0.776720 0.928682
vt 0.772166 0.928681
vt 0.772166 0.927736
vt 0.777421 0.927735
vt 0.777421 0.928682
vt 0.778152 0.927736
vt 0.778152 0.928682
vt 0.778632 0.928682
vt 0.778632 0.927736
vt 0.779265 0.927735
vt 0.779265 0.928681
vt 0.227271 0.932263
vt 0.227271 0.930976
vt 0.228148 0.930977
vt 0.228148 0.932263
vt 0.226394 0.932263
vt 0.226394 0.930977
vt 0.229042 0.930977
vt 0.229042 0.932264
vt 0.225500 0.932264
vt 0.225500 0.930977
vt 0.229505 0.930977
vt 0.229505 0.932263
vt 0.225037 0.932263
vt 0.225037 0.930977
vt 0.298931 0.931013
vt 0.303485 0.931014
vt 0.303485 0.931959
vt 0.298931 0.931960
vt 0.298230 0.931013
vt 0.298230 0.931959
vt 0.297499 0.931960
vt 0.297499 0.931013
vt 0.297019 0.931960
vt 0.297019 0.931013
vt 0.296386 0.931013
vt 0.296386 0.931959
vt 0.613049 0.919094
vt 0.613049 0.918132
vt 0.617683 0.918132
vt 0.617683 0.919094
vt 0.612335 0.919095
vt 0.612335 0.918133
vt 0.611591 0.919094
vt 0.611591 0.918132
vt 0.611103 0.918132
vt 0.611103 0.919094
vt 0.610458 0.919095
vt 0.610458 0.918133
vt 0.606457 0.919208
vt 0.606457 0.918017
vt 0.605171 0.918018
vt 0.605171 0.919209
vt 0.604742 0.918018
vt 0.604742 0.919209
vt 0.603913 0.918018
vt 0.603914 0.919208
vt 0.603100 0.919208
vt 0.603100 0.918017
vt 0.602287 0.919208
vt 0.602287 0.918018
vt 0.601459 0.919209
vt 0.601459 0.918018
vt 0.601030 0.919209
vt 0.601030 0.918018
vt 0.599744 0.919208
vt 0.599744 0.918017
vt 0.595742 0.919095
vt 0.595742 0.918133
vt 0.595098 0.919094
vt 0.595098 0.918132
vt 0.594610 0.919094
vt 0.594610 0.918132
vt 0.593866 0.919095
vt 0.593866 0.918133
vt 0.593152 0.919094
vt 0.593152 0.918132
vt 0.588517 0.919094
vt 0.588517 0.918132
vt 0.625847 0.808247
vt 0.625847 0.807274
vt 0.630526 0.807275
vt 0.630526 0.808246
vt 0.625125 0.808247
vt 0.625125 0.807275
vt 0.624374 0.808247
vt 0.624374 0.807274
vt 0.623881 0.807274
vt 0.623881 0.808247
vt 0.623230 0.808247
vt 0.623230 0.807275
vt 0.619189 0.808363
vt 0.619189 0.807158
vt 0.617891 0.808363
vt 0.617891 0.807158
vt 0.617457 0.807159
vt 0.617457 0.808363
vt 0.616621 0.807158
vt 0.616621 0.808363
vt 0.615800 0.808363
vt 0.615800 0.807158
vt 0.614979 0.808363
vt 0.614979 0.807158
vt 0.614142 0.808363
vt 0.614142 0.807159
vt 0.613709 0.808363
vt 0.613709 0.807158
vt 0.612411 0.808363
vt 0.612410 0.807158
vt 0.608369 0.808247
vt 0.608369 0.807275
vt 0.607719 0.808247
vt 0.607719 0.807274
vt 0.607226 0.808247
vt 0.607226 0.807274
vt 0.606474 0.808247
vt 0.606474 0.807275
vt 0.605753 0.808247
vt 0.605753 0.807274
vt 0.494832 0.942579
vt 0.490453 0.942578
vt 0.490453 0.941669
vt 0.494832 0.941669
vt 0.809609 0.763251
vt 0.815622 0.766624
vt 0.809609 0.766624
vt 0.826428 0.703592
vt 0.832715 0.705989
vt 0.852491 0.516942
vt 0.833977 0.524075
vt 0.845945 0.788290
vt 0.851554 0.768395
vt 0.859578 0.739932
vt 0.861406 0.759954
vt 0.792535 0.582125
vt 0.744655 0.598542
vt 0.735912 0.582125
vt 0.919860 0.547715
vt 0.933765 0.549820
vt 0.901731 0.549820
vt 0.915651 0.547715
vt 0.931668 0.547715
vt 0.903843 0.547715
vt 0.915651 0.522559
vt 0.919860 0.522559
vt 0.933765 0.520455
vt 0.931668 0.522559
vt 0.901731 0.520455
vt 0.903843 0.522559
vt 0.874250 0.649516
vt 0.857156 0.588880
vt 0.863443 0.586483
vt 0.880262 0.646143
vt 0.880262 0.649516
vt 0.564150 0.640211
vt 0.633644 0.640211
vt 0.650330 0.699399
vt 0.593707 0.708683
vt 0.650330 0.708683
vt 0.615778 0.214656
vt 0.603970 0.189500
vt 0.615778 0.189500
vt 0.603970 0.214656
vt 0.867854 0.680615
vt 0.879662 0.655459
vt 0.879662 0.680615
vt 0.867854 0.655459
vt 0.072902 0.702804
vt 0.081659 0.702804
vt 0.073070 0.760533
vt 0.085460 0.702804
vt 0.076871 0.760533
vt 0.004883 0.702804
vt 0.005051 0.760533
vt 0.081995 0.702804
vt 0.085796 0.702804
vt 0.092250 0.702804
vt 0.101007 0.702804
vt 0.101175 0.760533
vt 0.169026 0.702804
vt 0.169194 0.760533
vt 0.985957 0.193661
vt 0.985946 0.194676
vt 0.984354 0.194678
vt 0.984343 0.193664
vt 0.873034 0.499246
vt 0.873023 0.500261
vt 0.871431 0.500263
vt 0.871420 0.499249
vt 0.934845 0.500639
vt 0.934834 0.501653
vt 0.933241 0.501655
vt 0.933230 0.500641
vt 0.966513 0.680356
vt 0.895102 0.510999
vt 0.338303 0.855755
vt 0.341576 0.852560
vt 0.975802 0.008698
vt 0.567006 0.507693
vt 0.566398 0.508583
vt 0.566059 0.509078
vt 0.565573 0.509788
vt 0.565241 0.510273
vt 0.564744 0.510999
vt 0.567716 0.506656
vt 0.715382 0.793825
vt 0.786653 0.697650
vt 0.767066 0.697650
vt 0.831925 0.697650
vt 0.792024 0.697650
vt 0.855591 0.697650
vt 0.836972 0.697650
vt 0.760900 0.697650
vt 0.636576 0.793553
vt 0.967199 0.115295
vt 0.968679 0.121420
vt 0.968576 0.004883
vt 0.881480 0.858071
vt 0.582574 0.888320
vt 0.864447 0.842008
vt 0.874391 0.862319
vt 0.212522 0.816374
vt 0.212522 0.823463
vt 0.590072 0.863010
vt 0.322851 0.834812
vt 0.141579 0.816510
vt 0.141579 0.823463
vt 0.335332 0.503664
vt 0.575522 0.875402
vt 0.535622 0.869872
vt 0.410769 0.641751
vt 0.144794 0.868561
vt 0.360294 0.636220
vt 0.102353 0.863032
vt 0.236206 0.780037
vt 0.803968 0.828976
vt 0.828628 0.752759
vt 0.730164 0.891907
vt 0.800448 0.823929
vt 0.587053 0.822238
vt 0.590575 0.822238
vt 0.271144 0.852560
vt 0.644168 0.516943
vt 0.035194 0.855892
vt 0.035194 0.860939
vt 0.972679 0.812182
vt 0.670079 0.516943
vt 0.035194 0.844085
vt 0.035194 0.849949
vt 0.332013 0.857932
vt 0.615350 0.063884
vt 0.327764 0.857932
vt 0.332013 0.852560
vt 0.346030 0.816374
vt 0.220111 0.881380
vt 0.096062 0.855892
vt 0.775138 0.823929
vt 0.527896 0.474792
vt 0.096062 0.860939
vt 0.180211 0.877131
vt 0.091814 0.860939
vt 0.972679 0.873050
vt 0.366704 0.805613
vt 0.966513 0.873050
vt 0.611102 0.083470
vt 0.558206 0.816374
vt 0.096096 0.849949
vt 0.532144 0.456173
vt 0.091846 0.849949
vt 0.583530 0.822238
vt 0.835669 0.752759
vt 0.807489 0.823929
vt 0.374860 0.821827
vt 0.378381 0.821827
vt 0.832148 0.792659
vt 0.371340 0.816374
vt 0.378381 0.816374
vt 0.371340 0.821827
vt 0.337873 0.805613
vt 0.334353 0.805613
vt 0.098084 0.892161
vt 0.284813 0.577087
vt 0.135341 0.816374
vt 0.284813 0.677639
vt 0.187343 0.848373
vt 0.885390 0.885915
vt 0.372775 0.807158
vt 0.931371 0.885915
vt 0.928165 0.889187
vt 0.261299 0.861932
vt 0.455136 0.791999
vt 0.177834 0.861932
vt 0.181028 0.858660
vt 0.888748 0.817986
vt 0.197447 0.788727
vt 0.597944 0.807158
vt 0.599673 0.810430
vt 0.004883 0.810430
vt 0.006612 0.807158
vt 0.830117 0.889188
vt 0.826845 0.885915
vt 0.102353 0.856085
vt 0.105626 0.852880
vt 0.067034 0.866883
vt 0.070110 0.866883
vt 0.161787 0.673963
vt 0.687771 0.872287
vt 0.380548 0.898421
vt 0.783374 0.913158
vt 0.360509 0.932314
vt 0.723431 0.582303
vt 0.650943 0.901348
vt 0.687771 0.871085
vt 0.360509 0.931010
vt 0.161787 0.675166
vt 0.842906 0.763714
vt 0.529084 0.900528
vt 0.051882 0.902881
vt 0.776921 0.913158
vt 0.353162 0.932314
vt 0.729884 0.582303
vt 0.110254 0.885140
vt 0.529084 0.901730
vt 0.353162 0.931010
vt 0.841703 0.763714
vt 0.264012 0.731367
vt 0.851807 0.869718
vt 0.439387 0.896860
vt 0.976532 0.911926
vt 0.346839 0.932314
vt 0.966513 0.899868
vt 0.744233 0.640231
vt 0.851807 0.868516
vt 0.346839 0.931010
vt 0.264012 0.732569
vt 0.648559 0.762049
vt 0.412595 0.877295
vt 0.330624 0.902095
vt 0.970079 0.911926
vt 0.339492 0.932314
vt 0.972966 0.899868
vt 0.571876 0.702037
vt 0.412595 0.878497
vt 0.339492 0.931010
vt 0.647356 0.762048
vt 0.203390 0.731367
vt 0.978994 0.869569
vt 0.461998 0.896843
vt 0.102269 0.910124
vt 0.317123 0.932318
vt 0.606347 0.577085
vt 0.935628 0.713139
vt 0.978994 0.868367
vt 0.317123 0.931013
vt 0.203390 0.732569
vt 0.322851 0.750980
vt 0.162975 0.877131
vt 0.736553 0.905189
vt 0.095816 0.910124
vt 0.309776 0.932318
vt 0.612800 0.577085
vt 0.909197 0.901246
vt 0.162975 0.878333
vt 0.309775 0.931013
vt 0.322851 0.749777
vt 0.571876 0.685191
vt 0.994961 0.930969
vt 0.363907 0.898421
vt 0.035703 0.910168
vt 0.330793 0.932318
vt 0.838732 0.703591
vt 0.882138 0.901247
vt 0.994961 0.932207
vt 0.330793 0.931013
vt 0.573112 0.685191
vt 0.891627 0.741212
vt 0.220545 0.888561
vt 0.163617 0.902301
vt 0.029250 0.910168
vt 0.323445 0.932318
vt 0.845184 0.703591
vt 0.596578 0.900197
vt 0.220545 0.887323
vt 0.323445 0.931013
vt 0.891627 0.740010
vt 0.033857 0.923138
vt 0.933280 0.900994
vt 0.085165 0.898168
vt 0.631819 0.913188
vt 0.042541 0.931986
vt 0.845863 0.599055
vt 0.269955 0.666867
vt 0.932042 0.900994
vt 0.042541 0.930681
vt 0.033857 0.921903
vt 0.781676 0.748492
vt 0.272847 0.915476
vt 0.422746 0.902812
vt 0.625366 0.913188
vt 0.035194 0.931986
vt 0.852316 0.599055
vt 0.371326 0.609800
vt 0.272847 0.914238
vt 0.035194 0.930681
vt 0.781676 0.747289
vt 0.944651 0.514512
vt 0.264606 0.782783
vt 0.961073 0.004908
vt 0.753742 0.004908
vt 0.694309 0.547612
vt 0.890438 0.484956
vt 0.946946 0.808670
vt 0.102353 0.846937
vt 0.532459 0.450229
vt 0.960479 0.967698
vt 0.516009 0.344002
vt 0.875580 0.533871
vt 0.531748 0.344002
vt 0.875580 0.516943
vt 0.532218 0.336354
vt 0.883228 0.517167
vt 0.726997 0.862481
vt 0.004883 0.816374
vt 0.274759 0.782783
vt 0.934498 0.514512
vt 0.694309 0.557765
vt 0.624681 0.571144
vt 0.004883 0.820717
vt 0.698652 0.557765
vt 0.264692 0.848373
vt 0.868002 0.862573
vt 0.137972 0.663940
vt 0.935100 0.808670
vt 0.902284 0.484956
vt 0.264692 0.852716
vt 0.868002 0.858071
vt 0.902284 0.489299
vt 0.530719 0.742287
vt 0.592727 0.912002
vt 0.078914 0.903897
vt 0.915910 0.684945
vt 0.012230 0.923273
vt 0.978994 0.899868
vt 0.360908 0.583203
vt 0.591489 0.912002
vt 0.012230 0.921968
vt 0.530719 0.741051
vt 0.732346 0.748492
vt 0.263932 0.869113
vt 0.004930 0.904228
vt 0.909457 0.684945
vt 0.004883 0.923273
vt 0.985447 0.899868
vt 0.174007 0.668085
vt 0.263932 0.867875
vt 0.004883 0.921968
vt 0.732346 0.747289
vt 0.202664 0.649703
vt 0.731752 0.838204
vt 0.465230 0.561204
vt 0.123070 0.898577
vt 0.109151 0.902833
vt 0.742450 0.484938
vt 0.470266 0.347506
vt 0.731752 0.836961
vt 0.109151 0.901521
vt 0.202664 0.648463
vt 0.080363 0.640246
vt 0.358511 0.542604
vt 0.575182 0.533676
vt 0.116617 0.898577
vt 0.101759 0.902833
vt 0.748902 0.484938
vt 0.947265 0.493706
vt 0.358511 0.543847
vt 0.101759 0.901521
vt 0.080363 0.639040
vt 0.218843 0.816374
vt 0.967714 0.934606
vt 0.146975 0.898628
vt 0.011336 0.910233
vt 0.244614 0.932283
vt 0.262229 0.902179
vt 0.457784 0.822490
vt 0.966513 0.934606
vt 0.244614 0.930979
vt 0.218843 0.817576
vt 0.891627 0.761554
vt 0.529679 0.930157
vt 0.416495 0.896795
vt 0.004883 0.910233
vt 0.237267 0.932283
vt 0.268682 0.902179
vt 0.925838 0.901246
vt 0.529679 0.931359
vt 0.237267 0.930979
vt 0.891627 0.760351
vt 0.076203 0.866883
vt 0.944175 0.914172
vt 0.130334 0.898635
vt 0.644300 0.913178
vt 0.386065 0.932204
vt 0.818524 0.623431
vt 0.822424 0.772502
vt 0.944175 0.915373
vt 0.386065 0.930900
vt 0.076203 0.868085
vt 0.732346 0.768833
vt 0.975441 0.923661
vt 0.347265 0.902095
vt 0.637847 0.913178
vt 0.378718 0.932204
vt 0.824977 0.623431
vt 0.644719 0.900243
vt 0.974239 0.923661
vt 0.378718 0.930900
vt 0.732346 0.767631
vt 0.931447 0.850813
vt 0.783111 0.927608
vt 0.029297 0.898210
vt 0.795855 0.913158
vt 0.230945 0.932272
vt 0.579008 0.906073
vt 0.554046 0.893247
vt 0.783111 0.928809
vt 0.230945 0.930968
vt 0.931447 0.852016
vt 0.781676 0.768833
vt 0.292540 0.930886
vt 0.667611 0.901430
vt 0.789402 0.913158
vt 0.223597 0.932272
vt 0.585461 0.906073
vt 0.324374 0.901244
vt 0.292540 0.932087
vt 0.223597 0.930968
vt 0.781676 0.767630
vt 0.604555 0.841214
vt 0.607455 0.791545
vt 0.842892 0.799122
vt 0.571055 0.791516
vt 0.596799 0.791536
vt 0.593514 0.841224
vt 0.573235 0.841244
vt 0.577225 0.791516
vt 0.539394 0.791547
vt 0.510065 0.791573
vt 0.544223 0.841269
vt 0.967107 0.010705
vt 0.352260 0.542604
vt 0.335332 0.548618
vt 0.335332 0.542604
vt 0.338303 0.862784
vt 0.377356 0.862784
vt 0.377356 0.868798
vt 0.338303 0.868798
vt 0.596244 0.868696
vt 0.596244 0.862682
vt 0.635297 0.862682
vt 0.635297 0.868696
vt 0.895276 0.527301
vt 0.895276 0.543040
vt 0.799380 0.629380
vt 0.789402 0.629556
vt 0.701598 0.640211
vt 0.702318 0.765046
vt 0.656271 0.765046
vt 0.656271 0.640211
vt 0.468072 0.511457
vt 0.468072 0.549289
vt 0.454793 0.542862
vt 0.454793 0.503809
vt 0.278479 0.602622
vt 0.265200 0.609049
vt 0.265200 0.571217
vt 0.278479 0.563569
vt 0.751199 0.634268
vt 0.579602 0.634268
vt 0.665329 0.538372
vt 0.500627 0.303310
vt 0.494613 0.319049
vt 0.494613 0.303310
vt 0.783745 0.622810
vt 0.766817 0.622810
vt 0.869072 0.516936
vt 0.869248 0.526914
vt 0.624237 0.785573
vt 0.513037 0.785573
vt 0.513037 0.776705
vt 0.624237 0.776705
vt 0.080363 0.791123
vt 0.191400 0.791123
vt 0.191400 0.782268
vt 0.080363 0.782268
vt 0.461330 0.652524
vt 0.507377 0.652524
vt 0.506657 0.777359
vt 0.461330 0.777359
vt 0.480267 0.824022
vt 0.474406 0.816510
vt 0.552093 0.816374
vt 0.538814 0.824022
vt 0.167907 0.639040
vt 0.099851 0.646688
vt 0.099382 0.639040
vt 0.768047 0.808421
vt 0.761468 0.802406
vt 0.829998 0.802406
vt 0.845739 0.808421
vt 0.865002 0.496811
vt 0.838731 0.496947
vt 0.838731 0.489163
vt 0.844897 0.489163
vt 0.851723 0.489163
vt 0.879812 0.608073
vt 0.873797 0.591143
vt 0.873797 0.573663
vt 0.879812 0.581799
vt 0.584873 0.615055
vt 0.577225 0.615279
vt 0.584873 0.597576
vt 0.718637 0.484963
vt 0.736339 0.492611
vt 0.564744 0.492611
vt 0.632800 0.484963
vt 0.455387 0.646581
vt 0.455387 0.577087
vt 0.557997 0.577087
vt 0.557997 0.646581
vt 0.521793 0.278627
vt 0.530537 0.295043
vt 0.530537 0.327078
vt 0.492236 0.347099
vt 0.319285 0.769799
vt 0.357586 0.749777
vt 0.386950 0.749777
vt 0.388779 0.769799
vt 0.774020 0.598541
vt 0.861406 0.791989
vt 0.324394 0.895126
vt 0.789449 0.918952
vt 0.579028 0.912190
vt 0.029250 0.904005
vt 0.644739 0.894125
vt 0.637894 0.918972
vt 0.818544 0.629548
vt 0.130287 0.904429
vt 0.925858 0.895129
vt 0.004930 0.916026
vt 0.262249 0.908296
vt 0.146928 0.904422
vt 0.940957 0.493686
vt 0.116664 0.904552
vt 0.742470 0.491246
vt 0.465277 0.555229
vt 0.174028 0.661968
vt 0.909504 0.690739
vt 0.979014 0.905985
vt 0.078961 0.898103
vt 0.527961 0.371309
vt 0.731752 0.847545
vt 0.371346 0.603683
vt 0.625413 0.918982
vt 0.845884 0.605172
vt 0.085118 0.903962
vt 0.596598 0.894080
vt 0.029297 0.915961
vt 0.838752 0.709708
vt 0.363860 0.904215
vt 0.909217 0.895129
vt 0.095863 0.915918
vt 0.606368 0.583202
vt 0.456204 0.896796
vt 0.577994 0.702057
vt 0.970126 0.917719
vt 0.966533 0.905985
vt 0.439340 0.902654
vt 0.104136 0.885119
vt 0.776968 0.918952
vt 0.723451 0.588420
vt 0.380501 0.904215
vt 0.833977 0.533358
vn -0.001234 -0.177722 -0.984080
vn -0.001234 -0.177722 -0.984080
vn -0.001234 -0.177722 -0.984080
vn -0.001234 -0.177722 -0.984080
vn 0.001131 -0.146598 0.989195
vn 0.001131 -0.146598 0.989195
vn 0.001131 -0.146598 0.989195
vn 0.001131 -0.146598 0.989196
vn -1.000000 -0.000067 0.000595
vn -1.000000 -0.000067 0.000595
vn -1.000000 -0.000067 0.000595
vn -1.000000 -0.000067 0.000595
vn -0.001204 -0.234708 -0.972065
vn -0.001204 -0.234708 -0.972065
vn -0.001204 -0.234708 -0.972065
vn -0.001204 -0.234708 -0.972065
vn 0.000880 -0.234762 0.972053
vn 0.000880 -0.234762 0.972053
vn 0.000880 -0.234761 0.972053
vn 0.000880 -0.234762 0.972053
vn -1.000000 -0.000177 0.000641
vn -1.000000 -0.000177 0.000641
vn -1.000000 -0.000177 0.000641
vn -1.000000 -0.000177 0.000641
vn -1.000000 0.000000 0.000618
vn -1.000000 0.000000 0.000618
vn -1.000000 0.000000 0.000618
vn -1.000000 0.000000 0.000618
vn -0.001242 -0.080192 -0.996779
vn -0.001242 -0.080192 -0.996779
vn -0.001242 -0.080192 -0.996779
vn -0.001242 -0.080192 -0.996779
vn 0.001143 -0.080037 0.996791
vn 0.001143 -0.080037 0.996791
vn 0.001143 -0.080037 0.996791
vn 0.001143 -0.080037 0.996791
vn -0.000693 -0.839201 -0.543821
vn -0.000693 -0.839201 -0.543821
vn -0.000693 -0.839201 -0.543821
vn -0.000693 -0.839201 -0.543821
vn 0.000586 -0.839222 0.543788
vn 0.000586 -0.839222 0.543788
vn 0.000586 -0.839222 0.543788
vn 0.000586 -0.839222 0.543788
vn -1.000000 0.000081 0.000626
vn -1.000000 0.000081 0.000626
vn -1.000000 0.000081 0.000626
vn -1.000000 0.000081 0.000626
vn -0.000926 0.673511 -0.739177
vn -0.000926 0.673511 -0.739177
vn -0.000926 0.673511 -0.739177
vn -0.000926 0.673511 -0.739177
vn 0.000655 0.673347 0.739327
vn 0.000655 0.673347 0.739327
vn 0.000655 0.673347 0.739327
vn 0.000655 0.673347 0.739327
vn -1.000000 0.000258 0.000645
vn -1.000000 0.000258 0.000645
vn -1.000000 0.000258 0.000645
vn -1.000000 0.000258 0.000645
vn -0.001131 0.339342 -0.940662
vn -0.001131 0.339342 -0.940662
vn -0.001131 0.339342 -0.940662
vn -0.001131 0.339342 -0.940662
vn 0.001056 0.509924 0.860219
vn 0.001056 0.509924 0.860219
vn 0.001056 0.509924 0.860219
vn 0.001056 0.509924 0.860219
vn -0.999997 -0.002360 0.001007
vn -0.999997 -0.002360 0.001007
vn -0.999997 -0.002360 0.001007
vn -0.999997 -0.002360 0.001007
vn -1.000000 0.000000 0.000662
vn -1.000000 0.000000 0.000662
vn -1.000000 0.000000 0.000662
vn -1.000000 0.000000 0.000662
vn -0.000775 0.738270 -0.674504
vn -0.000775 0.738270 -0.674504
vn -0.000775 0.738270 -0.674504
vn -0.000775 0.738270 -0.674504
vn 0.000685 0.738261 0.674515
vn 0.000685 0.738261 0.674515
vn 0.000685 0.738261 0.674515
vn 0.000685 0.738260 0.674515
vn -0.001197 -0.517384 -0.855752
vn -0.001197 -0.517384 -0.855752
vn -0.001197 -0.517384 -0.855752
vn -0.001197 -0.517384 -0.855752
vn -0.999986 0.005286 0.000249
vn -0.999986 0.005286 0.000249
vn -0.999986 0.005286 0.000249
vn -0.999986 0.005286 0.000249
vn 0.000930 -0.511842 0.859079
vn 0.000930 -0.511842 0.859079
vn 0.000930 -0.511842 0.859079
vn 0.000930 -0.511842 0.859079
vn -0.001268 0.344027 -0.938959
vn -0.001268 0.344027 -0.938959
vn -0.001268 0.344027 -0.938959
vn -0.001268 0.344027 -0.938959
vn 0.000947 0.337305 0.941395
vn 0.000947 0.337305 0.941395
vn 0.000947 0.337305 0.941395
vn 0.000947 0.337305 0.941395
vn -0.999433 0.033685 0.000274
vn -0.999433 0.033685 0.000274
vn -0.999433 0.033685 0.000274
vn -0.999433 0.033685 0.000274
vn -1.000000 0.000505 0.000660
vn -1.000000 0.000505 0.000660
vn -1.000000 0.000505 0.000660
vn -1.000000 0.000505 0.000660
vn -0.000685 -0.839808 -0.542884
vn -0.000685 -0.839808 -0.542884
vn -0.000685 -0.839808 -0.542884
vn -0.000685 -0.839808 -0.542884
vn 0.000513 -0.839862 0.542800
vn 0.000513 -0.839862 0.542800
vn 0.000513 -0.839862 0.542800
vn 0.000513 -0.839862 0.542800
vn -0.001234 0.177734 -0.984078
vn -0.001234 0.177734 -0.984078
vn -0.001234 0.177734 -0.984078
vn -0.001234 0.177734 -0.984078
vn 0.001131 0.146591 0.989197
vn 0.001131 0.146591 0.989197
vn 0.001131 0.146591 0.989197
vn 0.001131 0.146591 0.989197
vn -1.000000 0.000076 0.000595
vn -1.000000 0.000076 0.000595
vn -1.000000 0.000076 0.000595
vn -1.000000 0.000076 0.000595
vn -0.001204 0.234701 -0.972067
vn -0.001204 0.234701 -0.972067
vn -0.001204 0.234701 -0.972067
vn -0.001204 0.234701 -0.972067
vn 0.000884 0.234740 0.972058
vn 0.000884 0.234740 0.972058
vn 0.000884 0.234740 0.972058
vn 0.000884 0.234740 0.972058
vn -1.000000 0.000298 0.000641
vn -1.000000 0.000298 0.000641
vn -1.000000 0.000298 0.000641
vn -1.000000 0.000298 0.000641
vn -1.000000 -0.000150 0.000618
vn -1.000000 -0.000150 0.000618
vn -1.000000 -0.000150 0.000618
vn -1.000000 -0.000150 0.000618
vn -0.001242 0.080203 -0.996778
vn -0.001242 0.080203 -0.996778
vn -0.001242 0.080203 -0.996778
vn -0.001242 0.080203 -0.996778
vn 0.001143 0.080041 0.996791
vn 0.001143 0.080041 0.996791
vn 0.001143 0.080041 0.996791
vn 0.001143 0.080041 0.996791
vn -0.000693 0.839185 -0.543845
vn -0.000693 0.839185 -0.543845
vn -0.000693 0.839185 -0.543845
vn -0.000693 0.839185 -0.543845
vn 0.000586 0.839259 0.543732
vn 0.000586 0.839259 0.543732
vn 0.000586 0.839259 0.543732
vn 0.000586 0.839259 0.543732
vn -1.000000 0.000000 0.000626
vn -1.000000 0.000000 0.000626
vn -1.000000 0.000000 0.000626
vn -1.000000 0.000000 0.000626
vn -0.000926 -0.673471 -0.739213
vn -0.000926 -0.673471 -0.739213
vn -0.000926 -0.673471 -0.739213
vn -0.000926 -0.673471 -0.739213
vn 0.000658 -0.673333 0.739339
vn 0.000658 -0.673333 0.739339
vn 0.000658 -0.673333 0.739339
vn 0.000658 -0.673333 0.739339
vn -1.000000 -0.000193 0.000645
vn -1.000000 -0.000193 0.000645
vn -1.000000 -0.000193 0.000645
vn -1.000000 -0.000193 0.000645
vn -0.001131 -0.339355 -0.940658
vn -0.001131 -0.339355 -0.940658
vn -0.001131 -0.339355 -0.940658
vn -0.001131 -0.339355 -0.940658
vn 0.001063 -0.509903 0.860231
vn 0.001063 -0.509903 0.860231
vn 0.001063 -0.509903 0.860231
vn 0.001063 -0.509903 0.860231
vn -0.999997 0.002335 0.001007
vn -0.999997 0.002335 0.001007
vn -0.999997 0.002335 0.001007
vn -0.999997 0.002335 0.001007
vn -1.000000 0.000000 0.000662
vn -1.000000 0.000000 0.000662
vn -1.000000 0.000000 0.000662
vn -1.000000 0.000000 0.000662
vn -0.000777 -0.738257 -0.674520
vn -0.000777 -0.738257 -0.674520
vn -0.000777 -0.738257 -0.674520
vn -0.000777 -0.738257 -0.674520
vn 0.000689 -0.738267 0.674509
vn 0.000689 -0.738267 0.674509
vn 0.000689 -0.738267 0.674509
vn 0.000689 -0.738267 0.674509
vn -0.001181 0.517379 -0.855756
vn -0.001181 0.517379 -0.855756
vn -0.001181 0.517379 -0.855756
vn -0.001181 0.517379 -0.855756
vn -0.999986 -0.005236 0.000249
vn -0.999986 -0.005236 0.000249
vn -0.999986 -0.005236 0.000249
vn -0.999986 -0.005236 0.000249
vn 0.000940 0.511867 0.859064
vn 0.000940 0.511867 0.859064
vn 0.000940 0.511867 0.859064
vn 0.000940 0.511867 0.859064
vn -0.001269 -0.344024 -0.938960
vn -0.001269 -0.344024 -0.938960
vn -0.001269 -0.344024 -0.938960
vn -0.001269 -0.344024 -0.938960
vn 0.000948 -0.337294 0.941399
vn 0.000948 -0.337293 0.941399
vn 0.000948 -0.337294 0.941399
vn 0.000948 -0.337294 0.941399
vn -0.999432 -0.033697 0.000274
vn -0.999432 -0.033697 0.000274
vn -0.999432 -0.033697 0.000274
vn -0.999432 -0.033697 0.000274
vn -1.000000 -0.000316 0.000660
vn -1.000000 -0.000316 0.000660
vn -1.000000 -0.000316 0.000660
vn -1.000000 -0.000316 0.000660
vn -0.000685 0.839825 -0.542857
vn -0.000685 0.839825 -0.542857
vn -0.000685 0.839825 -0.542857
vn -0.000685 0.839825 -0.542857
vn 0.000513 0.839871 0.542785
vn 0.000513 0.839871 0.542785
vn 0.000513 0.839871 0.542785
vn 0.000513 0.839871 0.542785
vn -0.001340 -0.182998 -0.983112
vn -0.001340 -0.182998 -0.983112
vn -0.001340 -0.182998 -0.983112
vn -0.001340 -0.182998 -0.983112
vn 0.000963 -0.187974 0.982174
vn 0.000963 -0.187974 0.982174
vn 0.000963 -0.187974 0.982174
vn 0.000963 -0.187974 0.982174
vn -1.000000 -0.000005 0.000644
vn -1.000000 -0.000005 0.000644
vn -1.000000 -0.000005 0.000644
vn -1.000000 -0.000005 0.000644
vn -0.001312 -0.234587 -0.972094
vn -0.001312 -0.234587 -0.972094
vn -0.001312 -0.234587 -0.972094
vn -0.001312 -0.234587 -0.972094
vn 0.000880 -0.234726 0.972061
vn 0.000880 -0.234726 0.972061
vn 0.000880 -0.234726 0.972061
vn 0.000880 -0.234726 0.972061
vn -1.000000 -0.000410 0.000679
vn -1.000000 -0.000410 0.000679
vn -1.000000 -0.000410 0.000679
vn -1.000000 -0.000410 0.000679
vn -1.000000 0.000000 0.000618
vn -1.000000 0.000000 0.000618
vn -1.000000 0.000000 0.000618
vn -1.000000 0.000000 0.000618
vn -0.001339 -0.080726 -0.996735
vn -0.001339 -0.080726 -0.996736
vn -0.001339 -0.080726 -0.996736
vn -0.001339 -0.080726 -0.996735
vn 0.001063 -0.080544 0.996751
vn 0.001063 -0.080544 0.996751
vn 0.001063 -0.080544 0.996751
vn 0.001063 -0.080544 0.996751
vn -0.000680 -0.839201 -0.543821
vn -0.000680 -0.839201 -0.543821
vn -0.000680 -0.839201 -0.543821
vn -0.000680 -0.839201 -0.543821
vn 0.000586 -0.839222 0.543788
vn 0.000586 -0.839222 0.543788
vn 0.000586 -0.839222 0.543788
vn 0.000586 -0.839222 0.543788
vn -1.000000 0.000161 0.000626
vn -1.000000 0.000161 0.000626
vn -1.000000 0.000161 0.000626
vn -1.000000 0.000161 0.000626
vn -0.000989 0.673469 -0.739215
vn -0.000989 0.673469 -0.739215
vn -0.000989 0.673469 -0.739215
vn -0.000989 0.673469 -0.739215
vn 0.000716 0.673449 0.739234
vn 0.000716 0.673449 0.739234
vn 0.000716 0.673449 0.739234
vn 0.000716 0.673449 0.739234
vn -1.000000 0.000000 0.000662
vn -1.000000 0.000000 0.000662
vn -1.000000 0.000000 0.000662
vn -1.000000 0.000000 0.000662
vn -0.001357 0.339404 -0.940640
vn -0.001357 0.339404 -0.940640
vn -0.001357 0.339404 -0.940640
vn -0.001357 0.339404 -0.940640
vn 0.000850 0.339323 0.940669
vn 0.000850 0.339323 0.940669
vn 0.000850 0.339323 0.940669
vn 0.000850 0.339323 0.940669
vn -1.000000 0.000184 0.000626
vn -1.000000 0.000184 0.000626
vn -1.000000 0.000184 0.000626
vn -1.000000 0.000184 0.000626
vn -1.000000 -0.000131 0.000623
vn -1.000000 -0.000131 0.000623
vn -1.000000 -0.000131 0.000623
vn -1.000000 -0.000131 0.000623
vn -0.000845 0.738205 -0.674576
vn -0.000845 0.738205 -0.674576
vn -0.000845 0.738205 -0.674576
vn -0.000845 0.738205 -0.674576
vn 0.000644 0.738284 0.674490
vn 0.000644 0.738284 0.674490
vn 0.000644 0.738284 0.674490
vn 0.000644 0.738284 0.674490
vn -0.001192 -0.401126 -0.916022
vn -0.001192 -0.401126 -0.916022
vn -0.001192 -0.401126 -0.916022
vn -0.001192 -0.401126 -0.916022
vn -0.999994 -0.003460 -0.000157
vn -0.999994 -0.003460 -0.000157
vn -0.999994 -0.003460 -0.000157
vn -0.999994 -0.003460 -0.000157
vn 0.001080 -0.491784 0.870716
vn 0.001080 -0.491784 0.870717
vn 0.001080 -0.491784 0.870716
vn 0.001080 -0.491784 0.870716
vn -0.001305 0.279291 -0.960206
vn -0.001305 0.279291 -0.960206
vn -0.001305 0.279291 -0.960206
vn -0.001305 0.279291 -0.960206
vn 0.001101 0.325173 0.945654
vn 0.001101 0.325173 0.945654
vn 0.001101 0.325173 0.945654
vn 0.001101 0.325173 0.945654
vn -0.999493 0.031823 -0.000406
vn -0.999493 0.031823 -0.000406
vn -0.999493 0.031823 -0.000406
vn -0.999493 0.031823 -0.000406
vn -1.000000 0.000536 0.000618
vn -1.000000 0.000536 0.000618
vn -1.000000 0.000536 0.000618
vn -1.000000 0.000536 0.000618
vn -0.000623 -0.839802 -0.542893
vn -0.000623 -0.839802 -0.542893
vn -0.000623 -0.839802 -0.542893
vn -0.000623 -0.839802 -0.542893
vn 0.000570 -0.839811 0.542878
vn 0.000570 -0.839811 0.542878
vn 0.000570 -0.839811 0.542878
vn 0.000570 -0.839811 0.542878
vn -0.001340 0.182989 -0.983114
vn -0.001340 0.182989 -0.983114
vn -0.001340 0.182989 -0.983114
vn -0.001340 0.182989 -0.983114
vn 0.000963 0.187979 0.982173
vn 0.000963 0.187979 0.982173
vn 0.000963 0.187979 0.982173
vn 0.000963 0.187979 0.982173
vn -1.000000 -0.000037 0.000644
vn -1.000000 -0.000037 0.000644
vn -1.000000 -0.000037 0.000644
vn -1.000000 -0.000037 0.000644
vn -0.001312 0.234573 -0.972098
vn -0.001312 0.234573 -0.972098
vn -0.001312 0.234573 -0.972098
vn -0.001312 0.234573 -0.972098
vn 0.000887 0.234721 0.972062
vn 0.000887 0.234721 0.972063
vn 0.000887 0.234721 0.972063
vn 0.000887 0.234721 0.972062
vn -1.000000 0.000298 0.000679
vn -1.000000 0.000298 0.000679
vn -1.000000 0.000298 0.000679
vn -1.000000 0.000298 0.000679
vn -1.000000 -0.000054 0.000618
vn -1.000000 -0.000054 0.000618
vn -1.000000 -0.000054 0.000618
vn -1.000000 -0.000054 0.000618
vn -0.001339 0.080732 -0.996735
vn -0.001339 0.080732 -0.996735
vn -0.001339 0.080732 -0.996735
vn -0.001339 0.080732 -0.996735
vn 0.001063 0.080537 0.996751
vn 0.001063 0.080537 0.996751
vn 0.001063 0.080537 0.996751
vn 0.001063 0.080537 0.996751
vn -0.000680 0.839184 -0.543847
vn -0.000680 0.839184 -0.543847
vn -0.000680 0.839184 -0.543847
vn -0.000680 0.839184 -0.543847
vn 0.000586 0.839260 0.543731
vn 0.000586 0.839260 0.543731
vn 0.000586 0.839260 0.543731
vn 0.000586 0.839260 0.543731
vn -1.000000 0.000000 0.000626
vn -1.000000 0.000000 0.000626
vn -1.000000 0.000000 0.000626
vn -1.000000 0.000000 0.000626
vn -0.000989 -0.673440 -0.739242
vn -0.000989 -0.673439 -0.739242
vn -0.000989 -0.673440 -0.739242
vn -0.000989 -0.673439 -0.739242
vn 0.000721 -0.673463 0.739221
vn 0.000721 -0.673463 0.739221
vn 0.000721 -0.673463 0.739221
vn 0.000721 -0.673463 0.739221
vn -1.000000 0.000032 0.000662
vn -1.000000 0.000032 0.000662
vn -1.000000 0.000032 0.000662
vn -1.000000 0.000032 0.000662
vn -0.001357 -0.339380 -0.940648
vn -0.001357 -0.339380 -0.940648
vn -0.001357 -0.339380 -0.940648
vn -0.001357 -0.339380 -0.940648
vn 0.000850 -0.339305 0.940676
vn 0.000850 -0.339305 0.940676
vn 0.000850 -0.339305 0.940676
vn 0.000850 -0.339305 0.940676
vn -1.000000 -0.000210 0.000626
vn -1.000000 -0.000210 0.000626
vn -1.000000 -0.000210 0.000626
vn -1.000000 -0.000210 0.000626
vn -1.000000 -0.000066 0.000623
vn -1.000000 -0.000066 0.000623
vn -1.000000 -0.000066 0.000623
vn -1.000000 -0.000066 0.000623
vn -0.000843 -0.738192 -0.674590
vn -0.000843 -0.738192 -0.674590
vn -0.000843 -0.738192 -0.674590
vn -0.000843 -0.738192 -0.674590
vn 0.000649 -0.738265 0.674511
vn 0.000649 -0.738265 0.674511
vn 0.000649 -0.738265 0.674511
vn 0.000649 -0.738265 0.674511
vn -0.001192 0.401149 -0.916012
vn -0.001192 0.401149 -0.916012
vn -0.001192 0.401149 -0.916012
vn -0.001192 0.401149 -0.916012
vn -0.999994 0.003410 -0.000157
vn -0.999994 0.003410 -0.000157
vn -0.999994 0.003410 -0.000157
vn -0.999994 0.003410 -0.000157
vn 0.001082 0.491777 0.870720
vn 0.001082 0.491777 0.870720
vn 0.001082 0.491777 0.870720
vn 0.001082 0.491777 0.870720
vn -0.001305 -0.279289 -0.960206
vn -0.001305 -0.279289 -0.960206
vn -0.001305 -0.279289 -0.960206
vn -0.001305 -0.279289 -0.960206
vn 0.001103 -0.325175 0.945653
vn 0.001103 -0.325175 0.945653
vn 0.001103 -0.325175 0.945653
vn 0.001103 -0.325175 0.945653
vn -0.999494 -0.031798 -0.000406
vn -0.999494 -0.031798 -0.000406
vn -0.999494 -0.031798 -0.000406
vn -0.999494 -0.031798 -0.000406
vn -1.000000 -0.000268 0.000618
vn -1.000000 -0.000268 0.000618
vn -1.000000 -0.000268 0.000618
vn -1.000000 -0.000268 0.000618
vn -0.000623 0.839820 -0.542865
vn -0.000623 0.839820 -0.542865
vn -0.000623 0.839820 -0.542865
vn -0.000623 0.839820 -0.542865
vn 0.000567 0.839824 0.542859
vn 0.000567 0.839824 0.542859
vn 0.000567 0.839824 0.542859
vn 0.000567 0.839824 0.542859
vn -0.001589 -0.156914 -0.987611
vn -0.001589 -0.156914 -0.987611
vn -0.001589 -0.156914 -0.987611
vn -0.001589 -0.156914 -0.987611
vn 0.001071 -0.182778 0.983154
vn 0.001071 -0.182778 0.983154
vn 0.001071 -0.182778 0.983154
vn 0.001071 -0.182778 0.983154
vn -1.000000 0.000014 0.000606
vn -1.000000 0.000014 0.000606
vn -1.000000 0.000014 0.000606
vn -1.000000 0.000014 0.000606
vn -0.001398 -0.234750 -0.972055
vn -0.001398 -0.234750 -0.972055
vn -0.001398 -0.234750 -0.972055
vn -0.001398 -0.234750 -0.972055
vn 0.000945 -0.235073 0.971977
vn 0.000945 -0.235073 0.971977
vn 0.000945 -0.235073 0.971977
vn 0.000945 -0.235073 0.971977
vn -1.000000 -0.000317 0.000660
vn -1.000000 -0.000317 0.000660
vn -1.000000 -0.000317 0.000660
vn -1.000000 -0.000317 0.000660
vn -1.000000 0.000000 0.000633
vn -1.000000 0.000000 0.000633
vn -1.000000 0.000000 0.000633
vn -1.000000 0.000000 0.000633
vn -0.001339 -0.080397 -0.996762
vn -0.001339 -0.080397 -0.996762
vn -0.001339 -0.080397 -0.996762
vn -0.001339 -0.080397 -0.996762
vn 0.001160 -0.080050 0.996790
vn 0.001160 -0.080050 0.996790
vn 0.001160 -0.080050 0.996790
vn 0.001160 -0.080050 0.996790
vn -0.000720 -0.839240 -0.543761
vn -0.000720 -0.839240 -0.543761
vn -0.000720 -0.839240 -0.543761
vn -0.000720 -0.839240 -0.543761
vn 0.000586 -0.839159 0.543885
vn 0.000586 -0.839159 0.543885
vn 0.000586 -0.839159 0.543885
vn 0.000586 -0.839159 0.543885
vn -1.000000 0.000161 0.000644
vn -1.000000 0.000161 0.000644
vn -1.000000 0.000161 0.000644
vn -1.000000 0.000161 0.000644
vn -0.001051 0.673580 -0.739114
vn -0.001051 0.673580 -0.739114
vn -0.001051 0.673580 -0.739114
vn -0.001051 0.673580 -0.739114
vn 0.000794 0.673519 0.739169
vn 0.000794 0.673519 0.739169
vn 0.000794 0.673519 0.739169
vn 0.000794 0.673519 0.739169
vn -1.000000 0.000000 0.000645
vn -1.000000 0.000000 0.000645
vn -1.000000 0.000000 0.000645
vn -1.000000 0.000000 0.000645
vn -0.001240 0.339363 -0.940655
vn -0.001240 0.339363 -0.940655
vn -0.001240 0.339363 -0.940655
vn -0.001240 0.339363 -0.940655
vn 0.000869 0.339459 0.940621
vn 0.000869 0.339459 0.940621
vn 0.000869 0.339459 0.940621
vn 0.000869 0.339459 0.940621
vn -1.000000 0.000134 0.000633
vn -1.000000 0.000134 0.000633
vn -1.000000 0.000134 0.000633
vn -1.000000 0.000134 0.000633
vn -1.000000 0.000000 0.000649
vn -1.000000 0.000000 0.000649
vn -1.000000 0.000000 0.000649
vn -1.000000 0.000000 0.000649
vn -0.000747 0.738147 -0.674640
vn -0.000747 0.738147 -0.674639
vn -0.000747 0.738147 -0.674640
vn -0.000747 0.738147 -0.674639
vn 0.000604 0.738321 0.674449
vn 0.000604 0.738321 0.674449
vn 0.000604 0.738321 0.674449
vn 0.000604 0.738321 0.674449
vn -0.001200 -0.401034 -0.916062
vn -0.001200 -0.401034 -0.916062
vn -0.001200 -0.401034 -0.916062
vn -0.001200 -0.401034 -0.916062
vn -1.000000 0.000000 0.000627
vn -1.000000 0.000000 0.000627
vn -1.000000 0.000000 0.000627
vn -1.000000 0.000000 0.000627
vn 0.000885 -0.400966 0.916092
vn 0.000885 -0.400966 0.916092
vn 0.000885 -0.400966 0.916092
vn 0.000885 -0.400966 0.916092
vn -0.001386 0.269492 -0.963002
vn -0.001386 0.269492 -0.963002
vn -0.001386 0.269492 -0.963002
vn -0.001386 0.269492 -0.963002
vn 0.000841 0.269473 0.963007
vn 0.000841 0.269473 0.963007
vn 0.000841 0.269473 0.963007
vn 0.000841 0.269473 0.963008
vn -0.999591 0.028578 0.000628
vn -0.999591 0.028578 0.000628
vn -0.999591 0.028578 0.000628
vn -0.999591 0.028578 0.000628
vn -1.000000 0.000000 0.000667
vn -1.000000 0.000000 0.000667
vn -1.000000 0.000000 0.000667
vn -1.000000 0.000000 0.000667
vn -0.000597 -0.839778 -0.542929
vn -0.000597 -0.839778 -0.542929
vn -0.000597 -0.839778 -0.542929
vn -0.000597 -0.839779 -0.542929
vn 0.000540 -0.839828 0.542853
vn 0.000540 -0.839828 0.542853
vn 0.000540 -0.839828 0.542853
vn 0.000540 -0.839828 0.542853
vn -0.001589 0.156903 -0.987613
vn -0.001589 0.156903 -0.987613
vn -0.001589 0.156903 -0.987613
vn -0.001589 0.156903 -0.987613
vn 0.001071 0.182778 0.983154
vn 0.001071 0.182778 0.983154
vn 0.001071 0.182778 0.983154
vn 0.001071 0.182778 0.983154
vn -1.000000 0.000000 0.000606
vn -1.000000 0.000000 0.000606
vn -1.000000 0.000000 0.000606
vn -1.000000 0.000000 0.000606
vn -0.001398 0.234762 -0.972052
vn -0.001398 0.234762 -0.972052
vn -0.001398 0.234762 -0.972052
vn -0.001398 0.234762 -0.972052
vn 0.000952 0.235072 0.971978
vn 0.000952 0.235072 0.971978
vn 0.000952 0.235072 0.971978
vn 0.000952 0.235072 0.971978
vn -1.000000 0.000298 0.000660
vn -1.000000 0.000298 0.000660
vn -1.000000 0.000298 0.000660
vn -1.000000 0.000298 0.000660
vn -1.000000 0.000079 0.000633
vn -1.000000 0.000079 0.000633
vn -1.000000 0.000079 0.000633
vn -1.000000 0.000079 0.000633
vn -0.001339 0.080394 -0.996762
vn -0.001339 0.080394 -0.996762
vn -0.001339 0.080394 -0.996762
vn -0.001339 0.080394 -0.996762
vn 0.001160 0.080047 0.996790
vn 0.001160 0.080047 0.996790
vn 0.001160 0.080047 0.996790
vn 0.001160 0.080047 0.996790
vn -0.000720 0.839228 -0.543780
vn -0.000720 0.839228 -0.543780
vn -0.000720 0.839228 -0.543780
vn -0.000720 0.839228 -0.543780
vn 0.000586 0.839198 0.543826
vn 0.000586 0.839198 0.543826
vn 0.000586 0.839198 0.543826
vn 0.000586 0.839198 0.543826
vn -1.000000 0.000000 0.000644
vn -1.000000 0.000000 0.000644
vn -1.000000 0.000000 0.000644
vn -1.000000 0.000000 0.000644
vn -0.001051 -0.673612 -0.739084
vn -0.001051 -0.673612 -0.739085
vn -0.001051 -0.673612 -0.739084
vn -0.001051 -0.673612 -0.739085
vn 0.000799 -0.673535 0.739155
vn 0.000799 -0.673535 0.739155
vn 0.000799 -0.673535 0.739155
vn 0.000799 -0.673535 0.739155
vn -1.000000 -0.000097 0.000645
vn -1.000000 -0.000097 0.000645
vn -1.000000 -0.000097 0.000645
vn -1.000000 -0.000097 0.000645
vn -0.001240 -0.339369 -0.940652
vn -0.001240 -0.339369 -0.940652
vn -0.001240 -0.339369 -0.940652
vn -0.001240 -0.339369 -0.940652
vn 0.000869 -0.339484 0.940611
vn 0.000869 -0.339484 0.940611
vn 0.000869 -0.339484 0.940611
vn 0.000869 -0.339484 0.940611
vn -1.000000 -0.000214 0.000633
vn -1.000000 -0.000214 0.000633
vn -1.000000 -0.000214 0.000633
vn -1.000000 -0.000214 0.000633
vn -1.000000 0.000067 0.000649
vn -1.000000 0.000067 0.000649
vn -1.000000 0.000067 0.000649
vn -1.000000 0.000067 0.000649
vn -0.000748 -0.738127 -0.674661
vn -0.000748 -0.738127 -0.674661
vn -0.000748 -0.738127 -0.674661
vn -0.000748 -0.738127 -0.674661
vn 0.000602 -0.738306 0.674466
vn 0.000602 -0.738306 0.674466
vn 0.000602 -0.738306 0.674466
vn 0.000602 -0.738306 0.674466
vn -0.001200 0.401061 -0.916050
vn -0.001200 0.401062 -0.916050
vn -0.001200 0.401062 -0.916050
vn -0.001200 0.401061 -0.916050
vn -1.000000 -0.000071 0.000627
vn -1.000000 -0.000071 0.000627
vn -1.000000 -0.000071 0.000627
vn -1.000000 -0.000071 0.000627
vn 0.000890 0.400957 0.916097
vn 0.000890 0.400957 0.916097
vn 0.000890 0.400957 0.916097
vn 0.000890 0.400957 0.916097
vn -0.001386 -0.269492 -0.963002
vn -0.001386 -0.269492 -0.963002
vn -0.001386 -0.269492 -0.963002
vn -0.001386 -0.269492 -0.963002
vn 0.000836 -0.269453 0.963013
vn 0.000836 -0.269453 0.963013
vn 0.000836 -0.269453 0.963013
vn 0.000836 -0.269453 0.963013
vn -0.999590 -0.028616 0.000628
vn -0.999590 -0.028616 0.000628
vn -0.999590 -0.028616 0.000628
vn -0.999590 -0.028616 0.000628
vn -1.000000 -0.000205 0.000667
vn -1.000000 -0.000205 0.000667
vn -1.000000 -0.000205 0.000667
vn -1.000000 -0.000205 0.000667
vn -0.000597 0.839772 -0.542939
vn -0.000597 0.839772 -0.542939
vn -0.000597 0.839772 -0.542939
vn -0.000597 0.839772 -0.542939
vn 0.000540 0.839837 0.542838
vn 0.000540 0.839837 0.542838
vn 0.000540 0.839837 0.542838
vn 0.000540 0.839837 0.542838
vn -0.001234 -0.177722 -0.984080
vn -0.001234 -0.177722 -0.984080
vn -0.001234 -0.177722 -0.984080
vn -0.001234 -0.177722 -0.984080
vn 0.001158 -0.146598 0.989195
vn 0.001158 -0.146598 0.989195
vn 0.001158 -0.146598 0.989195
vn 0.001158 -0.146598 0.989195
vn -1.000000 -0.000067 0.000595
vn -1.000000 -0.000067 0.000595
vn -1.000000 -0.000067 0.000595
vn -1.000000 -0.000067 0.000595
vn -0.001204 -0.234708 -0.972065
vn -0.001204 -0.234708 -0.972065
vn -0.001204 -0.234708 -0.972065
vn -0.001204 -0.234708 -0.972065
vn 0.000859 -0.234762 0.972053
vn 0.000859 -0.234762 0.972053
vn 0.000859 -0.234762 0.972053
vn 0.000859 -0.234762 0.972053
vn -1.000000 -0.000177 0.000641
vn -1.000000 -0.000177 0.000641
vn -1.000000 -0.000177 0.000641
vn -1.000000 -0.000177 0.000641
vn -1.000000 0.000000 0.000618
vn -1.000000 0.000000 0.000618
vn -1.000000 0.000000 0.000618
vn -1.000000 0.000000 0.000618
vn -0.001258 -0.080192 -0.996779
vn -0.001258 -0.080192 -0.996779
vn -0.001258 -0.080192 -0.996779
vn -0.001258 -0.080192 -0.996779
vn 0.001160 -0.080037 0.996791
vn 0.001160 -0.080037 0.996791
vn 0.001160 -0.080037 0.996791
vn 0.001160 -0.080037 0.996791
vn -0.000680 -0.839201 -0.543821
vn -0.000680 -0.839201 -0.543821
vn -0.000680 -0.839201 -0.543821
vn -0.000680 -0.839201 -0.543821
vn 0.000586 -0.839222 0.543788
vn 0.000586 -0.839222 0.543788
vn 0.000586 -0.839222 0.543788
vn 0.000586 -0.839222 0.543788
vn -1.000000 0.000081 0.000626
vn -1.000000 0.000081 0.000626
vn -1.000000 0.000081 0.000626
vn -1.000000 0.000081 0.000626
vn -0.000926 0.673511 -0.739177
vn -0.000926 0.673511 -0.739177
vn -0.000926 0.673511 -0.739177
vn -0.000926 0.673511 -0.739177
vn 0.000656 0.673347 0.739327
vn 0.000656 0.673347 0.739327
vn 0.000656 0.673347 0.739327
vn 0.000656 0.673347 0.739327
vn -1.000000 0.000258 0.000645
vn -1.000000 0.000258 0.000645
vn -1.000000 0.000258 0.000645
vn -1.000000 0.000258 0.000645
vn -0.001131 0.339342 -0.940662
vn -0.001131 0.339342 -0.940662
vn -0.001131 0.339342 -0.940662
vn -0.001131 0.339342 -0.940662
vn 0.001068 0.509924 0.860219
vn 0.001068 0.509924 0.860219
vn 0.001068 0.509924 0.860219
vn 0.001068 0.509924 0.860219
vn -0.999997 -0.002360 0.001007
vn -0.999997 -0.002360 0.001007
vn -0.999997 -0.002360 0.001007
vn -0.999997 -0.002360 0.001007
vn -1.000000 0.000000 0.000662
vn -1.000000 0.000000 0.000662
vn -1.000000 0.000000 0.000662
vn -1.000000 0.000000 0.000662
vn -0.000772 0.738270 -0.674504
vn -0.000772 0.738270 -0.674504
vn -0.000772 0.738270 -0.674504
vn -0.000772 0.738270 -0.674504
vn 0.000672 0.738261 0.674515
vn 0.000672 0.738261 0.674515
vn 0.000672 0.738261 0.674515
vn 0.000672 0.738260 0.674515
vn -0.001197 -0.517384 -0.855752
vn -0.001197 -0.517384 -0.855752
vn -0.001197 -0.517384 -0.855752
vn -0.001197 -0.517384 -0.855752
vn -0.999986 0.005286 0.000249
vn -0.999986 0.005286 0.000249
vn -0.999986 0.005286 0.000249
vn -0.999986 0.005286 0.000249
vn 0.000932 -0.511842 0.859079
vn 0.000932 -0.511842 0.859079
vn 0.000932 -0.511842 0.859079
vn 0.000932 -0.511842 0.859079
vn -0.001281 0.344027 -0.938959
vn -0.001281 0.344027 -0.938959
vn -0.001281 0.344027 -0.938959
vn -0.001281 0.344027 -0.938959
vn 0.000961 0.337305 0.941395
vn 0.000961 0.337305 0.941395
vn 0.000961 0.337305 0.941395
vn 0.000961 0.337305 0.941395
vn -0.999433 0.033685 0.000274
vn -0.999433 0.033685 0.000274
vn -0.999433 0.033685 0.000274
vn -0.999433 0.033685 0.000274
vn -1.000000 0.000505 0.000660
vn -1.000000 0.000505 0.000660
vn -1.000000 0.000505 0.000660
vn -1.000000 0.000505 0.000660
vn -0.000677 -0.839808 -0.542884
vn -0.000677 -0.839808 -0.542884
vn -0.000677 -0.839808 -0.542884
vn -0.000677 -0.839808 -0.542884
vn 0.000520 -0.839862 0.542800
vn 0.000520 -0.839862 0.542800
vn 0.000520 -0.839862 0.542800
vn 0.000520 -0.839862 0.542800
vn -0.001234 0.177734 -0.984078
vn -0.001234 0.177734 -0.984078
vn -0.001234 0.177734 -0.984078
vn -0.001234 0.177734 -0.984078
vn 0.001158 0.146591 0.989197
vn 0.001158 0.146591 0.989197
vn 0.001158 0.146591 0.989197
vn 0.001158 0.146591 0.989197
vn -1.000000 0.000076 0.000595
vn -1.000000 0.000076 0.000595
vn -1.000000 0.000076 0.000595
vn -1.000000 0.000076 0.000595
vn -0.001204 0.234701 -0.972067
vn -0.001204 0.234701 -0.972067
vn -0.001204 0.234701 -0.972067
vn -0.001204 0.234701 -0.972067
vn 0.000862 0.234740 0.972058
vn 0.000862 0.234740 0.972058
vn 0.000862 0.234740 0.972058
vn 0.000862 0.234740 0.972058
vn -1.000000 0.000298 0.000641
vn -1.000000 0.000298 0.000641
vn -1.000000 0.000298 0.000641
vn -1.000000 0.000298 0.000641
vn -1.000000 -0.000150 0.000618
vn -1.000000 -0.000150 0.000618
vn -1.000000 -0.000150 0.000618
vn -1.000000 -0.000150 0.000618
vn -0.001258 0.080203 -0.996778
vn -0.001258 0.080203 -0.996778
vn -0.001258 0.080203 -0.996778
vn -0.001258 0.080203 -0.996778
vn 0.001160 0.080041 0.996791
vn 0.001160 0.080041 0.996791
vn 0.001160 0.080041 0.996791
vn 0.001160 0.080041 0.996791
vn -0.000680 0.839185 -0.543845
vn -0.000680 0.839185 -0.543845
vn -0.000680 0.839185 -0.543845
vn -0.000680 0.839185 -0.543845
vn 0.000586 0.839259 0.543732
vn 0.000586 0.839259 0.543732
vn 0.000586 0.839259 0.543732
vn 0.000586 0.839259 0.543732
vn -1.000000 0.000000 0.000626
vn -1.000000 0.000000 0.000626
vn -1.000000 0.000000 0.000626
vn -1.000000 0.000000 0.000626
vn -0.000926 -0.673471 -0.739213
vn -0.000926 -0.673471 -0.739213
vn -0.000926 -0.673471 -0.739213
vn -0.000926 -0.673471 -0.739213
vn 0.000658 -0.673333 0.739339
vn 0.000658 -0.673333 0.739339
vn 0.000658 -0.673333 0.739339
vn 0.000658 -0.673333 0.739339
vn -1.000000 -0.000193 0.000645
vn -1.000000 -0.000193 0.000645
vn -1.000000 -0.000193 0.000645
vn -1.000000 -0.000193 0.000645
vn -0.001131 -0.339355 -0.940658
vn -0.001131 -0.339355 -0.940658
vn -0.001131 -0.339355 -0.940658
vn -0.001131 -0.339355 -0.940658
vn 0.001076 -0.509903 0.860231
vn 0.001076 -0.509903 0.860231
vn 0.001076 -0.509903 0.860231
vn 0.001076 -0.509903 0.860231
vn -0.999997 0.002335 0.001007
vn -0.999997 0.002335 0.001007
vn -0.999997 0.002335 0.001007
vn -0.999997 0.002335 0.001007
vn -1.000000 0.000000 0.000662
vn -1.000000 0.000000 0.000662
vn -1.000000 0.000000 0.000662
vn -1.000000 0.000000 0.000662
vn -0.000767 -0.738257 -0.674520
vn -0.000767 -0.738257 -0.674520
vn -0.000767 -0.738257 -0.674520
vn -0.000767 -0.738257 -0.674520
vn 0.000670 -0.738267 0.674509
vn 0.000670 -0.738267 0.674509
vn 0.000670 -0.738267 0.674509
vn 0.000670 -0.738267 0.674509
vn -0.001181 0.517379 -0.855756
vn -0.001181 0.517379 -0.855756
vn -0.001181 0.517379 -0.855756
vn -0.001181 0.517379 -0.855756
vn -0.999986 -0.005236 0.000249
vn -0.999986 -0.005236 0.000249
vn -0.999986 -0.005236 0.000249
vn -0.999986 -0.005236 0.000249
vn 0.000940 0.511867 0.859064
vn 0.000940 0.511867 0.859064
vn 0.000940 0.511867 0.859064
vn 0.000940 0.511867 0.859064
vn -0.001275 -0.344024 -0.938960
vn -0.001275 -0.344024 -0.938960
vn -0.001275 -0.344024 -0.938960
vn -0.001275 -0.344024 -0.938960
vn 0.000953 -0.337294 0.941399
vn 0.000953 -0.337293 0.941399
vn 0.000953 -0.337294 0.941399
vn 0.000953 -0.337294 0.941399
vn -0.999432 -0.033697 0.000274
vn -0.999432 -0.033697 0.000274
vn -0.999432 -0.033697 0.000274
vn -0.999432 -0.033697 0.000274
vn -1.000000 -0.000316 0.000660
vn -1.000000 -0.000316 0.000660
vn -1.000000 -0.000316 0.000660
vn -1.000000 -0.000316 0.000660
vn -0.000677 0.839825 -0.542857
vn -0.000677 0.839825 -0.542857
vn -0.000677 0.839825 -0.542857
vn -0.000677 0.839825 -0.542857
vn 0.000520 0.839871 0.542785
vn 0.000520 0.839871 0.542785
vn 0.000520 0.839871 0.542785
vn 0.000520 0.839871 0.542785
vn -0.001313 -0.182998 -0.983112
vn -0.001313 -0.182998 -0.983112
vn -0.001313 -0.182998 -0.983112
vn -0.001313 -0.182998 -0.983112
vn 0.000977 -0.187974 0.982174
vn 0.000977 -0.187974 0.982174
vn 0.000977 -0.187974 0.982173
vn 0.000977 -0.187974 0.982174
vn -1.000000 -0.000005 0.000644
vn -1.000000 -0.000005 0.000644
vn -1.000000 -0.000005 0.000644
vn -1.000000 -0.000005 0.000644
vn -0.001312 -0.234587 -0.972094
vn -0.001312 -0.234587 -0.972094
vn -0.001312 -0.234587 -0.972094
vn -0.001312 -0.234587 -0.972094
vn 0.000859 -0.234726 0.972061
vn 0.000859 -0.234726 0.972061
vn 0.000859 -0.234726 0.972061
vn 0.000859 -0.234726 0.972061
vn -1.000000 -0.000410 0.000679
vn -1.000000 -0.000410 0.000679
vn -1.000000 -0.000410 0.000679
vn -1.000000 -0.000410 0.000679
vn -1.000000 0.000000 0.000618
vn -1.000000 0.000000 0.000618
vn -1.000000 0.000000 0.000618
vn -1.000000 0.000000 0.000618
vn -0.001339 -0.080726 -0.996735
vn -0.001339 -0.080726 -0.996736
vn -0.001339 -0.080726 -0.996736
vn -0.001339 -0.080726 -0.996735
vn 0.001063 -0.080544 0.996751
vn 0.001063 -0.080544 0.996751
vn 0.001063 -0.080544 0.996751
vn 0.001063 -0.080544 0.996751
vn -0.000693 -0.839201 -0.543821
vn -0.000693 -0.839201 -0.543821
vn -0.000693 -0.839201 -0.543821
vn -0.000693 -0.839201 -0.543821
vn 0.000586 -0.839222 0.543788
vn 0.000586 -0.839222 0.543788
vn 0.000586 -0.839222 0.543788
vn 0.000586 -0.839222 0.543788
vn -1.000000 0.000161 0.000626
vn -1.000000 0.000161 0.000626
vn -1.000000 0.000161 0.000626
vn -1.000000 0.000161 0.000626
vn -0.000989 0.673469 -0.739215
vn -0.000989 0.673469 -0.739215
vn -0.000989 0.673469 -0.739215
vn -0.000989 0.673469 -0.739215
vn 0.000703 0.673449 0.739234
vn 0.000703 0.673449 0.739234
vn 0.000703 0.673449 0.739234
vn 0.000703 0.673449 0.739234
vn -1.000000 0.000000 0.000662
vn -1.000000 0.000000 0.000662
vn -1.000000 0.000000 0.000662
vn -1.000000 0.000000 0.000662
vn -0.001357 0.339404 -0.940640
vn -0.001357 0.339404 -0.940640
vn -0.001357 0.339404 -0.940640
vn -0.001357 0.339404 -0.940640
vn 0.000865 0.339323 0.940669
vn 0.000865 0.339323 0.940669
vn 0.000865 0.339323 0.940669
vn 0.000865 0.339323 0.940669
vn -1.000000 0.000184 0.000626
vn -1.000000 0.000184 0.000626
vn -1.000000 0.000184 0.000626
vn -1.000000 0.000184 0.000626
vn -1.000000 -0.000131 0.000623
vn -1.000000 -0.000131 0.000623
vn -1.000000 -0.000131 0.000623
vn -1.000000 -0.000131 0.000623
vn -0.000832 0.738205 -0.674576
vn -0.000832 0.738205 -0.674576
vn -0.000832 0.738205 -0.674576
vn -0.000832 0.738205 -0.674576
vn 0.000650 0.738284 0.674490
vn 0.000650 0.738284 0.674490
vn 0.000650 0.738284 0.674490
vn 0.000650 0.738284 0.674490
vn -0.001192 -0.401126 -0.916022
vn -0.001192 -0.401126 -0.916022
vn -0.001192 -0.401126 -0.916022
vn -0.001192 -0.401126 -0.916022
vn -0.999994 -0.003460 -0.000157
vn -0.999994 -0.003460 -0.000157
vn -0.999994 -0.003460 -0.000157
vn -0.999994 -0.003460 -0.000157
vn 0.001065 -0.491784 0.870716
vn 0.001065 -0.491784 0.870717
vn 0.001065 -0.491784 0.870716
vn 0.001065 -0.491784 0.870716
vn -0.001305 0.279291 -0.960206
vn -0.001305 0.279291 -0.960206
vn -0.001305 0.279291 -0.960206
vn -0.001305 0.279291 -0.960206
vn 0.001115 0.325173 0.945654
vn 0.001115 0.325173 0.945654
vn 0.001115 0.325173 0.945654
vn 0.001115 0.325173 0.945654
vn -0.999493 0.031823 -0.000406
vn -0.999493 0.031823 -0.000406
vn -0.999493 0.031823 -0.000406
vn -0.999493 0.031823 -0.000406
vn -1.000000 0.000536 0.000618
vn -1.000000 0.000536 0.000618
vn -1.000000 0.000536 0.000618
vn -1.000000 0.000536 0.000618
vn -0.000615 -0.839802 -0.542893
vn -0.000615 -0.839802 -0.542893
vn -0.000615 -0.839802 -0.542893
vn -0.000615 -0.839802 -0.542893
vn 0.000568 -0.839811 0.542878
vn 0.000568 -0.839811 0.542878
vn 0.000568 -0.839811 0.542878
vn 0.000568 -0.839811 0.542878
vn -0.001313 0.182989 -0.983114
vn -0.001313 0.182989 -0.983114
vn -0.001313 0.182989 -0.983114
vn -0.001313 0.182989 -0.983114
vn 0.000977 0.187979 0.982173
vn 0.000977 0.187979 0.982173
vn 0.000977 0.187979 0.982173
vn 0.000977 0.187979 0.982173
vn -1.000000 -0.000037 0.000644
vn -1.000000 -0.000037 0.000644
vn -1.000000 -0.000037 0.000644
vn -1.000000 -0.000037 0.000644
vn -0.001312 0.234573 -0.972098
vn -0.001312 0.234573 -0.972098
vn -0.001312 0.234573 -0.972098
vn -0.001312 0.234573 -0.972098
vn 0.000862 0.234721 0.972062
vn 0.000862 0.234721 0.972063
vn 0.000862 0.234721 0.972063
vn 0.000862 0.234721 0.972062
vn -1.000000 0.000298 0.000679
vn -1.000000 0.000298 0.000679
vn -1.000000 0.000298 0.000679
vn -1.000000 0.000298 0.000679
vn -1.000000 -0.000054 0.000618
vn -1.000000 -0.000054 0.000618
vn -1.000000 -0.000054 0.000618
vn -1.000000 -0.000054 0.000618
vn -0.001339 0.080732 -0.996735
vn -0.001339 0.080732 -0.996735
vn -0.001339 0.080732 -0.996735
vn -0.001339 0.080732 -0.996735
vn 0.001063 0.080537 0.996751
vn 0.001063 0.080537 0.996751
vn 0.001063 0.080537 0.996751
vn 0.001063 0.080537 0.996751
vn -0.000693 0.839184 -0.543847
vn -0.000693 0.839184 -0.543847
vn -0.000693 0.839184 -0.543847
vn -0.000693 0.839184 -0.543847
vn 0.000586 0.839260 0.543731
vn 0.000586 0.839260 0.543731
vn 0.000586 0.839260 0.543731
vn 0.000586 0.839260 0.543731
vn -1.000000 0.000000 0.000626
vn -1.000000 0.000000 0.000626
vn -1.000000 0.000000 0.000626
vn -1.000000 0.000000 0.000626
vn -0.000989 -0.673440 -0.739242
vn -0.000989 -0.673439 -0.739242
vn -0.000989 -0.673440 -0.739242
vn -0.000989 -0.673439 -0.739242
vn 0.000705 -0.673463 0.739221
vn 0.000705 -0.673463 0.739221
vn 0.000705 -0.673463 0.739221
vn 0.000705 -0.673463 0.739221
vn -1.000000 0.000032 0.000662
vn -1.000000 0.000032 0.000662
vn -1.000000 0.000032 0.000662
vn -1.000000 0.000032 0.000662
vn -0.001357 -0.339380 -0.940648
vn -0.001357 -0.339380 -0.940648
vn -0.001357 -0.339380 -0.940648
vn -0.001357 -0.339380 -0.940648
vn 0.000865 -0.339305 0.940676
vn 0.000865 -0.339305 0.940676
vn 0.000865 -0.339305 0.940676
vn 0.000865 -0.339305 0.940676
vn -1.000000 -0.000210 0.000626
vn -1.000000 -0.000210 0.000626
vn -1.000000 -0.000210 0.000626
vn -1.000000 -0.000210 0.000626
vn -1.000000 -0.000066 0.000623
vn -1.000000 -0.000066 0.000623
vn -1.000000 -0.000066 0.000623
vn -1.000000 -0.000066 0.000623
vn -0.000833 -0.738192 -0.674590
vn -0.000833 -0.738192 -0.674590
vn -0.000833 -0.738192 -0.674590
vn -0.000833 -0.738193 -0.674590
vn 0.000649 -0.738265 0.674511
vn 0.000649 -0.738265 0.674511
vn 0.000649 -0.738265 0.674511
vn 0.000649 -0.738265 0.674511
vn -0.001192 0.401149 -0.916012
vn -0.001192 0.401149 -0.916012
vn -0.001192 0.401149 -0.916012
vn -0.001192 0.401149 -0.916012
vn -0.999994 0.003410 -0.000157
vn -0.999994 0.003410 -0.000157
vn -0.999994 0.003410 -0.000157
vn -0.999994 0.003410 -0.000157
vn 0.001065 0.491777 0.870720
vn 0.001065 0.491778 0.870720
vn 0.001065 0.491777 0.870720
vn 0.001065 0.491778 0.870720
vn -0.001305 -0.279289 -0.960206
vn -0.001305 -0.279289 -0.960206
vn -0.001305 -0.279289 -0.960206
vn -0.001305 -0.279289 -0.960206
vn 0.001108 -0.325175 0.945653
vn 0.001108 -0.325175 0.945653
vn 0.001108 -0.325175 0.945653
vn 0.001108 -0.325175 0.945653
vn -0.999494 -0.031798 -0.000406
vn -0.999494 -0.031798 -0.000406
vn -0.999494 -0.031798 -0.000406
vn -0.999494 -0.031798 -0.000406
vn -1.000000 -0.000268 0.000618
vn -1.000000 -0.000268 0.000618
vn -1.000000 -0.000268 0.000618
vn -1.000000 -0.000268 0.000618
vn -0.000615 0.839820 -0.542865
vn -0.000615 0.839820 -0.542865
vn -0.000615 0.839820 -0.542865
vn -0.000615 0.839820 -0.542865
vn 0.000567 0.839824 0.542859
vn 0.000567 0.839824 0.542859
vn 0.000567 0.839824 0.542859
vn 0.000567 0.839824 0.542859
vn -0.001589 -0.156914 -0.987611
vn -0.001589 -0.156914 -0.987611
vn -0.001589 -0.156914 -0.987611
vn -0.001589 -0.156914 -0.987611
vn 0.001071 -0.182778 0.983154
vn 0.001071 -0.182778 0.983154
vn 0.001071 -0.182778 0.983154
vn 0.001071 -0.182778 0.983154
vn -1.000000 0.000014 0.000606
vn -1.000000 0.000014 0.000606
vn -1.000000 0.000014 0.000606
vn -1.000000 0.000014 0.000606
vn -0.001398 -0.234750 -0.972055
vn -0.001398 -0.234750 -0.972055
vn -0.001398 -0.234750 -0.972055
vn -0.001398 -0.234750 -0.972055
vn 0.000966 -0.235073 0.971977
vn 0.000966 -0.235073 0.971977
vn 0.000966 -0.235073 0.971977
vn 0.000966 -0.235073 0.971977
vn -1.000000 -0.000317 0.000660
vn -1.000000 -0.000317 0.000660
vn -1.000000 -0.000317 0.000660
vn -1.000000 -0.000317 0.000660
vn -1.000000 0.000000 0.000633
vn -1.000000 0.000000 0.000633
vn -1.000000 0.000000 0.000633
vn -1.000000 0.000000 0.000633
vn -0.001339 -0.080397 -0.996762
vn -0.001339 -0.080397 -0.996762
vn -0.001339 -0.080397 -0.996762
vn -0.001339 -0.080397 -0.996762
vn 0.001160 -0.080050 0.996790
vn 0.001160 -0.080050 0.996790
vn 0.001160 -0.080050 0.996790
vn 0.001160 -0.080050 0.996790
vn -0.000733 -0.839240 -0.543761
vn -0.000733 -0.839240 -0.543761
vn -0.000733 -0.839240 -0.543761
vn -0.000733 -0.839240 -0.543761
vn 0.000586 -0.839159 0.543885
vn 0.000586 -0.839159 0.543885
vn 0.000586 -0.839159 0.543885
vn 0.000586 -0.839159 0.543885
vn -1.000000 0.000161 0.000644
vn -1.000000 0.000161 0.000644
vn -1.000000 0.000161 0.000644
vn -1.000000 0.000161 0.000644
vn -0.001067 0.673580 -0.739114
vn -0.001067 0.673580 -0.739114
vn -0.001067 0.673580 -0.739114
vn -0.001067 0.673580 -0.739114
vn 0.000795 0.673519 0.739169
vn 0.000795 0.673519 0.739169
vn 0.000795 0.673519 0.739169
vn 0.000795 0.673519 0.739169
vn -1.000000 0.000000 0.000645
vn -1.000000 0.000000 0.000645
vn -1.000000 0.000000 0.000645
vn -1.000000 0.000000 0.000645
vn -0.001225 0.339363 -0.940655
vn -0.001225 0.339363 -0.940655
vn -0.001225 0.339363 -0.940655
vn -0.001225 0.339363 -0.940655
vn 0.000884 0.339459 0.940621
vn 0.000884 0.339459 0.940621
vn 0.000884 0.339459 0.940621
vn 0.000884 0.339459 0.940621
vn -1.000000 0.000134 0.000633
vn -1.000000 0.000134 0.000633
vn -1.000000 0.000134 0.000633
vn -1.000000 0.000134 0.000633
vn -1.000000 0.000000 0.000649
vn -1.000000 0.000000 0.000649
vn -1.000000 0.000000 0.000649
vn -1.000000 0.000000 0.000649
vn -0.000755 0.738147 -0.674639
vn -0.000755 0.738147 -0.674639
vn -0.000755 0.738147 -0.674639
vn -0.000755 0.738147 -0.674639
vn 0.000611 0.738321 0.674449
vn 0.000611 0.738321 0.674449
vn 0.000611 0.738321 0.674449
vn 0.000611 0.738321 0.674449
vn -0.001182 -0.401034 -0.916062
vn -0.001182 -0.401034 -0.916062
vn -0.001182 -0.401034 -0.916062
vn -0.001182 -0.401034 -0.916062
vn -1.000000 0.000000 0.000627
vn -1.000000 0.000000 0.000627
vn -1.000000 0.000000 0.000627
vn -1.000000 0.000000 0.000627
vn 0.000889 -0.400966 0.916092
vn 0.000889 -0.400966 0.916092
vn 0.000889 -0.400966 0.916092
vn 0.000889 -0.400966 0.916092
vn -0.001386 0.269492 -0.963002
vn -0.001386 0.269492 -0.963002
vn -0.001386 0.269492 -0.963002
vn -0.001386 0.269492 -0.963002
vn 0.000841 0.269473 0.963007
vn 0.000841 0.269473 0.963007
vn 0.000841 0.269473 0.963007
vn 0.000841 0.269473 0.963008
vn -0.999591 0.028578 0.000628
vn -0.999591 0.028578 0.000628
vn -0.999591 0.028578 0.000628
vn -0.999591 0.028578 0.000628
vn -1.000000 0.000000 0.000667
vn -1.000000 0.000000 0.000667
vn -1.000000 0.000000 0.000667
vn -1.000000 0.000000 0.000667
vn -0.000589 -0.839778 -0.542929
vn -0.000589 -0.839778 -0.542929
vn -0.000589 -0.839778 -0.542929
vn -0.000589 -0.839779 -0.542929
vn 0.000538 -0.839828 0.542853
vn 0.000538 -0.839828 0.542853
vn 0.000538 -0.839828 0.542853
vn 0.000538 -0.839828 0.542853
vn -0.001589 0.156903 -0.987613
vn -0.001589 0.156903 -0.987613
vn -0.001589 0.156903 -0.987613
vn -0.001589 0.156903 -0.987613
vn 0.001071 0.182778 0.983154
vn 0.001071 0.182778 0.983154
vn 0.001071 0.182778 0.983154
vn 0.001071 0.182778 0.983154
vn -1.000000 0.000000 0.000606
vn -1.000000 0.000000 0.000606
vn -1.000000 0.000000 0.000606
vn -1.000000 0.000000 0.000606
vn -0.001398 0.234762 -0.972052
vn -0.001398 0.234762 -0.972052
vn -0.001398 0.234762 -0.972052
vn -0.001398 0.234762 -0.972052
vn 0.000972 0.235072 0.971978
vn 0.000972 0.235072 0.971977
vn 0.000972 0.235072 0.971978
vn 0.000972 0.235072 0.971977
vn -1.000000 0.000298 0.000660
vn -1.000000 0.000298 0.000660
vn -1.000000 0.000298 0.000660
vn -1.000000 0.000298 0.000660
vn -1.000000 0.000079 0.000633
vn -1.000000 0.000079 0.000633
vn -1.000000 0.000079 0.000633
vn -1.000000 0.000079 0.000633
vn -0.001339 0.080394 -0.996762
vn -0.001339 0.080394 -0.996762
vn -0.001339 0.080394 -0.996762
vn -0.001339 0.080394 -0.996762
vn 0.001160 0.080047 0.996790
vn 0.001160 0.080047 0.996790
vn 0.001160 0.080047 0.996790
vn 0.001160 0.080047 0.996790
vn -0.000733 0.839228 -0.543780
vn -0.000733 0.839228 -0.543780
vn -0.000733 0.839228 -0.543780
vn -0.000733 0.839228 -0.543780
vn 0.000586 0.839198 0.543826
vn 0.000586 0.839198 0.543826
vn 0.000586 0.839198 0.543826
vn 0.000586 0.839198 0.543826
vn -1.000000 0.000000 0.000644
vn -1.000000 0.000000 0.000644
vn -1.000000 0.000000 0.000644
vn -1.000000 0.000000 0.000644
vn -0.001067 -0.673612 -0.739084
vn -0.001067 -0.673612 -0.739084
vn -0.001067 -0.673612 -0.739085
vn -0.001067 -0.673612 -0.739085
vn 0.000799 -0.673535 0.739155
vn 0.000799 -0.673535 0.739155
vn 0.000799 -0.673535 0.739155
vn 0.000799 -0.673535 0.739155
vn -1.000000 -0.000097 0.000645
vn -1.000000 -0.000097 0.000645
vn -1.000000 -0.000097 0.000645
vn -1.000000 -0.000097 0.000645
vn -0.001225 -0.339369 -0.940652
vn -0.001225 -0.339369 -0.940653
vn -0.001225 -0.339369 -0.940652
vn -0.001225 -0.339369 -0.940652
vn 0.000884 -0.339484 0.940611
vn 0.000884 -0.339484 0.940611
vn 0.000884 -0.339484 0.940611
vn 0.000884 -0.339484 0.940611
vn -1.000000 -0.000214 0.000633
vn -1.000000 -0.000214 0.000633
vn -1.000000 -0.000214 0.000633
vn -1.000000 -0.000214 0.000633
vn -1.000000 0.000067 0.000649
vn -1.000000 0.000067 0.000649
vn -1.000000 0.000067 0.000649
vn -1.000000 0.000067 0.000649
vn -0.000758 -0.738127 -0.674661
vn -0.000758 -0.738127 -0.674661
vn -0.000758 -0.738127 -0.674661
vn -0.000758 -0.738127 -0.674661
vn 0.000612 -0.738306 0.674466
vn 0.000612 -0.738306 0.674466
vn 0.000612 -0.738306 0.674466
vn 0.000612 -0.738306 0.674466
vn -0.001182 0.401061 -0.916050
vn -0.001182 0.401061 -0.916050
vn -0.001182 0.401062 -0.916050
vn -0.001182 0.401061 -0.916050
vn -1.000000 -0.000071 0.000627
vn -1.000000 -0.000071 0.000627
vn -1.000000 -0.000071 0.000627
vn -1.000000 -0.000071 0.000627
vn 0.000890 0.400957 0.916097
vn 0.000890 0.400957 0.916097
vn 0.000890 0.400957 0.916097
vn 0.000890 0.400957 0.916097
vn -0.001386 -0.269492 -0.963002
vn -0.001386 -0.269492 -0.963002
vn -0.001386 -0.269492 -0.963002
vn -0.001386 -0.269492 -0.963002
vn 0.000834 -0.269453 0.963013
vn 0.000834 -0.269453 0.963013
vn 0.000834 -0.269453 0.963013
vn 0.000834 -0.269453 0.963013
vn -0.999590 -0.028616 0.000628
vn -0.999590 -0.028616 0.000628
vn -0.999590 -0.028616 0.000628
vn -0.999590 -0.028616 0.000628
vn -1.000000 -0.000205 0.000667
vn -1.000000 -0.000205 0.000667
vn -1.000000 -0.000205 0.000667
vn -1.000000 -0.000205 0.000667
vn -0.000589 0.839772 -0.542939
vn -0.000589 0.839772 -0.542939
vn -0.000589 0.839772 -0.542939
vn -0.000589 0.839772 -0.542939
vn 0.000540 0.839837 0.542838
vn 0.000540 0.839837 0.542838
vn 0.000540 0.839837 0.542838
vn 0.000540 0.839837 0.542838
vn -0.001221 -0.177722 -0.984080
vn -0.001221 -0.177722 -0.984080
vn -0.001221 -0.177722 -0.984080
vn -0.001221 -0.177722 -0.984080
vn 0.001145 -0.146598 0.989195
vn 0.001145 -0.146598 0.989195
vn 0.001145 -0.146598 0.989195
vn 0.001145 -0.146598 0.989195
vn -1.000000 -0.000067 0.000595
vn -1.000000 -0.000067 0.000595
vn -1.000000 -0.000067 0.000595
vn -1.000000 -0.000067 0.000595
vn -0.001226 -0.234708 -0.972065
vn -0.001226 -0.234708 -0.972065
vn -0.001226 -0.234708 -0.972065
vn -0.001226 -0.234708 -0.972065
vn 0.000859 -0.234762 0.972053
vn 0.000859 -0.234762 0.972053
vn 0.000859 -0.234762 0.972053
vn 0.000859 -0.234762 0.972053
vn -1.000000 -0.000177 0.000641
vn -1.000000 -0.000177 0.000641
vn -1.000000 -0.000177 0.000641
vn -1.000000 -0.000177 0.000641
vn -1.000000 0.000000 0.000618
vn -1.000000 0.000000 0.000618
vn -1.000000 0.000000 0.000618
vn -1.000000 0.000000 0.000618
vn -0.001258 -0.080192 -0.996779
vn -0.001258 -0.080192 -0.996779
vn -0.001258 -0.080192 -0.996779
vn -0.001258 -0.080192 -0.996779
vn 0.001160 -0.080037 0.996791
vn 0.001160 -0.080037 0.996791
vn 0.001160 -0.080037 0.996791
vn 0.001160 -0.080037 0.996791
vn -0.000680 -0.839201 -0.543821
vn -0.000680 -0.839201 -0.543821
vn -0.000680 -0.839201 -0.543821
vn -0.000680 -0.839201 -0.543821
vn 0.000586 -0.839222 0.543788
vn 0.000586 -0.839222 0.543788
vn 0.000586 -0.839222 0.543788
vn 0.000586 -0.839222 0.543788
vn -1.000000 0.000081 0.000626
vn -1.000000 0.000081 0.000626
vn -1.000000 0.000081 0.000626
vn -1.000000 0.000081 0.000626
vn -0.000926 0.673511 -0.739177
vn -0.000926 0.673511 -0.739177
vn -0.000926 0.673511 -0.739177
vn -0.000926 0.673511 -0.739177
vn 0.000659 0.673347 0.739327
vn 0.000659 0.673347 0.739327
vn 0.000659 0.673347 0.739327
vn 0.000659 0.673347 0.739327
vn -1.000000 0.000258 0.000645
vn -1.000000 0.000258 0.000645
vn -1.000000 0.000258 0.000645
vn -1.000000 0.000258 0.000645
vn -0.001131 0.339342 -0.940662
vn -0.001131 0.339342 -0.940662
vn -0.001131 0.339342 -0.940662
vn -0.001131 0.339342 -0.940662
vn 0.001056 0.509924 0.860219
vn 0.001056 0.509924 0.860219
vn 0.001056 0.509924 0.860219
vn 0.001056 0.509924 0.860219
vn -0.999997 -0.002360 0.001007
vn -0.999997 -0.002360 0.001007
vn -0.999997 -0.002360 0.001007
vn -0.999997 -0.002360 0.001007
vn -1.000000 0.000000 0.000662
vn -1.000000 0.000000 0.000662
vn -1.000000 0.000000 0.000662
vn -1.000000 0.000000 0.000662
vn -0.000768 0.738270 -0.674504
vn -0.000768 0.738270 -0.674504
vn -0.000768 0.738270 -0.674504
vn -0.000768 0.738270 -0.674504
vn 0.000678 0.738261 0.674515
vn 0.000678 0.738261 0.674515
vn 0.000678 0.738261 0.674515
vn 0.000678 0.738260 0.674515
vn -0.001181 -0.517384 -0.855752
vn -0.001181 -0.517384 -0.855752
vn -0.001181 -0.517384 -0.855752
vn -0.001181 -0.517384 -0.855752
vn -0.999986 0.005286 0.000249
vn -0.999986 0.005286 0.000249
vn -0.999986 0.005286 0.000249
vn -0.999986 0.005286 0.000249
vn 0.000940 -0.511842 0.859079
vn 0.000940 -0.511842 0.859079
vn 0.000940 -0.511842 0.859079
vn 0.000940 -0.511842 0.859079
vn -0.001268 0.344027 -0.938959
vn -0.001268 0.344027 -0.938959
vn -0.001268 0.344027 -0.938959
vn -0.001268 0.344027 -0.938959
vn 0.000961 0.337305 0.941395
vn 0.000961 0.337305 0.941395
vn 0.000961 0.337305 0.941395
vn 0.000961 0.337305 0.941395
vn -0.999433 0.033685 0.000274
vn -0.999433 0.033685 0.000274
vn -0.999433 0.033685 0.000274
vn -0.999433 0.033685 0.000274
vn -1.000000 0.000505 0.000660
vn -1.000000 0.000505 0.000660
vn -1.000000 0.000505 0.000660
vn -1.000000 0.000505 0.000660
vn -0.000677 -0.839808 -0.542884
vn -0.000677 -0.839808 -0.542884
vn -0.000677 -0.839808 -0.542884
vn -0.000677 -0.839808 -0.542884
vn 0.000513 -0.839862 0.542800
vn 0.000513 -0.839862 0.542800
vn 0.000513 -0.839862 0.542800
vn 0.000513 -0.839862 0.542800
vn -0.001221 0.177734 -0.984078
vn -0.001221 0.177734 -0.984078
vn -0.001221 0.177734 -0.984078
vn -0.001221 0.177734 -0.984078
vn 0.001145 0.146591 0.989197
vn 0.001145 0.146591 0.989197
vn 0.001145 0.146591 0.989197
vn 0.001145 0.146591 0.989197
vn -1.000000 0.000076 0.000595
vn -1.000000 0.000076 0.000595
vn -1.000000 0.000076 0.000595
vn -1.000000 0.000076 0.000595
vn -0.001226 0.234701 -0.972067
vn -0.001226 0.234701 -0.972067
vn -0.001226 0.234701 -0.972067
vn -0.001226 0.234701 -0.972067
vn 0.000857 0.234740 0.972058
vn 0.000857 0.234740 0.972058
vn 0.000857 0.234740 0.972058
vn 0.000857 0.234740 0.972058
vn -1.000000 0.000298 0.000641
vn -1.000000 0.000298 0.000641
vn -1.000000 0.000298 0.000641
vn -1.000000 0.000298 0.000641
vn -1.000000 -0.000150 0.000618
vn -1.000000 -0.000150 0.000618
vn -1.000000 -0.000150 0.000618
vn -1.000000 -0.000150 0.000618
vn -0.001258 0.080203 -0.996778
vn -0.001258 0.080203 -0.996778
vn -0.001258 0.080203 -0.996778
vn -0.001258 0.080203 -0.996778
vn 0.001160 0.080041 0.996791
vn 0.001160 0.080041 0.996791
vn 0.001160 0.080041 0.996791
vn 0.001160 0.080041 0.996791
vn -0.000680 0.839185 -0.543845
vn -0.000680 0.839185 -0.543845
vn -0.000680 0.839185 -0.543845
vn -0.000680 0.839185 -0.543845
vn 0.000586 0.839259 0.543732
vn 0.000586 0.839259 0.543732
vn 0.000586 0.839259 0.543732
vn 0.000586 0.839259 0.543732
vn -1.000000 0.000000 0.000626
vn -1.000000 0.000000 0.000626
vn -1.000000 0.000000 0.000626
vn -1.000000 0.000000 0.000626
vn -0.000926 -0.673471 -0.739213
vn -0.000926 -0.673471 -0.739213
vn -0.000926 -0.673471 -0.739213
vn -0.000926 -0.673471 -0.739213
vn 0.000658 -0.673333 0.739339
vn 0.000658 -0.673333 0.739339
vn 0.000658 -0.673333 0.739339
vn 0.000658 -0.673333 0.739339
vn -1.000000 -0.000193 0.000645
vn -1.000000 -0.000193 0.000645
vn -1.000000 -0.000193 0.000645
vn -1.000000 -0.000193 0.000645
vn -0.001131 -0.339355 -0.940658
vn -0.001131 -0.339355 -0.940658
vn -0.001131 -0.339355 -0.940658
vn -0.001131 -0.339355 -0.940658
vn 0.001066 -0.509903 0.860231
vn 0.001066 -0.509903 0.860231
vn 0.001066 -0.509903 0.860231
vn 0.001066 -0.509903 0.860231
vn -0.999997 0.002335 0.001007
vn -0.999997 0.002335 0.001007
vn -0.999997 0.002335 0.001007
vn -0.999997 0.002335 0.001007
vn -1.000000 0.000000 0.000662
vn -1.000000 0.000000 0.000662
vn -1.000000 0.000000 0.000662
vn -1.000000 0.000000 0.000662
vn -0.000767 -0.738257 -0.674520
vn -0.000767 -0.738257 -0.674520
vn -0.000767 -0.738257 -0.674520
vn -0.000767 -0.738257 -0.674520
vn 0.000680 -0.738267 0.674509
vn 0.000680 -0.738267 0.674509
vn 0.000680 -0.738267 0.674509
vn 0.000680 -0.738267 0.674509
vn -0.001181 0.517379 -0.855756
vn -0.001181 0.517379 -0.855756
vn -0.001181 0.517379 -0.855756
vn -0.001181 0.517379 -0.855756
vn -0.999986 -0.005236 0.000249
vn -0.999986 -0.005236 0.000249
vn -0.999986 -0.005236 0.000249
vn -0.999986 -0.005236 0.000249
vn 0.000957 0.511867 0.859064
vn 0.000957 0.511867 0.859064
vn 0.000957 0.511867 0.859064
vn 0.000957 0.511867 0.859064
vn -0.001265 -0.344024 -0.938960
vn -0.001265 -0.344024 -0.938960
vn -0.001265 -0.344024 -0.938960
vn -0.001265 -0.344024 -0.938960
vn 0.000955 -0.337294 0.941399
vn 0.000955 -0.337293 0.941399
vn 0.000955 -0.337294 0.941399
vn 0.000955 -0.337294 0.941399
vn -0.999432 -0.033697 0.000274
vn -0.999432 -0.033697 0.000274
vn -0.999432 -0.033697 0.000274
vn -0.999432 -0.033697 0.000274
vn -1.000000 -0.000316 0.000660
vn -1.000000 -0.000316 0.000660
vn -1.000000 -0.000316 0.000660
vn -1.000000 -0.000316 0.000660
vn -0.000677 0.839825 -0.542857
vn -0.000677 0.839825 -0.542857
vn -0.000677 0.839825 -0.542857
vn -0.000677 0.839825 -0.542857
vn 0.000513 0.839871 0.542785
vn 0.000513 0.839871 0.542785
vn 0.000513 0.839871 0.542785
vn 0.000513 0.839871 0.542785
vn -0.001313 -0.182998 -0.983112
vn -0.001313 -0.182998 -0.983112
vn -0.001313 -0.182998 -0.983112
vn -0.001313 -0.182998 -0.983112
vn 0.000963 -0.187974 0.982174
vn 0.000963 -0.187974 0.982174
vn 0.000963 -0.187974 0.982174
vn 0.000963 -0.187974 0.982174
vn -1.000000 -0.000005 0.000644
vn -1.000000 -0.000005 0.000644
vn -1.000000 -0.000005 0.000644
vn -1.000000 -0.000005 0.000644
vn -0.001312 -0.234587 -0.972094
vn -0.001312 -0.234587 -0.972094
vn -0.001312 -0.234587 -0.972094
vn -0.001312 -0.234587 -0.972094
vn 0.000880 -0.234726 0.972061
vn 0.000880 -0.234726 0.972061
vn 0.000880 -0.234726 0.972061
vn 0.000880 -0.234726 0.972061
vn -1.000000 -0.000410 0.000679
vn -1.000000 -0.000410 0.000679
vn -1.000000 -0.000410 0.000679
vn -1.000000 -0.000410 0.000679
vn -1.000000 0.000000 0.000618
vn -1.000000 0.000000 0.000618
vn -1.000000 0.000000 0.000618
vn -1.000000 0.000000 0.000618
vn -0.001339 -0.080726 -0.996735
vn -0.001339 -0.080726 -0.996736
vn -0.001339 -0.080726 -0.996736
vn -0.001339 -0.080726 -0.996735
vn 0.001063 -0.080544 0.996751
vn 0.001063 -0.080544 0.996751
vn 0.001063 -0.080544 0.996751
vn 0.001063 -0.080544 0.996751
vn -0.000680 -0.839201 -0.543821
vn -0.000680 -0.839201 -0.543821
vn -0.000680 -0.839201 -0.543821
vn -0.000680 -0.839201 -0.543821
vn 0.000586 -0.839222 0.543788
vn 0.000586 -0.839222 0.543788
vn 0.000586 -0.839222 0.543788
vn 0.000586 -0.839222 0.543788
vn -1.000000 0.000161 0.000626
vn -1.000000 0.000161 0.000626
vn -1.000000 0.000161 0.000626
vn -1.000000 0.000161 0.000626
vn -0.000989 0.673469 -0.739215
vn -0.000989 0.673469 -0.739215
vn -0.000989 0.673469 -0.739215
vn -0.000989 0.673469 -0.739215
vn 0.000713 0.673449 0.739234
vn 0.000713 0.673449 0.739234
vn 0.000713 0.673449 0.739234
vn 0.000713 0.673449 0.739234
vn -1.000000 0.000000 0.000662
vn -1.000000 0.000000 0.000662
vn -1.000000 0.000000 0.000662
vn -1.000000 0.000000 0.000662
vn -0.001343 0.339404 -0.940640
vn -0.001343 0.339404 -0.940640
vn -0.001343 0.339404 -0.940640
vn -0.001343 0.339404 -0.940640
vn 0.000865 0.339323 0.940669
vn 0.000865 0.339323 0.940669
vn 0.000865 0.339323 0.940669
vn 0.000865 0.339323 0.940669
vn -1.000000 0.000184 0.000626
vn -1.000000 0.000184 0.000626
vn -1.000000 0.000184 0.000626
vn -1.000000 0.000184 0.000626
vn -1.000000 -0.000131 0.000623
vn -1.000000 -0.000131 0.000623
vn -1.000000 -0.000131 0.000623
vn -1.000000 -0.000131 0.000623
vn -0.000842 0.738205 -0.674576
vn -0.000842 0.738205 -0.674576
vn -0.000842 0.738205 -0.674576
vn -0.000842 0.738205 -0.674576
vn 0.000633 0.738284 0.674490
vn 0.000633 0.738284 0.674490
vn 0.000633 0.738284 0.674490
vn 0.000633 0.738284 0.674490
vn -0.001174 -0.401126 -0.916022
vn -0.001174 -0.401126 -0.916022
vn -0.001174 -0.401126 -0.916022
vn -0.001174 -0.401126 -0.916022
vn -0.999994 -0.003460 -0.000157
vn -0.999994 -0.003460 -0.000157
vn -0.999994 -0.003460 -0.000157
vn -0.999994 -0.003460 -0.000157
vn 0.001070 -0.491784 0.870716
vn 0.001070 -0.491784 0.870717
vn 0.001070 -0.491784 0.870716
vn 0.001070 -0.491784 0.870716
vn -0.001291 0.279291 -0.960206
vn -0.001291 0.279291 -0.960206
vn -0.001291 0.279291 -0.960206
vn -0.001291 0.279291 -0.960206
vn 0.001115 0.325173 0.945654
vn 0.001115 0.325173 0.945654
vn 0.001115 0.325173 0.945654
vn 0.001115 0.325173 0.945654
vn -0.999493 0.031823 -0.000406
vn -0.999493 0.031823 -0.000406
vn -0.999493 0.031823 -0.000406
vn -0.999493 0.031823 -0.000406
vn -1.000000 0.000536 0.000618
vn -1.000000 0.000536 0.000618
vn -1.000000 0.000536 0.000618
vn -1.000000 0.000536 0.000618
vn -0.000615 -0.839802 -0.542893
vn -0.000615 -0.839802 -0.542893
vn -0.000615 -0.839802 -0.542893
vn -0.000615 -0.839802 -0.542893
vn 0.000570 -0.839811 0.542878
vn 0.000570 -0.839811 0.542878
vn 0.000570 -0.839811 0.542878
vn 0.000570 -0.839811 0.542878
vn -0.001313 0.182989 -0.983114
vn -0.001313 0.182989 -0.983114
vn -0.001313 0.182989 -0.983114
vn -0.001313 0.182989 -0.983114
vn 0.000963 0.187979 0.982173
vn 0.000963 0.187979 0.982173
vn 0.000963 0.187979 0.982173
vn 0.000963 0.187979 0.982173
vn -1.000000 -0.000037 0.000644
vn -1.000000 -0.000037 0.000644
vn -1.000000 -0.000037 0.000644
vn -1.000000 -0.000037 0.000644
vn -0.001312 0.234573 -0.972098
vn -0.001312 0.234573 -0.972098
vn -0.001312 0.234573 -0.972098
vn -0.001312 0.234573 -0.972098
vn 0.000870 0.234721 0.972062
vn 0.000870 0.234721 0.972063
vn 0.000870 0.234721 0.972063
vn 0.000870 0.234721 0.972062
vn -1.000000 0.000298 0.000679
vn -1.000000 0.000298 0.000679
vn -1.000000 0.000298 0.000679
vn -1.000000 0.000298 0.000679
vn -1.000000 -0.000054 0.000618
vn -1.000000 -0.000054 0.000618
vn -1.000000 -0.000054 0.000618
vn -1.000000 -0.000054 0.000618
vn -0.001339 0.080732 -0.996735
vn -0.001339 0.080732 -0.996735
vn -0.001339 0.080732 -0.996735
vn -0.001339 0.080732 -0.996735
vn 0.001063 0.080537 0.996751
vn 0.001063 0.080537 0.996751
vn 0.001063 0.080537 0.996751
vn 0.001063 0.080537 0.996751
vn -0.000680 0.839184 -0.543847
vn -0.000680 0.839184 -0.543847
vn -0.000680 0.839184 -0.543847
vn -0.000680 0.839184 -0.543847
vn 0.000586 0.839260 0.543731
vn 0.000586 0.839260 0.543731
vn 0.000586 0.839260 0.543731
vn 0.000586 0.839260 0.543731
vn -1.000000 0.000000 0.000626
vn -1.000000 0.000000 0.000626
vn -1.000000 0.000000 0.000626
vn -1.000000 0.000000 0.000626
vn -0.000989 -0.673440 -0.739242
vn -0.000989 -0.673439 -0.739242
vn -0.000989 -0.673440 -0.739242
vn -0.000989 -0.673439 -0.739242
vn 0.000705 -0.673463 0.739221
vn 0.000705 -0.673463 0.739221
vn 0.000705 -0.673463 0.739221
vn 0.000705 -0.673463 0.739221
vn -1.000000 0.000032 0.000662
vn -1.000000 0.000032 0.000662
vn -1.000000 0.000032 0.000662
vn -1.000000 0.000032 0.000662
vn -0.001343 -0.339380 -0.940648
vn -0.001343 -0.339380 -0.940648
vn -0.001343 -0.339380 -0.940648
vn -0.001343 -0.339380 -0.940648
vn 0.000865 -0.339305 0.940676
vn 0.000865 -0.339305 0.940676
vn 0.000865 -0.339305 0.940676
vn 0.000865 -0.339305 0.940676
vn -1.000000 -0.000210 0.000626
vn -1.000000 -0.000210 0.000626
vn -1.000000 -0.000210 0.000626
vn -1.000000 -0.000210 0.000626
vn -1.000000 -0.000066 0.000623
vn -1.000000 -0.000066 0.000623
vn -1.000000 -0.000066 0.000623
vn -1.000000 -0.000066 0.000623
vn -0.000843 -0.738192 -0.674590
vn -0.000843 -0.738192 -0.674590
vn -0.000843 -0.738192 -0.674590
vn -0.000843 -0.738192 -0.674590
vn 0.000629 -0.738265 0.674511
vn 0.000629 -0.738265 0.674511
vn 0.000629 -0.738265 0.674511
vn 0.000629 -0.738265 0.674511
vn -0.001174 0.401149 -0.916012
vn -0.001174 0.401149 -0.916012
vn -0.001174 0.401149 -0.916012
vn -0.001174 0.401149 -0.916012
vn -0.999994 0.003410 -0.000157
vn -0.999994 0.003410 -0.000157
vn -0.999994 0.003410 -0.000157
vn -0.999994 0.003410 -0.000157
vn 0.001065 0.491777 0.870720
vn 0.001065 0.491778 0.870720
vn 0.001065 0.491777 0.870720
vn 0.001065 0.491778 0.870720
vn -0.001291 -0.279289 -0.960206
vn -0.001291 -0.279289 -0.960206
vn -0.001291 -0.279289 -0.960206
vn -0.001291 -0.279289 -0.960206
vn 0.001112 -0.325175 0.945653
vn 0.001112 -0.325175 0.945653
vn 0.001112 -0.325175 0.945653
vn 0.001112 -0.325175 0.945653
vn -0.999494 -0.031798 -0.000406
vn -0.999494 -0.031798 -0.000406
vn -0.999494 -0.031798 -0.000406
vn -0.999494 -0.031798 -0.000406
vn -1.000000 -0.000268 0.000618
vn -1.000000 -0.000268 0.000618
vn -1.000000 -0.000268 0.000618
vn -1.000000 -0.000268 0.000618
vn -0.000615 0.839820 -0.542865
vn -0.000615 0.839820 -0.542865
vn -0.000615 0.839820 -0.542865
vn -0.000615 0.839820 -0.542865
vn 0.000567 0.839824 0.542859
vn 0.000567 0.839824 0.542859
vn 0.000567 0.839824 0.542859
vn 0.000567 0.839824 0.542859
vn -0.001589 -0.156914 -0.987611
vn -0.001589 -0.156914 -0.987611
vn -0.001589 -0.156914 -0.987611
vn -0.001589 -0.156914 -0.987611
vn 0.001058 -0.182778 0.983154
vn 0.001058 -0.182778 0.983154
vn 0.001058 -0.182778 0.983154
vn 0.001058 -0.182778 0.983154
vn -1.000000 0.000014 0.000606
vn -1.000000 0.000014 0.000606
vn -1.000000 0.000014 0.000606
vn -1.000000 0.000014 0.000606
vn -0.001398 -0.234750 -0.972055
vn -0.001398 -0.234750 -0.972055
vn -0.001398 -0.234750 -0.972055
vn -0.001398 -0.234750 -0.972055
vn 0.000966 -0.235073 0.971977
vn 0.000966 -0.235073 0.971977
vn 0.000966 -0.235073 0.971977
vn 0.000966 -0.235073 0.971977
vn -1.000000 -0.000317 0.000660
vn -1.000000 -0.000317 0.000660
vn -1.000000 -0.000317 0.000660
vn -1.000000 -0.000317 0.000660
vn -1.000000 0.000000 0.000633
vn -1.000000 0.000000 0.000633
vn -1.000000 0.000000 0.000633
vn -1.000000 0.000000 0.000633
vn -0.001339 -0.080397 -0.996762
vn -0.001339 -0.080397 -0.996762
vn -0.001339 -0.080397 -0.996762
vn -0.001339 -0.080397 -0.996762
vn 0.001160 -0.080050 0.996790
vn 0.001160 -0.080050 0.996790
vn 0.001160 -0.080050 0.996790
vn 0.001160 -0.080050 0.996790
vn -0.000733 -0.839240 -0.543761
vn -0.000733 -0.839240 -0.543761
vn -0.000733 -0.839240 -0.543761
vn -0.000733 -0.839240 -0.543761
vn 0.000586 -0.839159 0.543885
vn 0.000586 -0.839159 0.543885
vn 0.000586 -0.839159 0.543885
vn 0.000586 -0.839159 0.543885
vn -1.000000 0.000161 0.000644
vn -1.000000 0.000161 0.000644
vn -1.000000 0.000161 0.000644
vn -1.000000 0.000161 0.000644
vn -0.001051 0.673580 -0.739114
vn -0.001051 0.673580 -0.739114
vn -0.001051 0.673580 -0.739114
vn -0.001051 0.673580 -0.739114
vn 0.000798 0.673519 0.739169
vn 0.000798 0.673519 0.739169
vn 0.000798 0.673519 0.739169
vn 0.000798 0.673519 0.739169
vn -1.000000 0.000000 0.000645
vn -1.000000 0.000000 0.000645
vn -1.000000 0.000000 0.000645
vn -1.000000 0.000000 0.000645
vn -0.001240 0.339363 -0.940655
vn -0.001240 0.339363 -0.940655
vn -0.001240 0.339363 -0.940655
vn -0.001240 0.339363 -0.940655
vn 0.000869 0.339459 0.940621
vn 0.000869 0.339459 0.940621
vn 0.000869 0.339459 0.940621
vn 0.000869 0.339459 0.940621
vn -1.000000 0.000134 0.000633
vn -1.000000 0.000134 0.000633
vn -1.000000 0.000134 0.000633
vn -1.000000 0.000134 0.000633
vn -1.000000 0.000000 0.000649
vn -1.000000 0.000000 0.000649
vn -1.000000 0.000000 0.000649
vn -1.000000 0.000000 0.000649
vn -0.000744 0.738147 -0.674640
vn -0.000744 0.738147 -0.674639
vn -0.000744 0.738147 -0.674640
vn -0.000744 0.738147 -0.674639
vn 0.000611 0.738321 0.674449
vn 0.000611 0.738321 0.674449
vn 0.000611 0.738321 0.674449
vn 0.000611 0.738321 0.674449
vn -0.001191 -0.401034 -0.916062
vn -0.001191 -0.401034 -0.916062
vn -0.001191 -0.401034 -0.916062
vn -0.001191 -0.401034 -0.916062
vn -1.000000 0.000000 0.000627
vn -1.000000 0.000000 0.000627
vn -1.000000 0.000000 0.000627
vn -1.000000 0.000000 0.000627
vn 0.000886 -0.400966 0.916092
vn 0.000886 -0.400966 0.916092
vn 0.000886 -0.400966 0.916092
vn 0.000886 -0.400966 0.916092
vn -0.001386 0.269492 -0.963002
vn -0.001386 0.269492 -0.963002
vn -0.001386 0.269492 -0.963002
vn -0.001386 0.269492 -0.963002
vn 0.000828 0.269473 0.963008
vn 0.000828 0.269473 0.963008
vn 0.000828 0.269473 0.963008
vn 0.000828 0.269473 0.963008
vn -0.999591 0.028578 0.000628
vn -0.999591 0.028578 0.000628
vn -0.999591 0.028578 0.000628
vn -0.999591 0.028578 0.000628
vn -1.000000 0.000000 0.000667
vn -1.000000 0.000000 0.000667
vn -1.000000 0.000000 0.000667
vn -1.000000 0.000000 0.000667
vn -0.000589 -0.839778 -0.542929
vn -0.000589 -0.839778 -0.542929
vn -0.000589 -0.839778 -0.542929
vn -0.000589 -0.839779 -0.542929
vn 0.000536 -0.839828 0.542853
vn 0.000536 -0.839828 0.542853
vn 0.000536 -0.839828 0.542853
vn 0.000536 -0.839828 0.542853
vn -0.001589 0.156903 -0.987613
vn -0.001589 0.156903 -0.987613
vn -0.001589 0.156903 -0.987613
vn -0.001589 0.156903 -0.987613
vn 0.001058 0.182778 0.983154
vn 0.001058 0.182778 0.983154
vn 0.001058 0.182778 0.983154
vn 0.001058 0.182778 0.983154
vn -1.000000 0.000000 0.000606
vn -1.000000 0.000000 0.000606
vn -1.000000 0.000000 0.000606
vn -1.000000 0.000000 0.000606
vn -0.001398 0.234762 -0.972052
vn -0.001398 0.234762 -0.972052
vn -0.001398 0.234762 -0.972052
vn -0.001398 0.234762 -0.972052
vn 0.000968 0.235072 0.971978
vn 0.000968 0.235072 0.971978
vn 0.000968 0.235072 0.971978
vn 0.000968 0.235072 0.971977
vn -1.000000 0.000298 0.000660
vn -1.000000 0.000298 0.000660
vn -1.000000 0.000298 0.000660
vn -1.000000 0.000298 0.000660
vn -1.000000 0.000079 0.000633
vn -1.000000 0.000079 0.000633
vn -1.000000 0.000079 0.000633
vn -1.000000 0.000079 0.000633
vn -0.001339 0.080394 -0.996762
vn -0.001339 0.080394 -0.996762
vn -0.001339 0.080394 -0.996762
vn -0.001339 0.080394 -0.996762
vn 0.001160 0.080047 0.996790
vn 0.001160 0.080047 0.996790
vn 0.001160 0.080047 0.996790
vn 0.001160 0.080047 0.996790
vn -0.000733 0.839228 -0.543780
vn -0.000733 0.839228 -0.543780
vn -0.000733 0.839228 -0.543780
vn -0.000733 0.839228 -0.543780
vn 0.000586 0.839198 0.543826
vn 0.000586 0.839198 0.543826
vn 0.000586 0.839198 0.543826
vn 0.000586 0.839198 0.543826
vn -1.000000 0.000000 0.000644
vn -1.000000 0.000000 0.000644
vn -1.000000 0.000000 0.000644
vn -1.000000 0.000000 0.000644
vn -0.001051 -0.673612 -0.739084
vn -0.001051 -0.673612 -0.739085
vn -0.001051 -0.673612 -0.739084
vn -0.001051 -0.673612 -0.739085
vn 0.000799 -0.673535 0.739155
vn 0.000799 -0.673535 0.739155
vn 0.000799 -0.673535 0.739155
vn 0.000799 -0.673535 0.739155
vn -1.000000 -0.000097 0.000645
vn -1.000000 -0.000097 0.000645
vn -1.000000 -0.000097 0.000645
vn -1.000000 -0.000097 0.000645
vn -0.001240 -0.339369 -0.940652
vn -0.001240 -0.339369 -0.940652
vn -0.001240 -0.339369 -0.940652
vn -0.001240 -0.339369 -0.940652
vn 0.000869 -0.339484 0.940611
vn 0.000869 -0.339484 0.940611
vn 0.000869 -0.339484 0.940611
vn 0.000869 -0.339484 0.940611
vn -1.000000 -0.000214 0.000633
vn -1.000000 -0.000214 0.000633
vn -1.000000 -0.000214 0.000633
vn -1.000000 -0.000214 0.000633
vn -1.000000 0.000067 0.000649
vn -1.000000 0.000067 0.000649
vn -1.000000 0.000067 0.000649
vn -1.000000 0.000067 0.000649
vn -0.000748 -0.738127 -0.674661
vn -0.000748 -0.738127 -0.674661
vn -0.000748 -0.738127 -0.674661
vn -0.000748 -0.738127 -0.674661
vn 0.000612 -0.738306 0.674466
vn 0.000612 -0.738306 0.674466
vn 0.000612 -0.738306 0.674466
vn 0.000612 -0.738306 0.674466
vn -0.001191 0.401061 -0.916050
vn -0.001191 0.401061 -0.916050
vn -0.001191 0.401062 -0.916050
vn -0.001191 0.401061 -0.916050
vn -1.000000 -0.000071 0.000627
vn -1.000000 -0.000071 0.000627
vn -1.000000 -0.000071 0.000627
vn -1.000000 -0.000071 0.000627
vn 0.000890 0.400957 0.916097
vn 0.000890 0.400957 0.916097
vn 0.000890 0.400957 0.916097
vn 0.000890 0.400957 0.916097
vn -0.001386 -0.269492 -0.963002
vn -0.001386 -0.269492 -0.963002
vn -0.001386 -0.269492 -0.963002
vn -0.001386 -0.269492 -0.963002
vn 0.000829 -0.269453 0.963013
vn 0.000829 -0.269453 0.963013
vn 0.000829 -0.269453 0.963013
vn 0.000829 -0.269453 0.963013
vn -0.999590 -0.028616 0.000628
vn -0.999590 -0.028616 0.000628
vn -0.999590 -0.028616 0.000628
vn -0.999590 -0.028616 0.000628
vn -1.000000 -0.000205 0.000667
vn -1.000000 -0.000205 0.000667
vn -1.000000 -0.000205 0.000667
vn -1.000000 -0.000205 0.000667
vn -0.000589 0.839772 -0.542939
vn -0.000589 0.839772 -0.542939
vn -0.000589 0.839772 -0.542939
vn -0.000589 0.839772 -0.542939
vn 0.000540 0.839837 0.542838
vn 0.000540 0.839837 0.542838
vn 0.000540 0.839837 0.542838
vn 0.000540 0.839837 0.542838
vn -0.984077 -0.177738 0.001234
vn -0.984077 -0.177738 0.001234
vn -0.984077 -0.177738 0.001234
vn -0.984077 -0.177738 0.001234
vn 0.989191 -0.146631 -0.001155
vn 0.989191 -0.146631 -0.001155
vn 0.989191 -0.146631 -0.001155
vn 0.989191 -0.146631 -0.001155
vn 0.000601 -0.000053 1.000000
vn 0.000601 -0.000053 1.000000
vn 0.000601 -0.000053 1.000000
vn 0.000601 -0.000053 1.000000
vn -0.972118 -0.234488 0.001220
vn -0.972118 -0.234488 0.001220
vn -0.972118 -0.234488 0.001220
vn -0.972118 -0.234488 0.001220
vn 0.972078 -0.234657 -0.000870
vn 0.972078 -0.234657 -0.000870
vn 0.972078 -0.234657 -0.000870
vn 0.972078 -0.234657 -0.000870
vn 0.000666 -0.000196 1.000000
vn 0.000666 -0.000196 1.000000
vn 0.000666 -0.000196 1.000000
vn 0.000666 -0.000196 1.000000
vn 0.000631 -0.000044 1.000000
vn 0.000631 -0.000044 1.000000
vn 0.000631 -0.000044 1.000000
vn 0.000631 -0.000044 1.000000
vn -0.996793 -0.080011 0.001250
vn -0.996793 -0.080011 0.001250
vn -0.996793 -0.080011 0.001250
vn -0.996793 -0.080011 0.001250
vn 0.996803 -0.079889 -0.001159
vn 0.996803 -0.079889 -0.001159
vn 0.996803 -0.079889 -0.001159
vn 0.996803 -0.079889 -0.001159
vn -0.543937 -0.839125 0.000680
vn -0.543937 -0.839126 0.000680
vn -0.543937 -0.839126 0.000680
vn -0.543938 -0.839126 0.000680
vn 0.543760 -0.839241 -0.000586
vn 0.543760 -0.839241 -0.000586
vn 0.543760 -0.839241 -0.000586
vn 0.543760 -0.839241 -0.000586
vn 0.000640 0.000200 1.000000
vn 0.000640 0.000200 1.000000
vn 0.000640 0.000200 1.000000
vn 0.000640 0.000200 1.000000
vn -0.739331 0.673341 0.000929
vn -0.739331 0.673341 0.000929
vn -0.739331 0.673341 0.000929
vn -0.739331 0.673341 0.000929
vn 0.739128 0.673564 -0.000653
vn 0.739128 0.673564 -0.000653
vn 0.739128 0.673564 -0.000653
vn 0.739128 0.673564 -0.000653
vn 0.000651 0.000073 1.000000
vn 0.000651 0.000073 1.000000
vn 0.000651 0.000073 1.000000
vn 0.000651 0.000073 1.000000
vn -0.940707 0.339218 0.001117
vn -0.940707 0.339218 0.001117
vn -0.940707 0.339218 0.001117
vn -0.940707 0.339218 0.001117
vn 0.860279 0.509823 -0.001075
vn 0.860279 0.509823 -0.001075
vn 0.860279 0.509823 -0.001075
vn 0.860279 0.509823 -0.001075
vn 0.001010 -0.002466 0.999997
vn 0.001010 -0.002466 0.999997
vn 0.001010 -0.002466 0.999996
vn 0.001010 -0.002466 0.999997
vn 0.000646 0.000088 1.000000
vn 0.000646 0.000088 1.000000
vn 0.000646 0.000088 1.000000
vn 0.000646 0.000088 1.000000
vn -0.674605 0.738178 0.000772
vn -0.674605 0.738178 0.000772
vn -0.674605 0.738178 0.000772
vn -0.674605 0.738178 0.000772
vn 0.674488 0.738286 -0.000679
vn 0.674488 0.738286 -0.000679
vn 0.674488 0.738286 -0.000679
vn 0.674488 0.738286 -0.000679
vn -0.855731 -0.517420 0.001188
vn -0.855731 -0.517420 0.001188
vn -0.855731 -0.517420 0.001188
vn -0.855731 -0.517420 0.001188
vn 0.000267 0.005195 0.999987
vn 0.000267 0.005195 0.999986
vn 0.000267 0.005195 0.999986
vn 0.000267 0.005195 0.999986
vn 0.858980 -0.512008 -0.000937
vn 0.858980 -0.512008 -0.000937
vn 0.858980 -0.512008 -0.000937
vn 0.858980 -0.512008 -0.000937
vn -0.938968 0.344001 0.001261
vn -0.938968 0.344001 0.001261
vn -0.938968 0.344001 0.001261
vn -0.938968 0.344001 0.001261
vn 0.941389 0.337322 -0.000961
vn 0.941389 0.337322 -0.000961
vn 0.941389 0.337322 -0.000961
vn 0.941389 0.337322 -0.000961
vn 0.000279 0.033709 0.999432
vn 0.000279 0.033709 0.999432
vn 0.000279 0.033709 0.999432
vn 0.000279 0.033709 0.999432
vn 0.000649 -0.000048 1.000000
vn 0.000649 -0.000048 1.000000
vn 0.000649 -0.000048 1.000000
vn 0.000649 -0.000048 1.000000
vn -0.543014 -0.839724 0.000682
vn -0.543014 -0.839724 0.000682
vn -0.543014 -0.839724 0.000682
vn -0.543014 -0.839724 0.000682
vn 0.542929 -0.839778 -0.000527
vn 0.542929 -0.839778 -0.000527
vn 0.542929 -0.839778 -0.000527
vn 0.542929 -0.839778 -0.000527
vn -0.984081 0.177714 0.001231
vn -0.984082 0.177714 0.001231
vn -0.984081 0.177714 0.001231
vn -0.984082 0.177714 0.001231
vn 0.989191 0.146631 -0.001155
vn 0.989191 0.146631 -0.001155
vn 0.989191 0.146631 -0.001155
vn 0.989191 0.146631 -0.001155
vn 0.000601 0.000053 1.000000
vn 0.000601 0.000053 1.000000
vn 0.000601 0.000053 1.000000
vn 0.000601 0.000053 1.000000
vn -0.972084 0.234630 0.001220
vn -0.972084 0.234630 0.001220
vn -0.972084 0.234630 0.001220
vn -0.972084 0.234630 0.001220
vn 0.972080 0.234647 -0.000868
vn 0.972080 0.234647 -0.000868
vn 0.972080 0.234647 -0.000868
vn 0.972080 0.234647 -0.000868
vn 0.000667 0.000196 1.000000
vn 0.000667 0.000196 1.000000
vn 0.000667 0.000196 1.000000
vn 0.000667 0.000196 1.000000
vn 0.000632 0.000044 1.000000
vn 0.000632 0.000044 1.000000
vn 0.000632 0.000044 1.000000
vn 0.000632 0.000044 1.000000
vn -0.996790 0.080051 0.001249
vn -0.996790 0.080051 0.001249
vn -0.996790 0.080051 0.001249
vn -0.996790 0.080051 0.001249
vn 0.996799 0.079935 -0.001159
vn 0.996799 0.079935 -0.001159
vn 0.996799 0.079935 -0.001159
vn 0.996799 0.079935 -0.001159
vn -0.543917 0.839139 0.000677
vn -0.543917 0.839139 0.000677
vn -0.543917 0.839139 0.000677
vn -0.543917 0.839139 0.000677
vn 0.543758 0.839242 -0.000582
vn 0.543758 0.839242 -0.000582
vn 0.543758 0.839242 -0.000582
vn 0.543758 0.839242 -0.000582
vn 0.000640 -0.000201 1.000000
vn 0.000640 -0.000201 1.000000
vn 0.000640 -0.000201 1.000000
vn 0.000640 -0.000201 1.000000
vn -0.739304 -0.673371 0.000926
vn -0.739304 -0.673371 0.000926
vn -0.739304 -0.673371 0.000926
vn -0.739304 -0.673371 0.000926
vn 0.739101 -0.673594 -0.000650
vn 0.739101 -0.673594 -0.000650
vn 0.739101 -0.673594 -0.000650
vn 0.739101 -0.673594 -0.000650
vn 0.000652 -0.000073 1.000000
vn 0.000652 -0.000073 1.000000
vn 0.000652 -0.000073 1.000000
vn 0.000652 -0.000073 1.000000
vn -0.940733 -0.339147 0.001116
vn -0.940733 -0.339147 0.001116
vn -0.940733 -0.339147 0.001116
vn -0.940733 -0.339147 0.001116
vn 0.860246 -0.509878 -0.001071
vn 0.860246 -0.509878 -0.001071
vn 0.860246 -0.509878 -0.001071
vn 0.860246 -0.509878 -0.001071
vn 0.001007 0.002466 0.999997
vn 0.001007 0.002466 0.999997
vn 0.001007 0.002466 0.999997
vn 0.001007 0.002466 0.999997
vn 0.000646 -0.000088 1.000000
vn 0.000646 -0.000088 1.000000
vn 0.000646 -0.000088 1.000000
vn 0.000646 -0.000088 1.000000
vn -0.674577 -0.738204 0.000767
vn -0.674577 -0.738204 0.000767
vn -0.674577 -0.738204 0.000767
vn -0.674577 -0.738204 0.000767
vn 0.674474 -0.738298 -0.000670
vn 0.674474 -0.738298 -0.000670
vn 0.674474 -0.738298 -0.000670
vn 0.674474 -0.738298 -0.000670
vn -0.855705 0.517462 0.001189
vn -0.855705 0.517462 0.001189
vn -0.855705 0.517462 0.001189
vn -0.855705 0.517462 0.001189
vn 0.000268 -0.005195 0.999986
vn 0.000268 -0.005195 0.999986
vn 0.000268 -0.005195 0.999987
vn 0.000268 -0.005195 0.999986
vn 0.858991 0.511990 -0.000936
vn 0.858991 0.511990 -0.000936
vn 0.858991 0.511990 -0.000936
vn 0.858991 0.511990 -0.000936
vn -0.938958 -0.344029 0.001269
vn -0.938958 -0.344029 0.001269
vn -0.938958 -0.344029 0.001269
vn -0.938958 -0.344029 0.001269
vn 0.941409 -0.337265 -0.000955
vn 0.941409 -0.337265 -0.000955
vn 0.941409 -0.337265 -0.000955
vn 0.941409 -0.337265 -0.000955
vn 0.000278 -0.033707 0.999432
vn 0.000278 -0.033707 0.999432
vn 0.000278 -0.033707 0.999432
vn 0.000278 -0.033707 0.999432
vn 0.000648 0.000048 1.000000
vn 0.000648 0.000048 1.000000
vn 0.000648 0.000048 1.000000
vn 0.000648 0.000048 1.000000
vn -0.542989 0.839740 0.000685
vn -0.542989 0.839740 0.000685
vn -0.542989 0.839740 0.000685
vn -0.542989 0.839739 0.000685
vn 0.542901 0.839797 -0.000520
vn 0.542901 0.839797 -0.000520
vn 0.542901 0.839796 -0.000520
vn 0.542901 0.839797 -0.000520
vn -0.983135 -0.182877 0.001317
vn -0.983135 -0.182877 0.001317
vn -0.983135 -0.182877 0.001317
vn -0.983135 -0.182877 0.001317
vn 0.982172 -0.187985 -0.000966
vn 0.982171 -0.187985 -0.000966
vn 0.982172 -0.187985 -0.000966
vn 0.982171 -0.187985 -0.000966
vn 0.000645 -0.000002 1.000000
vn 0.000645 -0.000002 1.000000
vn 0.000645 -0.000002 1.000000
vn 0.000645 -0.000002 1.000000
vn -0.972028 -0.234860 0.001306
vn -0.972028 -0.234860 0.001306
vn -0.972028 -0.234860 0.001306
vn -0.972028 -0.234860 0.001306
vn 0.972044 -0.234798 -0.000878
vn 0.972044 -0.234798 -0.000878
vn 0.972044 -0.234798 -0.000878
vn 0.972044 -0.234798 -0.000878
vn 0.000661 -0.000211 1.000000
vn 0.000661 -0.000211 1.000000
vn 0.000661 -0.000211 1.000000
vn 0.000661 -0.000211 1.000000
vn 0.000637 -0.000066 1.000000
vn 0.000637 -0.000066 1.000000
vn 0.000637 -0.000066 1.000000
vn 0.000637 -0.000066 1.000000
vn -0.996710 -0.081036 0.001339
vn -0.996710 -0.081036 0.001339
vn -0.996710 -0.081036 0.001339
vn -0.996710 -0.081036 0.001339
vn 0.996762 -0.080403 -0.001070
vn 0.996762 -0.080403 -0.001070
vn 0.996762 -0.080403 -0.001070
vn 0.996762 -0.080403 -0.001070
vn -0.543940 -0.839124 0.000680
vn -0.543940 -0.839124 0.000680
vn -0.543940 -0.839124 0.000680
vn -0.543940 -0.839124 0.000680
vn 0.543755 -0.839244 -0.000586
vn 0.543755 -0.839244 -0.000586
vn 0.543755 -0.839244 -0.000586
vn 0.543755 -0.839244 -0.000586
vn 0.000640 0.000217 1.000000
vn 0.000640 0.000217 1.000000
vn 0.000640 0.000217 1.000000
vn 0.000640 0.000217 1.000000
vn -0.739096 0.673600 0.000991
vn -0.739096 0.673600 0.000991
vn -0.739096 0.673600 0.000991
vn -0.739096 0.673600 0.000991
vn 0.739132 0.673561 -0.000721
vn 0.739132 0.673561 -0.000721
vn 0.739132 0.673561 -0.000721
vn 0.739132 0.673561 -0.000721
vn 0.000653 0.000058 1.000000
vn 0.000653 0.000058 1.000000
vn 0.000653 0.000058 1.000000
vn 0.000653 0.000058 1.000000
vn -0.940619 0.339462 0.001350
vn -0.940619 0.339462 0.001350
vn -0.940619 0.339462 0.001350
vn -0.940619 0.339462 0.001350
vn 0.940627 0.339441 -0.000861
vn 0.940627 0.339441 -0.000861
vn 0.940627 0.339441 -0.000861
vn 0.940627 0.339441 -0.000861
vn 0.000633 0.000118 1.000000
vn 0.000633 0.000118 1.000000
vn 0.000633 0.000118 1.000000
vn 0.000633 0.000118 1.000000
vn 0.000642 0.000077 1.000000
vn 0.000642 0.000077 1.000000
vn 0.000642 0.000077 1.000000
vn 0.000642 0.000077 1.000000
vn -0.674609 0.738175 0.000837
vn -0.674609 0.738175 0.000837
vn -0.674609 0.738175 0.000837
vn -0.674609 0.738175 0.000837
vn 0.674528 0.738249 -0.000629
vn 0.674528 0.738249 -0.000629
vn 0.674528 0.738249 -0.000629
vn 0.674528 0.738249 -0.000629
vn -0.916010 -0.401154 0.001181
vn -0.916010 -0.401154 0.001181
vn -0.916010 -0.401155 0.001181
vn -0.916010 -0.401154 0.001181
vn -0.000160 -0.003321 0.999995
vn -0.000160 -0.003321 0.999995
vn -0.000160 -0.003321 0.999995
vn -0.000160 -0.003321 0.999995
vn 0.870667 -0.491871 -0.001066
vn 0.870667 -0.491871 -0.001066
vn 0.870667 -0.491871 -0.001066
vn 0.870667 -0.491871 -0.001066
vn -0.960213 0.279265 0.001302
vn -0.960213 0.279265 0.001302
vn -0.960213 0.279265 0.001302
vn -0.960213 0.279265 0.001302
vn 0.945630 0.325244 -0.001115
vn 0.945630 0.325244 -0.001115
vn 0.945630 0.325244 -0.001115
vn 0.945630 0.325244 -0.001115
vn -0.000425 0.031861 0.999492
vn -0.000425 0.031861 0.999492
vn -0.000425 0.031861 0.999492
vn -0.000425 0.031861 0.999492
vn 0.000642 -0.000000 1.000000
vn 0.000642 -0.000000 1.000000
vn 0.000642 -0.000000 1.000000
vn 0.000642 -0.000000 1.000000
vn -0.542837 -0.839838 0.000619
vn -0.542837 -0.839838 0.000619
vn -0.542837 -0.839838 0.000619
vn -0.542837 -0.839838 0.000619
vn 0.542950 -0.839765 -0.000567
vn 0.542950 -0.839765 -0.000567
vn 0.542950 -0.839765 -0.000567
vn 0.542950 -0.839765 -0.000567
vn -0.983132 0.182893 0.001321
vn -0.983132 0.182893 0.001321
vn -0.983132 0.182893 0.001321
vn -0.983132 0.182893 0.001321
vn 0.982173 0.187975 -0.000972
vn 0.982173 0.187975 -0.000972
vn 0.982173 0.187975 -0.000972
vn 0.982173 0.187975 -0.000972
vn 0.000645 0.000002 1.000000
vn 0.000645 0.000002 1.000000
vn 0.000645 0.000002 1.000000
vn 0.000645 0.000002 1.000000
vn -0.972005 0.234955 0.001305
vn -0.972005 0.234955 0.001305
vn -0.972005 0.234955 0.001305
vn -0.972005 0.234955 0.001305
vn 0.972081 0.234645 -0.000877
vn 0.972081 0.234645 -0.000877
vn 0.972081 0.234645 -0.000877
vn 0.972081 0.234645 -0.000877
vn 0.000661 0.000211 1.000000
vn 0.000661 0.000211 1.000000
vn 0.000661 0.000211 1.000000
vn 0.000661 0.000211 1.000000
vn 0.000638 0.000066 1.000000
vn 0.000638 0.000066 1.000000
vn 0.000638 0.000066 1.000000
vn 0.000638 0.000066 1.000000
vn -0.996713 0.081002 0.001338
vn -0.996713 0.081002 0.001338
vn -0.996713 0.081002 0.001338
vn -0.996713 0.081002 0.001338
vn 0.996745 0.080617 -0.001069
vn 0.996745 0.080617 -0.001069
vn 0.996745 0.080617 -0.001069
vn 0.996745 0.080617 -0.001069
vn -0.543908 0.839145 0.000677
vn -0.543908 0.839145 0.000677
vn -0.543908 0.839145 0.000677
vn -0.543908 0.839145 0.000677
vn 0.543749 0.839248 -0.000582
vn 0.543749 0.839248 -0.000582
vn 0.543749 0.839248 -0.000582
vn 0.543749 0.839248 -0.000582
vn 0.000640 -0.000217 1.000000
vn 0.000640 -0.000217 1.000000
vn 0.000640 -0.000217 1.000000
vn 0.000640 -0.000217 1.000000
vn -0.739083 -0.673614 0.000989
vn -0.739083 -0.673614 0.000989
vn -0.739083 -0.673614 0.000989
vn -0.739083 -0.673614 0.000989
vn 0.739162 -0.673528 -0.000721
vn 0.739162 -0.673528 -0.000721
vn 0.739162 -0.673528 -0.000721
vn 0.739162 -0.673528 -0.000721
vn 0.000652 -0.000058 1.000000
vn 0.000652 -0.000058 1.000000
vn 0.000652 -0.000058 1.000000
vn 0.000652 -0.000058 1.000000
vn -0.940588 -0.339549 0.001355
vn -0.940588 -0.339549 0.001355
vn -0.940588 -0.339549 0.001355
vn -0.940588 -0.339549 0.001355
vn 0.940614 -0.339478 -0.000862
vn 0.940614 -0.339478 -0.000862
vn 0.940614 -0.339478 -0.000862
vn 0.940614 -0.339478 -0.000862
vn 0.000633 -0.000118 1.000000
vn 0.000633 -0.000118 1.000000
vn 0.000633 -0.000118 1.000000
vn 0.000633 -0.000118 1.000000
vn 0.000643 -0.000077 1.000000
vn 0.000643 -0.000077 1.000000
vn 0.000643 -0.000077 1.000000
vn 0.000643 -0.000077 1.000000
vn -0.674641 -0.738145 0.000854
vn -0.674641 -0.738145 0.000854
vn -0.674641 -0.738145 0.000854
vn -0.674641 -0.738145 0.000854
vn 0.674559 -0.738221 -0.000639
vn 0.674559 -0.738221 -0.000639
vn 0.674559 -0.738221 -0.000639
vn 0.674559 -0.738221 -0.000639
vn -0.916030 0.401108 0.001178
vn -0.916030 0.401108 0.001178
vn -0.916030 0.401108 0.001178
vn -0.916030 0.401108 0.001178
vn -0.000158 0.003321 0.999994
vn -0.000158 0.003321 0.999995
vn -0.000158 0.003321 0.999995
vn -0.000158 0.003321 0.999995
vn 0.870669 0.491868 -0.001073
vn 0.870669 0.491868 -0.001073
vn 0.870669 0.491868 -0.001073
vn 0.870669 0.491868 -0.001073
vn -0.960217 -0.279253 0.001298
vn -0.960217 -0.279253 0.001298
vn -0.960217 -0.279253 0.001298
vn -0.960217 -0.279253 0.001298
vn 0.945637 -0.325222 -0.001106
vn 0.945637 -0.325222 -0.001106
vn 0.945637 -0.325222 -0.001106
vn 0.945637 -0.325222 -0.001106
vn -0.000423 -0.031861 0.999492
vn -0.000423 -0.031861 0.999492
vn -0.000423 -0.031861 0.999492
vn -0.000423 -0.031861 0.999492
vn 0.000640 0.000000 1.000000
vn 0.000640 0.000000 1.000000
vn 0.000640 0.000000 1.000000
vn 0.000640 0.000000 1.000000
vn -0.542889 0.839805 0.000615
vn -0.542889 0.839805 0.000615
vn -0.542889 0.839805 0.000615
vn -0.542889 0.839805 0.000615
vn 0.542980 0.839746 -0.000559
vn 0.542980 0.839746 -0.000559
vn 0.542980 0.839746 -0.000559
vn 0.542980 0.839746 -0.000559
vn -0.987610 -0.156921 0.001593
vn -0.987610 -0.156921 0.001593
vn -0.987610 -0.156921 0.001593
vn -0.987610 -0.156921 0.001593
vn 0.983147 -0.182815 -0.001058
vn 0.983147 -0.182815 -0.001058
vn 0.983147 -0.182815 -0.001058
vn 0.983147 -0.182815 -0.001058
vn 0.000601 0.000052 1.000000
vn 0.000601 0.000052 1.000000
vn 0.000601 0.000052 1.000000
vn 0.000601 0.000052 1.000000
vn -0.972013 -0.234923 0.001392
vn -0.972013 -0.234923 0.001392
vn -0.972013 -0.234923 0.001392
vn -0.972013 -0.234923 0.001392
vn 0.972021 -0.234891 -0.000958
vn 0.972021 -0.234891 -0.000958
vn 0.972021 -0.234891 -0.000958
vn 0.972021 -0.234891 -0.000958
vn 0.000661 -0.000196 1.000000
vn 0.000661 -0.000196 1.000000
vn 0.000661 -0.000196 1.000000
vn 0.000661 -0.000196 1.000000
vn 0.000631 -0.000066 1.000000
vn 0.000631 -0.000066 1.000000
vn 0.000631 -0.000066 1.000000
vn 0.000631 -0.000066 1.000000
vn -0.996752 -0.080525 0.001339
vn -0.996752 -0.080525 0.001339
vn -0.996752 -0.080525 0.001339
vn -0.996752 -0.080525 0.001339
vn 0.996803 -0.079891 -0.001159
vn 0.996803 -0.079891 -0.001159
vn 0.996803 -0.079891 -0.001159
vn 0.996803 -0.079891 -0.001159
vn -0.543852 -0.839181 0.000733
vn -0.543852 -0.839181 0.000733
vn -0.543852 -0.839181 0.000733
vn -0.543852 -0.839181 0.000733
vn 0.543671 -0.839298 -0.000586
vn 0.543671 -0.839298 -0.000586
vn 0.543671 -0.839298 -0.000586
vn 0.543671 -0.839298 -0.000586
vn 0.000635 0.000234 1.000000
vn 0.000635 0.000234 1.000000
vn 0.000635 0.000234 1.000000
vn 0.000635 0.000234 1.000000
vn -0.738971 0.673737 0.001057
vn -0.738971 0.673737 0.001057
vn -0.738971 0.673737 0.001057
vn -0.738971 0.673737 0.001057
vn 0.739135 0.673556 -0.000792
vn 0.739135 0.673556 -0.000792
vn 0.739135 0.673556 -0.000792
vn 0.739135 0.673556 -0.000792
vn 0.000653 0.000058 1.000000
vn 0.000653 0.000058 1.000000
vn 0.000653 0.000058 1.000000
vn 0.000653 0.000058 1.000000
vn -0.940603 0.339507 0.001232
vn -0.940603 0.339507 0.001232
vn -0.940603 0.339507 0.001232
vn -0.940603 0.339507 0.001232
vn 0.940580 0.339571 -0.000873
vn 0.940580 0.339571 -0.000873
vn 0.940580 0.339571 -0.000873
vn 0.940580 0.339571 -0.000873
vn 0.000633 0.000106 1.000000
vn 0.000633 0.000106 1.000000
vn 0.000633 0.000106 1.000000
vn 0.000633 0.000106 1.000000
vn 0.000633 0.000091 1.000000
vn 0.000633 0.000091 1.000000
vn 0.000633 0.000091 1.000000
vn 0.000633 0.000091 1.000000
vn -0.674561 0.738218 0.000753
vn -0.674561 0.738218 0.000753
vn -0.674561 0.738218 0.000753
vn -0.674561 0.738218 0.000753
vn 0.674571 0.738210 -0.000599
vn 0.674571 0.738210 -0.000599
vn 0.674571 0.738210 -0.000599
vn 0.674571 0.738210 -0.000599
vn -0.916026 -0.401117 0.001191
vn -0.916026 -0.401117 0.001191
vn -0.916026 -0.401117 0.001191
vn -0.916026 -0.401117 0.001191
vn 0.000632 -0.000025 1.000000
vn 0.000632 -0.000025 1.000000
vn 0.000632 -0.000025 1.000000
vn 0.000632 -0.000025 1.000000
vn 0.916144 -0.400848 -0.000882
vn 0.916144 -0.400848 -0.000882
vn 0.916144 -0.400848 -0.000882
vn 0.916144 -0.400848 -0.000882
vn -0.962988 0.269541 0.001389
vn -0.962988 0.269541 0.001389
vn -0.962988 0.269541 0.001389
vn -0.962988 0.269541 0.001389
vn 0.962999 0.269505 -0.000834
vn 0.962999 0.269505 -0.000834
vn 0.962999 0.269505 -0.000834
vn 0.962999 0.269505 -0.000834
vn 0.000635 0.028626 0.999590
vn 0.000635 0.028626 0.999590
vn 0.000635 0.028626 0.999590
vn 0.000635 0.028626 0.999590
vn 0.000652 -0.000025 1.000000
vn 0.000652 -0.000025 1.000000
vn 0.000652 -0.000025 1.000000
vn 0.000652 -0.000025 1.000000
vn -0.542865 -0.839820 0.000588
vn -0.542865 -0.839820 0.000588
vn -0.542865 -0.839820 0.000588
vn -0.542865 -0.839820 0.000588
vn 0.542720 -0.839914 -0.000532
vn 0.542720 -0.839914 -0.000532
vn 0.542720 -0.839914 -0.000532
vn 0.542720 -0.839914 -0.000532
vn -0.987610 0.156921 0.001592
vn -0.987610 0.156921 0.001592
vn -0.987610 0.156921 0.001592
vn -0.987610 0.156921 0.001592
vn 0.983149 0.182801 -0.001057
vn 0.983149 0.182801 -0.001057
vn 0.983149 0.182801 -0.001057
vn 0.983149 0.182801 -0.001057
vn 0.000601 -0.000052 1.000000
vn 0.000601 -0.000052 1.000000
vn 0.000601 -0.000052 1.000000
vn 0.000601 -0.000052 1.000000
vn -0.972004 0.234960 0.001392
vn -0.972004 0.234960 0.001392
vn -0.972004 0.234960 0.001392
vn -0.972004 0.234960 0.001392
vn 0.972002 0.234972 -0.000957
vn 0.972002 0.234972 -0.000957
vn 0.972002 0.234972 -0.000957
vn 0.972002 0.234972 -0.000957
vn 0.000660 0.000196 1.000000
vn 0.000660 0.000196 1.000000
vn 0.000660 0.000196 1.000000
vn 0.000660 0.000196 1.000000
vn 0.000632 0.000066 1.000000
vn 0.000632 0.000066 1.000000
vn 0.000632 0.000066 1.000000
vn 0.000632 0.000066 1.000000
vn -0.996744 0.080618 0.001339
vn -0.996744 0.080618 0.001339
vn -0.996744 0.080618 0.001339
vn -0.996744 0.080618 0.001339
vn 0.996819 0.079686 -0.001159
vn 0.996819 0.079686 -0.001159
vn 0.996819 0.079686 -0.001159
vn 0.996819 0.079686 -0.001159
vn -0.543810 0.839208 0.000724
vn -0.543810 0.839208 0.000724
vn -0.543811 0.839208 0.000724
vn -0.543811 0.839208 0.000724
vn 0.543661 0.839305 -0.000581
vn 0.543661 0.839305 -0.000581
vn 0.543661 0.839305 -0.000581
vn 0.543661 0.839305 -0.000581
vn 0.000635 -0.000234 1.000000
vn 0.000635 -0.000234 1.000000
vn 0.000635 -0.000234 1.000000
vn 0.000635 -0.000234 1.000000
vn -0.739026 -0.673676 0.001059
vn -0.739026 -0.673676 0.001059
vn -0.739026 -0.673676 0.001059
vn -0.739026 -0.673676 0.001059
vn 0.739108 -0.673586 -0.000791
vn 0.739108 -0.673586 -0.000791
vn 0.739108 -0.673586 -0.000791
vn 0.739108 -0.673586 -0.000791
vn 0.000652 -0.000058 1.000000
vn 0.000652 -0.000058 1.000000
vn 0.000652 -0.000058 1.000000
vn 0.000652 -0.000058 1.000000
vn -0.940573 -0.339590 0.001235
vn -0.940573 -0.339590 0.001235
vn -0.940573 -0.339590 0.001235
vn -0.940573 -0.339590 0.001235
vn 0.940599 -0.339518 -0.000874
vn 0.940599 -0.339518 -0.000874
vn 0.940599 -0.339518 -0.000874
vn 0.940599 -0.339518 -0.000874
vn 0.000633 -0.000106 1.000000
vn 0.000633 -0.000106 1.000000
vn 0.000633 -0.000106 1.000000
vn 0.000633 -0.000106 1.000000
vn 0.000633 -0.000091 1.000000
vn 0.000633 -0.000091 1.000000
vn 0.000633 -0.000091 1.000000
vn 0.000633 -0.000091 1.000000
vn -0.674581 -0.738201 0.000758
vn -0.674581 -0.738201 0.000758
vn -0.674581 -0.738201 0.000758
vn -0.674581 -0.738201 0.000758
vn 0.674573 -0.738208 -0.000602
vn 0.674573 -0.738208 -0.000602
vn 0.674573 -0.738208 -0.000602
vn 0.674573 -0.738208 -0.000602
vn -0.916028 0.401112 0.001196
vn -0.916028 0.401112 0.001196
vn -0.916028 0.401112 0.001196
vn -0.916028 0.401112 0.001196
vn 0.000631 0.000025 1.000000
vn 0.000631 0.000025 1.000000
vn 0.000631 0.000025 1.000000
vn 0.000631 0.000025 1.000000
vn 0.916124 0.400894 -0.000881
vn 0.916124 0.400894 -0.000881
vn 0.916124 0.400894 -0.000881
vn 0.916124 0.400894 -0.000881
vn -0.962987 -0.269544 0.001390
vn -0.962987 -0.269544 0.001390
vn -0.962987 -0.269544 0.001390
vn -0.962987 -0.269545 0.001390
vn 0.963002 -0.269494 -0.000833
vn 0.963002 -0.269494 -0.000833
vn 0.963002 -0.269494 -0.000833
vn 0.963002 -0.269494 -0.000833
vn 0.000636 -0.028625 0.999590
vn 0.000636 -0.028625 0.999590
vn 0.000636 -0.028625 0.999590
vn 0.000636 -0.028625 0.999590
vn 0.000650 0.000025 1.000000
vn 0.000650 0.000025 1.000000
vn 0.000650 0.000025 1.000000
vn 0.000650 0.000025 1.000000
vn -0.542824 0.839846 0.000589
vn -0.542824 0.839846 0.000589
vn -0.542824 0.839846 0.000589
vn -0.542824 0.839846 0.000589
vn 0.542775 0.839878 -0.000539
vn 0.542775 0.839878 -0.000539
vn 0.542775 0.839878 -0.000539
vn 0.542775 0.839878 -0.000539
vn 0.999992 -0.003779 -0.000878
vn 0.999993 -0.003779 -0.000878
vn 0.999992 -0.003779 -0.000878
vn 0.999993 -0.003779 -0.000878
vn -0.999999 0.001434 0.000878
vn -0.999999 0.001434 0.000878
vn -0.999999 0.001434 0.000878
vn -0.999999 0.001434 0.000878
vn -0.000876 0.000000 -1.000000
vn -0.000876 0.000000 -1.000000
vn -0.000876 0.000000 -1.000000
vn -0.000876 0.000000 -1.000000
vn 1.000000 -0.000013 -0.000878
vn 1.000000 -0.000013 -0.000878
vn 1.000000 -0.000013 -0.000878
vn 1.000000 -0.000013 -0.000878
vn 0.000876 -0.000001 1.000000
vn 0.000876 -0.000001 1.000000
vn 0.000876 -0.000001 1.000000
vn 0.000876 -0.000001 1.000000
vn -1.000000 0.000000 0.000875
vn -1.000000 0.000000 0.000875
vn -1.000000 0.000000 0.000875
vn -1.000000 0.000000 0.000875
vn 0.000000 1.000000 0.000005
vn 0.000000 1.000000 0.000005
vn 0.000000 1.000000 0.000005
vn 0.000000 1.000000 0.000005
vn 0.000000 1.000000 0.000000
vn 0.000000 1.000000 0.000000
vn 0.000000 1.000000 0.000000
vn 0.000000 1.000000 0.000000
vn 0.000000 1.000000 -0.000001
vn 0.000000 1.000000 -0.000001
vn 0.000000 1.000000 -0.000001
vn 0.000000 1.000000 -0.000001
vn 0.000000 1.000000 0.000000
vn 0.000000 1.000000 0.000000
vn 0.000000 1.000000 0.000000
vn 0.000000 1.000000 0.000000
vn 0.002435 -0.003886 0.999990
vn 0.002435 -0.003886 0.999990
vn 0.002435 -0.003886 0.999990
vn 0.002435 -0.003886 0.999990
vn -0.002433 0.003877 -0.999990
vn -0.002433 0.003877 -0.999990
vn -0.002433 0.003877 -0.999990
vn -0.002433 0.003877 -0.999990
vn 0.003936 0.005312 -0.999978
vn 0.003936 0.005312 -0.999978
vn 0.003936 0.005312 -0.999978
vn -0.003920 -0.005337 0.999978
vn -0.003920 -0.005337 0.999978
vn -0.003920 -0.005337 0.999978
vn -0.000004 -1.000000 -0.000012
vn -0.000004 -1.000000 -0.000012
vn -0.000004 -1.000000 -0.000012
vn -0.000004 -1.000000 -0.000012
vn -0.000004 -1.000000 0.000009
vn -0.000004 -1.000000 0.000009
vn -0.000004 -1.000000 0.000009
vn -0.000004 -1.000000 0.000009
vn 0.000019 -1.000000 0.000000
vn 0.000019 -1.000000 0.000000
vn 0.000019 -1.000000 0.000000
vn 0.000019 -1.000000 0.000000
vn -0.000019 -1.000000 0.000000
vn -0.000019 -1.000000 0.000000
vn -0.000019 -1.000000 0.000000
vn -0.000019 -1.000000 0.000000
vn -0.000877 0.000000 -1.000000
vn -0.000877 0.000000 -1.000000
vn -0.000877 0.000000 -1.000000
vn -0.000877 0.000000 -1.000000
vn 0.000877 0.000000 1.000000
vn 0.000877 0.000000 1.000000
vn 0.000877 0.000000 1.000000
vn 0.000877 0.000000 1.000000
vn 1.000000 0.000000 -0.000874
vn 1.000000 0.000000 -0.000874
vn 1.000000 0.000000 -0.000874
vn 1.000000 0.000000 -0.000874
vn -1.000000 0.000000 0.000874
vn -1.000000 0.000000 0.000874
vn -1.000000 0.000000 0.000874
vn -1.000000 0.000000 0.000874
vn 0.000416 1.000000 -0.000038
vn 0.000416 1.000000 -0.000038
vn 0.000416 1.000000 -0.000038
vn 0.000416 1.000000 -0.000038
vn -0.995500 0.000216 0.094764
vn -0.995500 0.000216 0.094764
vn -0.995500 0.000216 0.094764
vn -0.995500 0.000216 0.094764
vn 0.995507 -0.000209 -0.094691
vn 0.995507 -0.000209 -0.094691
vn 0.995507 -0.000209 -0.094691
vn 0.995507 -0.000209 -0.094691
vn -0.995494 0.000210 0.094821
vn -0.995494 0.000210 0.094821
vn -0.995494 0.000210 0.094821
vn -0.995494 0.000210 0.094821
vn 0.995507 -0.000204 -0.094690
vn 0.995507 -0.000204 -0.094690
vn 0.995507 -0.000204 -0.094690
vn 0.995507 -0.000204 -0.094690
vn 0.995501 -0.000231 -0.094753
vn 0.995501 -0.000231 -0.094753
vn 0.995501 -0.000231 -0.094753
vn 0.995501 -0.000231 -0.094753
vn -0.995500 0.000207 0.094765
vn -0.995500 0.000207 0.094765
vn -0.995500 0.000207 0.094765
vn -0.995500 0.000207 0.094765
vn 0.094808 0.000001 0.995496
vn 0.094808 0.000001 0.995496
vn 0.094808 0.000001 0.995496
vn 0.094808 0.000001 0.995496
vn 0.094756 -0.000008 0.995501
vn 0.094756 -0.000008 0.995501
vn 0.094756 -0.000008 0.995501
vn 0.094756 -0.000008 0.995501
vn 0.094750 0.000002 0.995501
vn 0.094750 0.000002 0.995501
vn 0.094750 0.000002 0.995501
vn 0.094750 0.000002 0.995501
vn 0.094754 0.000016 0.995501
vn 0.094754 0.000016 0.995501
vn 0.094754 0.000016 0.995501
vn 0.094754 0.000016 0.995501
vn 0.094804 -0.000001 0.995496
vn 0.094804 -0.000001 0.995496
vn 0.094804 -0.000001 0.995496
vn 0.094804 -0.000001 0.995496
vn 0.094756 -0.000024 0.995501
vn 0.094756 -0.000024 0.995501
vn 0.094756 -0.000024 0.995501
vn 0.094756 -0.000024 0.995501
vn 0.094725 -0.000001 0.995504
vn 0.094725 -0.000001 0.995503
vn 0.094725 -0.000001 0.995503
vn 0.094725 -0.000001 0.995503
vn 0.094753 0.000008 0.995501
vn 0.094753 0.000008 0.995501
vn 0.094753 0.000008 0.995501
vn 0.094753 0.000008 0.995501
vn 0.094753 0.000000 0.995501
vn 0.094753 0.000000 0.995501
vn 0.094753 0.000000 0.995501
vn 0.094753 0.000000 0.995501
vn 0.094773 0.000000 0.995499
vn 0.094773 0.000000 0.995499
vn 0.094773 0.000000 0.995499
vn 0.094773 0.000000 0.995499
vn 0.094757 0.000016 0.995500
vn 0.094757 0.000016 0.995501
vn 0.094757 0.000016 0.995500
vn 0.094757 0.000016 0.995501
vn 0.094787 0.000002 0.995498
vn 0.094787 0.000002 0.995498
vn 0.094787 0.000002 0.995498
vn 0.094787 0.000002 0.995498
vn 0.094752 0.000000 0.995501
vn 0.094752 0.000000 0.995501
vn 0.094752 0.000000 0.995501
vn 0.094752 0.000000 0.995501
vn 0.094751 0.000000 0.995501
vn 0.094751 0.000000 0.995501
vn 0.094751 0.000000 0.995501
vn 0.094751 0.000000 0.995501
vn 0.094750 -0.000001 0.995501
vn 0.094750 -0.000001 0.995501
vn 0.094750 -0.000001 0.995501
vn 0.094750 -0.000001 0.995501
vn -0.000414 1.000000 -0.000041
vn -0.000414 1.000000 -0.000041
vn -0.000414 1.000000 -0.000041
vn -0.000414 1.000000 -0.000041
vn 0.994044 0.000000 0.108980
vn 0.994044 0.000000 0.108980
vn 0.994044 0.000000 0.108980
vn 0.994044 0.000000 0.108980
vn -0.994065 0.000000 -0.108786
vn -0.994065 0.000000 -0.108786
vn -0.994065 0.000000 -0.108786
vn -0.994065 0.000000 -0.108786
vn 0.994050 0.000008 0.108922
vn 0.994050 0.000008 0.108922
vn 0.994050 0.000008 0.108922
vn 0.994050 0.000008 0.108922
vn -0.994078 0.000016 -0.108671
vn -0.994078 0.000016 -0.108671
vn -0.994078 0.000016 -0.108671
vn -0.994078 0.000016 -0.108671
vn -0.994065 -0.000001 -0.108787
vn -0.994065 -0.000001 -0.108787
vn -0.994065 -0.000001 -0.108787
vn -0.994065 -0.000001 -0.108787
vn 0.994044 0.000000 0.108980
vn 0.994044 0.000000 0.108980
vn 0.994044 0.000000 0.108980
vn 0.994044 0.000000 0.108980
vn -0.108862 0.000000 0.994057
vn -0.108862 0.000000 0.994057
vn -0.108862 0.000000 0.994057
vn -0.108862 0.000000 0.994057
vn -0.108850 0.000006 0.994058
vn -0.108850 0.000006 0.994058
vn -0.108850 0.000006 0.994058
vn -0.108850 0.000006 0.994058
vn -0.108851 0.000001 0.994058
vn -0.108851 0.000001 0.994058
vn -0.108851 0.000001 0.994058
vn -0.108851 0.000001 0.994058
vn -0.108849 0.000010 0.994058
vn -0.108849 0.000010 0.994058
vn -0.108849 0.000010 0.994058
vn -0.108849 0.000010 0.994058
vn -0.108853 -0.000001 0.994058
vn -0.108853 -0.000001 0.994058
vn -0.108853 -0.000001 0.994058
vn -0.108853 -0.000001 0.994058
vn -0.108851 -0.000003 0.994058
vn -0.108851 -0.000003 0.994058
vn -0.108851 -0.000003 0.994058
vn -0.108851 -0.000003 0.994058
vn -0.108848 -0.000001 0.994058
vn -0.108848 -0.000001 0.994058
vn -0.108848 -0.000001 0.994058
vn -0.108848 -0.000001 0.994058
vn -0.108849 -0.000008 0.994058
vn -0.108849 -0.000008 0.994058
vn -0.108849 -0.000008 0.994058
vn -0.108849 -0.000008 0.994058
vn -0.108849 -0.000005 0.994058
vn -0.108849 -0.000005 0.994058
vn -0.108849 -0.000005 0.994058
vn -0.108849 -0.000005 0.994058
vn -0.108855 0.000000 0.994058
vn -0.108855 0.000000 0.994058
vn -0.108855 0.000000 0.994058
vn -0.108855 0.000000 0.994058
vn -0.108850 0.000002 0.994058
vn -0.108850 0.000002 0.994058
vn -0.108850 0.000002 0.994058
vn -0.108850 0.000002 0.994058
vn -0.108861 -0.000001 0.994057
vn -0.108861 -0.000001 0.994057
vn -0.108861 -0.000001 0.994057
vn -0.108861 -0.000001 0.994057
vn -0.108849 0.000000 0.994058
vn -0.108849 0.000000 0.994058
vn -0.108849 0.000000 0.994058
vn -0.108849 0.000000 0.994058
vn -0.108850 0.000000 0.994058
vn -0.108850 0.000000 0.994058
vn -0.108850 0.000000 0.994058
vn -0.108850 0.000000 0.994058
vn -0.108849 -0.000001 0.994058
vn -0.108849 -0.000001 0.994058
vn -0.108849 -0.000001 0.994058
vn -0.108849 -0.000001 0.994058
vn 0.000903 -0.000001 1.000000
vn 0.000884 -0.000000 1.000000
vn 0.000883 0.000007 1.000000
vn 0.000909 -0.000001 1.000000
vn 0.000869 0.000019 1.000000
vn 0.000883 0.000009 1.000000
vn 0.000869 0.000019 1.000000
vn 0.000848 0.000021 1.000000
vn 0.000875 0.000019 1.000000
vn 0.000859 0.000051 1.000000
vn 0.000859 0.000051 1.000000
vn 0.000865 0.000002 1.000000
vn 0.000869 0.000004 1.000000
vn 0.000908 0.000004 1.000000
vn 0.000862 0.000000 1.000000
vn 0.000862 0.000000 1.000000
vn 0.000862 0.000000 1.000000
vn 0.000861 0.000000 1.000000
vn 0.000861 0.000000 1.000000
vn 0.000861 0.000000 1.000000
vn -0.000002 0.000000 1.000000
vn -0.000002 0.000000 1.000000
vn -0.000002 0.000000 1.000000
vn 0.000878 0.000000 1.000000
vn 0.000878 0.000000 1.000000
vn 0.000878 0.000000 1.000000
vn 0.000878 0.000000 1.000000
vn 0.000878 0.000000 1.000000
vn 0.000878 0.000000 1.000000
vn 0.000001 1.000000 0.000000
vn 0.000001 1.000000 0.000000
vn 0.000001 1.000000 0.000000
vn 0.000000 1.000000 0.000003
vn 0.000000 1.000000 0.000003
vn 0.000000 1.000000 0.000003
vn 0.000881 0.000000 1.000000
vn 0.000881 0.000000 1.000000
vn 0.000881 0.000000 1.000000
vn 0.000880 0.000000 1.000000
vn 0.000880 0.000000 1.000000
vn 0.000880 0.000000 1.000000
vn -1.000000 0.000000 0.000880
vn -1.000000 0.000000 0.000880
vn -1.000000 0.000000 0.000880
vn -1.000000 -0.000177 0.000902
vn -1.000000 -0.000177 0.000902
vn -1.000000 -0.000177 0.000902
vn -1.000000 0.000000 0.000865
vn -1.000000 0.000000 0.000865
vn -1.000000 0.000000 0.000865
vn -1.000000 0.000000 0.000865
vn -1.000000 0.000000 0.000865
vn -1.000000 0.000000 0.000865
vn 0.000000 1.000000 -0.000000
vn 0.000000 1.000000 -0.000000
vn 0.000000 1.000000 -0.000000
vn 0.000000 1.000000 0.000000
vn 0.000000 1.000000 0.000000
vn 0.000000 1.000000 0.000000
vn 1.000000 -0.000017 -0.000888
vn 1.000000 -0.000017 -0.000888
vn 1.000000 -0.000017 -0.000888
vn 1.000000 -0.000017 -0.000888
vn 1.000000 0.000000 -0.000859
vn 1.000000 0.000000 -0.000859
vn 1.000000 0.000000 -0.000859
vn 1.000000 0.000000 -0.000895
vn 1.000000 0.000000 -0.000895
vn 1.000000 0.000000 -0.000895
vn 0.000866 0.000000 1.000000
vn 0.000866 0.000000 1.000000
vn 0.000866 0.000000 1.000000
vn 0.000867 0.000000 1.000000
vn 0.000867 0.000000 1.000000
vn 0.000867 0.000000 1.000000
vn 0.000881 0.000000 1.000000
vn 0.000881 0.000000 1.000000
vn 0.000881 0.000000 1.000000
vn 0.000080 0.000297 1.000000
vn 0.000080 0.000297 1.000000
vn 0.000080 0.000297 1.000000
vn 0.000080 0.000297 1.000000
vn 0.000869 -0.000077 1.000000
vn 0.000869 -0.000077 1.000000
vn 0.000869 -0.000077 1.000000
vn 0.000869 -0.000077 1.000000
vn -1.000000 0.000000 0.000455
vn -1.000000 0.000000 0.000455
vn -1.000000 0.000000 0.000455
vn 0.000181 0.000494 1.000000
vn 0.000181 0.000494 1.000000
vn 0.000181 0.000494 1.000000
vn 0.000181 0.000494 1.000000
vn -1.000000 0.000007 0.001009
vn -1.000000 0.000007 0.001009
vn -1.000000 0.000007 0.001009
vn -1.000000 0.000007 0.001009
vn -0.999999 -0.000486 0.001022
vn -0.999999 -0.000486 0.001022
vn -0.999999 -0.000486 0.001022
vn -0.999999 -0.000486 0.001022
vn -0.000000 1.000000 -0.000004
vn -0.000000 1.000000 -0.000004
vn -0.000000 1.000000 -0.000004
vn -0.000000 1.000000 -0.000004
vn 0.000479 -0.000029 1.000000
vn 0.000479 -0.000029 1.000000
vn 0.000479 -0.000029 1.000000
vn 0.000479 -0.000029 1.000000
vn 0.000653 0.000987 0.999999
vn 0.000653 0.000987 0.999999
vn 0.000653 0.000987 0.999999
vn -0.000007 -1.000000 -0.000164
vn -0.000007 -1.000000 -0.000164
vn -0.000007 -1.000000 -0.000164
vn -0.000007 -1.000000 -0.000164
vn 0.000000 1.000000 0.000001
vn 0.000000 1.000000 0.000001
vn 0.000000 1.000000 0.000001
vn 0.000000 1.000000 0.000001
vn -0.999937 -0.000007 -0.011228
vn -0.999936 -0.000004 -0.011335
vn -0.999937 -0.000007 -0.011207
vn 0.999998 0.000007 -0.002217
vn 0.999997 0.000001 -0.002319
vn 0.999997 -0.000000 -0.002339
vn 0.000882 0.000000 1.000000
vn 0.000882 0.000000 1.000000
vn 0.000882 0.000000 1.000000
vn -0.000000 -1.000000 0.000005
vn -0.000000 -1.000000 0.000005
vn -0.000000 -1.000000 0.000005
vn -0.000000 -1.000000 0.000005
vn 0.000000 -1.000000 0.000023
vn 0.000000 -1.000000 0.000023
vn 0.000000 -1.000000 0.000023
vn 0.000004 -1.000000 0.000000
vn 0.000004 -1.000000 0.000000
vn 0.000004 -1.000000 0.000000
vn 0.000861 0.000000 1.000000
vn 0.000861 0.000000 1.000000
vn 0.000862 -0.000000 1.000000
vn 0.000862 -0.000000 1.000000
vn -0.999936 -0.000004 -0.011337
vn -0.999936 -0.000004 -0.011337
vn 0.000897 -0.000001 1.000000
vn 0.000861 -0.000000 1.000000
vn 0.000861 0.000000 1.000000
vn 0.000861 0.000000 1.000000
vn 0.000861 -0.000000 1.000000
vn 0.000830 0.000004 1.000000
vn 0.999998 0.000007 -0.002215
vn 0.999998 0.000007 -0.002215
vn 0.000414 1.000000 -0.000044
vn 0.000414 1.000000 -0.000044
vn 0.000414 1.000000 -0.000044
vn 0.000414 1.000000 -0.000044
vn -0.994044 -0.000000 0.108982
vn -0.994044 -0.000000 0.108982
vn -0.994044 -0.000000 0.108982
vn -0.994044 -0.000000 0.108982
vn 0.994065 -0.000004 -0.108786
vn 0.994065 -0.000004 -0.108786
vn 0.994065 -0.000004 -0.108786
vn 0.994065 -0.000004 -0.108786
vn -0.994050 0.000008 0.108921
vn -0.994050 0.000008 0.108921
vn -0.994050 0.000008 0.108921
vn -0.994050 0.000008 0.108921
vn 0.994078 0.000016 -0.108672
vn 0.994078 0.000016 -0.108672
vn 0.994078 0.000016 -0.108672
vn 0.994078 0.000016 -0.108672
vn 0.994065 0.000000 -0.108786
vn 0.994065 0.000000 -0.108786
vn 0.994065 0.000000 -0.108786
vn 0.994065 0.000000 -0.108786
vn -0.994044 0.000000 0.108979
vn -0.994044 0.000000 0.108979
vn -0.994044 0.000000 0.108979
vn -0.994044 0.000000 0.108979
vn 0.108854 0.000001 0.994058
vn 0.108854 0.000001 0.994058
vn 0.108854 0.000001 0.994058
vn 0.108854 0.000001 0.994058
vn 0.108850 -0.000008 0.994058
vn 0.108850 -0.000008 0.994058
vn 0.108850 -0.000008 0.994058
vn 0.108850 -0.000008 0.994058
vn 0.108848 0.000001 0.994058
vn 0.108848 0.000001 0.994058
vn 0.108848 0.000001 0.994058
vn 0.108848 0.000001 0.994058
vn 0.108849 0.000015 0.994058
vn 0.108849 0.000015 0.994058
vn 0.108849 0.000015 0.994058
vn 0.108849 0.000015 0.994058
vn 0.108848 -0.000001 0.994058
vn 0.108848 -0.000001 0.994058
vn 0.108848 -0.000001 0.994058
vn 0.108848 -0.000001 0.994058
vn 0.108850 0.000000 0.994058
vn 0.108850 0.000000 0.994058
vn 0.108850 0.000000 0.994058
vn 0.108850 0.000000 0.994058
vn 0.108854 -0.000001 0.994058
vn 0.108854 -0.000001 0.994058
vn 0.108854 -0.000001 0.994058
vn 0.108854 -0.000001 0.994058
vn 0.108849 -0.000008 0.994058
vn 0.108849 -0.000008 0.994058
vn 0.108849 -0.000008 0.994058
vn 0.108849 -0.000008 0.994058
vn 0.108850 0.000008 0.994058
vn 0.108850 0.000008 0.994058
vn 0.108850 0.000008 0.994058
vn 0.108850 0.000008 0.994058
vn 0.108853 0.000000 0.994058
vn 0.108853 0.000000 0.994058
vn 0.108853 0.000000 0.994058
vn 0.108853 0.000000 0.994058
vn 0.108851 0.000000 0.994058
vn 0.108851 0.000000 0.994058
vn 0.108851 0.000000 0.994058
vn 0.108851 0.000000 0.994058
vn 0.108860 -0.000001 0.994057
vn 0.108860 -0.000001 0.994057
vn 0.108860 -0.000001 0.994057
vn 0.108860 -0.000001 0.994057
vn 0.108850 0.000000 0.994058
vn 0.108850 0.000000 0.994058
vn 0.108850 0.000000 0.994058
vn 0.108850 0.000000 0.994058
vn 0.108849 0.000000 0.994058
vn 0.108849 0.000000 0.994058
vn 0.108849 0.000000 0.994058
vn 0.108849 0.000000 0.994058
vn 0.108849 -0.000001 0.994058
vn 0.108849 -0.000001 0.994058
vn 0.108849 -0.000001 0.994058
vn 0.108849 -0.000001 0.994058
vn -0.000416 1.000000 -0.000037
vn -0.000416 1.000000 -0.000037
vn -0.000416 1.000000 -0.000037
vn -0.000416 1.000000 -0.000037
vn 0.995500 0.000215 0.094764
vn 0.995500 0.000215 0.094764
vn 0.995500 0.000215 0.094764
vn 0.995500 0.000215 0.094764
vn -0.995507 -0.000207 -0.094691
vn -0.995507 -0.000207 -0.094691
vn -0.995507 -0.000207 -0.094691
vn -0.995507 -0.000207 -0.094691
vn 0.995494 0.000215 0.094820
vn 0.995494 0.000215 0.094820
vn 0.995494 0.000215 0.094820
vn 0.995494 0.000215 0.094820
vn -0.995507 -0.000207 -0.094689
vn -0.995507 -0.000207 -0.094689
vn -0.995507 -0.000207 -0.094689
vn -0.995507 -0.000207 -0.094689
vn -0.995501 -0.000223 -0.094754
vn -0.995501 -0.000223 -0.094754
vn -0.995501 -0.000223 -0.094754
vn -0.995501 -0.000223 -0.094754
vn 0.995500 0.000217 0.094764
vn 0.995500 0.000217 0.094764
vn 0.995500 0.000217 0.094764
vn 0.995500 0.000217 0.094764
vn -0.094808 0.000000 0.995496
vn -0.094808 0.000000 0.995496
vn -0.094808 0.000000 0.995496
vn -0.094808 0.000000 0.995496
vn -0.094756 -0.000011 0.995501
vn -0.094756 -0.000011 0.995501
vn -0.094756 -0.000011 0.995501
vn -0.094756 -0.000011 0.995501
vn -0.094740 0.000001 0.995502
vn -0.094740 0.000001 0.995502
vn -0.094740 0.000001 0.995502
vn -0.094740 0.000001 0.995502
vn -0.094756 0.000012 0.995501
vn -0.094756 0.000012 0.995501
vn -0.094756 0.000012 0.995501
vn -0.094756 0.000012 0.995501
vn -0.094816 -0.000002 0.995495
vn -0.094816 -0.000002 0.995495
vn -0.094816 -0.000002 0.995495
vn -0.094816 -0.000002 0.995495
vn -0.094754 -0.000024 0.995501
vn -0.094754 -0.000024 0.995501
vn -0.094754 -0.000024 0.995501
vn -0.094754 -0.000024 0.995501
vn -0.094729 -0.000001 0.995503
vn -0.094729 -0.000001 0.995503
vn -0.094729 -0.000001 0.995503
vn -0.094729 -0.000001 0.995503
vn -0.094756 0.000013 0.995501
vn -0.094756 0.000013 0.995501
vn -0.094756 0.000013 0.995501
vn -0.094756 0.000013 0.995501
vn -0.094755 0.000006 0.995501
vn -0.094755 0.000006 0.995501
vn -0.094755 0.000006 0.995501
vn -0.094755 0.000006 0.995501
vn -0.094780 0.000001 0.995498
vn -0.094780 0.000001 0.995498
vn -0.094780 0.000001 0.995498
vn -0.094780 0.000001 0.995498
vn -0.094758 0.000019 0.995500
vn -0.094758 0.000019 0.995500
vn -0.094758 0.000019 0.995500
vn -0.094758 0.000019 0.995500
vn -0.094800 0.000002 0.995496
vn -0.094800 0.000002 0.995496
vn -0.094800 0.000002 0.995496
vn -0.094800 0.000002 0.995496
vn -0.094753 0.000001 0.995501
vn -0.094753 0.000001 0.995501
vn -0.094753 0.000001 0.995501
vn -0.094753 0.000001 0.995501
vn -0.094751 -0.000001 0.995501
vn -0.094751 -0.000001 0.995501
vn -0.094751 -0.000001 0.995501
vn -0.094751 -0.000001 0.995501
vn -0.094750 -0.000000 0.995501
vn -0.094750 -0.000000 0.995501
vn -0.094750 -0.000000 0.995501
vn -0.094750 -0.000000 0.995501
vn -0.984078 -0.177733 0.001234
vn -0.984078 -0.177733 0.001234
vn -0.984078 -0.177733 0.001234
vn -0.984078 -0.177733 0.001234
vn 0.989199 -0.146578 -0.001155
vn 0.989199 -0.146578 -0.001155
vn 0.989199 -0.146578 -0.001155
vn 0.989199 -0.146578 -0.001155
vn 0.000601 -0.000053 1.000000
vn 0.000601 -0.000053 1.000000
vn 0.000601 -0.000053 1.000000
vn 0.000601 -0.000053 1.000000
vn -0.972201 -0.234147 0.001220
vn -0.972201 -0.234147 0.001220
vn -0.972201 -0.234147 0.001220
vn -0.972201 -0.234147 0.001220
vn 0.972011 -0.234935 -0.000870
vn 0.972011 -0.234935 -0.000870
vn 0.972011 -0.234935 -0.000870
vn 0.972011 -0.234935 -0.000870
vn 0.000666 -0.000196 1.000000
vn 0.000666 -0.000196 1.000000
vn 0.000666 -0.000196 1.000000
vn 0.000666 -0.000196 1.000000
vn 0.000631 -0.000044 1.000000
vn 0.000631 -0.000044 1.000000
vn 0.000631 -0.000044 1.000000
vn 0.000631 -0.000044 1.000000
vn -0.996793 -0.080011 0.001250
vn -0.996793 -0.080011 0.001250
vn -0.996793 -0.080011 0.001250
vn -0.996793 -0.080011 0.001250
vn 0.996803 -0.079889 -0.001159
vn 0.996803 -0.079889 -0.001159
vn 0.996803 -0.079889 -0.001159
vn 0.996803 -0.079889 -0.001159
vn -0.543933 -0.839128 0.000680
vn -0.543933 -0.839128 0.000680
vn -0.543933 -0.839128 0.000680
vn -0.543933 -0.839128 0.000680
vn 0.543713 -0.839271 -0.000586
vn 0.543713 -0.839271 -0.000586
vn 0.543713 -0.839271 -0.000586
vn 0.543713 -0.839271 -0.000586
vn 0.000640 0.000200 1.000000
vn 0.000640 0.000200 1.000000
vn 0.000640 0.000200 1.000000
vn 0.000640 0.000200 1.000000
vn -0.739331 0.673341 0.000929
vn -0.739331 0.673341 0.000929
vn -0.739331 0.673341 0.000929
vn -0.739331 0.673341 0.000929
vn 0.739253 0.673427 -0.000653
vn 0.739253 0.673427 -0.000653
vn 0.739253 0.673427 -0.000653
vn 0.739253 0.673427 -0.000653
vn 0.000651 0.000073 1.000000
vn 0.000651 0.000073 1.000000
vn 0.000651 0.000073 1.000000
vn 0.000651 0.000073 1.000000
vn -0.940667 0.339328 0.001117
vn -0.940667 0.339328 0.001117
vn -0.940667 0.339328 0.001117
vn -0.940667 0.339328 0.001117
vn 0.860230 0.509905 -0.001075
vn 0.860230 0.509905 -0.001075
vn 0.860230 0.509905 -0.001075
vn 0.860230 0.509905 -0.001075
vn 0.001010 -0.002465 0.999997
vn 0.001010 -0.002465 0.999997
vn 0.001010 -0.002465 0.999996
vn 0.001010 -0.002465 0.999997
vn 0.000646 0.000088 1.000000
vn 0.000646 0.000088 1.000000
vn 0.000646 0.000088 1.000000
vn 0.000646 0.000088 1.000000
vn -0.674605 0.738178 0.000772
vn -0.674605 0.738178 0.000772
vn -0.674605 0.738178 0.000772
vn -0.674605 0.738178 0.000772
vn 0.674488 0.738286 -0.000679
vn 0.674488 0.738286 -0.000679
vn 0.674488 0.738286 -0.000679
vn 0.674488 0.738286 -0.000679
vn -0.855673 -0.517516 0.001188
vn -0.855673 -0.517516 0.001188
vn -0.855673 -0.517516 0.001188
vn -0.855673 -0.517516 0.001188
vn 0.000267 0.005195 0.999987
vn 0.000267 0.005195 0.999986
vn 0.000267 0.005195 0.999986
vn 0.000267 0.005195 0.999986
vn 0.859039 -0.511909 -0.000937
vn 0.859039 -0.511909 -0.000937
vn 0.859039 -0.511909 -0.000937
vn 0.859039 -0.511909 -0.000937
vn -0.938940 0.344078 0.001261
vn -0.938940 0.344078 0.001261
vn -0.938940 0.344078 0.001261
vn -0.938940 0.344078 0.001261
vn 0.941397 0.337298 -0.000961
vn 0.941397 0.337298 -0.000961
vn 0.941397 0.337298 -0.000961
vn 0.941397 0.337298 -0.000961
vn 0.000279 0.033707 0.999432
vn 0.000279 0.033707 0.999432
vn 0.000279 0.033707 0.999432
vn 0.000279 0.033707 0.999432
vn 0.000649 -0.000049 1.000000
vn 0.000649 -0.000049 1.000000
vn 0.000649 -0.000049 1.000000
vn 0.000649 -0.000049 1.000000
vn -0.543014 -0.839723 0.000682
vn -0.543014 -0.839724 0.000682
vn -0.543014 -0.839724 0.000682
vn -0.543014 -0.839724 0.000682
vn 0.542929 -0.839778 -0.000527
vn 0.542929 -0.839778 -0.000527
vn 0.542929 -0.839778 -0.000527
vn 0.542929 -0.839778 -0.000527
vn -0.984081 0.177714 0.001231
vn -0.984082 0.177714 0.001231
vn -0.984081 0.177714 0.001231
vn -0.984081 0.177714 0.001231
vn 0.989199 0.146578 -0.001155
vn 0.989199 0.146578 -0.001155
vn 0.989199 0.146578 -0.001155
vn 0.989199 0.146578 -0.001155
vn 0.000601 0.000053 1.000000
vn 0.000601 0.000053 1.000000
vn 0.000601 0.000053 1.000000
vn 0.000601 0.000053 1.000000
vn -0.972163 0.234305 0.001220
vn -0.972162 0.234305 0.001220
vn -0.972163 0.234305 0.001220
vn -0.972162 0.234305 0.001220
vn 0.972002 0.234972 -0.000868
vn 0.972002 0.234972 -0.000868
vn 0.972002 0.234972 -0.000868
vn 0.972002 0.234972 -0.000868
vn 0.000667 0.000196 1.000000
vn 0.000667 0.000196 1.000000
vn 0.000667 0.000196 1.000000
vn 0.000667 0.000196 1.000000
vn 0.000632 0.000044 1.000000
vn 0.000632 0.000044 1.000000
vn 0.000632 0.000044 1.000000
vn 0.000632 0.000044 1.000000
vn -0.996774 0.080246 0.001249
vn -0.996774 0.080246 0.001249
vn -0.996774 0.080246 0.001249
vn -0.996774 0.080246 0.001249
vn 0.996784 0.080130 -0.001159
vn 0.996784 0.080130 -0.001159
vn 0.996784 0.080130 -0.001159
vn 0.996784 0.080130 -0.001159
vn -0.543917 0.839139 0.000677
vn -0.543917 0.839139 0.000677
vn -0.543917 0.839139 0.000677
vn -0.543917 0.839139 0.000677
vn 0.543758 0.839242 -0.000582
vn 0.543758 0.839242 -0.000582
vn 0.543758 0.839242 -0.000582
vn 0.543758 0.839242 -0.000582
vn 0.000640 -0.000200 1.000000
vn 0.000640 -0.000200 1.000000
vn 0.000640 -0.000200 1.000000
vn 0.000640 -0.000200 1.000000
vn -0.739382 -0.673286 0.000926
vn -0.739382 -0.673286 0.000926
vn -0.739382 -0.673286 0.000926
vn -0.739382 -0.673286 0.000926
vn 0.739190 -0.673496 -0.000650
vn 0.739190 -0.673496 -0.000650
vn 0.739190 -0.673496 -0.000650
vn 0.739190 -0.673496 -0.000650
vn 0.000652 -0.000073 1.000000
vn 0.000652 -0.000073 1.000000
vn 0.000652 -0.000073 1.000000
vn 0.000652 -0.000073 1.000000
vn -0.940663 -0.339340 0.001116
vn -0.940663 -0.339340 0.001116
vn -0.940663 -0.339340 0.001116
vn -0.940663 -0.339340 0.001116
vn 0.860246 -0.509878 -0.001071
vn 0.860246 -0.509878 -0.001071
vn 0.860246 -0.509878 -0.001071
vn 0.860246 -0.509878 -0.001071
vn 0.001007 0.002465 0.999997
vn 0.001007 0.002465 0.999997
vn 0.001007 0.002465 0.999997
vn 0.001007 0.002465 0.999997
vn 0.000646 -0.000088 1.000000
vn 0.000646 -0.000088 1.000000
vn 0.000646 -0.000088 1.000000
vn 0.000646 -0.000088 1.000000
vn -0.674580 -0.738201 0.000767
vn -0.674580 -0.738201 0.000767
vn -0.674580 -0.738201 0.000767
vn -0.674580 -0.738201 0.000767
vn 0.674456 -0.738315 -0.000670
vn 0.674456 -0.738315 -0.000670
vn 0.674456 -0.738315 -0.000670
vn 0.674456 -0.738315 -0.000670
vn -0.855691 0.517486 0.001189
vn -0.855691 0.517486 0.001189
vn -0.855691 0.517486 0.001189
vn -0.855691 0.517486 0.001189
vn 0.000268 -0.005195 0.999986
vn 0.000268 -0.005195 0.999986
vn 0.000268 -0.005195 0.999987
vn 0.000268 -0.005195 0.999986
vn 0.859012 0.511955 -0.000936
vn 0.859012 0.511955 -0.000936
vn 0.859012 0.511955 -0.000936
vn 0.859012 0.511955 -0.000936
vn -0.938941 -0.344076 0.001269
vn -0.938941 -0.344076 0.001269
vn -0.938941 -0.344076 0.001269
vn -0.938941 -0.344076 0.001269
vn 0.941392 -0.337312 -0.000955
vn 0.941392 -0.337312 -0.000955
vn 0.941392 -0.337312 -0.000955
vn 0.941392 -0.337312 -0.000955
vn 0.000278 -0.033707 0.999432
vn 0.000278 -0.033707 0.999432
vn 0.000278 -0.033707 0.999432
vn 0.000278 -0.033707 0.999432
vn 0.000648 0.000049 1.000000
vn 0.000648 0.000049 1.000000
vn 0.000648 0.000049 1.000000
vn 0.000648 0.000049 1.000000
vn -0.542963 0.839756 0.000685
vn -0.542963 0.839756 0.000685
vn -0.542963 0.839756 0.000685
vn -0.542963 0.839756 0.000685
vn 0.542886 0.839806 -0.000520
vn 0.542886 0.839806 -0.000520
vn 0.542886 0.839806 -0.000520
vn 0.542886 0.839806 -0.000520
vn -0.983134 -0.182882 0.001317
vn -0.983134 -0.182882 0.001317
vn -0.983134 -0.182882 0.001317
vn -0.983134 -0.182882 0.001317
vn 0.982172 -0.187982 -0.000966
vn 0.982172 -0.187982 -0.000966
vn 0.982172 -0.187982 -0.000966
vn 0.982172 -0.187983 -0.000966
vn 0.000645 -0.000002 1.000000
vn 0.000645 -0.000002 1.000000
vn 0.000645 -0.000002 1.000000
vn 0.000645 -0.000002 1.000000
vn -0.972047 -0.234782 0.001306
vn -0.972047 -0.234782 0.001306
vn -0.972047 -0.234782 0.001306
vn -0.972047 -0.234782 0.001306
vn 0.972055 -0.234752 -0.000878
vn 0.972055 -0.234752 -0.000878
vn 0.972055 -0.234752 -0.000878
vn 0.972055 -0.234752 -0.000878
vn 0.000661 -0.000211 1.000000
vn 0.000661 -0.000211 1.000000
vn 0.000661 -0.000211 1.000000
vn 0.000661 -0.000211 1.000000
vn 0.000637 -0.000066 1.000000
vn 0.000637 -0.000066 1.000000
vn 0.000637 -0.000066 1.000000
vn 0.000637 -0.000066 1.000000
vn -0.996752 -0.080523 0.001339
vn -0.996752 -0.080523 0.001339
vn -0.996752 -0.080523 0.001339
vn -0.996752 -0.080523 0.001339
vn 0.996803 -0.079891 -0.001070
vn 0.996803 -0.079891 -0.001070
vn 0.996803 -0.079891 -0.001070
vn 0.996803 -0.079891 -0.001070
vn -0.543954 -0.839115 0.000680
vn -0.543954 -0.839115 0.000680
vn -0.543954 -0.839115 0.000680
vn -0.543954 -0.839115 0.000680
vn 0.543690 -0.839286 -0.000586
vn 0.543690 -0.839286 -0.000586
vn 0.543690 -0.839286 -0.000586
vn 0.543690 -0.839286 -0.000586
vn 0.000640 0.000217 1.000000
vn 0.000640 0.000217 1.000000
vn 0.000640 0.000217 1.000000
vn 0.000640 0.000217 1.000000
vn -0.739221 0.673463 0.000992
vn -0.739221 0.673463 0.000992
vn -0.739221 0.673463 0.000992
vn -0.739221 0.673463 0.000992
vn 0.739256 0.673424 -0.000721
vn 0.739257 0.673424 -0.000721
vn 0.739257 0.673424 -0.000721
vn 0.739257 0.673424 -0.000721
vn 0.000653 0.000058 1.000000
vn 0.000653 0.000058 1.000000
vn 0.000653 0.000058 1.000000
vn 0.000653 0.000058 1.000000
vn -0.940665 0.339335 0.001350
vn -0.940665 0.339335 0.001350
vn -0.940665 0.339335 0.001350
vn -0.940665 0.339335 0.001350
vn 0.940617 0.339470 -0.000861
vn 0.940617 0.339470 -0.000861
vn 0.940617 0.339470 -0.000861
vn 0.940617 0.339470 -0.000861
vn 0.000633 0.000118 1.000000
vn 0.000633 0.000118 1.000000
vn 0.000633 0.000118 1.000000
vn 0.000633 0.000118 1.000000
vn 0.000642 0.000077 1.000000
vn 0.000642 0.000077 1.000000
vn 0.000642 0.000077 1.000000
vn 0.000642 0.000077 1.000000
vn -0.674528 0.738249 0.000837
vn -0.674528 0.738249 0.000837
vn -0.674528 0.738249 0.000837
vn -0.674528 0.738249 0.000837
vn 0.674528 0.738249 -0.000629
vn 0.674528 0.738249 -0.000629
vn 0.674528 0.738249 -0.000629
vn 0.674528 0.738249 -0.000629
vn -0.916010 -0.401154 0.001181
vn -0.916010 -0.401154 0.001181
vn -0.916010 -0.401155 0.001181
vn -0.916010 -0.401154 0.001181
vn -0.000160 -0.003321 0.999995
vn -0.000160 -0.003321 0.999995
vn -0.000160 -0.003321 0.999995
vn -0.000160 -0.003321 0.999995
vn 0.870723 -0.491773 -0.001066
vn 0.870722 -0.491773 -0.001066
vn 0.870723 -0.491773 -0.001066
vn 0.870723 -0.491773 -0.001066
vn -0.960202 0.279303 0.001302
vn -0.960202 0.279303 0.001302
vn -0.960202 0.279303 0.001302
vn -0.960202 0.279303 0.001302
vn 0.945621 0.325268 -0.001115
vn 0.945621 0.325268 -0.001115
vn 0.945621 0.325268 -0.001115
vn 0.945621 0.325268 -0.001115
vn -0.000425 0.031862 0.999492
vn -0.000425 0.031862 0.999492
vn -0.000425 0.031862 0.999492
vn -0.000425 0.031862 0.999492
vn 0.000642 0.000000 1.000000
vn 0.000642 0.000000 1.000000
vn 0.000642 0.000000 1.000000
vn 0.000642 0.000000 1.000000
vn -0.542837 -0.839838 0.000619
vn -0.542837 -0.839838 0.000619
vn -0.542837 -0.839838 0.000619
vn -0.542837 -0.839838 0.000619
vn 0.542950 -0.839765 -0.000567
vn 0.542950 -0.839765 -0.000567
vn 0.542950 -0.839765 -0.000567
vn 0.542950 -0.839765 -0.000567
vn -0.983132 0.182893 0.001321
vn -0.983132 0.182893 0.001321
vn -0.983132 0.182893 0.001321
vn -0.983132 0.182893 0.001321
vn 0.982173 0.187975 -0.000972
vn 0.982173 0.187975 -0.000972
vn 0.982173 0.187975 -0.000972
vn 0.982173 0.187975 -0.000972
vn 0.000645 0.000002 1.000000
vn 0.000645 0.000002 1.000000
vn 0.000645 0.000002 1.000000
vn 0.000645 0.000002 1.000000
vn -0.972084 0.234630 0.001306
vn -0.972084 0.234630 0.001306
vn -0.972084 0.234630 0.001306
vn -0.972084 0.234630 0.001306
vn 0.972081 0.234645 -0.000877
vn 0.972081 0.234645 -0.000877
vn 0.972081 0.234645 -0.000877
vn 0.972081 0.234645 -0.000877
vn 0.000661 0.000211 1.000000
vn 0.000661 0.000211 1.000000
vn 0.000661 0.000211 1.000000
vn 0.000661 0.000211 1.000000
vn 0.000638 0.000066 1.000000
vn 0.000638 0.000066 1.000000
vn 0.000638 0.000066 1.000000
vn 0.000638 0.000066 1.000000
vn -0.996739 0.080685 0.001338
vn -0.996739 0.080685 0.001338
vn -0.996739 0.080685 0.001338
vn -0.996739 0.080685 0.001338
vn 0.996804 0.079886 -0.001069
vn 0.996804 0.079886 -0.001069
vn 0.996804 0.079886 -0.001069
vn 0.996804 0.079886 -0.001069
vn -0.543908 0.839145 0.000677
vn -0.543908 0.839145 0.000677
vn -0.543908 0.839145 0.000677
vn -0.543908 0.839145 0.000677
vn 0.543652 0.839311 -0.000581
vn 0.543652 0.839311 -0.000581
vn 0.543652 0.839311 -0.000581
vn 0.543652 0.839311 -0.000581
vn 0.000640 -0.000217 1.000000
vn 0.000640 -0.000217 1.000000
vn 0.000640 -0.000217 1.000000
vn 0.000640 -0.000217 1.000000
vn -0.739184 -0.673503 0.000989
vn -0.739184 -0.673503 0.000989
vn -0.739184 -0.673503 0.000989
vn -0.739184 -0.673503 0.000989
vn 0.739227 -0.673456 -0.000721
vn 0.739227 -0.673456 -0.000721
vn 0.739227 -0.673456 -0.000721
vn 0.739227 -0.673456 -0.000721
vn 0.000652 -0.000058 1.000000
vn 0.000652 -0.000058 1.000000
vn 0.000652 -0.000058 1.000000
vn 0.000652 -0.000058 1.000000
vn -0.940661 -0.339344 0.001355
vn -0.940661 -0.339344 0.001355
vn -0.940661 -0.339344 0.001355
vn -0.940661 -0.339344 0.001355
vn 0.940614 -0.339478 -0.000862
vn 0.940614 -0.339478 -0.000862
vn 0.940614 -0.339478 -0.000862
vn 0.940614 -0.339478 -0.000862
vn 0.000633 -0.000118 1.000000
vn 0.000633 -0.000118 1.000000
vn 0.000633 -0.000118 1.000000
vn 0.000633 -0.000118 1.000000
vn 0.000643 -0.000077 1.000000
vn 0.000643 -0.000077 1.000000
vn 0.000643 -0.000077 1.000000
vn 0.000643 -0.000077 1.000000
vn -0.674564 -0.738216 0.000854
vn -0.674564 -0.738216 0.000854
vn -0.674564 -0.738216 0.000854
vn -0.674564 -0.738216 0.000854
vn 0.674540 -0.738238 -0.000639
vn 0.674540 -0.738238 -0.000639
vn 0.674540 -0.738238 -0.000639
vn 0.674540 -0.738238 -0.000639
vn -0.915998 0.401182 0.001178
vn -0.915998 0.401182 0.001178
vn -0.915998 0.401182 0.001178
vn -0.915998 0.401182 0.001178
vn -0.000158 0.003321 0.999994
vn -0.000158 0.003321 0.999995
vn -0.000158 0.003321 0.999995
vn -0.000158 0.003321 0.999995
vn 0.870698 0.491818 -0.001073
vn 0.870698 0.491818 -0.001073
vn 0.870698 0.491818 -0.001073
vn 0.870698 0.491818 -0.001073
vn -0.960202 -0.279303 0.001298
vn -0.960202 -0.279303 0.001298
vn -0.960202 -0.279303 0.001298
vn -0.960202 -0.279303 0.001298
vn 0.945621 -0.325270 -0.001106
vn 0.945621 -0.325270 -0.001106
vn 0.945621 -0.325270 -0.001106
vn 0.945621 -0.325270 -0.001106
vn -0.000423 -0.031863 0.999492
vn -0.000423 -0.031863 0.999492
vn -0.000423 -0.031863 0.999492
vn -0.000423 -0.031863 0.999492
vn 0.000640 -0.000000 1.000000
vn 0.000640 -0.000000 1.000000
vn 0.000640 -0.000000 1.000000
vn 0.000640 -0.000000 1.000000
vn -0.542883 0.839808 0.000615
vn -0.542883 0.839808 0.000615
vn -0.542883 0.839808 0.000615
vn -0.542883 0.839808 0.000615
vn 0.542920 0.839785 -0.000559
vn 0.542920 0.839785 -0.000559
vn 0.542920 0.839785 -0.000559
vn 0.542920 0.839785 -0.000559
vn -0.987610 -0.156921 0.001593
vn -0.987610 -0.156921 0.001593
vn -0.987610 -0.156921 0.001593
vn -0.987610 -0.156921 0.001593
vn 0.983147 -0.182812 -0.001058
vn 0.983147 -0.182812 -0.001058
vn 0.983147 -0.182812 -0.001058
vn 0.983147 -0.182812 -0.001058
vn 0.000601 0.000052 1.000000
vn 0.000601 0.000052 1.000000
vn 0.000601 0.000052 1.000000
vn 0.000601 0.000052 1.000000
vn -0.972095 -0.234582 0.001392
vn -0.972095 -0.234582 0.001392
vn -0.972095 -0.234582 0.001392
vn -0.972095 -0.234582 0.001392
vn 0.971939 -0.235230 -0.000958
vn 0.971939 -0.235231 -0.000958
vn 0.971939 -0.235230 -0.000958
vn 0.971939 -0.235230 -0.000958
vn 0.000661 -0.000196 1.000000
vn 0.000661 -0.000196 1.000000
vn 0.000661 -0.000196 1.000000
vn 0.000661 -0.000196 1.000000
vn 0.000631 -0.000066 1.000000
vn 0.000631 -0.000066 1.000000
vn 0.000631 -0.000066 1.000000
vn 0.000631 -0.000066 1.000000
vn -0.996752 -0.080525 0.001339
vn -0.996752 -0.080525 0.001339
vn -0.996752 -0.080525 0.001339
vn -0.996752 -0.080525 0.001339
vn 0.996844 -0.079379 -0.001159
vn 0.996844 -0.079379 -0.001159
vn 0.996844 -0.079379 -0.001159
vn 0.996844 -0.079379 -0.001159
vn -0.543751 -0.839247 0.000733
vn -0.543751 -0.839247 0.000733
vn -0.543751 -0.839247 0.000733
vn -0.543751 -0.839247 0.000733
vn 0.543703 -0.839277 -0.000586
vn 0.543703 -0.839277 -0.000586
vn 0.543703 -0.839277 -0.000586
vn 0.543703 -0.839277 -0.000586
vn 0.000635 0.000234 1.000000
vn 0.000635 0.000234 1.000000
vn 0.000635 0.000234 1.000000
vn 0.000635 0.000234 1.000000
vn -0.739096 0.673600 0.001057
vn -0.739096 0.673600 0.001057
vn -0.739096 0.673600 0.001057
vn -0.739096 0.673600 0.001057
vn 0.739135 0.673556 -0.000792
vn 0.739135 0.673557 -0.000792
vn 0.739135 0.673556 -0.000792
vn 0.739135 0.673557 -0.000792
vn 0.000653 0.000058 1.000000
vn 0.000653 0.000058 1.000000
vn 0.000653 0.000058 1.000000
vn 0.000653 0.000058 1.000000
vn -0.940607 0.339497 0.001232
vn -0.940607 0.339496 0.001232
vn -0.940607 0.339497 0.001232
vn -0.940607 0.339497 0.001232
vn 0.940630 0.339432 -0.000873
vn 0.940630 0.339433 -0.000873
vn 0.940630 0.339432 -0.000873
vn 0.940630 0.339432 -0.000873
vn 0.000633 0.000106 1.000000
vn 0.000633 0.000106 1.000000
vn 0.000633 0.000106 1.000000
vn 0.000633 0.000106 1.000000
vn 0.000633 0.000091 1.000000
vn 0.000633 0.000091 1.000000
vn 0.000633 0.000091 1.000000
vn 0.000633 0.000091 1.000000
vn -0.674479 0.738294 0.000753
vn -0.674479 0.738294 0.000753
vn -0.674479 0.738294 0.000753
vn -0.674479 0.738294 0.000753
vn 0.674571 0.738210 -0.000599
vn 0.674571 0.738210 -0.000599
vn 0.674571 0.738210 -0.000599
vn 0.674571 0.738210 -0.000599
vn -0.916026 -0.401117 0.001191
vn -0.916026 -0.401117 0.001191
vn -0.916026 -0.401117 0.001191
vn -0.916026 -0.401117 0.001191
vn 0.000632 -0.000025 1.000000
vn 0.000632 -0.000025 1.000000
vn 0.000632 -0.000025 1.000000
vn 0.000632 -0.000025 1.000000
vn 0.916091 -0.400970 -0.000882
vn 0.916091 -0.400970 -0.000882
vn 0.916091 -0.400970 -0.000882
vn 0.916091 -0.400970 -0.000882
vn -0.962984 0.269554 0.001389
vn -0.962984 0.269554 0.001389
vn -0.962984 0.269554 0.001389
vn -0.962984 0.269554 0.001389
vn 0.963004 0.269486 -0.000834
vn 0.963004 0.269486 -0.000834
vn 0.963004 0.269486 -0.000834
vn 0.963004 0.269486 -0.000834
vn 0.000635 0.028626 0.999590
vn 0.000635 0.028626 0.999590
vn 0.000635 0.028626 0.999590
vn 0.000635 0.028626 0.999590
vn 0.000652 -0.000025 1.000000
vn 0.000652 -0.000025 1.000000
vn 0.000652 -0.000025 1.000000
vn 0.000652 -0.000025 1.000000
vn -0.542865 -0.839820 0.000588
vn -0.542865 -0.839820 0.000588
vn -0.542865 -0.839820 0.000588
vn -0.542865 -0.839820 0.000588
vn 0.542837 -0.839838 -0.000532
vn 0.542837 -0.839838 -0.000532
vn 0.542837 -0.839838 -0.000532
vn 0.542837 -0.839838 -0.000532
vn -0.987610 0.156921 0.001592
vn -0.987610 0.156921 0.001592
vn -0.987610 0.156921 0.001592
vn -0.987610 0.156921 0.001592
vn 0.983149 0.182801 -0.001057
vn 0.983149 0.182801 -0.001057
vn 0.983149 0.182801 -0.001057
vn 0.983149 0.182801 -0.001057
vn 0.000601 -0.000052 1.000000
vn 0.000601 -0.000052 1.000000
vn 0.000601 -0.000052 1.000000
vn 0.000601 -0.000052 1.000000
vn -0.972083 0.234635 0.001392
vn -0.972083 0.234635 0.001392
vn -0.972083 0.234635 0.001392
vn -0.972083 0.234635 0.001392
vn 0.971923 0.235296 -0.000957
vn 0.971923 0.235296 -0.000957
vn 0.971923 0.235296 -0.000957
vn 0.971923 0.235296 -0.000957
vn 0.000660 0.000196 1.000000
vn 0.000660 0.000196 1.000000
vn 0.000660 0.000196 1.000000
vn 0.000660 0.000196 1.000000
vn 0.000632 0.000066 1.000000
vn 0.000632 0.000066 1.000000
vn 0.000632 0.000066 1.000000
vn 0.000632 0.000066 1.000000
vn -0.996762 0.080398 0.001339
vn -0.996762 0.080398 0.001339
vn -0.996762 0.080398 0.001339
vn -0.996762 0.080398 0.001339
vn 0.996829 0.079564 -0.001159
vn 0.996829 0.079564 -0.001159
vn 0.996829 0.079564 -0.001159
vn 0.996829 0.079564 -0.001159
vn -0.543713 0.839271 0.000724
vn -0.543713 0.839271 0.000724
vn -0.543713 0.839271 0.000724
vn -0.543713 0.839271 0.000724
vn 0.543661 0.839305 -0.000581
vn 0.543661 0.839305 -0.000581
vn 0.543661 0.839305 -0.000581
vn 0.543661 0.839305 -0.000581
vn 0.000635 -0.000234 1.000000
vn 0.000635 -0.000234 1.000000
vn 0.000635 -0.000234 1.000000
vn 0.000635 -0.000234 1.000000
vn -0.739127 -0.673565 0.001059
vn -0.739127 -0.673565 0.001059
vn -0.739127 -0.673565 0.001059
vn -0.739127 -0.673565 0.001059
vn 0.739150 -0.673541 -0.000791
vn 0.739150 -0.673541 -0.000791
vn 0.739150 -0.673541 -0.000791
vn 0.739150 -0.673541 -0.000791
vn 0.000652 -0.000058 1.000000
vn 0.000652 -0.000058 1.000000
vn 0.000652 -0.000058 1.000000
vn 0.000652 -0.000058 1.000000
vn -0.940573 -0.339590 0.001235
vn -0.940573 -0.339590 0.001235
vn -0.940573 -0.339590 0.001235
vn -0.940573 -0.339590 0.001235
vn 0.940599 -0.339518 -0.000874
vn 0.940599 -0.339518 -0.000874
vn 0.940599 -0.339518 -0.000874
vn 0.940599 -0.339518 -0.000874
vn 0.000633 -0.000106 1.000000
vn 0.000633 -0.000106 1.000000
vn 0.000633 -0.000106 1.000000
vn 0.000633 -0.000106 1.000000
vn 0.000633 -0.000091 1.000000
vn 0.000633 -0.000091 1.000000
vn 0.000633 -0.000091 1.000000
vn 0.000633 -0.000091 1.000000
vn -0.674502 -0.738273 0.000758
vn -0.674502 -0.738273 0.000758
vn -0.674502 -0.738273 0.000758
vn -0.674502 -0.738273 0.000758
vn 0.674554 -0.738225 -0.000602
vn 0.674554 -0.738225 -0.000602
vn 0.674554 -0.738225 -0.000602
vn 0.674554 -0.738225 -0.000602
vn -0.916015 0.401142 0.001196
vn -0.916015 0.401142 0.001196
vn -0.916015 0.401142 0.001196
vn -0.916015 0.401142 0.001196
vn 0.000631 0.000025 1.000000
vn 0.000631 0.000025 1.000000
vn 0.000631 0.000025 1.000000
vn 0.000631 0.000025 1.000000
vn 0.916088 0.400975 -0.000881
vn 0.916088 0.400975 -0.000881
vn 0.916088 0.400975 -0.000881
vn 0.916088 0.400975 -0.000881
vn -0.962987 -0.269544 0.001390
vn -0.962987 -0.269544 0.001390
vn -0.962987 -0.269545 0.001390
vn -0.962987 -0.269545 0.001390
vn 0.963002 -0.269494 -0.000833
vn 0.963002 -0.269494 -0.000833
vn 0.963002 -0.269494 -0.000833
vn 0.963002 -0.269494 -0.000833
vn 0.000636 -0.028626 0.999590
vn 0.000636 -0.028626 0.999590
vn 0.000636 -0.028626 0.999590
vn 0.000636 -0.028626 0.999590
vn 0.000650 0.000025 1.000000
vn 0.000650 0.000025 1.000000
vn 0.000650 0.000025 1.000000
vn 0.000650 0.000025 1.000000
vn -0.542891 0.839803 0.000589
vn -0.542891 0.839803 0.000589
vn -0.542891 0.839803 0.000589
vn -0.542891 0.839803 0.000589
vn 0.542876 0.839813 -0.000540
vn 0.542876 0.839813 -0.000540
vn 0.542876 0.839813 -0.000540
vn 0.542876 0.839813 -0.000540
vn -0.000000 1.000000 -0.000001
vn -0.000000 1.000000 -0.000001
vn -0.000000 1.000000 -0.000001
vn -0.000000 1.000000 -0.000001
vn -0.080152 -0.996783 0.000068
vn -0.080152 -0.996783 0.000068
vn -0.080152 -0.996783 0.000068
vn 0.000817 -0.000001 1.000000
vn 0.000817 -0.000001 1.000000
vn 0.000817 -0.000001 1.000000
vn 0.000817 -0.000001 1.000000
vn -0.000236 -0.000000 -1.000000
vn -0.000236 -0.000000 -1.000000
vn -0.000236 -0.000000 -1.000000
vn -0.000236 -0.000000 -1.000000
vn 1.000000 0.000000 -0.000798
vn 1.000000 0.000000 -0.000798
vn 1.000000 0.000000 -0.000798
vn 1.000000 0.000000 -0.000798
vn -0.000209 0.000000 -1.000000
vn -0.000209 0.000000 -1.000000
vn -0.000209 0.000000 -1.000000
vn 1.000000 0.000000 -0.000794
vn 1.000000 0.000000 -0.000794
vn 1.000000 0.000000 -0.000794
vn 1.000000 0.000000 -0.000794
vn 0.000863 -0.000001 1.000000
vn 0.000863 -0.000001 1.000000
vn 0.000863 -0.000001 1.000000
vn -0.026897 -0.999637 -0.001309
vn -0.026897 -0.999637 -0.001309
vn -0.026897 -0.999637 -0.001309
vn -0.026897 -0.999637 -0.001309
vn 1.000000 0.000000 -0.000791
vn 1.000000 0.000000 -0.000791
vn 1.000000 0.000000 -0.000791
vn 1.000000 0.000000 -0.000791
vn 1.000000 0.000000 -0.000798
vn 1.000000 0.000000 -0.000798
vn 1.000000 0.000000 -0.000798
vn 1.000000 0.000000 -0.000798
vn 1.000000 0.000011 -0.000802
vn 1.000000 0.000011 -0.000802
vn 1.000000 0.000011 -0.000802
vn 1.000000 0.000011 -0.000802
vn 1.000000 0.000000 -0.000804
vn 1.000000 0.000000 -0.000804
vn 1.000000 0.000000 -0.000804
vn 1.000000 0.000000 -0.000757
vn 1.000000 0.000000 -0.000757
vn 1.000000 0.000000 -0.000757
vn 1.000000 0.000000 -0.000757
vn 1.000000 0.000000 -0.000793
vn 1.000000 0.000000 -0.000793
vn 1.000000 0.000000 -0.000793
vn 1.000000 0.000000 -0.000793
vn 1.000000 0.000000 -0.000841
vn 1.000000 0.000000 -0.000841
vn 1.000000 0.000000 -0.000841
vn 1.000000 0.000000 -0.000841
vn 1.000000 0.000014 -0.000793
vn 1.000000 0.000014 -0.000793
vn 1.000000 0.000014 -0.000793
vn 1.000000 0.000014 -0.000793
vn 1.000000 0.000000 -0.000850
vn 1.000000 0.000000 -0.000850
vn 1.000000 0.000000 -0.000850
vn 1.000000 0.000000 -0.000850
vn 1.000000 0.000082 -0.000800
vn 1.000000 0.000082 -0.000800
vn 1.000000 0.000082 -0.000800
vn 1.000000 0.000082 -0.000800
vn 1.000000 0.000000 -0.000815
vn 1.000000 0.000000 -0.000815
vn 1.000000 0.000000 -0.000815
vn 1.000000 0.000000 -0.000815
vn 1.000000 0.000055 -0.000804
vn 1.000000 0.000055 -0.000804
vn 1.000000 0.000055 -0.000804
vn 1.000000 0.000055 -0.000804
vn 1.000000 0.000000 -0.000842
vn 1.000000 0.000000 -0.000842
vn 1.000000 0.000000 -0.000842
vn 1.000000 0.000000 -0.000842
vn 1.000000 0.000107 -0.000794
vn 1.000000 0.000107 -0.000794
vn 1.000000 0.000107 -0.000794
vn 1.000000 0.000107 -0.000794
vn 1.000000 0.000000 -0.000779
vn 1.000000 0.000000 -0.000779
vn 1.000000 0.000000 -0.000779
vn 1.000000 0.000000 -0.000779
vn 1.000000 -0.000054 -0.000794
vn 1.000000 -0.000054 -0.000794
vn 1.000000 -0.000054 -0.000794
vn 1.000000 -0.000054 -0.000794
vn 0.000000 0.000000 1.000000
vn 0.000000 0.000000 1.000000
vn 0.000000 0.000000 1.000000
vn 0.000000 0.000000 1.000000
vn 0.000000 -1.000000 0.000001
vn 0.000000 -1.000000 0.000001
vn 0.000000 -1.000000 0.000001
vn 0.000000 -1.000000 0.000001
vn 0.000031 0.000000 -1.000000
vn 0.000031 0.000000 -1.000000
vn 0.000031 0.000000 -1.000000
vn 0.000031 0.000000 -1.000000
vn 0.000000 1.000000 0.000000
vn 0.000000 1.000000 0.000000
vn 0.000000 1.000000 0.000000
vn 0.000000 1.000000 0.000000
vn 0.000000 1.000000 -0.000001
vn 0.000000 1.000000 -0.000001
vn 0.000000 1.000000 -0.000001
vn 0.000000 1.000000 -0.000001
vn -0.000000 -1.000000 0.000001
vn -0.000000 -1.000000 0.000001
vn -0.000000 -1.000000 0.000001
vn -0.000000 -1.000000 0.000001
vn 0.000000 0.000000 -1.000000
vn 0.000000 0.000000 -1.000000
vn 0.000000 0.000000 -1.000000
vn 0.000000 0.000000 -1.000000
vn 0.000000 1.000000 -0.000001
vn 0.000000 1.000000 -0.000001
vn 0.000000 1.000000 -0.000001
vn 0.000000 1.000000 -0.000001
vn -0.000033 0.000000 1.000000
vn -0.000033 0.000000 1.000000
vn -0.000033 0.000000 1.000000
vn -0.000033 0.000000 1.000000
vn 0.000000 -1.000000 0.000001
vn 0.000000 -1.000000 0.000001
vn 0.000000 -1.000000 0.000001
vn 0.000000 -1.000000 0.000001
vn 0.000000 0.000000 1.000000
vn 0.000000 0.000000 1.000000
vn 0.000000 0.000000 1.000000
vn 0.000000 0.000000 1.000000
vn 0.000000 -1.000000 0.000001
vn 0.000000 -1.000000 0.000001
vn 0.000000 -1.000000 0.000001
vn 0.000000 -1.000000 0.000001
vn 0.000000 0.000000 -1.000000
vn 0.000000 0.000000 -1.000000
vn 0.000000 0.000000 -1.000000
vn 0.000000 0.000000 -1.000000
vn 0.000000 1.000000 -0.000005
vn 0.000000 1.000000 -0.000005
vn 0.000000 1.000000 -0.000005
vn 0.000000 1.000000 -0.000005
vn -0.000000 1.000000 -0.000001
vn -0.000000 1.000000 -0.000001
vn -0.000000 1.000000 -0.000001
vn -0.000000 1.000000 -0.000001
vn -0.080152 -0.996783 0.000068
vn -0.080152 -0.996783 0.000068
vn -0.080152 -0.996783 0.000068
vn 0.000833 -0.000001 1.000000
vn 0.000833 -0.000001 1.000000
vn 0.000833 -0.000001 1.000000
vn 0.000833 -0.000001 1.000000
vn -0.000251 -0.000000 -1.000000
vn -0.000251 -0.000000 -1.000000
vn -0.000251 -0.000000 -1.000000
vn -0.000251 -0.000000 -1.000000
vn 1.000000 0.000000 -0.000798
vn 1.000000 0.000000 -0.000798
vn 1.000000 0.000000 -0.000798
vn 1.000000 0.000000 -0.000798
vn -0.000222 0.000000 -1.000000
vn -0.000222 0.000000 -1.000000
vn -0.000222 0.000000 -1.000000
vn 1.000000 0.000000 -0.000794
vn 1.000000 0.000000 -0.000794
vn 1.000000 0.000000 -0.000794
vn 1.000000 0.000000 -0.000794
vn 0.000870 -0.000001 1.000000
vn 0.000870 -0.000001 1.000000
vn 0.000870 -0.000001 1.000000
vn -0.026897 -0.999637 -0.001309
vn -0.026897 -0.999637 -0.001309
vn -0.026897 -0.999637 -0.001309
vn -0.026897 -0.999637 -0.001309
vn 1.000000 0.000000 -0.000791
vn 1.000000 0.000000 -0.000791
vn 1.000000 0.000000 -0.000791
vn 1.000000 0.000000 -0.000791
vn 1.000000 0.000000 -0.000798
vn 1.000000 0.000000 -0.000798
vn 1.000000 0.000000 -0.000798
vn 1.000000 0.000000 -0.000798
vn 1.000000 0.000011 -0.000802
vn 1.000000 0.000011 -0.000802
vn 1.000000 0.000011 -0.000802
vn 1.000000 0.000011 -0.000802
vn 1.000000 0.000000 -0.000804
vn 1.000000 0.000000 -0.000804
vn 1.000000 0.000000 -0.000804
vn 1.000000 0.000000 -0.000757
vn 1.000000 0.000000 -0.000757
vn 1.000000 0.000000 -0.000757
vn 1.000000 0.000000 -0.000757
vn 1.000000 0.000000 -0.000793
vn 1.000000 0.000000 -0.000793
vn 1.000000 0.000000 -0.000793
vn 1.000000 0.000000 -0.000793
vn 1.000000 0.000000 -0.000841
vn 1.000000 0.000000 -0.000841
vn 1.000000 0.000000 -0.000841
vn 1.000000 0.000000 -0.000841
vn 1.000000 0.000000 -0.000793
vn 1.000000 0.000000 -0.000793
vn 1.000000 0.000000 -0.000793
vn 1.000000 0.000000 -0.000793
vn 1.000000 0.000000 -0.000850
vn 1.000000 0.000000 -0.000850
vn 1.000000 0.000000 -0.000850
vn 1.000000 0.000000 -0.000850
vn 1.000000 -0.000014 -0.000800
vn 1.000000 -0.000014 -0.000800
vn 1.000000 -0.000014 -0.000800
vn 1.000000 -0.000014 -0.000800
vn 1.000000 0.000000 -0.000815
vn 1.000000 0.000000 -0.000815
vn 1.000000 0.000000 -0.000815
vn 1.000000 0.000000 -0.000815
vn 1.000000 0.000055 -0.000804
vn 1.000000 0.000055 -0.000804
vn 1.000000 0.000055 -0.000804
vn 1.000000 0.000055 -0.000804
vn 1.000000 0.000000 -0.000842
vn 1.000000 0.000000 -0.000842
vn 1.000000 0.000000 -0.000842
vn 1.000000 0.000000 -0.000842
vn 1.000000 -0.000027 -0.000794
vn 1.000000 -0.000027 -0.000794
vn 1.000000 -0.000027 -0.000794
vn 1.000000 -0.000027 -0.000794
vn 1.000000 0.000000 -0.000779
vn 1.000000 0.000000 -0.000779
vn 1.000000 0.000000 -0.000779
vn 1.000000 0.000000 -0.000779
vn 1.000000 -0.000040 -0.000794
vn 1.000000 -0.000040 -0.000794
vn 1.000000 -0.000040 -0.000794
vn 1.000000 -0.000040 -0.000794
vn 0.000000 0.000000 1.000000
vn 0.000000 0.000000 1.000000
vn 0.000000 0.000000 1.000000
vn 0.000000 0.000000 1.000000
vn -0.000000 -1.000000 0.000001
vn -0.000000 -1.000000 0.000001
vn -0.000000 -1.000000 0.000001
vn -0.000000 -1.000000 0.000001
vn 0.000020 0.000000 -1.000000
vn 0.000020 0.000000 -1.000000
vn 0.000020 0.000000 -1.000000
vn 0.000020 0.000000 -1.000000
vn 0.000000 1.000000 0.000000
vn 0.000000 1.000000 0.000000
vn 0.000000 1.000000 0.000000
vn 0.000000 1.000000 0.000000
vn 0.000000 1.000000 -0.000001
vn 0.000000 1.000000 -0.000001
vn 0.000000 1.000000 -0.000001
vn 0.000000 1.000000 -0.000001
vn -0.000000 -1.000000 0.000001
vn -0.000000 -1.000000 0.000001
vn -0.000000 -1.000000 0.000001
vn -0.000000 -1.000000 0.000001
vn 0.000016 0.000000 -1.000000
vn 0.000016 0.000000 -1.000000
vn 0.000016 0.000000 -1.000000
vn 0.000016 0.000000 -1.000000
vn 0.000000 1.000000 -0.000001
vn 0.000000 1.000000 -0.000001
vn 0.000000 1.000000 -0.000001
vn 0.000000 1.000000 -0.000001
vn -0.000016 0.000000 1.000000
vn -0.000016 0.000000 1.000000
vn -0.000016 0.000000 1.000000
vn -0.000016 0.000000 1.000000
vn 0.000000 -1.000000 0.000001
vn 0.000000 -1.000000 0.000001
vn 0.000000 -1.000000 0.000001
vn 0.000000 -1.000000 0.000001
vn 0.000000 0.000000 1.000000
vn 0.000000 0.000000 1.000000
vn 0.000000 0.000000 1.000000
vn 0.000000 0.000000 1.000000
vn -0.000000 -1.000000 0.000001
vn -0.000000 -1.000000 0.000001
vn -0.000000 -1.000000 0.000001
vn -0.000000 -1.000000 0.000001
vn 0.000016 0.000000 -1.000000
vn 0.000016 0.000000 -1.000000
vn 0.000016 0.000000 -1.000000
vn 0.000016 0.000000 -1.000000
vn 0.000000 1.000000 -0.000005
vn 0.000000 1.000000 -0.000005
vn 0.000000 1.000000 -0.000005
vn 0.000000 1.000000 -0.000005
vn -0.000000 1.000000 -0.000001
vn -0.000000 1.000000 -0.000001
vn -0.000000 1.000000 -0.000001
vn -0.000000 1.000000 -0.000001
vn -0.080178 -0.996781 0.000068
vn -0.080178 -0.996781 0.000068
vn -0.080178 -0.996781 0.000068
vn 0.000830 -0.000001 1.000000
vn 0.000830 -0.000001 1.000000
vn 0.000830 -0.000001 1.000000
vn 0.000830 -0.000001 1.000000
vn -0.000246 -0.000000 -1.000000
vn -0.000246 -0.000000 -1.000000
vn -0.000246 -0.000000 -1.000000
vn -0.000246 -0.000000 -1.000000
vn 1.000000 0.000000 -0.000798
vn 1.000000 0.000000 -0.000798
vn 1.000000 0.000000 -0.000798
vn 1.000000 0.000000 -0.000798
vn -0.000235 0.000000 -1.000000
vn -0.000235 0.000000 -1.000000
vn -0.000235 0.000000 -1.000000
vn 1.000000 0.000000 -0.000794
vn 1.000000 0.000000 -0.000794
vn 1.000000 0.000000 -0.000794
vn 1.000000 0.000000 -0.000794
vn 0.000863 -0.000001 1.000000
vn 0.000863 -0.000001 1.000000
vn 0.000863 -0.000001 1.000000
vn -0.026897 -0.999637 -0.001309
vn -0.026897 -0.999637 -0.001309
vn -0.026897 -0.999637 -0.001309
vn -0.026897 -0.999637 -0.001309
vn 1.000000 0.000000 -0.000791
vn 1.000000 0.000000 -0.000791
vn 1.000000 0.000000 -0.000791
vn 1.000000 0.000000 -0.000791
vn 1.000000 0.000000 -0.000798
vn 1.000000 0.000000 -0.000798
vn 1.000000 0.000000 -0.000798
vn 1.000000 0.000000 -0.000798
vn 1.000000 0.000011 -0.000802
vn 1.000000 0.000011 -0.000802
vn 1.000000 0.000011 -0.000802
vn 1.000000 0.000011 -0.000802
vn 1.000000 0.000000 -0.000804
vn 1.000000 0.000000 -0.000804
vn 1.000000 0.000000 -0.000804
vn 1.000000 0.000000 -0.000757
vn 1.000000 0.000000 -0.000757
vn 1.000000 0.000000 -0.000757
vn 1.000000 0.000000 -0.000757
vn 1.000000 -0.000087 -0.000793
vn 1.000000 -0.000087 -0.000793
vn 1.000000 -0.000087 -0.000793
vn 1.000000 -0.000087 -0.000793
vn 1.000000 0.000000 -0.000841
vn 1.000000 0.000000 -0.000841
vn 1.000000 0.000000 -0.000841
vn 1.000000 0.000000 -0.000841
vn 1.000000 0.000000 -0.000793
vn 1.000000 0.000000 -0.000793
vn 1.000000 0.000000 -0.000793
vn 1.000000 0.000000 -0.000793
vn 1.000000 0.000000 -0.000850
vn 1.000000 0.000000 -0.000850
vn 1.000000 0.000000 -0.000850
vn 1.000000 0.000000 -0.000850
vn 1.000000 -0.000014 -0.000800
vn 1.000000 -0.000014 -0.000800
vn 1.000000 -0.000014 -0.000800
vn 1.000000 -0.000014 -0.000800
vn 1.000000 0.000000 -0.000815
vn 1.000000 0.000000 -0.000815
vn 1.000000 0.000000 -0.000815
vn 1.000000 0.000000 -0.000815
vn 1.000000 0.000055 -0.000804
vn 1.000000 0.000055 -0.000804
vn 1.000000 0.000055 -0.000804
vn 1.000000 0.000055 -0.000804
vn 1.000000 0.000000 -0.000842
vn 1.000000 0.000000 -0.000842
vn 1.000000 0.000000 -0.000842
vn 1.000000 0.000000 -0.000842
vn 1.000000 0.000040 -0.000794
vn 1.000000 0.000040 -0.000794
vn 1.000000 0.000040 -0.000794
vn 1.000000 0.000040 -0.000794
vn 1.000000 0.000000 -0.000779
vn 1.000000 0.000000 -0.000779
vn 1.000000 0.000000 -0.000779
vn 1.000000 0.000000 -0.000779
vn 1.000000 -0.000040 -0.000794
vn 1.000000 -0.000040 -0.000794
vn 1.000000 -0.000040 -0.000794
vn 1.000000 -0.000040 -0.000794
vn 0.000000 0.000000 1.000000
vn 0.000000 0.000000 1.000000
vn 0.000000 0.000000 1.000000
vn 0.000000 0.000000 1.000000
vn -0.000000 -1.000000 0.000001
vn -0.000000 -1.000000 0.000001
vn -0.000000 -1.000000 0.000001
vn -0.000000 -1.000000 0.000001
vn 0.000016 0.000000 -1.000000
vn 0.000016 0.000000 -1.000000
vn 0.000016 0.000000 -1.000000
vn 0.000016 0.000000 -1.000000
vn 0.000000 1.000000 0.000000
vn 0.000000 1.000000 0.000000
vn 0.000000 1.000000 0.000000
vn 0.000000 1.000000 0.000000
vn 0.000000 1.000000 -0.000001
vn 0.000000 1.000000 -0.000001
vn 0.000000 1.000000 -0.000001
vn 0.000000 1.000000 -0.000001
vn -0.000000 -1.000000 0.000001
vn -0.000000 -1.000000 0.000001
vn -0.000000 -1.000000 0.000001
vn -0.000000 -1.000000 0.000001
vn 0.000024 0.000000 -1.000000
vn 0.000024 0.000000 -1.000000
vn 0.000024 0.000000 -1.000000
vn 0.000024 0.000000 -1.000000
vn 0.000000 1.000000 -0.000001
vn 0.000000 1.000000 -0.000001
vn 0.000000 1.000000 -0.000001
vn 0.000000 1.000000 -0.000001
vn -0.000016 0.000000 1.000000
vn -0.000016 0.000000 1.000000
vn -0.000016 0.000000 1.000000
vn -0.000016 0.000000 1.000000
vn 0.000000 -1.000000 0.000001
vn 0.000000 -1.000000 0.000001
vn 0.000000 -1.000000 0.000001
vn 0.000000 -1.000000 0.000001
vn 0.000000 0.000000 1.000000
vn 0.000000 0.000000 1.000000
vn 0.000000 0.000000 1.000000
vn 0.000000 0.000000 1.000000
vn -0.000000 -1.000000 0.000001
vn -0.000000 -1.000000 0.000001
vn -0.000000 -1.000000 0.000001
vn -0.000000 -1.000000 0.000001
vn 0.000016 0.000000 -1.000000
vn 0.000016 0.000000 -1.000000
vn 0.000016 0.000000 -1.000000
vn 0.000016 0.000000 -1.000000
vn 0.000000 1.000000 -0.000005
vn 0.000000 1.000000 -0.000005
vn 0.000000 1.000000 -0.000005
vn 0.000000 1.000000 -0.000005
vn -0.000000 1.000000 -0.000001
vn -0.000000 1.000000 -0.000001
vn -0.000000 1.000000 -0.000001
vn -0.000000 1.000000 -0.000001
vn -0.057986 -0.998315 -0.002111
vn -0.057986 -0.998315 -0.002111
vn -0.057394 -0.998349 -0.002090
vn -0.005238 -0.999986 -0.000191
vn 0.000661 -0.000004 1.000000
vn 0.000661 -0.000004 1.000000
vn 0.000661 -0.000004 1.000000
vn 0.000661 -0.000004 1.000000
vn -0.000239 -0.000000 -1.000000
vn -0.000239 -0.000000 -1.000000
vn -0.000239 -0.000000 -1.000000
vn -0.000239 -0.000000 -1.000000
vn 1.000000 0.000000 -0.000798
vn 1.000000 0.000000 -0.000798
vn 1.000000 0.000000 -0.000798
vn 1.000000 0.000000 -0.000798
vn -0.000206 0.000001 -1.000000
vn -0.000206 0.000001 -1.000000
vn -0.000206 0.000001 -1.000000
vn 1.000000 0.000000 -0.000794
vn 1.000000 0.000000 -0.000794
vn 1.000000 0.000000 -0.000794
vn 1.000000 0.000000 -0.000794
vn 0.000835 -0.000002 1.000000
vn 0.000835 -0.000002 1.000000
vn 0.000835 -0.000002 1.000000
vn 0.000835 -0.000002 1.000000
vn 1.000000 0.000000 -0.000791
vn 1.000000 0.000000 -0.000791
vn 1.000000 0.000000 -0.000791
vn 1.000000 0.000000 -0.000791
vn 1.000000 0.000000 -0.000798
vn 1.000000 0.000000 -0.000798
vn 1.000000 0.000000 -0.000798
vn 1.000000 0.000000 -0.000798
vn 1.000000 0.000035 -0.000802
vn 1.000000 0.000035 -0.000802
vn 1.000000 0.000035 -0.000802
vn 1.000000 0.000035 -0.000802
vn 1.000000 0.000000 -0.000804
vn 1.000000 0.000000 -0.000804
vn 1.000000 0.000000 -0.000804
vn 1.000000 0.000009 -0.000757
vn 1.000000 0.000009 -0.000757
vn 1.000000 0.000009 -0.000757
vn 1.000000 0.000009 -0.000757
vn 1.000000 -0.000069 -0.000793
vn 1.000000 -0.000069 -0.000793
vn 1.000000 -0.000069 -0.000793
vn 1.000000 -0.000069 -0.000793
vn 1.000000 0.000000 -0.000841
vn 1.000000 0.000000 -0.000841
vn 1.000000 0.000000 -0.000841
vn 1.000000 0.000000 -0.000841
vn 1.000000 0.000062 -0.000793
vn 1.000000 0.000062 -0.000793
vn 1.000000 0.000062 -0.000793
vn 1.000000 0.000062 -0.000793
vn 1.000000 0.000000 -0.000850
vn 1.000000 0.000000 -0.000850
vn 1.000000 0.000000 -0.000850
vn 1.000000 0.000000 -0.000850
vn 1.000000 0.000065 -0.000800
vn 1.000000 0.000065 -0.000800
vn 1.000000 0.000065 -0.000800
vn 1.000000 0.000065 -0.000800
vn 1.000000 0.000006 -0.000815
vn 1.000000 0.000006 -0.000815
vn 1.000000 0.000006 -0.000815
vn 1.000000 0.000006 -0.000815
vn 1.000000 -0.000065 -0.000804
vn 1.000000 -0.000065 -0.000804
vn 1.000000 -0.000065 -0.000804
vn 1.000000 -0.000065 -0.000804
vn 1.000000 0.000000 -0.000842
vn 1.000000 0.000000 -0.000842
vn 1.000000 0.000000 -0.000842
vn 1.000000 0.000000 -0.000842
vn 1.000000 0.000021 -0.000794
vn 1.000000 0.000021 -0.000794
vn 1.000000 0.000021 -0.000794
vn 1.000000 0.000021 -0.000794
vn 1.000000 0.000000 -0.000779
vn 1.000000 0.000000 -0.000779
vn 1.000000 0.000000 -0.000779
vn 1.000000 0.000000 -0.000779
vn 1.000000 -0.000021 -0.000794
vn 1.000000 -0.000021 -0.000794
vn 1.000000 -0.000021 -0.000794
vn 1.000000 -0.000021 -0.000794
vn 0.000000 0.000000 1.000000
vn 0.000000 0.000000 1.000000
vn 0.000000 0.000000 1.000000
vn 0.000000 0.000000 1.000000
vn 0.000000 -1.000000 0.000001
vn 0.000000 -1.000000 0.000001
vn 0.000000 -1.000000 0.000001
vn 0.000000 -1.000000 0.000001
vn 0.000000 0.000000 -1.000000
vn 0.000000 0.000000 -1.000000
vn 0.000000 0.000000 -1.000000
vn 0.000000 0.000000 -1.000000
vn 0.000000 1.000000 0.000000
vn 0.000000 1.000000 0.000000
vn 0.000000 1.000000 0.000000
vn 0.000000 1.000000 0.000000
vn 0.000000 1.000000 -0.000002
vn 0.000000 1.000000 -0.000002
vn 0.000000 1.000000 -0.000002
vn 0.000000 1.000000 -0.000002
vn 0.000000 -1.000000 0.000003
vn 0.000000 -1.000000 0.000003
vn 0.000000 -1.000000 0.000003
vn 0.000000 -1.000000 0.000003
vn 0.000000 0.000000 -1.000000
vn 0.000000 0.000000 -1.000000
vn 0.000000 0.000000 -1.000000
vn 0.000000 0.000000 -1.000000
vn 0.000000 1.000000 -0.000001
vn 0.000000 1.000000 -0.000001
vn 0.000000 1.000000 -0.000001
vn 0.000000 1.000000 -0.000001
vn 0.000000 0.000000 1.000000
vn 0.000000 0.000000 1.000000
vn 0.000000 0.000000 1.000000
vn 0.000000 0.000000 1.000000
vn 0.000000 -1.000000 0.000000
vn 0.000000 -1.000000 0.000000
vn 0.000000 -1.000000 0.000000
vn 0.000000 -1.000000 0.000000
vn 0.000000 0.000000 1.000000
vn 0.000000 0.000000 1.000000
vn 0.000000 0.000000 1.000000
vn 0.000000 0.000000 1.000000
vn 0.000000 -1.000000 0.000001
vn 0.000000 -1.000000 0.000001
vn 0.000000 -1.000000 0.000001
vn 0.000000 -1.000000 0.000001
vn 0.000000 0.000000 -1.000000
vn 0.000000 0.000000 -1.000000
vn 0.000000 0.000000 -1.000000
vn 0.000000 0.000000 -1.000000
vn 0.000000 1.000000 -0.000006
vn 0.000000 1.000000 -0.000006
vn 0.000000 1.000000 -0.000006
vn 0.000000 1.000000 -0.000006
vn -0.000000 1.000000 -0.000001
vn -0.000000 1.000000 -0.000001
vn -0.000000 1.000000 -0.000001
vn -0.000000 1.000000 -0.000001
vn -0.101398 -0.994846 0.000083
vn -0.101398 -0.994846 0.000083
vn -0.101398 -0.994846 0.000083
vn 0.000724 -0.000002 1.000000
vn 0.000724 -0.000002 1.000000
vn 0.000724 -0.000002 1.000000
vn 0.000724 -0.000002 1.000000
vn -0.000504 0.000007 -1.000000
vn -0.000504 0.000007 -1.000000
vn -0.000504 0.000007 -1.000000
vn -0.000504 0.000007 -1.000000
vn 1.000000 0.000000 -0.000798
vn 1.000000 0.000000 -0.000798
vn 1.000000 0.000000 -0.000798
vn 1.000000 0.000000 -0.000798
vn -0.000485 -0.000013 -1.000000
vn -0.000485 -0.000013 -1.000000
vn -0.000485 -0.000013 -1.000000
vn -0.000485 -0.000013 -1.000000
vn 1.000000 0.000000 -0.000794
vn 1.000000 0.000000 -0.000794
vn 1.000000 0.000000 -0.000794
vn 1.000000 0.000000 -0.000794
vn 0.000835 -0.000002 1.000000
vn 0.000835 -0.000002 1.000000
vn 0.000835 -0.000002 1.000000
vn 0.000835 -0.000002 1.000000
vn -0.027640 -0.999616 -0.001825
vn -0.027640 -0.999616 -0.001825
vn -0.027640 -0.999616 -0.001825
vn -0.027640 -0.999616 -0.001825
vn 1.000000 0.000000 -0.000791
vn 1.000000 0.000000 -0.000791
vn 1.000000 0.000000 -0.000791
vn 1.000000 0.000000 -0.000791
vn 1.000000 0.000000 -0.000798
vn 1.000000 0.000000 -0.000798
vn 1.000000 0.000000 -0.000798
vn 1.000000 0.000000 -0.000798
vn 1.000000 -0.000009 -0.000802
vn 1.000000 -0.000009 -0.000802
vn 1.000000 -0.000009 -0.000802
vn 1.000000 -0.000009 -0.000802
vn 1.000000 0.000000 -0.000804
vn 1.000000 0.000000 -0.000804
vn 1.000000 0.000000 -0.000804
vn 1.000000 0.000000 -0.000757
vn 1.000000 0.000000 -0.000757
vn 1.000000 0.000000 -0.000757
vn 1.000000 0.000000 -0.000757
vn 1.000000 0.000000 -0.000793
vn 1.000000 0.000000 -0.000793
vn 1.000000 0.000000 -0.000793
vn 1.000000 0.000000 -0.000793
vn 1.000000 0.000000 -0.000841
vn 1.000000 0.000000 -0.000841
vn 1.000000 0.000000 -0.000841
vn 1.000000 0.000000 -0.000841
vn 1.000000 0.000050 -0.000793
vn 1.000000 0.000050 -0.000793
vn 1.000000 0.000050 -0.000793
vn 1.000000 0.000050 -0.000793
vn 1.000000 0.000000 -0.000850
vn 1.000000 0.000000 -0.000850
vn 1.000000 0.000000 -0.000850
vn 1.000000 0.000000 -0.000850
vn 1.000000 0.000054 -0.000800
vn 1.000000 0.000054 -0.000800
vn 1.000000 0.000054 -0.000800
vn 1.000000 0.000054 -0.000800
vn 1.000000 0.000000 -0.000815
vn 1.000000 0.000000 -0.000815
vn 1.000000 0.000000 -0.000815
vn 1.000000 0.000000 -0.000815
vn 1.000000 -0.000022 -0.000804
vn 1.000000 -0.000022 -0.000804
vn 1.000000 -0.000022 -0.000804
vn 1.000000 -0.000022 -0.000804
vn 1.000000 0.000000 -0.000842
vn 1.000000 0.000000 -0.000842
vn 1.000000 0.000000 -0.000842
vn 1.000000 0.000000 -0.000842
vn 1.000000 0.000095 -0.000794
vn 1.000000 0.000095 -0.000794
vn 1.000000 0.000095 -0.000794
vn 1.000000 0.000095 -0.000794
vn 1.000000 0.000000 -0.000779
vn 1.000000 0.000000 -0.000779
vn 1.000000 0.000000 -0.000779
vn 1.000000 0.000000 -0.000779
vn 1.000000 -0.000074 -0.000794
vn 1.000000 -0.000074 -0.000794
vn 1.000000 -0.000074 -0.000794
vn 1.000000 -0.000074 -0.000794
vn 0.000000 0.000000 1.000000
vn 0.000000 0.000000 1.000000
vn 0.000000 0.000000 1.000000
vn 0.000000 0.000000 1.000000
vn -0.000000 -1.000000 0.000001
vn -0.000000 -1.000000 0.000001
vn -0.000000 -1.000000 0.000001
vn -0.000000 -1.000000 0.000001
vn 0.000025 0.000000 -1.000000
vn 0.000025 0.000000 -1.000000
vn 0.000025 0.000000 -1.000000
vn 0.000025 0.000000 -1.000000
vn 0.000000 1.000000 0.000000
vn 0.000000 1.000000 0.000000
vn 0.000000 1.000000 0.000000
vn 0.000000 1.000000 0.000000
vn 0.000000 1.000000 -0.000002
vn 0.000000 1.000000 -0.000002
vn 0.000000 1.000000 -0.000002
vn 0.000000 1.000000 -0.000002
vn -0.000000 -1.000000 0.000003
vn -0.000000 -1.000000 0.000003
vn -0.000000 -1.000000 0.000003
vn -0.000000 -1.000000 0.000003
vn 0.000013 0.000000 -1.000000
vn 0.000013 0.000000 -1.000000
vn 0.000013 0.000000 -1.000000
vn 0.000013 0.000000 -1.000000
vn 0.000000 1.000000 -0.000001
vn 0.000000 1.000000 -0.000001
vn 0.000000 1.000000 -0.000001
vn 0.000000 1.000000 -0.000001
vn 0.000000 0.000000 1.000000
vn 0.000000 0.000000 1.000000
vn 0.000000 0.000000 1.000000
vn 0.000000 0.000000 1.000000
vn 0.000000 -1.000000 0.000000
vn 0.000000 -1.000000 0.000000
vn 0.000000 -1.000000 0.000000
vn 0.000000 -1.000000 0.000000
vn 0.000000 0.000000 1.000000
vn 0.000000 0.000000 1.000000
vn 0.000000 0.000000 1.000000
vn 0.000000 0.000000 1.000000
vn -0.000000 -1.000000 0.000001
vn -0.000000 -1.000000 0.000001
vn -0.000000 -1.000000 0.000001
vn -0.000000 -1.000000 0.000001
vn 0.000025 0.000000 -1.000000
vn 0.000025 0.000000 -1.000000
vn 0.000025 0.000000 -1.000000
vn 0.000025 0.000000 -1.000000
vn 0.000000 1.000000 -0.000006
vn 0.000000 1.000000 -0.000006
vn 0.000000 1.000000 -0.000006
vn 0.000000 1.000000 -0.000006
vn -0.000000 1.000000 -0.000001
vn -0.000000 1.000000 -0.000001
vn -0.000000 1.000000 -0.000001
vn -0.000000 1.000000 -0.000001
vn -0.101333 -0.994853 0.000083
vn -0.101333 -0.994853 0.000083
vn -0.101333 -0.994853 0.000083
vn 0.000773 -0.000001 1.000000
vn 0.000773 -0.000001 1.000000
vn 0.000773 -0.000001 1.000000
vn 0.000773 -0.000001 1.000000
vn -0.000252 -0.000000 -1.000000
vn -0.000252 -0.000000 -1.000000
vn -0.000252 -0.000000 -1.000000
vn -0.000252 -0.000000 -1.000000
vn 1.000000 0.000000 -0.000798
vn 1.000000 0.000000 -0.000798
vn 1.000000 0.000000 -0.000798
vn 1.000000 0.000000 -0.000798
vn -0.000229 0.000001 -1.000000
vn -0.000229 0.000001 -1.000000
vn -0.000229 0.000001 -1.000000
vn 1.000000 0.000000 -0.000794
vn 1.000000 0.000000 -0.000794
vn 1.000000 0.000000 -0.000794
vn 1.000000 0.000000 -0.000794
vn 0.000830 -0.000002 1.000000
vn 0.000830 -0.000002 1.000000
vn 0.000830 -0.000002 1.000000
vn 0.000830 -0.000002 1.000000
vn -0.029986 -0.999549 -0.001765
vn -0.029986 -0.999549 -0.001765
vn -0.029986 -0.999549 -0.001765
vn -0.029986 -0.999549 -0.001765
vn 1.000000 0.000000 -0.000791
vn 1.000000 0.000000 -0.000791
vn 1.000000 0.000000 -0.000791
vn 1.000000 0.000000 -0.000791
vn 1.000000 0.000000 -0.000798
vn 1.000000 0.000000 -0.000798
vn 1.000000 0.000000 -0.000798
vn 1.000000 0.000000 -0.000798
vn 1.000000 0.000000 -0.000802
vn 1.000000 0.000000 -0.000802
vn 1.000000 0.000000 -0.000802
vn 1.000000 0.000000 -0.000802
vn 1.000000 0.000149 -0.000804
vn 1.000000 0.000149 -0.000804
vn 1.000000 0.000149 -0.000804
vn 1.000000 0.000009 -0.000757
vn 1.000000 0.000009 -0.000757
vn 1.000000 0.000009 -0.000757
vn 1.000000 0.000009 -0.000757
vn 1.000000 0.000000 -0.000793
vn 1.000000 0.000000 -0.000793
vn 1.000000 0.000000 -0.000793
vn 1.000000 0.000000 -0.000793
vn 1.000000 0.000000 -0.000841
vn 1.000000 0.000000 -0.000841
vn 1.000000 0.000000 -0.000841
vn 1.000000 0.000000 -0.000841
vn 1.000000 0.000000 -0.000793
vn 1.000000 0.000000 -0.000793
vn 1.000000 0.000000 -0.000793
vn 1.000000 0.000000 -0.000793
vn 1.000000 0.000000 -0.000850
vn 1.000000 0.000000 -0.000850
vn 1.000000 0.000000 -0.000850
vn 1.000000 0.000000 -0.000850
vn 1.000000 -0.000032 -0.000800
vn 1.000000 -0.000032 -0.000800
vn 1.000000 -0.000032 -0.000800
vn 1.000000 -0.000032 -0.000800
vn 1.000000 0.000000 -0.000815
vn 1.000000 0.000000 -0.000815
vn 1.000000 0.000000 -0.000815
vn 1.000000 0.000000 -0.000815
vn 1.000000 -0.000032 -0.000804
vn 1.000000 -0.000032 -0.000804
vn 1.000000 -0.000032 -0.000804
vn 1.000000 -0.000032 -0.000804
vn 1.000000 0.000000 -0.000842
vn 1.000000 0.000000 -0.000842
vn 1.000000 0.000000 -0.000842
vn 1.000000 0.000000 -0.000842
vn 1.000000 0.000032 -0.000794
vn 1.000000 0.000032 -0.000794
vn 1.000000 0.000032 -0.000794
vn 1.000000 0.000032 -0.000794
vn 1.000000 0.000000 -0.000779
vn 1.000000 0.000000 -0.000779
vn 1.000000 0.000000 -0.000779
vn 1.000000 0.000000 -0.000779
vn 1.000000 0.000042 -0.000794
vn 1.000000 0.000042 -0.000794
vn 1.000000 0.000042 -0.000794
vn 1.000000 0.000042 -0.000794
vn 0.000000 0.000000 1.000000
vn 0.000000 0.000000 1.000000
vn 0.000000 0.000000 1.000000
vn 0.000000 0.000000 1.000000
vn 0.000000 -1.000000 0.000001
vn 0.000000 -1.000000 0.000001
vn 0.000000 -1.000000 0.000001
vn 0.000000 -1.000000 0.000001
vn 0.000000 0.000000 -1.000000
vn 0.000000 0.000000 -1.000000
vn 0.000000 0.000000 -1.000000
vn 0.000000 0.000000 -1.000000
vn 0.000000 1.000000 0.000000
vn 0.000000 1.000000 0.000000
vn 0.000000 1.000000 0.000000
vn 0.000000 1.000000 0.000000
vn 0.000000 1.000000 -0.000002
vn 0.000000 1.000000 -0.000002
vn 0.000000 1.000000 -0.000002
vn 0.000000 1.000000 -0.000002
vn -0.000000 -1.000000 0.000003
vn -0.000000 -1.000000 0.000003
vn -0.000000 -1.000000 0.000003
vn -0.000000 -1.000000 0.000003
vn 0.000000 0.000000 -1.000000
vn 0.000000 0.000000 -1.000000
vn 0.000000 0.000000 -1.000000
vn 0.000000 0.000000 -1.000000
vn 0.000000 1.000000 -0.000001
vn 0.000000 1.000000 -0.000001
vn 0.000000 1.000000 -0.000001
vn 0.000000 1.000000 -0.000001
vn -0.000016 0.000000 1.000000
vn -0.000016 0.000000 1.000000
vn -0.000016 0.000000 1.000000
vn -0.000016 0.000000 1.000000
vn 0.000000 -1.000000 0.000000
vn 0.000000 -1.000000 0.000000
vn 0.000000 -1.000000 0.000000
vn 0.000000 -1.000000 0.000000
vn 0.000000 0.000000 1.000000
vn 0.000000 0.000000 1.000000
vn 0.000000 0.000000 1.000000
vn 0.000000 0.000000 1.000000
vn -0.000000 -1.000000 0.000001
vn -0.000000 -1.000000 0.000001
vn -0.000000 -1.000000 0.000001
vn -0.000000 -1.000000 0.000001
vn 0.000018 0.000000 -1.000000
vn 0.000018 0.000000 -1.000000
vn 0.000018 0.000000 -1.000000
vn 0.000018 0.000000 -1.000000
vn 0.000000 1.000000 -0.000006
vn 0.000000 1.000000 -0.000006
vn 0.000000 1.000000 -0.000006
vn 0.000000 1.000000 -0.000006
vn -0.000000 1.000000 -0.000001
vn -0.000000 1.000000 -0.000001
vn -0.000000 1.000000 -0.000001
vn -0.000000 1.000000 -0.000001
vn -0.101366 -0.994849 0.000083
vn -0.101366 -0.994849 0.000083
vn -0.101366 -0.994849 0.000083
vn 0.000851 -0.000000 1.000000
vn 0.000851 -0.000000 1.000000
vn 0.000851 -0.000000 1.000000
vn 0.000851 -0.000000 1.000000
vn -0.000495 0.000007 -1.000000
vn -0.000495 0.000007 -1.000000
vn -0.000495 0.000007 -1.000000
vn -0.000495 0.000007 -1.000000
vn 1.000000 0.000000 -0.000798
vn 1.000000 0.000000 -0.000798
vn 1.000000 0.000000 -0.000798
vn 1.000000 0.000000 -0.000798
vn -0.000479 -0.000013 -1.000000
vn -0.000479 -0.000013 -1.000000
vn -0.000479 -0.000013 -1.000000
vn -0.000479 -0.000013 -1.000000
vn 1.000000 0.000000 -0.000785
vn 1.000000 0.000000 -0.000785
vn 1.000000 0.000000 -0.000785
vn 1.000000 0.000000 -0.000785
vn 0.000873 -0.000001 1.000000
vn 0.000873 -0.000001 1.000000
vn 0.000873 -0.000001 1.000000
vn -0.032740 -0.999463 -0.001694
vn -0.032740 -0.999463 -0.001694
vn -0.032740 -0.999462 -0.001694
vn -0.032740 -0.999463 -0.001694
vn 1.000000 0.000000 -0.000801
vn 1.000000 0.000000 -0.000801
vn 1.000000 0.000000 -0.000801
vn 1.000000 0.000000 -0.000801
vn 1.000000 0.000000 -0.000807
vn 1.000000 0.000000 -0.000807
vn 1.000000 0.000000 -0.000807
vn 1.000000 0.000000 -0.000807
vn 1.000000 0.000000 -0.000798
vn 1.000000 0.000000 -0.000798
vn 1.000000 0.000000 -0.000798
vn 1.000000 0.000000 -0.000798
vn 1.000000 0.000000 -0.000804
vn 1.000000 0.000000 -0.000804
vn 1.000000 0.000000 -0.000804
vn 1.000000 0.000000 -0.000727
vn 1.000000 0.000000 -0.000727
vn 1.000000 0.000000 -0.000727
vn 1.000000 0.000000 -0.000727
vn 1.000000 -0.000069 -0.000793
vn 1.000000 -0.000069 -0.000793
vn 1.000000 -0.000069 -0.000793
vn 1.000000 -0.000069 -0.000793
vn 1.000000 0.000000 -0.000841
vn 1.000000 0.000000 -0.000841
vn 1.000000 0.000000 -0.000841
vn 1.000000 0.000000 -0.000841
vn 1.000000 0.000056 -0.000793
vn 1.000000 0.000056 -0.000793
vn 1.000000 0.000056 -0.000793
vn 1.000000 0.000056 -0.000793
vn 1.000000 0.000000 -0.000850
vn 1.000000 0.000000 -0.000850
vn 1.000000 0.000000 -0.000850
vn 1.000000 0.000000 -0.000850
vn 1.000000 0.000086 -0.000795
vn 1.000000 0.000086 -0.000795
vn 1.000000 0.000086 -0.000795
vn 1.000000 0.000086 -0.000795
vn 1.000000 0.000006 -0.000779
vn 1.000000 0.000006 -0.000779
vn 1.000000 0.000006 -0.000779
vn 1.000000 0.000006 -0.000779
vn 1.000000 0.000000 -0.000804
vn 1.000000 0.000000 -0.000804
vn 1.000000 0.000000 -0.000804
vn 1.000000 0.000000 -0.000804
vn 1.000000 0.000000 -0.000842
vn 1.000000 0.000000 -0.000842
vn 1.000000 0.000000 -0.000842
vn 1.000000 0.000000 -0.000842
vn 1.000000 0.000000 -0.000789
vn 1.000000 0.000000 -0.000789
vn 1.000000 0.000000 -0.000789
vn 1.000000 0.000000 -0.000789
vn 1.000000 0.000000 -0.000850
vn 1.000000 0.000000 -0.000850
vn 1.000000 0.000000 -0.000850
vn 1.000000 0.000000 -0.000850
vn 1.000000 -0.000032 -0.000789
vn 1.000000 -0.000032 -0.000789
vn 1.000000 -0.000032 -0.000789
vn 1.000000 -0.000032 -0.000789
vn 0.000000 0.000000 1.000000
vn 0.000000 0.000000 1.000000
vn 0.000000 0.000000 1.000000
vn 0.000000 0.000000 1.000000
vn 0.000000 -1.000000 0.000001
vn 0.000000 -1.000000 0.000001
vn 0.000000 -1.000000 0.000001
vn 0.000000 -1.000000 0.000001
vn 0.000000 0.000000 -1.000000
vn 0.000000 0.000000 -1.000000
vn 0.000000 0.000000 -1.000000
vn 0.000000 0.000000 -1.000000
vn 0.000000 1.000000 0.000000
vn 0.000000 1.000000 0.000000
vn 0.000000 1.000000 0.000000
vn 0.000000 1.000000 0.000000
vn 0.000000 1.000000 -0.000002
vn 0.000000 1.000000 -0.000002
vn 0.000000 1.000000 -0.000002
vn 0.000000 1.000000 -0.000002
vn -0.000000 -1.000000 0.000003
vn -0.000000 -1.000000 0.000003
vn -0.000000 -1.000000 0.000003
vn -0.000000 -1.000000 0.000003
vn 0.000026 0.000000 -1.000000
vn 0.000026 0.000000 -1.000000
vn 0.000026 0.000000 -1.000000
vn 0.000026 0.000000 -1.000000
vn 0.000000 1.000000 -0.000001
vn 0.000000 1.000000 -0.000001
vn 0.000000 1.000000 -0.000001
vn 0.000000 1.000000 -0.000001
vn -0.000026 0.000000 1.000000
vn -0.000026 0.000000 1.000000
vn -0.000026 0.000000 1.000000
vn -0.000026 0.000000 1.000000
vn 0.000000 -1.000000 0.000000
vn 0.000000 -1.000000 0.000000
vn 0.000000 -1.000000 0.000000
vn 0.000000 -1.000000 0.000000
vn 0.000000 0.000000 1.000000
vn 0.000000 0.000000 1.000000
vn 0.000000 0.000000 1.000000
vn 0.000000 0.000000 1.000000
vn 0.000000 -1.000000 0.000001
vn 0.000000 -1.000000 0.000001
vn 0.000000 -1.000000 0.000001
vn 0.000000 -1.000000 0.000001
vn 0.000000 0.000000 -1.000000
vn 0.000000 0.000000 -1.000000
vn 0.000000 0.000000 -1.000000
vn 0.000000 0.000000 -1.000000
vn 0.000000 1.000000 -0.000006
vn 0.000000 1.000000 -0.000006
vn 0.000000 1.000000 -0.000006
vn 0.000000 1.000000 -0.000006
vn 0.000000 0.000000 1.000000
vn 0.000000 0.000000 1.000000
vn 0.000000 0.000000 1.000000
vn 0.000000 0.000000 1.000000
vn 1.000000 0.000000 0.000000
vn 1.000000 0.000000 0.000000
vn 1.000000 0.000000 0.000000
vn 1.000000 0.000000 0.000000
vn -1.000000 0.000016 0.000001
vn -1.000000 0.000031 0.000000
vn -1.000000 0.000066 0.000000
vn -1.000000 0.000033 0.000001
vn 0.000001 0.000000 1.000000
vn 0.000000 0.000000 1.000000
vn 0.000003 0.000000 1.000000
vn 0.000003 0.000000 1.000000
vn 1.000000 0.000000 0.000000
vn 1.000000 0.000000 0.000000
vn 1.000000 0.000000 0.000000
vn 1.000000 0.000000 0.000000
vn -0.999995 0.000000 -0.003107
vn -0.999995 0.000000 -0.003107
vn -0.999995 0.000000 -0.003107
vn -0.999995 0.000000 -0.003107
vn 0.000000 0.000000 1.000000
vn 0.000000 0.000000 1.000000
vn 0.000000 0.000000 1.000000
vn 0.000000 0.000000 1.000000
vn 0.361632 0.932321 0.000000
vn 0.361631 0.932321 0.000000
vn 0.361631 0.932321 0.000000
vn 0.361632 0.932321 0.000000
vn -0.362185 0.932106 -0.000565
vn -0.362169 0.932113 -0.000565
vn -0.361904 0.932215 -0.000565
vn -0.361904 0.932215 -0.000565
vn 1.000000 0.000000 0.000000
vn 1.000000 0.000000 0.000000
vn 1.000000 0.000000 0.000000
vn 1.000000 0.000000 0.000000
vn -1.000000 0.000000 0.000000
vn -1.000000 0.000000 0.000000
vn -1.000000 0.000000 0.000000
vn -1.000000 0.000000 0.000000
vn 0.000000 0.000000 1.000000
vn 0.000000 0.000000 1.000000
vn 0.000000 0.000000 1.000000
vn 1.000000 0.000029 0.000000
vn 1.000000 0.000029 0.000000
vn 1.000000 0.000029 0.000000
vn 1.000000 0.000029 0.000000
vn -1.000000 0.000000 0.000000
vn -1.000000 0.000000 0.000000
vn -1.000000 0.000000 0.000000
vn -1.000000 0.000000 0.000000
vn 0.000000 0.000000 1.000000
vn 0.000000 0.000000 1.000000
vn 0.000000 0.000000 1.000000
vn 0.000000 0.000000 1.000000
vn -0.719293 0.694706 -0.000001
vn -0.719293 0.694706 -0.000001
vn -0.719293 0.694706 -0.000001
vn -0.719293 0.694706 -0.000001
vn -0.999961 -0.008467 0.002686
vn -0.999970 -0.007487 0.001964
vn -0.999992 -0.003537 0.001964
vn -0.999988 -0.004006 0.002686
vn 0.999998 -0.000580 0.001799
vn 0.999996 -0.002137 0.001663
vn 0.999991 -0.003962 0.001749
vn 0.999996 -0.000782 0.002611
vn 0.000000 0.000000 1.000000
vn 0.000000 -0.000000 1.000000
vn 0.000000 0.000000 1.000000
vn 0.000000 0.000000 1.000000
vn 0.000000 -1.000000 0.000000
vn 0.000000 -1.000000 0.000000
vn 0.000000 -1.000000 0.000000
vn 0.000000 -1.000000 0.000000
vn 0.000000 -1.000000 0.000000
vn 0.000000 -1.000000 0.000000
vn 0.000000 -1.000000 0.000000
vn 0.000000 -1.000000 0.000000
vn 0.000000 0.000000 1.000000
vn 0.000000 0.000000 1.000000
vn 0.000000 0.000000 1.000000
vn 0.000000 0.000000 1.000000
vn 0.000000 0.000000 1.000000
vn 0.000000 0.000000 1.000000
vn 0.000000 0.000000 1.000000
vn 0.000000 0.000000 1.000000
vn 0.000000 0.000000 1.000000
vn 0.000000 0.000000 1.000000
vn 0.000000 -1.000000 0.000000
vn 0.000000 -1.000000 0.000000
vn 0.000000 -1.000000 0.000000
vn 0.743876 -0.667927 0.022842
vn 0.743876 -0.667927 0.022842
vn 0.743876 -0.667927 0.022842
vn 0.743876 -0.667927 0.022842
vn -0.745917 -0.665949 -0.010923
vn -0.745917 -0.665949 -0.010923
vn -0.745917 -0.665949 -0.010923
vn -0.745917 -0.665949 -0.010923
vn -0.000001 -1.000000 -0.000001
vn -0.000001 -1.000000 -0.000001
vn -0.000001 -1.000000 -0.000001
vn 0.719294 0.694706 -0.000001
vn 0.719294 0.694706 -0.000001
vn 0.719294 0.694706 -0.000001
vn 0.719294 0.694706 -0.000001
vn 0.000000 -1.000000 0.000002
vn 0.000000 -1.000000 0.000001
vn 0.000000 -1.000000 0.000002
vn 0.000000 -1.000000 -0.000000
vn 0.000000 -1.000000 -0.000000
vn 0.000000 -1.000000 0.000000
vn 0.000000 -1.000000 -0.000000
vn 0.000000 -1.000000 -0.000000
vn 0.000000 0.000000 1.000000
vn 0.000000 0.000000 1.000000
vn 0.000000 0.000000 1.000000
vn 0.000000 1.000000 0.000000
vn 0.000000 1.000000 0.000000
vn 0.000000 1.000000 0.000000
vn 0.000000 1.000000 0.000000
vn 0.000000 0.000000 1.000000
vn 0.000000 0.000000 1.000000
vn 0.000000 0.000000 1.000000
vn 0.000000 0.000000 1.000000
vn -0.000003 0.000000 1.000000
vn -0.000000 0.000000 1.000000
vn -0.000001 0.000000 1.000000
vn -0.000003 0.000000 1.000000
vn 0.000001 0.000000 1.000000
vn 0.000001 0.000000 1.000000
vn 0.000001 0.000000 1.000000
vn 0.000001 0.000000 1.000000
vn 0.000000 0.000000 1.000000
vn 0.000000 0.000000 1.000000
vn 0.000000 0.000000 1.000000
vn 0.000000 0.000000 1.000000
vn 0.000000 0.000000 1.000000
vn 0.000000 0.000000 1.000000
vn 0.000000 -1.000000 0.000000
vn 0.000000 -1.000000 0.000000
vn 0.000000 -1.000000 0.000000
vn 0.357817 -0.933792 0.000000
vn 0.357817 -0.933792 0.000000
vn 0.357817 -0.933792 0.000000
vn 0.357817 -0.933792 0.000000
vn 1.000000 0.000000 0.000000
vn 1.000000 0.000000 0.000000
vn 1.000000 0.000000 0.000000
vn 1.000000 0.000000 0.000000
vn -0.361628 0.932322 0.000000
vn -0.361628 0.932322 0.000000
vn -0.361628 0.932322 0.000000
vn -0.365981 -0.930622 0.000000
vn -0.365981 -0.930622 0.000000
vn -0.365981 -0.930622 0.000000
vn -0.365981 -0.930622 0.000000
vn 0.000000 -1.000000 0.000000
vn 0.000000 -1.000000 0.000000
vn 0.000000 -1.000000 0.000000
vn 0.361628 0.932322 0.000000
vn 0.361628 0.932322 0.000000
vn 0.361628 0.932322 0.000000
vn -1.000000 0.000000 0.000000
vn -1.000000 0.000000 0.000000
vn -1.000000 0.000000 0.000000
vn -1.000000 0.000000 0.000000
vn 0.000000 0.000000 1.000000
vn 0.000000 0.000000 1.000000
vn 0.000000 0.000000 1.000000
vn 0.000000 0.000000 1.000000
vn 0.000000 0.000000 1.000000
vn 0.000000 -0.000000 1.000000
vn 0.000000 0.000000 1.000000
vn 0.000000 0.000000 1.000000
vn 0.000000 -1.000000 -0.000002
vn 0.000000 -1.000000 -0.000002
vn 0.000000 -1.000000 -0.000002
vn 0.000000 -1.000000 -0.000002
vn 0.000000 0.000000 1.000000
vn 0.000000 0.000000 1.000000
vn 0.000000 0.000000 1.000000
vn 0.000000 1.000000 0.000000
vn 0.000000 1.000000 0.000000
vn 0.000000 1.000000 0.000000
vn 0.000000 1.000000 0.000000
vn 0.000000 0.000000 1.000000
vn 0.000000 0.000000 1.000000
vn 0.000000 0.000000 1.000000
vn 0.000000 0.000000 1.000000
vn 0.000000 0.000000 1.000000
vn 0.000000 0.000000 1.000000
vn 0.000000 0.000000 1.000000
vn 0.000000 0.000000 1.000000
vn 0.000000 0.000000 1.000000
vn 0.000000 0.000000 1.000000
vn 0.000000 0.000000 1.000000
vn 0.011518 0.000000 0.999934
vn 0.011518 0.000000 0.999934
vn 0.000000 0.000000 1.000000
vn 0.011516 0.000000 0.999934
vn 0.011516 -0.000000 0.999934
vn 0.000000 -0.000000 1.000000
vn 0.000000 0.000000 1.000000
vn 0.000000 -1.000000 -0.000003
vn 0.000000 -1.000000 0.000000
vn 0.000000 -1.000000 0.000000
vn 0.000000 -1.000000 -0.000009
vn 0.000000 1.000000 0.000000
vn 0.000000 1.000000 0.000000
vn 0.000000 1.000000 0.000000
vn 0.000000 1.000000 0.000000
vn 0.022542 0.000000 0.999746
vn 0.022542 0.000000 0.999746
vn 0.022542 0.000000 0.999746
vn 0.022542 0.000000 0.999746
vn 0.011518 0.000000 0.999934
vn 0.011518 0.000000 0.999934
vn 0.000000 0.000000 1.000000
vn 0.000000 0.000000 1.000000
vn 0.000000 -1.000000 -0.000002
vn 0.000000 -1.000000 -0.000010
vn 0.000000 0.000000 1.000000
vn 0.000000 0.000000 1.000000
vn 0.000000 0.000000 1.000000
vn 0.000000 0.000000 1.000000
vn 0.000000 0.000000 1.000000
vn 0.000000 0.000000 1.000000
vn 0.000000 0.000000 1.000000
vn 0.000000 0.000000 1.000000
vn 0.000000 0.000000 1.000000
vn 0.000000 0.000000 1.000000
vn 0.000000 -1.000000 0.000000
vn 0.000000 -1.000000 0.000001
vn 0.000000 -1.000000 0.000001
vn 0.000000 -1.000000 0.000000
vn 0.000000 0.000000 1.000000
vn 0.000000 0.000000 1.000000
vn 0.000000 0.000000 1.000000
vn 0.000000 0.000000 1.000000
vn 0.000000 1.000000 0.000000
vn 0.000000 1.000000 0.000000
vn 0.000000 1.000000 0.000001
vn 0.000000 1.000000 0.000001
vn 0.000000 0.000000 1.000000
vn 0.000000 0.000000 1.000000
vn 0.000000 0.000000 1.000000
vn 0.000000 0.000000 1.000000
vn 0.000000 -1.000000 0.000000
vn 0.000000 -1.000000 0.000000
vn 0.000000 -1.000000 0.000000
vn 0.000000 -1.000000 0.000000
vn 0.000000 0.000000 1.000000
vn 0.000000 0.000000 1.000000
vn 0.000000 0.000000 1.000000
vn 0.000000 0.000000 1.000000
vn 0.000000 -1.000000 0.000000
vn 0.000000 -1.000000 -0.000003
vn 0.000000 -1.000000 -0.000001
vn 0.000000 -1.000000 -0.000004
vn 0.000000 0.000000 1.000000
vn 0.000000 -0.000000 1.000000
vn 0.000000 -0.000000 1.000000
vn 0.000000 0.000000 1.000000
vn 0.000000 0.000000 1.000000
vn 0.000000 0.000000 1.000000
vn 0.000000 0.000000 1.000000
vn 0.000000 0.000000 1.000000
vn 0.000000 0.000000 1.000000
vn 0.000000 0.000000 1.000000
vn 0.000000 0.000000 1.000000
vn 0.000000 0.000000 1.000000
vn 0.000000 0.000000 1.000000
vn 0.000000 -0.000000 1.000000
vn 0.000000 -1.000000 0.000000
vn 0.000000 -1.000000 0.000000
vn 0.000000 0.000000 1.000000
vn 0.000000 0.000000 1.000000
vn 0.000000 1.000000 0.000000
vn 0.000000 1.000000 0.000000
vn 0.000000 1.000000 0.000000
vn 0.000000 1.000000 0.000000
vn 0.000000 0.000000 1.000000
vn 0.000000 0.000000 1.000000
vn 0.000000 0.000000 1.000000
vn 0.000000 0.000000 1.000000
vn 0.000000 0.000000 1.000000
vn 0.000000 0.000000 1.000000
vn 0.000000 0.000000 1.000000
vn 0.000000 0.000000 1.000000
vn 0.000000 0.000000 1.000000
vn 0.000000 0.000000 1.000000
vn 0.000000 1.000000 0.000000
vn 0.000000 1.000000 0.000000
vn 0.000000 1.000000 0.000000
vn 0.000000 1.000000 0.000000
vn 0.000000 1.000000 -0.000000
vn 0.000000 1.000000 -0.000000
vn 0.000000 1.000000 -0.000000
vn 0.000000 1.000000 -0.000000
vn 0.999711 0.000000 0.024033
vn 0.999711 0.000000 0.024033
vn 0.999766 0.000000 0.021631
vn 0.999766 0.000000 0.021631
vn 0.000000 1.000000 0.000000
vn 0.000000 1.000000 0.000000
vn 0.000000 1.000000 0.000000
vn 0.000000 1.000000 0.000000
vn 0.000000 1.000000 0.000000
vn 0.000000 1.000000 0.000000
vn 0.000000 1.000000 0.000000
vn 0.000000 1.000000 0.000000
vn -0.999829 -0.000075 0.018511
vn -0.999829 -0.000038 0.018512
vn -0.999789 -0.000039 0.020568
vn -0.999788 -0.000079 0.020567
vn 0.000000 1.000000 0.000000
vn 0.000000 1.000000 0.000000
vn 0.000000 1.000000 0.000000
vn 0.000000 1.000000 0.000000
vn 1.000000 0.000000 0.000000
vn 1.000000 0.000000 0.000000
vn 1.000000 0.000000 0.000000
vn 1.000000 0.000000 0.000000
vn 0.000000 0.000000 1.000000
vn 0.000000 0.000000 1.000000
vn 0.000000 0.000000 1.000000
vn 0.000000 0.000000 1.000000
vn 0.999768 0.000000 0.021528
vn 0.999768 0.000000 0.021528
vn 0.999711 0.000000 0.024034
vn 0.999711 0.000000 0.024034
vn 0.000000 0.000000 1.000000
vn 0.000000 0.000000 1.000000
vn 0.000000 0.000000 1.000000
vn 0.000000 0.000000 1.000000
vn 0.000000 0.000000 1.000000
vn 0.000000 0.000000 1.000000
vn 0.000000 0.000000 1.000000
vn 0.000000 0.000000 1.000000
vn 0.011518 0.000000 0.999934
vn 0.011518 0.000000 0.999934
vn -0.000000 0.000000 1.000000
vn -0.000000 0.000000 1.000000
vn 0.000000 0.000000 1.000000
vn 0.000000 0.000000 1.000000
vn -0.000001 0.000000 1.000000
vn -0.000000 0.000000 1.000000
vn -0.999789 0.000000 0.020563
vn -0.999789 0.000000 0.020563
vn -0.999830 0.000000 0.018419
vn -0.999830 0.000000 0.018419
vn 0.000000 0.000000 1.000000
vn 0.000000 0.000000 1.000000
vn 0.000000 0.000000 1.000000
vn 0.000000 0.000000 1.000000
vn -1.000000 0.000000 0.000000
vn -1.000000 0.000000 0.000000
vn -1.000000 0.000000 0.000001
vn -1.000000 0.000000 0.000001
vn -1.000000 0.000000 0.000001
vn -1.000000 0.000000 0.000001
vn -1.000000 0.000000 0.000001
vn -1.000000 0.000000 0.000001
vn 0.000000 0.000000 1.000000
vn 0.000000 0.000000 1.000000
vn 0.000000 0.000000 1.000000
vn 0.000000 0.000000 1.000000
vn -0.999829 0.000000 0.018513
vn -0.999829 0.000000 0.018513
vn -0.999788 0.000000 0.020569
vn -0.999789 0.000000 0.020569
vn 0.000000 0.000000 1.000000
vn 0.000000 0.000000 1.000000
vn 0.000000 0.000000 1.000000
vn 0.000000 0.000000 1.000000
vn 0.000000 0.000000 1.000000
vn 0.000000 0.000000 1.000000
vn 0.011518 0.000000 0.999934
vn 0.000000 0.000000 1.000000
vn 0.000000 0.000000 1.000000
vn 0.000000 0.000000 1.000000
vn 0.000000 0.000000 1.000000
vn 0.000000 0.000000 1.000000
vn 0.000000 0.000000 1.000000
vn 0.000000 0.000000 1.000000
vn 0.999766 0.000000 0.021631
vn 0.999766 0.000000 0.021631
vn 0.999711 0.000000 0.024033
vn 0.999711 0.000000 0.024033
vn 0.000000 0.000000 1.000000
vn 0.000000 0.000000 1.000000
vn 0.000000 0.000000 1.000000
vn 0.000000 0.000000 1.000000
vn 1.000000 0.000000 0.000000
vn 1.000000 0.000000 0.000000
vn 1.000000 0.000000 0.000000
vn 1.000000 0.000000 0.000000
vn 0.000000 0.000000 1.000000
vn 0.000000 0.000000 1.000000
vn 0.000000 0.000000 1.000000
vn 0.000000 0.000000 1.000000
vn 0.000000 0.000000 1.000000
vn 0.000000 0.000000 1.000000
vn 0.000000 0.000000 1.000000
vn 0.000000 0.000000 1.000000
vn -1.000000 0.000000 0.000000
vn -1.000000 0.000000 0.000000
vn -1.000000 0.000000 0.000000
vn -1.000000 0.000000 0.000000
vn 1.000000 0.000000 0.000000
vn 1.000000 0.000000 0.000000
vn 1.000000 0.000000 0.000000
vn 1.000000 0.000000 0.000000
vn 0.000000 1.000000 0.000000
vn 0.000000 1.000000 0.000000
vn 0.000000 1.000000 0.000000
vn 0.000000 1.000000 0.000000
vn -1.000000 0.000000 0.000000
vn -1.000000 0.000000 0.000000
vn -1.000000 0.000000 0.000000
vn -1.000000 0.000000 0.000000
vn 1.000000 0.000000 0.000000
vn 1.000000 0.000000 0.000000
vn 1.000000 0.000000 0.000000
vn 1.000000 0.000000 0.000000
vn -1.000000 0.000000 0.000000
vn -1.000000 0.000000 0.000000
vn -1.000000 0.000000 0.000000
vn -1.000000 0.000000 0.000000
vn 1.000000 0.000000 0.000000
vn 1.000000 0.000000 0.000000
vn 1.000000 0.000000 0.000000
vn 1.000000 0.000000 0.000000
vn -1.000000 0.000000 0.000000
vn -1.000000 0.000000 0.000000
vn -1.000000 0.000000 0.000000
vn -1.000000 0.000000 0.000000
vn 1.000000 0.000000 0.000000
vn 1.000000 0.000000 0.000000
vn 1.000000 0.000000 0.000000
vn 1.000000 0.000000 0.000000
vn 0.000000 1.000000 0.000000
vn 0.000000 1.000000 0.000000
vn 0.000000 1.000000 0.000000
vn 0.000000 1.000000 0.000000
vn -1.000000 0.000000 0.000000
vn -1.000000 0.000000 0.000000
vn -1.000000 0.000000 0.000000
vn -1.000000 0.000000 0.000000
vn 1.000000 0.000000 0.000000
vn 1.000000 0.000000 0.000000
vn 1.000000 0.000000 0.000000
vn 1.000000 0.000000 0.000000
vn -1.000000 0.000000 0.000000
vn -1.000000 0.000000 0.000000
vn -1.000000 0.000000 0.000000
vn -1.000000 0.000000 0.000000
vn 1.000000 0.000000 0.000000
vn 1.000000 0.000000 0.000000
vn 1.000000 0.000000 0.000000
vn 1.000000 0.000000 0.000000
vn -1.000000 0.000000 0.000000
vn -1.000000 0.000000 0.000000
vn -1.000000 0.000000 0.000000
vn -1.000000 0.000000 0.000000
vn 1.000000 0.000000 0.000000
vn 1.000000 0.000000 0.000000
vn 1.000000 0.000000 0.000000
vn 1.000000 0.000000 0.000000
vn 0.000000 1.000000 0.000000
vn 0.000000 1.000000 0.000000
vn 0.000000 1.000000 0.000000
vn 0.000000 1.000000 0.000000
vn -1.000000 0.000000 0.000000
vn -1.000000 0.000000 0.000000
vn -1.000000 0.000000 0.000000
vn -1.000000 0.000000 0.000000
vn 1.000000 0.000000 0.000000
vn 1.000000 0.000000 0.000000
vn 1.000000 0.000000 0.000000
vn 1.000000 0.000000 0.000000
vn -1.000000 0.000000 0.000000
vn -1.000000 0.000000 0.000000
vn -1.000000 0.000000 0.000000
vn -1.000000 0.000000 0.000000
vn 1.000000 0.000000 0.000000
vn 1.000000 0.000000 0.000000
vn 1.000000 0.000000 0.000000
vn 1.000000 0.000000 0.000000
vn 0.000000 1.000000 0.000000
vn 0.000000 1.000000 0.000000
vn 0.000000 1.000000 0.000000
vn 0.000000 1.000000 0.000000
vn -1.000000 0.000000 0.000000
vn -1.000000 0.000000 0.000000
vn -1.000000 0.000000 0.000000
vn -1.000000 0.000000 0.000000
vn 1.000000 0.000000 0.000000
vn 1.000000 0.000000 0.000000
vn 1.000000 0.000000 0.000000
vn 1.000000 0.000000 0.000000
vn 0.000000 1.000000 0.000000
vn 0.000000 1.000000 0.000000
vn 0.000000 1.000000 0.000000
vn 0.000000 1.000000 0.000000
vn -1.000000 0.000000 0.000000
vn -1.000000 0.000000 0.000000
vn -1.000000 0.000000 0.000000
vn -1.000000 0.000000 0.000000
vn 1.000000 0.000000 0.000000
vn 1.000000 0.000000 0.000000
vn 1.000000 0.000000 0.000000
vn 1.000000 0.000000 0.000000
vn 0.000000 1.000000 0.000000
vn 0.000000 1.000000 0.000000
vn 0.000000 1.000000 0.000000
vn 0.000000 1.000000 0.000000
vn -1.000000 0.000000 0.000000
vn -1.000000 0.000000 0.000000
vn -1.000000 0.000000 0.000000
vn -1.000000 0.000000 0.000000
vn 1.000000 0.000000 0.000000
vn 1.000000 0.000000 0.000000
vn 1.000000 0.000000 0.000000
vn 1.000000 0.000000 0.000000
vn 0.000000 1.000000 0.000000
vn 0.000000 1.000000 0.000000
vn 1.000000 0.000000 0.000000
vn 1.000000 0.000000 0.000000
vn 1.000000 0.000000 0.000000
vn 1.000000 0.000000 0.000000
vn 1.000000 0.000000 0.000000
vn 1.000000 0.000000 0.000000
vn -1.000000 -0.000022 0.000000
vn -1.000000 -0.000044 0.000000
vn -1.000000 0.000000 0.000000
vn -1.000000 0.000000 0.000000
vn -1.000000 0.000000 0.000023
vn -1.000000 0.000000 0.000023
vn 0.000000 1.000000 0.000000
vn 0.000000 1.000000 0.000000
vn 0.000000 1.000000 0.000000
vn 0.000000 1.000000 0.000000
vn 0.000000 1.000000 0.000000
vn 0.000000 1.000000 0.000000
vn 0.000000 1.000000 -0.000002
vn 0.000000 1.000000 0.000000
vn 0.000000 0.000000 1.000000
vn 0.000000 0.000000 1.000000
vn 0.000000 -1.000000 -0.000002
vn 0.000000 -1.000000 0.000000
vn 0.000000 -0.000000 1.000000
vn 0.000000 0.000000 1.000000
vn 0.000000 1.000000 0.000000
vn 0.000000 1.000000 0.000000
vn 0.000000 1.000000 0.000000
vn 0.000000 1.000000 0.000000
vn 0.000000 0.000000 1.000000
vn 0.000001 0.000000 1.000000
vn 0.000000 0.000000 1.000000
vn 0.000000 0.000000 1.000000
vn 0.000000 0.000000 1.000000
vn 0.000000 0.000000 1.000000
vn 0.000000 0.000000 1.000000
vn 0.000000 0.000000 1.000000
vn 0.000000 0.000000 1.000000
vn 0.000000 1.000000 0.000000
vn 0.000000 1.000000 0.000000
vn 0.000000 0.000000 1.000000
vn 0.000000 0.000000 1.000000
vn 0.000000 -1.000000 0.000001
vn 0.000000 -1.000000 0.000007
vn 0.000000 0.000000 1.000000
vn 0.000000 1.000000 0.000000
vn 0.000000 1.000000 0.000000
vn 0.000000 1.000000 0.000000
vn 0.000000 1.000000 0.000000
vn 0.000000 0.000000 1.000000
vn 0.000000 0.000000 1.000000
vn 0.000000 0.000000 1.000000
vn 0.000000 0.000000 1.000000
vn 0.000000 0.000000 1.000000
vn -0.999976 -0.006955 0.000448
vn -0.999976 -0.006947 0.000403
vn -0.999995 -0.003282 0.000403
vn -0.999995 -0.003282 0.000448
vn 0.000000 -0.000000 1.000000
vn 0.000000 -0.000000 1.000000
vn 0.000000 -0.000000 1.000000
vn 0.000000 -0.000000 1.000000
vn 0.000000 -0.000000 1.000000
vn 0.000000 -0.000000 1.000000
vn 0.000000 0.000000 1.000000
vn 0.000000 0.000000 1.000000
vn 0.011516 -0.000000 0.999934
vn 0.000000 -0.000000 1.000000
vn 0.000000 -0.000000 1.000000
vn 0.000000 -0.000000 1.000000
vn 0.000000 -0.000000 1.000000
vn 0.000000 -0.000000 1.000000
vn 0.000000 -0.000000 1.000000
vn 0.000000 -0.000000 1.000000
vn 0.000000 -0.000000 1.000000
vn 0.000000 -0.000000 1.000000
vn 1.000000 -0.000557 0.000403
vn 0.999999 -0.001180 0.000402
vn 0.999999 -0.001009 0.000426
vn 1.000000 -0.000566 0.000441
vn 1.000000 0.000000 0.000000
vn 1.000000 0.000000 0.000000
vn 0.000000 0.000000 1.000000
vn 0.000000 0.000000 1.000000
vn 0.002323 0.004286 0.999988
vn 0.009297 0.002678 0.999953
vn 0.000000 0.000000 1.000000
vn 0.000000 0.000000 1.000000
vn 0.001769 0.005205 0.999985
vn 0.000000 0.000000 1.000000
vn -1.000000 0.000000 0.000000
vn -1.000000 0.000000 0.000000
vn -1.000000 0.000000 0.000000
vn -1.000000 0.000006 0.000000
vn -1.000000 0.000005 0.000000
vn -1.000000 0.000000 0.000000
vn 0.000000 -1.000000 0.000000
vn 0.000000 -1.000000 0.000000
vn 0.000000 -1.000000 0.000000
vn 0.000000 -1.000000 0.000000
vn 0.000000 1.000000 0.000000
vn 0.000000 1.000000 0.000000
vn 0.000000 1.000000 0.000000
vn 0.000000 -1.000000 0.000000
vn 0.000000 -1.000000 0.000000
vn 0.000000 -1.000000 0.000000
vn 0.000000 -1.000000 0.000000
vn 1.000000 0.000000 0.000000
vn 1.000000 0.000000 0.000000
vn 1.000000 0.000000 0.000000
vn 1.000000 0.000000 0.000000
vn 0.000000 1.000000 0.000000
vn 0.000000 1.000000 0.000000
vn 0.000000 1.000000 0.000000
vn 0.000000 1.000000 0.000000
vn 0.000000 -1.000000 0.000000
vn 0.000000 -1.000000 0.000000
vn 0.000000 -1.000000 0.000000
vn 0.000000 -1.000000 0.000000
vn 0.000000 1.000000 0.000000
vn 0.000000 1.000000 0.000000
vn -0.000000 1.000000 0.000000
vn 0.000000 1.000000 0.000000
vn 0.999999 -0.000519 0.001497
vn 0.999999 -0.000368 0.001458
vn 0.000000 -0.000000 1.000000
vn 0.000000 -0.000000 1.000000
vn 0.000000 -0.000000 1.000000
vn 0.000000 -0.000000 1.000000
vn 0.000000 -0.000000 1.000000
vn 0.000000 0.000000 1.000000
vn 0.000000 -0.000000 1.000000
vn 0.000000 -0.000000 1.000000
vn 0.000000 -0.000000 1.000000
vn 0.000000 0.000000 1.000000
vn -0.999975 -0.006953 0.001522
vn -0.999994 -0.003279 0.001522
vn -1.000000 0.000004 0.000000
vn -1.000000 0.000004 0.000000
vn -1.000000 0.000000 0.000000
vn -1.000000 0.000000 0.000000
vn 0.999830 0.009129 0.016024
vn 0.999830 0.009129 0.016024
vn 0.999830 0.009129 0.016024
vn 0.999830 0.009129 0.016024
vn 0.000000 0.000000 1.000000
vn 0.000000 0.000000 1.000000
vn 0.000000 0.000000 1.000000
vn 0.000000 0.000000 1.000000
vn 0.999958 -0.009127 0.000000
vn 0.999958 -0.009127 0.000000
vn 0.999958 -0.009127 0.000000
vn 0.999958 -0.009127 0.000000
vn 0.000000 0.000000 -1.000000
vn 0.000000 0.000000 -1.000000
vn 0.000000 0.000000 -1.000000
vn 0.000000 0.000000 -1.000000
vn -1.000000 0.000000 0.000000
vn -1.000000 0.000000 0.000000
vn -1.000000 0.000000 0.000000
vn -1.000000 0.000000 0.000000
vn 0.000000 0.000000 1.000000
vn 0.000000 0.000000 1.000000
vn 0.000000 0.000000 1.000000
vn 0.000000 0.000000 1.000000
vn 0.000000 0.000000 -1.000000
vn -0.011517 0.000000 -0.999934
vn -0.011517 0.000000 -0.999934
vn 0.000000 0.000000 -1.000000
vn -1.000000 0.000000 0.000000
vn -1.000000 0.000000 0.000000
vn -1.000000 0.000000 0.000000
vn -1.000000 0.000000 0.000000
vn 0.000000 0.000000 1.000000
vn 0.011518 0.000000 0.999934
vn 0.011518 0.000000 0.999934
vn 0.000000 0.000000 1.000000
vn 1.000000 0.000000 0.000000
vn 1.000000 0.000000 0.000000
vn 1.000000 0.000000 0.000000
vn 1.000000 0.000000 0.000000
vn 0.000000 0.000000 -1.000000
vn 0.000000 0.000000 -1.000000
vn 0.000000 0.000000 -1.000000
vn 0.000000 0.000000 -1.000000
vn 0.000000 0.000000 1.000000
vn 0.000000 0.000000 1.000000
vn 0.000000 0.000000 1.000000
vn 0.000000 0.000000 1.000000
vn 1.000000 0.000000 0.000000
vn 1.000000 0.000000 0.000000
vn 1.000000 0.000000 0.000000
vn 1.000000 0.000000 0.000000
vn 1.000000 0.000000 0.000000
vn 1.000000 0.000000 0.000000
vn 1.000000 0.000000 0.000000
vn 1.000000 0.000000 0.000000
vn -0.999632 0.023428 0.013711
vn -0.999632 0.023428 0.013711
vn -0.999632 0.023428 0.013711
vn -0.999632 0.023428 0.013711
vn -0.999969 0.007818 0.000000
vn -0.999969 0.007818 0.000000
vn -0.999969 0.007818 0.000000
vn -0.999969 0.007818 0.000000
vn 0.000000 0.000000 1.000000
vn 0.000000 0.000000 1.000000
vn 0.000000 0.000000 1.000000
vn 0.000000 0.000000 1.000000
vn -0.000000 1.000000 0.000000
vn -0.000000 1.000000 0.000000
vn -0.000000 1.000000 0.000000
vn 0.000932 -0.013060 0.999914
vn 0.000932 -0.013060 0.999914
vn 0.000932 -0.013060 0.999914
vn 0.000932 -0.013060 0.999914
vn -0.000858 0.002513 0.999996
vn 0.018465 0.001128 0.999829
vn 0.003185 -0.000597 0.999995
vn 0.022542 0.000000 0.999746
vn 0.022542 0.000000 0.999746
vn 0.000000 1.000000 0.000000
vn 0.000000 1.000000 0.000000
vn 0.000000 0.000000 1.000000
vn 0.000000 0.000000 1.000000
vn 0.000000 -1.000000 0.000000
vn 0.000000 -1.000000 0.000000
vn 0.000000 -1.000000 0.000000
vn 0.000000 -1.000000 0.000000
vn 0.000000 -1.000000 0.000000
vn 0.000000 -1.000000 0.000000
vn -0.000000 0.000000 1.000000
vn -0.000000 -0.000000 1.000000
vn -0.000000 -0.000000 1.000000
vn 0.000000 1.000000 0.000000
vn 0.000000 1.000000 0.000000
vn 0.000000 0.000000 -1.000000
vn 0.000000 0.000000 -1.000000
vn 0.000000 1.000000 0.000000
vn 0.000000 1.000000 0.000000
vn 0.000000 1.000000 0.000000
vn 0.000000 1.000000 0.000000
vn 0.000000 0.000000 1.000000
vn 0.000000 0.000000 1.000000
vn 0.000000 0.000000 1.000000
vn 0.000000 0.000000 1.000000
vn 0.000000 0.000000 1.000000
vn 0.000000 0.000000 1.000000
vn 0.000000 0.000000 1.000000
vn 0.000000 0.000000 1.000000
vn 0.000000 0.000000 1.000000
vn 0.000000 1.000000 0.000000
vn 0.000000 1.000000 0.000000
vn 0.000000 1.000000 0.000000
vn 0.000000 1.000000 0.000000
vn 0.000000 0.000000 -1.000000
vn 0.000000 0.000000 -1.000000
vn 0.000000 1.000000 0.000000
vn 0.000000 1.000000 0.000000
vn 0.000000 -0.000000 1.000000
vn 0.000000 0.000000 1.000000
vn 0.000000 0.000000 1.000000
vn 0.000000 -1.000000 0.000006
vn 0.000000 -1.000000 0.000000
vn 0.000000 -1.000000 0.000000
vn 0.000000 -1.000000 0.000000
vn 0.000000 0.000000 1.000000
vn 0.000000 0.000000 1.000000
vn -0.000002 1.000000 0.000000
vn -0.000002 1.000000 0.000000
vn 0.000000 1.000000 0.000009
vn -0.010835 -0.001251 0.999941
vn -0.012401 -0.001663 0.999922
vn 0.000000 0.000000 1.000000
vn 0.000000 0.000000 1.000000
vn 0.000000 0.000000 1.000000
vn 0.000000 1.000000 0.000000
vn 0.000000 1.000000 0.000000
vn 0.000000 -1.000000 -0.000005
vn 0.000000 -1.000000 -0.000004
vn -0.010168 -0.000000 0.999948
vn -0.010168 0.000000 0.999948
vn 0.000000 -0.000000 1.000000
vn -0.010168 -0.000000 0.999948
vn 0.000000 1.000000 0.000000
vn 0.000000 1.000000 0.000000
vn 0.000000 1.000000 0.000000
vn 0.000000 1.000000 0.000000
vn 0.000000 0.000000 -1.000000
vn 0.010169 0.000000 -0.999948
vn 0.010169 0.000000 -0.999948
vn 0.000000 0.000000 -1.000000
vn 0.000000 1.000000 0.000000
vn 0.000000 1.000000 0.000000
vn 0.000000 1.000000 0.000000
vn 0.000000 1.000000 0.000000
vn 0.000000 0.000000 1.000000
vn -0.010170 0.000000 0.999948
vn -0.010170 0.000000 0.999948
vn 0.000000 0.000000 1.000000
vn -0.010170 0.000000 0.999948
vn -0.010169 0.000000 0.999948
vn -0.010170 0.000000 0.999948
vn 0.000000 0.000000 1.000000
vn -0.010169 0.000000 0.999948
vn 0.000000 0.000000 1.000000
vn -0.010169 0.000000 0.999948
vn 0.000000 0.000000 1.000000
vn -0.046456 0.000000 0.998920
vn -0.046456 0.000000 0.998920
vn -0.046456 0.000000 0.998920
vn -0.046456 0.000000 0.998920
vn 0.000000 1.000000 0.000000
vn 0.000000 1.000000 0.000000
vn -0.046458 0.000000 0.998920
vn -0.046458 0.000000 0.998920
vn 0.000000 -1.000000 0.000000
vn 0.000000 -1.000000 0.000000
vn 0.000000 1.000000 0.000000
vn 0.000000 1.000000 0.000000
vn 0.000000 1.000000 -0.000002
vn 0.000000 1.000000 -0.000002
vn 1.000000 0.000000 0.000000
vn 1.000000 0.000000 0.000000
vn 0.000000 -1.000000 0.000000
vn 0.000000 -1.000000 0.000000
vn 0.000000 -1.000000 0.000000
vn 0.000000 -1.000000 0.000000
vn -1.000000 0.000000 0.000000
vn -1.000000 0.000000 0.000000
vn 0.000000 0.000000 1.000000
vn 0.000000 0.000000 1.000000
vn 0.000000 0.000000 1.000000
vn 0.000000 0.000000 1.000000
vn 0.000000 0.000000 1.000000
vn 0.000000 0.000000 1.000000
vn 0.000000 1.000000 0.000002
vn 0.000000 1.000000 0.000008
vn 0.000000 1.000000 0.000000
vn 0.000000 1.000000 0.000000
vn 0.000000 1.000000 0.000000
vn 0.000000 1.000000 0.000000
vn 0.000000 1.000000 0.000000
vn 0.000000 1.000000 0.000000
vn 0.000000 0.000000 1.000000
vn 0.000000 0.000000 1.000000
vn 0.000000 -1.000000 0.000000
vn 0.000000 -1.000000 0.000000
vn 0.000000 -1.000000 0.000000
vn 0.000000 -1.000000 0.000000
vn 0.000000 -1.000000 0.000000
vn 0.000000 -1.000000 0.000000
vn 0.000000 -1.000000 0.000002
vn 0.000000 -1.000000 0.000000
vn 0.000000 0.000000 1.000000
vn 0.000000 -0.001921 -0.999998
vn 0.000000 -0.001921 -0.999998
vn 0.000000 -0.001921 -0.999998
vn 0.000000 -0.001921 -0.999998
vn -1.000000 -0.000000 0.000000
vn -1.000000 -0.000000 0.000000
vn -1.000000 -0.000000 0.000000
vn -1.000000 -0.000000 0.000000
vn 0.000000 0.000000 1.000000
vn 0.000000 0.000000 1.000000
vn 0.000000 0.000000 1.000000
vn 0.000000 0.000000 1.000000
vn 0.999775 0.021201 0.000000
vn 0.999775 0.021201 0.000000
vn 0.999775 0.021201 0.000000
vn 0.999775 0.021201 0.000000
vn -0.046459 0.000000 0.998920
vn -0.046459 0.000000 0.998920
vn -0.046459 0.000000 0.998920
vn -0.046459 0.000000 0.998920
vn -1.000000 0.000000 0.000000
vn -1.000000 0.000000 0.000000
vn -1.000000 0.000000 0.000000
vn -1.000000 0.000000 0.000000
vn 0.046454 -0.001920 -0.998919
vn 0.046454 -0.001920 -0.998919
vn 0.046454 -0.001920 -0.998919
vn 0.046454 -0.001920 -0.998919
vn 1.000000 -0.000000 0.000000
vn 1.000000 -0.000000 0.000000
vn 1.000000 -0.000000 0.000000
vn 1.000000 -0.000000 0.000000
vn 0.000000 -0.001921 -0.999998
vn 0.000000 -0.001921 -0.999998
vn 0.000000 -0.001921 -0.999998
vn 0.000000 -0.001921 -0.999998
vn -1.000000 0.000000 0.000000
vn -1.000000 0.000000 0.000000
vn -1.000000 0.000000 0.000000
vn -1.000000 0.000000 0.000000
vn 0.000000 0.000000 1.000000
vn 0.000000 0.000000 1.000000
vn 0.000000 0.000000 1.000000
vn 0.000000 0.000000 1.000000
vn 1.000000 0.000000 0.000000
vn 1.000000 0.000000 0.000000
vn 1.000000 0.000000 0.000000
vn 1.000000 0.000000 0.000000
vn 0.000000 0.000000 1.000000
vn 0.000000 0.000000 1.000000
vn 0.000000 0.000000 1.000000
vn 0.000000 0.000000 1.000000
vn -1.000000 0.000000 0.000000
vn -1.000000 0.000000 0.000000
vn -1.000000 0.000000 0.000000
vn -1.000000 0.000000 0.000000
vn 0.000005 -0.001921 -0.999998
vn 0.000005 -0.001921 -0.999998
vn 0.000005 -0.001921 -0.999998
vn 0.000005 -0.001921 -0.999998
vn 1.000000 -0.000001 0.000000
vn 1.000000 -0.000001 0.000000
vn 1.000000 -0.000001 0.000000
vn 1.000000 -0.000001 0.000000
vn 0.000000 0.000000 1.000000
vn 0.000000 0.000000 1.000000
vn 0.000000 0.000000 1.000000
vn 1.000000 0.000000 0.000000
vn 1.000000 0.000000 0.000000
vn 1.000000 0.000000 0.000000
vn 1.000000 0.000000 0.000000
vn 0.000000 1.000000 0.000000
vn 0.000000 1.000000 0.000000
vn 0.000000 1.000000 0.000000
vn 0.000000 1.000000 0.000000
vn -1.000000 0.000000 0.000000
vn -1.000000 0.000000 0.000000
vn -1.000000 0.000000 0.000000
vn -1.000000 0.000000 0.000000
vn 0.000000 -1.000000 0.000000
vn 0.000000 -1.000000 0.000000
vn 0.000000 -1.000000 0.000000
vn 0.000000 -1.000000 0.000000
vn 1.000000 0.000000 0.000000
vn 1.000000 0.000000 0.000000
vn 1.000000 0.000000 0.000000
vn 1.000000 0.000000 0.000000
vn -1.000000 0.000000 0.000000
vn -1.000000 0.000000 0.000000
vn -1.000000 0.000000 0.000000
vn -1.000000 0.000000 0.000000
vn 0.000000 0.000000 -1.000000
vn 0.000000 0.000000 -1.000000
vn 0.000000 0.000000 -1.000000
vn 0.000000 0.000000 -1.000000
vn 0.000000 1.000000 0.000000
vn 0.000000 1.000000 0.000000
vn 0.000000 1.000000 0.000000
vn 0.000000 1.000000 0.000000
vn 0.000000 0.000000 1.000000
vn 0.000000 0.000000 1.000000
vn 0.000000 0.000000 1.000000
vn 0.000000 0.000000 1.000000
vn 0.000000 -1.000000 0.000000
vn 0.000000 -1.000000 0.000000
vn 0.000000 -1.000000 0.000000
vn 0.000000 -1.000000 0.000000
vn 0.000000 0.000000 1.000000
vn 0.000000 0.000000 1.000000
vn 0.000000 0.000000 1.000000
vn 0.000000 0.000000 1.000000
vn -1.000000 0.000000 0.000000
vn -1.000000 0.000000 0.000000
vn -1.000000 0.000000 0.000000
vn -1.000000 0.000000 0.000000
vn 0.000000 1.000000 0.000000
vn 0.000000 1.000000 0.000000
vn 0.000000 1.000000 0.000000
vn 0.000000 1.000000 0.000000
vn 1.000000 0.000000 0.000000
vn 1.000000 0.000000 0.000000
vn 1.000000 0.000000 0.000000
vn 1.000000 0.000000 0.000000
vn 0.000000 -1.000000 0.000000
vn 0.000000 -1.000000 0.000000
vn 0.000000 -1.000000 0.000000
vn 0.000000 -1.000000 0.000000
vn 1.000000 -0.000004 0.000000
vn 1.000000 -0.000004 0.000000
vn 1.000000 -0.000004 0.000000
vn 1.000000 -0.000004 0.000000
vn 0.046452 0.005377 -0.998906
vn 0.046452 0.005377 -0.998906
vn 0.046452 0.005377 -0.998906
vn 0.046452 0.005377 -0.998906
vn -1.000000 -0.000002 0.000000
vn -1.000000 -0.000002 0.000000
vn -1.000000 -0.000002 0.000000
vn -1.000000 -0.000002 0.000000
vn -0.046455 -0.005380 0.998906
vn -0.046455 -0.005380 0.998906
vn -0.046455 -0.005380 0.998906
vn -0.046455 -0.005380 0.998906
vn 1.000000 0.000001 0.000000
vn 1.000000 0.000001 0.000000
vn 1.000000 0.000001 0.000000
vn 1.000000 0.000001 0.000000
vn 0.000000 0.016151 -0.999870
vn 0.000000 0.016151 -0.999870
vn 0.000000 0.016151 -0.999870
vn 0.000000 0.016151 -0.999870
vn -1.000000 -0.000000 0.000000
vn -1.000000 -0.000000 0.000000
vn -1.000000 -0.000000 0.000000
vn -1.000000 -0.000000 0.000000
vn 0.000000 -0.016154 0.999870
vn 0.000000 -0.016154 0.999870
vn 0.000000 -0.016154 0.999870
vn 0.000000 -0.016154 0.999870
vn 0.000000 0.000000 -1.000000
vn 0.000000 0.000000 -1.000000
vn 0.000000 0.000000 -1.000000
vn 0.000000 0.000000 -1.000000
vn 0.000000 -1.000000 0.000000
vn 0.000000 -1.000000 0.000000
vn 0.000000 -1.000000 0.000000
vn 0.000000 -1.000000 0.000000
vn 0.000000 0.000000 1.000000
vn 0.000000 0.000000 1.000000
vn 0.000000 0.000000 1.000000
vn 0.000000 0.000000 1.000000
vn 0.000000 1.000000 0.000000
vn 0.000000 1.000000 0.000000
vn 0.000000 1.000000 0.000000
vn 0.000000 1.000000 0.000000
vn 0.000000 0.000000 -1.000000
vn 0.000000 0.000000 -1.000000
vn 0.000000 0.000000 1.000000
vn 0.000000 0.000000 1.000000
vn 0.000000 0.000000 -1.000000
vn 0.000000 0.000000 -1.000000
vn 0.000000 -1.000000 0.000000
vn 0.000000 -1.000000 0.000000
vn 0.000000 -1.000000 0.000000
vn 0.000000 -1.000000 0.000000
vn 0.000000 0.000000 1.000000
vn 0.000000 0.000000 1.000000
vn 0.000000 1.000000 0.000000
vn 0.000000 1.000000 0.000000
vn 0.000000 1.000000 0.000000
vn 0.000000 1.000000 0.000000
vn 0.999995 0.003224 0.000000
vn 0.999995 0.003224 0.000000
vn 0.999995 0.003224 0.000000
vn 0.999995 0.003224 0.000000
vn 0.000006 0.016152 -0.999870
vn 0.000006 0.016152 -0.999870
vn 0.000006 0.016152 -0.999870
vn 0.000006 0.016152 -0.999870
vn -1.000000 0.000005 0.000000
vn -1.000000 0.000005 0.000000
vn -1.000000 0.000005 0.000000
vn -1.000000 0.000005 0.000000
vn 0.000000 -0.016154 0.999870
vn 0.000000 -0.016154 0.999870
vn 0.000000 -0.016154 0.999870
vn 0.000000 -0.016154 0.999870
vn 1.000000 0.000003 0.000000
vn 1.000000 0.000003 0.000000
vn 1.000000 0.000003 0.000000
vn 1.000000 0.000003 0.000000
vn 0.000000 0.016151 -0.999870
vn 0.000000 0.016151 -0.999870
vn 0.000000 0.016151 -0.999870
vn 0.000000 0.016151 -0.999870
vn -1.000000 -0.000000 0.000000
vn -1.000000 -0.000000 0.000000
vn -1.000000 -0.000000 0.000000
vn -1.000000 -0.000000 0.000000
vn 0.000000 -0.016154 0.999870
vn 0.000000 -0.016154 0.999870
vn 0.000000 -0.016154 0.999870
vn 0.000000 -0.016154 0.999870
vn -0.046453 0.000000 0.998921
vn -0.046453 0.000000 0.998921
vn -0.046453 0.000000 0.998921
vn -0.046453 0.000000 0.998921
vn 0.000000 0.000000 1.000000
vn 0.000000 0.000000 1.000000
vn 0.000000 0.000000 1.000000
vn 0.000000 0.000000 1.000000
vn 0.046460 0.000000 -0.998920
vn 0.046460 0.000000 -0.998920
vn 0.046460 0.000000 -0.998920
vn 0.046460 0.000000 -0.998920
vn -1.000000 0.000000 0.000000
vn -1.000000 0.000000 0.000000
vn -1.000000 0.000000 0.000000
vn -1.000000 0.000000 0.000000
vn -0.046457 0.000000 0.998920
vn -0.046457 0.000000 0.998920
vn -0.046457 0.000000 0.998920
vn -0.046457 0.000000 0.998920
vn 1.000000 0.000000 0.000000
vn 1.000000 0.000000 0.000000
vn 1.000000 0.000000 0.000000
vn 1.000000 0.000000 0.000000
vn -1.000000 0.000000 0.000000
vn -1.000000 0.000000 0.000000
vn -1.000000 0.000000 0.000000
vn -1.000000 0.000000 0.000000
vn 0.000000 0.000000 1.000000
vn 0.000000 0.000000 1.000000
vn 0.000000 0.000000 1.000000
vn 0.000000 0.000000 1.000000
vn 1.000000 0.000000 0.000000
vn 1.000000 0.000000 0.000000
vn 1.000000 0.000000 0.000000
vn 1.000000 0.000000 0.000000
vn 0.000000 0.000000 -1.000000
vn 0.000000 0.000000 -1.000000
vn 0.000000 0.000000 -1.000000
vn 0.000000 0.000000 -1.000000
vn -1.000000 0.000000 0.000000
vn -1.000000 0.000000 0.000000
vn -1.000000 0.000000 0.000000
vn -1.000000 0.000000 0.000000
vn 0.000000 0.000000 1.000000
vn 0.000000 0.000000 1.000000
vn 0.000000 0.000000 1.000000
vn 0.000000 0.000000 1.000000
vn 1.000000 0.000000 0.000000
vn 1.000000 0.000000 0.000000
vn 1.000000 0.000000 0.000000
vn 1.000000 0.000000 0.000000
vn 0.000000 0.000000 -1.000000
vn 0.000000 0.000000 -1.000000
vn 0.000000 0.000000 -1.000000
vn 0.000000 0.000000 -1.000000
vn -1.000000 0.000000 0.000000
vn -1.000000 0.000000 0.000000
vn -1.000000 0.000000 0.000000
vn -1.000000 0.000000 0.000000
vn 0.000000 0.000000 1.000000
vn 0.000000 0.000000 1.000000
vn 0.000000 0.000000 1.000000
vn 0.000000 0.000000 1.000000
vn 1.000000 0.000000 0.000000
vn 1.000000 0.000000 0.000000
vn 1.000000 0.000000 0.000000
vn 1.000000 0.000000 0.000000
vn 0.000000 0.000000 -1.000000
vn 0.000000 0.000000 -1.000000
vn 0.000000 0.000000 -1.000000
vn 0.000000 0.000000 -1.000000
vn 0.000000 -1.000000 0.000000
vn 0.000000 -1.000000 0.000000
vn 0.000000 -1.000000 0.000000
vn 0.000000 -1.000000 0.000000
vn 0.000000 -1.000000 0.000002
vn 0.000000 -1.000000 0.000002
vn 0.000000 -1.000000 0.000002
vn 0.000000 -1.000000 0.000002
vn 0.000000 -1.000000 0.000002
vn 0.000000 -1.000000 0.000000
vn 0.000000 -1.000000 0.000000
vn 0.000000 -1.000000 0.000000
vn 0.000000 -1.000000 0.000000
vn 0.000000 -1.000000 0.000000
vn 0.000000 -1.000000 0.000000
vn 0.000000 -1.000000 0.000000
vn 0.000000 -1.000000 0.000000
vn 0.000000 -1.000000 0.000000
vn 0.000000 -1.000000 0.000000
vn 0.000000 -1.000000 0.000000
vn 0.000000 -1.000000 0.000000
vn 0.000000 -1.000000 0.000000
vn 0.000000 -1.000000 0.000000
vn 0.000000 -1.000000 0.000000
vn 0.000000 -1.000000 0.000000
vn 0.000000 -1.000000 0.000000
vn 0.000000 -1.000000 0.000000
vn 0.000000 -1.000000 0.000000
vn 0.000000 -1.000000 0.000000
vn 0.000000 -1.000000 0.000000
vn 0.000000 -1.000000 0.000000
vn 0.000000 -1.000000 0.000000
vn 0.000000 -1.000000 0.000000
vn 0.000000 -1.000000 0.000000
vn 0.000000 -1.000000 0.000000
vn 0.000000 -1.000000 0.000000
vn 0.000000 -1.000000 0.000000
vn 0.000000 -1.000000 0.000000
vn 0.000000 -1.000000 0.000000
vn 0.000000 -1.000000 0.000000
vn 0.000000 -1.000000 0.000000
vn 0.000000 -1.000000 -0.000004
vn 0.000000 -1.000000 -0.000004
vn 0.000000 -1.000000 -0.000004
vn 0.000000 -1.000000 -0.000004
vn 0.000000 -1.000000 -0.000004
vn 0.000000 -1.000000 0.000002
vn 0.000000 -1.000000 0.000003
vn 0.000000 -1.000000 0.000000
vn 0.000000 -1.000000 0.000002
vn 0.000000 -1.000000 0.000003
vn 0.000000 -1.000000 0.000000
vn 0.000000 -1.000000 0.000000
vn 0.000000 -1.000000 0.000000
vn 0.000000 -1.000000 0.000000
vn 0.000000 -1.000000 -0.000000
vn 0.000000 -1.000000 0.000000
vn 0.000000 -1.000000 -0.000004
vn 0.000000 -1.000000 -0.000002
vn 0.000000 -1.000000 -0.000000
vn 0.003115 0.017820 0.999836
vn 0.003115 0.017820 0.999836
vn 0.003115 0.017820 0.999836
vn 0.003115 0.017820 0.999836
vn 0.000000 1.000000 0.000000
vn 0.000000 1.000000 0.000000
vn 0.000000 1.000000 0.000000
vn 0.000000 1.000000 -0.000002
vn 0.000000 1.000000 -0.000002
vn 0.000000 1.000000 -0.000002
vn 0.000000 1.000000 -0.000002
vn -0.655295 0.755373 0.000000
vn -0.655295 0.755373 0.000000
vn -0.655295 0.755373 0.000000
vn 0.000000 0.152800 0.988257
vn 0.000000 0.152800 0.988257
vn 0.000000 0.152800 0.988257
vn 0.000000 0.152800 0.988257
vn 0.655287 0.755380 0.000000
vn 0.655287 0.755380 0.000000
vn 0.655287 0.755380 0.000000
vn -0.655294 0.755374 -0.000001
vn -0.655294 0.755374 -0.000001
vn -0.655294 0.755374 -0.000001
vn -0.655294 0.755374 -0.000001
vn 0.655291 0.755377 0.000001
vn 0.655291 0.755377 0.000001
vn 0.655291 0.755377 0.000001
vn 0.655291 0.755377 0.000001
vn 0.000000 -1.000000 0.000000
vn 0.000000 -1.000000 0.000000
vn 0.000000 -1.000000 0.000000
vn 0.000000 -1.000000 0.000000
vn -0.002651 0.149946 0.988691
vn -0.002651 0.149946 0.988691
vn -0.002651 0.149946 0.988691
vn -0.002651 0.149946 0.988691
vn 0.000000 -1.000000 0.000000
vn 0.000000 -1.000000 0.000000
vn 0.000000 -1.000000 0.000000
vn 0.000000 -1.000000 0.000000
vn 0.000000 -1.000000 0.000000
vn 0.000000 -1.000000 0.000000
vn 0.000000 -1.000000 0.000000
vn 0.000000 -1.000000 0.000000
vn 0.000000 0.000000 -0.000000
vn 0.000000 0.002917 -0.999996
vn 0.000000 0.002917 -0.999996
vn 0.000000 0.000000 -0.000000
vn 0.000000 -1.000000 0.000000
vn 0.000000 -1.000000 0.000000
vn 0.000000 -1.000000 0.000000
vn 0.000000 -1.000000 0.000000
vn 0.000000 -0.002917 -0.999996
vn 0.000000 -0.000000 -0.000000
vn 0.000000 -0.000000 -0.000000
vn 0.000000 -0.002917 -0.999996
vn -0.045541 0.197934 0.979157
vn -0.045541 0.197934 0.979157
vn -0.045541 0.197934 0.979157
vn 0.000000 0.152796 0.988258
vn 0.000000 0.152796 0.988258
vn 0.000000 0.152796 0.988258
vn 0.000000 0.152800 0.988257
vn 0.000000 0.152800 0.988257
vn 0.000000 0.152800 0.988257
vn 0.000000 0.152796 0.988258
vn 0.000000 0.152797 0.988258
vn 0.000000 0.152797 0.988258
vn 0.000000 0.152799 0.988257
vn 0.000000 0.152793 0.988258
vn 0.000000 0.152793 0.988258
vn 0.000000 0.152793 0.988258
vn 0.000000 0.152796 0.988258
vn 0.000000 0.152796 0.988258
vn 0.000000 0.152796 0.988258
vn 0.000000 0.152796 0.988258
vn 0.000000 0.152793 0.988258
vn 0.000000 0.152793 0.988258
vn 0.000000 0.152793 0.988258
vn -0.653909 -0.756573 0.000000
vn -0.653909 -0.756573 0.000000
vn -0.653909 -0.756573 0.000000
vn -0.653909 -0.756573 0.000000
vn 0.000000 -1.000000 0.000000
vn 0.000000 -1.000000 0.000000
vn 0.000000 -1.000000 0.000000
vn 0.000000 -1.000000 0.000000
vn 0.655289 0.755378 0.000000
vn 0.655289 0.755378 0.000000
vn 0.655289 0.755378 0.000000
vn 0.655289 0.755378 0.000000
vn -0.655295 0.755373 0.000000
vn -0.655295 0.755373 0.000000
vn -0.655295 0.755373 0.000000
vn -0.655295 0.755373 0.000000
vn 0.000000 -1.000000 0.000000
vn 0.000000 -1.000000 0.000000
vn 0.000000 -1.000000 0.000000
vn 0.000000 -1.000000 0.000000
vn 0.653914 -0.756569 0.000000
vn 0.653914 -0.756569 0.000000
vn 0.653914 -0.756569 0.000000
vn 0.653914 -0.756569 0.000000
vn 0.999968 0.000000 0.008014
vn 0.999968 0.000000 0.008014
vn 0.999968 0.000000 0.008014
vn 0.999968 0.000000 0.008014
vn 1.000000 0.000000 0.000000
vn 1.000000 0.000000 0.000000
vn 1.000000 0.000000 0.000000
vn 1.000000 0.000000 0.000000
vn 0.000000 0.000000 1.000000
vn 0.000000 0.000000 1.000000
vn 0.000000 0.000000 1.000000
vn 0.000000 0.000000 1.000000
vn 0.000000 0.000000 1.000000
vn 0.000000 0.000000 1.000000
vn 0.000000 0.000000 1.000000
vn 0.000000 0.000000 1.000000
vn 0.000000 0.000000 1.000000
vn 0.000000 0.000000 1.000000
vn -1.000000 0.000000 0.000000
vn -1.000000 0.000000 0.000000
vn 0.000000 0.000000 -1.000000
vn 0.000000 0.000000 -1.000000
vn 0.000000 0.000000 -1.000000
vn -1.000000 -0.000034 0.000000
vn -1.000000 -0.000034 0.000000
vn 0.010169 0.000000 -0.999948
vn 0.000000 0.000000 -1.000000
vn -0.000000 0.000000 -1.000000
vn -0.011518 0.000000 -0.999934
vn 0.000000 0.000000 -1.000000
vn 1.000000 0.000000 0.000000
vn 1.000000 0.000000 0.000000
vn 0.011518 0.000000 0.999934
vn 0.011518 0.000000 0.999934
vn 0.000000 0.000000 1.000000
vn 0.000000 0.000000 1.000000
vn 0.000000 0.000000 1.000000
vn 0.000000 0.000000 1.000000
vn -0.010169 0.000000 0.999948
vn -0.010169 0.000000 0.999948
vn 0.000000 0.000000 1.000000
vn 0.000000 0.000000 1.000000
vn -1.000000 0.000000 0.000000
vn -1.000000 0.000000 0.000000
vn 1.000000 0.000000 0.000000
vn 1.000000 0.000000 0.000000
vn 0.000000 0.000000 -1.000000
vn 0.000000 0.000000 -1.000000
vn 1.000000 0.000000 0.000000
vn 1.000000 0.000000 0.000000
vn 0.000000 0.000000 1.000000
vn 0.000000 0.000000 1.000000
vn 0.000000 0.000000 1.000000
vn 0.000000 0.000000 1.000000
vn 0.000000 0.000000 1.000000
vn 0.000000 0.000000 1.000000
vn 0.000000 0.000000 1.000000
vn 0.000000 0.000000 1.000000
vn -1.000000 0.000000 0.000000
vn -1.000000 0.000000 0.000000
vn -1.000000 0.000000 0.000000
vn -1.000000 0.000000 0.000000
vn -0.999977 0.000000 0.006858
vn -0.999977 0.000000 0.006858
vn -0.999977 0.000000 0.006858
vn -0.999977 0.000000 0.006858
vn 0.000000 0.000000 1.000000
vn 0.000000 0.000000 1.000000
vn 0.000000 0.000000 1.000000
vn 0.000000 -1.000000 0.000000
vn 0.000000 -1.000000 0.000000
vn 0.000000 -1.000000 0.000000
vn 0.000000 -1.000000 0.000000
vn 1.000000 0.000000 0.000000
vn 1.000000 0.000000 0.000000
vn 1.000000 0.000000 0.000000
vn 1.000000 0.000000 0.000000
vn 0.000000 1.000000 0.000000
vn 0.000000 1.000000 0.000000
vn 0.000000 1.000000 0.000000
vn 0.000000 1.000000 0.000000
vn 0.000000 -1.000000 0.000000
vn 0.000000 -1.000000 0.000000
vn 0.000000 -1.000000 0.000000
vn 0.000000 -1.000000 0.000000
vn 0.000000 1.000000 0.000000
vn 0.000000 1.000000 0.000000
vn 0.000000 1.000000 0.000000
vn 0.000000 1.000000 0.000000
vn -1.000000 0.000000 0.000000
vn -1.000000 0.000000 0.000000
vn -1.000000 0.000000 0.000000
vn -1.000000 0.000000 0.000000
vn 0.000000 -1.000000 0.000000
vn 0.000000 -1.000000 0.000000
vn 0.000000 -1.000000 0.000000
vn 0.000000 -1.000000 0.000000
vn 1.000000 0.000000 0.000000
vn 1.000000 0.000000 0.000000
vn 1.000000 0.000000 0.000000
vn 1.000000 0.000000 0.000000
vn 0.000000 1.000000 0.000000
vn 0.000000 1.000000 0.000000
vn 0.000000 1.000000 0.000000
vn 0.000000 1.000000 0.000000
vn 0.000000 -1.000000 0.000000
vn 0.000000 -1.000000 0.000000
vn 0.000000 -1.000000 0.000000
vn 0.000000 -1.000000 0.000000
vn 0.000000 1.000000 0.000000
vn 0.000000 1.000000 0.000000
vn 0.000000 1.000000 0.000000
vn 0.000000 1.000000 0.000000
vn 0.000000 -1.000000 0.000000
vn 0.000000 -1.000000 0.000000
vn 0.000000 -1.000000 0.000000
vn 0.000000 -1.000000 0.000000
vn 0.000000 1.000000 0.000000
vn 0.000000 1.000000 0.000000
vn 0.000000 1.000000 0.000000
vn 0.000000 1.000000 0.000000
vn 0.000000 -1.000000 0.000000
vn 0.000000 -1.000000 0.000000
vn 0.000000 -1.000000 0.000000
vn 0.000000 -1.000000 0.000000
vn 0.000000 1.000000 0.000000
vn 0.000000 1.000000 0.000000
vn 0.000000 1.000000 0.000000
vn 0.000000 1.000000 0.000000
vn -1.000000 0.000000 0.000000
vn -1.000000 0.000000 0.000000
vn -1.000000 0.000000 0.000000
vn -1.000000 0.000000 0.000000
vn 0.000000 -1.000000 0.000000
vn 0.000000 -1.000000 0.000000
vn 0.000000 -1.000000 0.000000
vn 0.000000 -1.000000 0.000000
vn 1.000000 0.000000 0.000000
vn 1.000000 0.000000 0.000000
vn 1.000000 0.000000 0.000000
vn 1.000000 0.000000 0.000000
vn 0.000000 1.000000 0.000000
vn 0.000000 1.000000 0.000000
vn 0.000000 1.000000 0.000000
vn 0.000000 1.000000 0.000000
vn 0.000000 -1.000000 0.000000
vn 0.000000 -1.000000 0.000000
vn 0.000000 -1.000000 0.000000
vn 0.000000 -1.000000 0.000000
vn 0.000000 1.000000 0.000000
vn 0.000000 1.000000 0.000000
vn 0.000000 1.000000 0.000000
vn 0.000000 1.000000 0.000000
vn 0.000000 -1.000000 0.000000
vn 0.000000 -1.000000 0.000000
vn 0.000000 -1.000000 0.000000
vn 0.000000 -1.000000 0.000000
vn 0.000000 1.000000 0.000000
vn 0.000000 1.000000 0.000000
vn 0.000000 1.000000 0.000000
vn 0.000000 1.000000 0.000000
vn -1.000000 0.000000 0.000000
vn -1.000000 0.000000 0.000000
vn -1.000000 0.000000 0.000000
vn -1.000000 0.000000 0.000000
vn 0.000025 -1.000000 0.000060
vn 0.000079 -1.000000 0.000000
vn 0.000079 -1.000000 0.000000
vn 0.000025 -1.000000 0.000060
vn -0.000002 0.000000 -1.000000
vn -0.000002 0.000000 -1.000000
vn -0.000002 0.000000 -1.000000
vn -0.000002 0.000000 -1.000000
vn -0.000080 1.000000 0.000000
vn -0.000080 1.000000 0.000000
vn -0.000025 1.000000 -0.000059
vn -0.000025 1.000000 -0.000059
vn 0.000029 -1.000000 0.000050
vn 0.000029 -1.000000 0.000050
vn -0.000029 1.000000 -0.000050
vn -0.000029 1.000000 -0.000050
vn 0.000064 -1.000000 -0.000001
vn 0.000064 -1.000000 -0.000001
vn -0.000064 1.000000 0.000001
vn -0.000064 1.000000 0.000001
vn 0.000022 -1.000000 -0.000011
vn 0.000022 -1.000000 -0.000011
vn -0.000022 1.000000 0.000011
vn -0.000022 1.000000 0.000011
vn 0.000000 0.000000 1.000000
vn 0.000000 0.000000 1.000000
vn 0.000000 -1.000000 -0.000017
vn -0.000002 -1.000000 -0.000000
vn -0.000002 -1.000000 -0.000000
vn 0.000000 -1.000000 -0.000017
vn 0.000002 1.000000 0.000000
vn -0.000000 1.000000 0.000017
vn -0.000000 1.000000 0.000017
vn 0.000002 1.000000 0.000000
vn 0.000076 -1.000000 -0.000007
vn 0.000076 -1.000000 -0.000007
vn -0.000076 1.000000 0.000007
vn -0.000076 1.000000 0.000007
vn 0.000092 -1.000000 0.000000
vn 0.000092 -1.000000 0.000000
vn -0.000093 1.000000 -0.000000
vn -0.000092 1.000000 -0.000000
vn 0.000002 0.000000 -1.000000
vn 0.000002 0.000000 -1.000000
vn 0.000002 0.000000 -1.000000
vn 0.000002 0.000000 -1.000000
vn 0.000000 -1.000000 0.000000
vn 0.000000 -1.000000 0.000000
vn 0.000000 0.000000 1.000000
vn 0.000000 0.000000 1.000000
vn 0.000000 1.000000 0.000000
vn 0.000000 1.000000 0.000000
vn 0.000000 0.000000 1.000000
vn 0.000000 0.000000 1.000000
vn 0.000000 0.000000 1.000000
vn 0.000000 0.000000 1.000000
vn 0.000000 0.000000 1.000000
vn -1.000000 0.000011 0.000000
vn -1.000000 0.000010 0.000000
vn -1.000000 0.000000 0.000000
vn -0.046459 0.000000 0.998920
vn 0.000000 0.000000 1.000000
vn 0.011518 0.000000 0.999934
vn 0.000000 0.000000 1.000000
vn 0.000000 0.000000 1.000000
vn 0.000000 0.000000 1.000000
vn 0.000000 0.000000 1.000000
vn 0.000000 0.000000 1.000000
vn 0.000000 0.000000 1.000000
vn 1.000000 0.000000 0.000000
vn 1.000000 0.000000 0.000000
vn 1.000000 0.000000 0.000000
vn 0.000000 0.000000 1.000000
vn 0.000000 0.000000 1.000000
vn 0.000000 -1.000000 -0.000000
vn 0.000000 -1.000000 -0.000000
vn 0.000000 -1.000000 -0.000000
vn 0.000000 -1.000000 -0.000000
vn 0.000000 0.000000 -1.000000
vn 0.000000 0.000000 -1.000000
vn 0.000000 0.000000 -1.000000
vn 1.000000 0.000000 0.000000
vn 1.000000 0.000000 0.000000
vn 1.000000 0.000000 0.000000
vn 1.000000 0.000000 0.000000
vn 1.000000 0.000000 0.000000
vn 1.000000 0.000000 0.000000
vn 1.000000 0.000000 0.000000
vn 1.000000 0.000000 0.000000
vn 0.000079 -1.000000 0.000000
vn 0.000078 -1.000000 0.000000
vn 0.000078 -1.000000 0.000000
vn 0.000078 -1.000000 0.000000
vn 1.000000 0.000051 0.000000
vn 1.000000 0.000051 0.000000
vn 1.000000 0.000075 0.000000
vn 1.000000 0.000075 0.000000
vn -0.000080 1.000000 -0.000000
vn -0.000079 1.000000 -0.000000
vn -0.000080 1.000000 0.000000
vn -0.000080 1.000000 0.000000
vn 0.999997 -0.002428 0.000439
vn 0.999996 -0.002697 0.000403
vn 0.999992 -0.003963 0.000403
vn 0.999989 -0.004719 0.000473
vn 0.999995 -0.001360 0.002804
vn 0.999993 -0.002307 0.002833
vn 0.999988 -0.004098 0.002808
vn 0.999984 -0.004901 0.002833
vn 0.999955 -0.009111 0.002754
vn 0.999934 -0.011212 0.002689
vn 0.000000 -1.000000 0.000000
vn 0.000000 -1.000000 -0.000000
vn 0.000000 -1.000000 -0.000000
vn 0.000000 -1.000000 -0.000000
vn 1.000000 0.000000 0.000000
vn 1.000000 0.000000 0.000000
vn 1.000000 0.000000 0.000000
vn 1.000000 0.000000 0.000000
vn 0.361631 0.932321 0.000000
vn 0.361631 0.932321 0.000000
vn 0.361631 0.932321 0.000000
vn 0.361631 0.932321 0.000000
vn 1.000000 -0.000774 -0.000118
vn 1.000000 -0.001046 -0.000160
vn 1.000000 -0.000720 0.000300
vn 0.999993 -0.003703 0.000395
vn 0.000000 -1.000000 0.000000
vn 0.000000 -1.000000 0.000000
vn 0.000000 -1.000000 0.000000
vn 0.000000 -1.000000 0.000000
vn 1.000000 0.000010 0.000000
vn 1.000000 0.000010 0.000000
vn 1.000000 0.000010 0.000000
vn 1.000000 0.000010 0.000000
vn 0.719295 0.694705 0.000000
vn 0.719294 0.694705 0.000000
vn 0.719295 0.694705 0.000000
vn 0.719295 0.694705 0.000000
vn -0.719293 0.694707 0.000000
vn -0.719293 0.694707 0.000000
vn -0.719293 0.694706 0.000000
vn -0.719293 0.694706 0.000000
vn -1.000000 0.000000 0.000000
vn -1.000000 0.000000 0.000000
vn -1.000000 0.000000 0.000000
vn -1.000000 0.000000 0.000000
vn 0.000000 -1.000000 0.000000
vn 0.000000 -1.000000 0.000000
vn 0.000000 -1.000000 0.000000
vn 0.000000 -1.000000 0.000000
vn -1.000000 0.000000 0.000000
vn -1.000000 0.000000 0.000000
vn -1.000000 0.000000 0.000000
vn -1.000000 0.000000 0.000000
vn -1.000000 0.000000 0.000000
vn -1.000000 0.000000 0.000000
vn -0.363416 0.931627 -0.000567
vn -0.363399 0.931633 -0.000567
vn -0.362837 0.931852 -0.000566
vn -0.362857 0.931845 -0.000566
vn -0.999995 0.000000 -0.003105
vn -0.999995 0.000000 -0.003105
vn -0.999995 0.000000 -0.003106
vn -0.999995 0.000000 -0.003106
vn 1.000000 0.000000 0.000000
vn 0.000000 -1.000000 0.000000
vn 0.000000 -1.000000 0.000000
vn 1.000000 0.000026 0.000000
vn 1.000000 0.000026 0.000000
vn 0.719294 0.694706 0.000000
vn 0.719294 0.694706 0.000000
vn -0.719294 0.694706 0.000000
vn -0.719294 0.694706 0.000000
vn -1.000000 0.000000 0.000000
vn -1.000000 0.000000 0.000000
vn 0.000000 -1.000000 0.000000
vn 0.000000 -1.000000 0.000000
vn 0.000000 -1.000000 0.000000
vn 0.000000 -1.000000 0.000000
vn -0.999937 -0.011014 0.001963
vn -0.999919 -0.012450 0.002686
vn -0.999946 -0.010233 0.001521
vn -0.999948 -0.010234 0.000448
vn -0.999948 -0.010220 0.000403
vn -0.000093 1.000000 -0.000000
vn -0.000093 1.000000 -0.000000
vn -1.000000 0.000000 0.000000
vn -1.000000 0.000000 0.000000
vn 0.000093 -1.000000 0.000000
vn 0.000093 -1.000000 0.000000
vn -1.000000 0.000000 0.000001
vn -1.000000 0.000000 0.000001
vn -1.000000 0.000000 0.000000
vn -1.000000 0.000000 0.000000
vn 1.000000 0.000000 0.000000
vn 1.000000 0.000000 0.000000
vn 1.000000 0.000000 0.000000
vn 1.000000 0.000000 0.000000
vn 0.000079 -1.000000 -0.000000
vn 0.000078 -1.000000 -0.000000
vn 1.000000 0.000026 0.000000
vn 1.000000 0.000026 0.000000
vn -0.000078 1.000000 -0.000000
vn -0.000077 1.000000 -0.000000
vn 0.999983 -0.005873 0.000402
vn 0.999964 -0.008488 0.000391
vn 0.999987 -0.004663 0.001822
vn 0.999975 -0.006798 0.002067
vn 0.999889 -0.014644 0.002837
vn 0.000000 -1.000000 0.000000
vn 0.000000 -1.000000 0.000000
vn 1.000000 0.000000 0.000000
vn 1.000000 0.000000 0.000000
vn 0.361631 0.932321 0.000000
vn 0.361631 0.932321 0.000000
vn 1.000000 0.000640 0.000596
vn 1.000000 0.000640 0.000596
vn 1.000000 -0.000639 0.000354
vn 0.999993 -0.003778 0.000279
vn 0.000000 -1.000000 0.000000
vn 0.000000 -1.000000 0.000000
vn 1.000000 0.000030 0.000001
vn 1.000000 0.000030 0.000001
vn 0.719295 0.694705 0.000001
vn 0.719295 0.694705 0.000001
vn -0.719293 0.694707 0.000000
vn -0.719293 0.694707 0.000000
vn -1.000000 0.000000 0.000000
vn -1.000000 0.000000 0.000000
vn 0.000000 -1.000000 0.000000
vn 0.000000 -1.000000 0.000000
vn -1.000000 0.000000 0.000000
vn -1.000000 0.000000 0.000000
vn -1.000000 0.000000 0.000000
vn -0.364262 0.931297 -0.000568
vn -0.364247 0.931302 -0.000568
vn -0.999995 0.000000 -0.003105
vn -0.999995 0.000000 -0.003105
vn 0.000000 -1.000000 0.000000
vn 0.000000 -1.000000 0.000000
vn 0.000000 -1.000000 0.000000
vn 0.000000 -1.000000 0.000006
vn 0.000000 -1.000000 0.000006
vn 0.000000 -1.000000 -0.000011
vn 0.000000 -1.000000 0.000002
vn 0.000000 -1.000000 -0.000007
vn 1.000000 0.000000 0.000000
vn 1.000000 0.000000 0.000000
vn 1.000000 0.000000 0.000000
vn 1.000000 0.000000 0.000000
vn 0.000080 -1.000000 -0.000000
vn 0.000079 -1.000000 -0.000000
vn 1.000000 0.000000 0.000000
vn 1.000000 0.000000 0.000000
vn -0.000077 1.000000 0.000000
vn -0.000077 1.000000 0.000000
vn 0.999974 -0.007174 0.000403
vn 0.999944 -0.010553 0.000473
vn 0.999981 -0.005926 0.001812
vn 0.999968 -0.007664 0.002127
vn 0.999857 -0.016687 0.002688
vn 0.000000 -1.000000 -0.000000
vn 0.000000 -1.000000 -0.000000
vn 1.000000 0.000000 0.000000
vn 1.000000 0.000000 0.000000
vn 0.361631 0.932321 0.000000
vn 0.361631 0.932321 -0.000000
vn 1.000000 -0.000582 0.000255
vn 0.999991 -0.004142 0.000353
vn 0.000000 -1.000000 0.000000
vn 0.000000 -1.000000 0.000000
vn 1.000000 0.000020 0.000001
vn 1.000000 0.000020 0.000001
vn 0.719294 0.694705 0.000001
vn 0.719295 0.694705 0.000001
vn -0.719293 0.694707 0.000000
vn -0.719293 0.694707 0.000000
vn -1.000000 0.000000 0.000000
vn -1.000000 0.000000 0.000000
vn 0.000000 -1.000000 0.000000
vn 0.000000 -1.000000 0.000000
vn -1.000000 0.000000 0.000000
vn -1.000000 0.000000 0.000000
vn -1.000000 0.000000 0.000000
vn -0.364841 0.931070 -0.000569
vn -0.364830 0.931074 -0.000569
vn -0.999995 0.000000 -0.003106
vn -0.999995 0.000000 -0.003106
vn 0.000000 -1.000000 0.000000
vn 0.000000 -1.000000 0.000000
vn 0.000000 -1.000000 0.000000
vn 0.000000 -1.000000 0.000001
vn 0.000000 -1.000000 0.000001
vn 0.000000 -1.000000 -0.000007
vn 0.000000 -1.000000 0.000002
vn 0.000000 -1.000000 -0.000012
vn 0.000000 -1.000000 -0.000006
vn 0.000000 -1.000000 0.000006
vn 0.000000 -1.000000 0.000000
vn 1.000000 0.000000 0.000000
vn 1.000000 0.000000 0.000000
vn 1.000000 -0.000008 0.000000
vn 1.000000 -0.000013 0.000000
vn 0.000079 -1.000000 0.000000
vn 0.000079 -1.000000 0.000000
vn 1.000000 0.000044 0.000000
vn 1.000000 0.000044 0.000000
vn -0.000077 1.000000 0.000000
vn -0.000077 1.000000 0.000000
vn 0.999957 -0.009302 0.000403
vn 0.999884 -0.015199 0.000346
vn 0.999971 -0.007610 0.000986
vn 0.999954 -0.009448 0.001423
vn 0.999784 -0.020565 0.002849
vn 0.000000 -1.000000 0.000000
vn 0.000000 -1.000000 -0.000000
vn 1.000000 0.000000 0.000000
vn 1.000000 0.000000 0.000000
vn 0.361632 0.932321 -0.000000
vn 0.361632 0.932321 -0.000000
vn 1.000000 0.000729 0.000499
vn 1.000000 0.000729 0.000499
vn 1.000000 -0.000653 0.000199
vn 0.999992 -0.004076 0.000401
vn 0.000000 -1.000000 0.000000
vn 0.000000 -1.000000 0.000000
vn 1.000000 0.000000 0.000000
vn 1.000000 0.000000 0.000000
vn 0.719294 0.694706 0.000000
vn 0.719294 0.694706 0.000000
vn -0.719293 0.694706 0.000000
vn -0.719293 0.694706 0.000000
vn -1.000000 0.000000 0.000000
vn -1.000000 0.000000 0.000000
vn 0.000000 -1.000000 0.000000
vn 0.000000 -1.000000 0.000000
vn -1.000000 0.000000 0.000000
vn -1.000000 0.000000 0.000000
vn -1.000000 0.000000 0.000000
vn -0.365791 0.930697 -0.000571
vn -0.365781 0.930701 -0.000571
vn -0.999995 0.000000 -0.003105
vn -0.999995 0.000000 -0.003105
vn 0.000000 -1.000000 0.000000
vn 0.000000 -1.000000 0.000000
vn 0.000000 -1.000000 0.000000
vn 0.000000 -1.000000 -0.000002
vn 0.000000 -1.000000 -0.000002
vn 0.000000 -1.000000 0.000006
vn 0.000000 -1.000000 0.000001
vn 0.000000 -1.000000 0.000005
vn 0.000000 -1.000000 -0.000011
vn 0.000000 -1.000000 0.000004
vn 0.000000 -1.000000 0.000000
vn 0.000000 -1.000000 0.000001
vn 0.000000 -1.000000 -0.000000
vn 0.000000 -1.000000 0.000002
vn 0.000000 -1.000000 -0.000001
vn 0.000000 -1.000000 0.000002
vn 1.000000 0.000000 0.000000
vn 1.000000 0.000000 0.000000
vn 1.000000 -0.000008 0.000000
vn 1.000000 -0.000013 0.000000
vn 0.000077 -1.000000 0.000000
vn 0.000078 -1.000000 0.000000
vn 1.000000 0.000044 0.000000
vn 1.000000 0.000044 0.000000
vn -0.000077 1.000000 0.000000
vn -0.000077 1.000000 0.000000
vn 0.999944 -0.010614 0.000402
vn 0.999862 -0.016608 0.000473
vn 0.999956 -0.009312 0.000946
vn 0.999945 -0.010362 0.001495
vn 0.999742 -0.022553 0.002684
vn 0.000000 -1.000000 0.000000
vn 0.000000 -1.000000 0.000000
vn 1.000000 0.000000 0.000000
vn 1.000000 0.000000 0.000000
vn 0.361631 0.932321 0.000000
vn 0.361631 0.932321 0.000000
vn 1.000000 -0.000832 0.000283
vn 0.999996 -0.002732 0.000540
vn 0.000000 -1.000000 0.000000
vn 0.000000 -1.000000 0.000000
vn 1.000000 0.000000 0.000000
vn 1.000000 0.000000 0.000000
vn 0.719294 0.694706 0.000000
vn 0.719294 0.694706 0.000000
vn -0.719293 0.694706 0.000000
vn -0.719293 0.694706 0.000000
vn -1.000000 0.000000 0.000000
vn -1.000000 0.000000 0.000000
vn 0.000000 -1.000000 0.000000
vn 0.000000 -1.000000 0.000000
vn -1.000000 0.000000 0.000000
vn -1.000000 0.000000 0.000000
vn -1.000000 0.000000 0.000000
vn -0.366377 0.930466 -0.000572
vn -0.366371 0.930469 -0.000572
vn -0.999995 0.000000 -0.003106
vn -0.999995 0.000000 -0.003106
vn 0.000000 -1.000000 -0.000000
vn 0.000000 -1.000000 -0.000000
vn 0.000000 -1.000000 0.000000
vn 0.000000 -1.000000 0.000001
vn 0.000000 -1.000000 0.000001
vn 0.000000 -1.000000 0.000003
vn 0.000000 -1.000000 0.000005
vn 0.000000 -1.000000 -0.000004
vn 0.000000 -1.000000 0.000003
vn 0.000000 -1.000000 0.000000
vn 0.000000 -1.000000 0.000000
vn 0.000000 -1.000000 -0.000000
vn 0.000000 -1.000000 0.000002
vn 0.000000 -1.000000 -0.000007
vn 0.000000 -1.000000 0.000002
vn 0.000000 -1.000000 0.000002
vn 0.000000 -1.000000 0.000001
vn 0.000000 -1.000000 0.000002
vn 0.000000 -1.000000 0.000000
vn 0.000000 1.000000 0.000000
vn 0.000000 0.000000 1.000000
vn 0.000000 0.000000 1.000000
vn 0.000000 0.000000 1.000000
vn 0.000000 -1.000000 0.000000
vn 0.000000 -1.000000 0.000000
vn 0.000000 -1.000000 0.000000
vn 0.000000 -1.000000 0.000000
vn 1.000000 0.000000 0.000000
vn 1.000000 0.000000 0.000000
vn 1.000000 0.000000 0.000000
vn 1.000000 0.000000 0.000000
vn 0.000076 -1.000000 0.000000
vn 0.000076 -1.000000 0.000000
vn 1.000000 0.000000 0.000000
vn 1.000000 0.000000 0.000000
vn -0.000077 1.000000 0.000000
vn -0.000077 1.000000 0.000000
vn 0.999922 -0.012520 0.000403
vn 0.999793 -0.020365 0.000083
vn 0.999902 -0.013968 -0.000452
vn 0.999905 -0.013722 0.001203
vn 0.999725 -0.023078 0.004070
vn 0.000000 -1.000000 0.000000
vn 0.000000 -1.000000 0.000000
vn 1.000000 0.000000 0.000000
vn 1.000000 0.000000 0.000000
vn 0.361632 0.932321 0.000000
vn 0.361631 0.932321 0.000000
vn 1.000000 0.000623 0.000610
vn 1.000000 0.000324 0.000317
vn 1.000000 0.000024 0.000328
vn 0.999999 -0.001214 0.000351
vn 0.000000 -1.000000 0.000000
vn 0.000000 -1.000000 0.000000
vn 1.000000 0.000000 0.000000
vn 1.000000 0.000000 0.000000
vn 0.719294 0.694706 0.000000
vn 0.719294 0.694706 0.000000
vn -0.719293 0.694707 0.000000
vn -0.719293 0.694707 0.000000
vn -1.000000 0.000000 0.000000
vn -1.000000 0.000000 0.000000
vn 0.000000 -1.000000 0.000000
vn 0.000000 -1.000000 0.000000
vn -1.000000 0.000000 0.000000
vn -1.000000 0.000000 0.000000
vn -1.000000 0.000000 0.000000
vn -0.367237 0.930127 -0.000573
vn -0.367234 0.930129 -0.000573
vn -0.999995 0.000000 -0.003107
vn -0.999995 0.000000 -0.003107
vn 0.000000 -1.000000 0.000000
vn 0.000000 -1.000000 -0.000000
vn 0.000000 -1.000000 -0.000000
vn 0.000000 -1.000000 -0.000001
vn 0.000000 -1.000000 0.000001
vn 0.000000 -1.000000 0.000002
vn 0.000000 -1.000000 0.000004
vn 0.000000 -1.000000 0.000003
vn 0.000000 -1.000000 -0.000005
vn 0.000000 -1.000000 0.000000
vn 0.000000 -1.000000 0.000000
vn 0.000000 -1.000000 -0.000000
vn 0.000000 -1.000000 -0.000006
vn 0.000000 -1.000000 0.000003
vn 0.000000 -1.000000 -0.000001
vn 1.000000 0.000000 0.000000
vn 1.000000 0.000000 0.000000
vn 1.000000 0.000000 0.000000
vn 1.000000 0.000000 0.000000
vn 0.000076 -1.000000 0.000000
vn 0.000076 -1.000000 0.000000
vn 1.000000 0.000000 0.000000
vn 1.000000 0.000000 0.000000
vn -0.000077 1.000000 0.000000
vn -0.000077 1.000000 0.000000
vn 0.999913 -0.013173 0.000404
vn 0.999786 -0.020669 -0.000019
vn 0.999946 -0.010317 -0.000876
vn 0.999947 -0.010246 0.000981
vn 0.999738 -0.022139 0.005793
vn 0.000000 -1.000000 0.000000
vn 0.000000 -1.000000 0.000000
vn 1.000000 0.000000 0.000000
vn 1.000000 0.000000 0.000000
vn 0.361632 0.932321 0.000000
vn 0.361632 0.932321 0.000000
vn 1.000000 0.000000 0.000000
vn 1.000000 0.000000 0.000000
vn 1.000000 0.000000 0.000000
vn 0.000000 -1.000000 0.000000
vn 0.000000 -1.000000 0.000000
vn 1.000000 0.000000 0.000000
vn 1.000000 0.000000 0.000000
vn 0.719294 0.694705 0.000000
vn 0.719294 0.694706 0.000000
vn -0.719293 0.694707 0.000000
vn -0.719293 0.694707 0.000000
vn -1.000000 0.000000 0.000000
vn -1.000000 0.000000 0.000000
vn 0.000000 -1.000000 0.000000
vn 0.000000 -1.000000 0.000000
vn -1.000000 0.000000 0.000000
vn -1.000000 0.000000 0.000000
vn -1.000000 0.000000 0.000000
vn -0.367530 0.930011 -0.000574
vn -0.367530 0.930011 -0.000574
vn -0.999995 0.000000 -0.003108
vn -0.999995 0.000000 -0.003108
vn 0.000000 -1.000000 0.000000
vn 0.000000 -1.000000 0.000000
vn 0.000000 -1.000000 0.000000
vn 0.000000 -1.000000 -0.000012
vn 0.000000 -1.000000 -0.000012
vn 0.000000 -1.000000 0.000004
vn 0.000000 -1.000000 0.000004
vn 0.000000 -1.000000 0.000004
vn 0.000000 -1.000000 0.000004
vn 0.000000 -1.000000 0.000000
vn 0.000000 -1.000000 0.000000
vn 0.000000 -1.000000 0.000003
vn 0.000000 -1.000000 0.000003
vn 0.000000 -1.000000 -0.000003
vn 0.000000 -1.000000 -0.000004
vn 0.000000 -1.000000 0.000000
vn 0.999997 0.002580 -0.000446
vn 0.999997 0.002580 -0.000446
vn 0.999997 0.002580 -0.000446
vn 0.999997 0.002580 -0.000446
vn 0.999996 0.002806 -0.000453
vn 0.999996 0.002806 -0.000453
vn 0.999996 0.002806 -0.000453
vn 0.999996 0.002806 -0.000453
vn 0.999998 0.001988 -0.000392
vn 0.999998 0.001988 -0.000392
vn 0.999998 0.001988 -0.000392
vn 0.999998 0.001988 -0.000392
vn 0.999999 0.000258 0.001171
vn 0.999999 0.000258 0.001171
vn 0.999999 0.000258 0.001171
vn 0.999980 0.000667 -0.006310
vn 0.999980 0.000667 -0.006310
vn 0.999980 0.000667 -0.006310
vn 0.999980 0.000667 -0.006310
vn 0.999999 0.000255 0.001636
vn 0.999999 0.000255 0.001636
vn 0.999999 0.000255 0.001636
vn 0.999998 0.000679 0.002120
vn 0.999998 0.000679 0.002120
vn 0.999998 0.000679 0.002120
vn 1.000000 0.000257 0.000477
vn 1.000000 0.000257 0.000477
vn 1.000000 0.000257 0.000477
vn 0.999997 0.000670 0.002417
vn 0.999997 0.000670 0.002417
vn 0.999997 0.000670 0.002417
vn -0.984081 -0.177715 0.001234
vn -0.984081 -0.177715 0.001234
vn -0.984081 -0.177715 0.001234
vn -0.984081 -0.177715 0.001234
vn 0.989199 -0.146578 -0.001155
vn 0.989199 -0.146578 -0.001155
vn 0.989199 -0.146578 -0.001155
vn 0.989199 -0.146578 -0.001155
vn 0.000601 -0.000053 1.000000
vn 0.000601 -0.000053 1.000000
vn 0.000601 -0.000053 1.000000
vn 0.000601 -0.000053 1.000000
vn -0.972095 -0.234584 0.001220
vn -0.972095 -0.234584 0.001220
vn -0.972095 -0.234584 0.001220
vn -0.972095 -0.234584 0.001220
vn 0.972089 -0.234611 -0.000870
vn 0.972089 -0.234611 -0.000870
vn 0.972089 -0.234611 -0.000870
vn 0.972089 -0.234611 -0.000870
vn 0.000666 -0.000196 1.000000
vn 0.000666 -0.000196 1.000000
vn 0.000666 -0.000196 1.000000
vn 0.000666 -0.000196 1.000000
vn 0.000631 -0.000044 1.000000
vn 0.000631 -0.000044 1.000000
vn 0.000631 -0.000044 1.000000
vn 0.000631 -0.000044 1.000000
vn -0.996793 -0.080011 0.001250
vn -0.996793 -0.080011 0.001250
vn -0.996793 -0.080011 0.001250
vn -0.996793 -0.080011 0.001250
vn 0.996803 -0.079889 -0.001159
vn 0.996803 -0.079889 -0.001159
vn 0.996803 -0.079889 -0.001159
vn 0.996803 -0.079889 -0.001159
vn -0.543866 -0.839172 0.000680
vn -0.543866 -0.839172 0.000680
vn -0.543867 -0.839172 0.000680
vn -0.543866 -0.839172 0.000680
vn 0.543748 -0.839248 -0.000586
vn 0.543748 -0.839248 -0.000586
vn 0.543748 -0.839248 -0.000586
vn 0.543748 -0.839248 -0.000586
vn 0.000640 0.000200 1.000000
vn 0.000640 0.000200 1.000000
vn 0.000640 0.000200 1.000000
vn 0.000640 0.000200 1.000000
vn -0.739331 0.673341 0.000929
vn -0.739331 0.673341 0.000929
vn -0.739331 0.673341 0.000929
vn -0.739331 0.673341 0.000929
vn 0.739253 0.673427 -0.000653
vn 0.739253 0.673427 -0.000653
vn 0.739253 0.673427 -0.000653
vn 0.739253 0.673427 -0.000653
vn 0.000651 0.000073 1.000000
vn 0.000651 0.000073 1.000000
vn 0.000651 0.000073 1.000000
vn 0.000651 0.000073 1.000000
vn -0.940666 0.339331 0.001117
vn -0.940667 0.339331 0.001117
vn -0.940666 0.339331 0.001117
vn -0.940666 0.339331 0.001117
vn 0.860302 0.509783 -0.001075
vn 0.860302 0.509783 -0.001075
vn 0.860302 0.509783 -0.001075
vn 0.860302 0.509783 -0.001075
vn 0.001010 -0.002466 0.999997
vn 0.001010 -0.002466 0.999997
vn 0.001010 -0.002466 0.999996
vn 0.001010 -0.002466 0.999997
vn 0.000646 0.000087 1.000000
vn 0.000646 0.000087 1.000000
vn 0.000646 0.000087 1.000000
vn 0.000646 0.000087 1.000000
vn -0.674529 0.738248 0.000772
vn -0.674529 0.738248 0.000772
vn -0.674529 0.738248 0.000772
vn -0.674529 0.738248 0.000772
vn 0.674412 0.738355 -0.000679
vn 0.674412 0.738355 -0.000679
vn 0.674411 0.738355 -0.000679
vn 0.674411 0.738355 -0.000679
vn -0.855673 -0.517516 0.001188
vn -0.855673 -0.517516 0.001188
vn -0.855673 -0.517516 0.001188
vn -0.855673 -0.517516 0.001188
vn 0.000267 0.005195 0.999987
vn 0.000267 0.005195 0.999986
vn 0.000267 0.005195 0.999986
vn 0.000267 0.005195 0.999986
vn 0.858980 -0.512008 -0.000937
vn 0.858980 -0.512008 -0.000937
vn 0.858980 -0.512008 -0.000937
vn 0.858980 -0.512008 -0.000937
vn -0.938966 0.344007 0.001261
vn -0.938966 0.344007 0.001261
vn -0.938966 0.344007 0.001261
vn -0.938966 0.344007 0.001261
vn 0.941393 0.337310 -0.000961
vn 0.941393 0.337310 -0.000961
vn 0.941393 0.337310 -0.000961
vn 0.941393 0.337310 -0.000961
vn 0.000279 0.033707 0.999432
vn 0.000279 0.033707 0.999432
vn 0.000279 0.033707 0.999432
vn 0.000279 0.033707 0.999432
vn 0.000649 -0.000049 1.000000
vn 0.000649 -0.000049 1.000000
vn 0.000649 -0.000049 1.000000
vn 0.000649 -0.000049 1.000000
vn -0.542905 -0.839794 0.000681
vn -0.542905 -0.839794 0.000681
vn -0.542905 -0.839794 0.000681
vn -0.542905 -0.839794 0.000681
vn 0.542929 -0.839778 -0.000527
vn 0.542929 -0.839778 -0.000527
vn 0.542929 -0.839778 -0.000527
vn 0.542929 -0.839778 -0.000527
vn -0.984081 0.177714 0.001231
vn -0.984081 0.177714 0.001231
vn -0.984082 0.177714 0.001231
vn -0.984081 0.177714 0.001231
vn 0.989199 0.146578 -0.001155
vn 0.989199 0.146578 -0.001155
vn 0.989199 0.146578 -0.001155
vn 0.989199 0.146578 -0.001155
vn 0.000601 0.000053 1.000000
vn 0.000601 0.000053 1.000000
vn 0.000601 0.000053 1.000000
vn 0.000601 0.000053 1.000000
vn -0.972084 0.234630 0.001220
vn -0.972084 0.234630 0.001220
vn -0.972084 0.234630 0.001220
vn -0.972084 0.234630 0.001220
vn 0.972080 0.234647 -0.000868
vn 0.972080 0.234647 -0.000868
vn 0.972080 0.234647 -0.000868
vn 0.972080 0.234647 -0.000868
vn 0.000667 0.000196 1.000000
vn 0.000667 0.000196 1.000000
vn 0.000667 0.000196 1.000000
vn 0.000667 0.000196 1.000000
vn 0.000632 0.000044 1.000000
vn 0.000632 0.000044 1.000000
vn 0.000632 0.000044 1.000000
vn 0.000632 0.000044 1.000000
vn -0.996802 0.079904 0.001249
vn -0.996802 0.079904 0.001249
vn -0.996802 0.079904 0.001249
vn -0.996802 0.079904 0.001249
vn 0.996811 0.079788 -0.001159
vn 0.996811 0.079788 -0.001159
vn 0.996811 0.079788 -0.001159
vn 0.996811 0.079788 -0.001159
vn -0.543820 0.839202 0.000677
vn -0.543820 0.839202 0.000677
vn -0.543820 0.839202 0.000677
vn -0.543820 0.839202 0.000677
vn 0.543758 0.839242 -0.000582
vn 0.543758 0.839242 -0.000582
vn 0.543758 0.839242 -0.000582
vn 0.543758 0.839242 -0.000582
vn 0.000640 -0.000200 1.000000
vn 0.000640 -0.000200 1.000000
vn 0.000640 -0.000200 1.000000
vn 0.000640 -0.000200 1.000000
vn -0.739338 -0.673333 0.000926
vn -0.739338 -0.673333 0.000926
vn -0.739338 -0.673333 0.000926
vn -0.739338 -0.673333 0.000926
vn 0.739191 -0.673495 -0.000650
vn 0.739191 -0.673495 -0.000650
vn 0.739191 -0.673495 -0.000650
vn 0.739191 -0.673495 -0.000650
vn 0.000652 -0.000073 1.000000
vn 0.000652 -0.000073 1.000000
vn 0.000652 -0.000073 1.000000
vn 0.000652 -0.000073 1.000000
vn -0.940663 -0.339340 0.001116
vn -0.940663 -0.339340 0.001116
vn -0.940663 -0.339340 0.001116
vn -0.940663 -0.339340 0.001116
vn 0.860334 -0.509729 -0.001071
vn 0.860334 -0.509729 -0.001071
vn 0.860334 -0.509729 -0.001071
vn 0.860334 -0.509729 -0.001071
vn 0.001007 0.002466 0.999997
vn 0.001007 0.002466 0.999997
vn 0.001007 0.002466 0.999997
vn 0.001007 0.002466 0.999997
vn 0.000646 -0.000088 1.000000
vn 0.000646 -0.000088 1.000000
vn 0.000646 -0.000088 1.000000
vn 0.000646 -0.000088 1.000000
vn -0.674556 -0.738223 0.000767
vn -0.674556 -0.738223 0.000767
vn -0.674556 -0.738223 0.000767
vn -0.674556 -0.738223 0.000767
vn 0.674429 -0.738339 -0.000670
vn 0.674429 -0.738339 -0.000670
vn 0.674429 -0.738339 -0.000670
vn 0.674429 -0.738339 -0.000670
vn -0.855676 0.517511 0.001189
vn -0.855676 0.517511 0.001189
vn -0.855676 0.517511 0.001189
vn -0.855675 0.517511 0.001189
vn 0.000268 -0.005196 0.999986
vn 0.000268 -0.005196 0.999986
vn 0.000268 -0.005196 0.999987
vn 0.000268 -0.005196 0.999986
vn 0.858982 0.512005 -0.000936
vn 0.858982 0.512005 -0.000936
vn 0.858982 0.512005 -0.000936
vn 0.858982 0.512005 -0.000936
vn -0.938941 -0.344076 0.001269
vn -0.938941 -0.344076 0.001269
vn -0.938941 -0.344076 0.001269
vn -0.938941 -0.344076 0.001269
vn 0.941392 -0.337312 -0.000955
vn 0.941392 -0.337312 -0.000955
vn 0.941392 -0.337312 -0.000955
vn 0.941392 -0.337312 -0.000955
vn 0.000278 -0.033707 0.999432
vn 0.000278 -0.033707 0.999432
vn 0.000278 -0.033707 0.999432
vn 0.000278 -0.033707 0.999432
vn 0.000648 0.000049 1.000000
vn 0.000648 0.000049 1.000000
vn 0.000648 0.000049 1.000000
vn 0.000648 0.000049 1.000000
vn -0.542928 0.839779 0.000685
vn -0.542928 0.839779 0.000685
vn -0.542928 0.839779 0.000685
vn -0.542928 0.839779 0.000685
vn 0.542885 0.839807 -0.000520
vn 0.542885 0.839807 -0.000520
vn 0.542885 0.839807 -0.000520
vn 0.542885 0.839807 -0.000520
vn -0.983131 -0.182899 0.001317
vn -0.983131 -0.182899 0.001317
vn -0.983131 -0.182899 0.001317
vn -0.983131 -0.182899 0.001317
vn 0.982159 -0.188050 -0.000966
vn 0.982159 -0.188050 -0.000966
vn 0.982159 -0.188050 -0.000966
vn 0.982159 -0.188050 -0.000966
vn 0.000645 -0.000002 1.000000
vn 0.000645 -0.000002 1.000000
vn 0.000645 -0.000002 1.000000
vn 0.000645 -0.000002 1.000000
vn -0.972072 -0.234678 0.001306
vn -0.972072 -0.234678 0.001306
vn -0.972072 -0.234678 0.001306
vn -0.972072 -0.234678 0.001306
vn 0.972133 -0.234428 -0.000878
vn 0.972133 -0.234428 -0.000878
vn 0.972133 -0.234428 -0.000878
vn 0.972133 -0.234428 -0.000878
vn 0.000661 -0.000211 1.000000
vn 0.000661 -0.000211 1.000000
vn 0.000661 -0.000211 1.000000
vn 0.000661 -0.000211 1.000000
vn 0.000637 -0.000066 1.000000
vn 0.000637 -0.000066 1.000000
vn 0.000637 -0.000066 1.000000
vn 0.000637 -0.000066 1.000000
vn -0.996689 -0.081293 0.001339
vn -0.996689 -0.081293 0.001339
vn -0.996689 -0.081293 0.001339
vn -0.996689 -0.081293 0.001339
vn 0.996762 -0.080403 -0.001070
vn 0.996762 -0.080403 -0.001070
vn 0.996762 -0.080403 -0.001070
vn 0.996762 -0.080403 -0.001070
vn -0.543953 -0.839116 0.000680
vn -0.543953 -0.839116 0.000680
vn -0.543953 -0.839116 0.000680
vn -0.543953 -0.839116 0.000680
vn 0.543757 -0.839243 -0.000586
vn 0.543757 -0.839243 -0.000586
vn 0.543757 -0.839243 -0.000586
vn 0.543757 -0.839243 -0.000586
vn 0.000640 0.000217 1.000000
vn 0.000640 0.000217 1.000000
vn 0.000640 0.000217 1.000000
vn 0.000640 0.000217 1.000000
vn -0.739221 0.673463 0.000992
vn -0.739221 0.673463 0.000992
vn -0.739221 0.673463 0.000992
vn -0.739221 0.673463 0.000992
vn 0.739257 0.673424 -0.000721
vn 0.739257 0.673424 -0.000721
vn 0.739256 0.673424 -0.000721
vn 0.739257 0.673424 -0.000721
vn 0.000653 0.000058 1.000000
vn 0.000653 0.000058 1.000000
vn 0.000653 0.000058 1.000000
vn 0.000653 0.000058 1.000000
vn -0.940713 0.339201 0.001350
vn -0.940713 0.339201 0.001350
vn -0.940713 0.339201 0.001350
vn -0.940713 0.339201 0.001350
vn 0.940617 0.339469 -0.000861
vn 0.940617 0.339469 -0.000861
vn 0.940617 0.339469 -0.000861
vn 0.940617 0.339469 -0.000861
vn 0.000633 0.000118 1.000000
vn 0.000633 0.000118 1.000000
vn 0.000633 0.000118 1.000000
vn 0.000633 0.000118 1.000000
vn 0.000642 0.000077 1.000000
vn 0.000642 0.000077 1.000000
vn 0.000642 0.000077 1.000000
vn 0.000642 0.000077 1.000000
vn -0.674528 0.738249 0.000837
vn -0.674528 0.738249 0.000837
vn -0.674528 0.738249 0.000837
vn -0.674528 0.738249 0.000837
vn 0.674609 0.738175 -0.000629
vn 0.674609 0.738175 -0.000629
vn 0.674609 0.738175 -0.000629
vn 0.674609 0.738175 -0.000629
vn -0.916010 -0.401154 0.001181
vn -0.916010 -0.401155 0.001181
vn -0.916010 -0.401154 0.001181
vn -0.916010 -0.401154 0.001181
vn -0.000160 -0.003320 0.999995
vn -0.000160 -0.003320 0.999995
vn -0.000160 -0.003320 0.999995
vn -0.000160 -0.003320 0.999995
vn 0.870723 -0.491773 -0.001066
vn 0.870723 -0.491773 -0.001066
vn 0.870723 -0.491773 -0.001066
vn 0.870723 -0.491773 -0.001066
vn -0.960213 0.279265 0.001302
vn -0.960213 0.279265 0.001302
vn -0.960213 0.279265 0.001302
vn -0.960213 0.279265 0.001302
vn 0.945625 0.325256 -0.001115
vn 0.945626 0.325256 -0.001115
vn 0.945625 0.325256 -0.001115
vn 0.945625 0.325256 -0.001115
vn -0.000425 0.031861 0.999492
vn -0.000425 0.031861 0.999492
vn -0.000425 0.031861 0.999492
vn -0.000425 0.031861 0.999492
vn 0.000642 0.000000 1.000000
vn 0.000642 0.000000 1.000000
vn 0.000642 0.000000 1.000000
vn 0.000642 0.000000 1.000000
vn -0.542837 -0.839838 0.000619
vn -0.542837 -0.839838 0.000619
vn -0.542837 -0.839838 0.000619
vn -0.542837 -0.839838 0.000619
vn 0.542950 -0.839765 -0.000567
vn 0.542950 -0.839765 -0.000567
vn 0.542950 -0.839765 -0.000567
vn 0.542950 -0.839765 -0.000567
vn -0.983137 0.182867 0.001321
vn -0.983137 0.182867 0.001321
vn -0.983137 0.182867 0.001321
vn -0.983137 0.182867 0.001321
vn 0.982163 0.188027 -0.000972
vn 0.982163 0.188027 -0.000972
vn 0.982163 0.188027 -0.000972
vn 0.982163 0.188027 -0.000972
vn 0.000645 0.000002 1.000000
vn 0.000645 0.000002 1.000000
vn 0.000645 0.000002 1.000000
vn 0.000645 0.000002 1.000000
vn -0.972084 0.234630 0.001306
vn -0.972084 0.234630 0.001306
vn -0.972084 0.234630 0.001306
vn -0.972084 0.234630 0.001306
vn 0.972159 0.234320 -0.000877
vn 0.972159 0.234320 -0.000877
vn 0.972159 0.234320 -0.000877
vn 0.972159 0.234320 -0.000877
vn 0.000661 0.000211 1.000000
vn 0.000661 0.000211 1.000000
vn 0.000661 0.000211 1.000000
vn 0.000661 0.000211 1.000000
vn 0.000638 0.000066 1.000000
vn 0.000638 0.000066 1.000000
vn 0.000638 0.000066 1.000000
vn 0.000638 0.000066 1.000000
vn -0.996725 0.080855 0.001338
vn -0.996725 0.080855 0.001338
vn -0.996725 0.080855 0.001338
vn -0.996725 0.080855 0.001338
vn 0.996762 0.080397 -0.001069
vn 0.996762 0.080397 -0.001069
vn 0.996762 0.080397 -0.001069
vn 0.996762 0.080397 -0.001069
vn -0.543908 0.839145 0.000677
vn -0.543908 0.839145 0.000677
vn -0.543908 0.839145 0.000677
vn -0.543908 0.839145 0.000677
vn 0.543749 0.839248 -0.000582
vn 0.543749 0.839248 -0.000582
vn 0.543749 0.839248 -0.000582
vn 0.543749 0.839248 -0.000582
vn 0.000640 -0.000217 1.000000
vn 0.000640 -0.000217 1.000000
vn 0.000640 -0.000217 1.000000
vn 0.000640 -0.000217 1.000000
vn -0.739224 -0.673459 0.000989
vn -0.739224 -0.673459 0.000989
vn -0.739224 -0.673459 0.000989
vn -0.739224 -0.673459 0.000989
vn 0.739270 -0.673409 -0.000721
vn 0.739270 -0.673409 -0.000721
vn 0.739270 -0.673409 -0.000721
vn 0.739270 -0.673409 -0.000721
vn 0.000652 -0.000058 1.000000
vn 0.000652 -0.000058 1.000000
vn 0.000652 -0.000058 1.000000
vn 0.000652 -0.000058 1.000000
vn -0.940735 -0.339140 0.001355
vn -0.940735 -0.339140 0.001355
vn -0.940735 -0.339140 0.001355
vn -0.940735 -0.339140 0.001355
vn 0.940614 -0.339478 -0.000862
vn 0.940614 -0.339478 -0.000862
vn 0.940614 -0.339478 -0.000862
vn 0.940614 -0.339478 -0.000862
vn 0.000633 -0.000118 1.000000
vn 0.000633 -0.000118 1.000000
vn 0.000633 -0.000118 1.000000
vn 0.000633 -0.000118 1.000000
vn 0.000643 -0.000077 1.000000
vn 0.000643 -0.000077 1.000000
vn 0.000643 -0.000077 1.000000
vn 0.000643 -0.000077 1.000000
vn -0.674538 -0.738239 0.000854
vn -0.674538 -0.738239 0.000854
vn -0.674538 -0.738239 0.000854
vn -0.674538 -0.738239 0.000854
vn 0.674592 -0.738190 -0.000639
vn 0.674592 -0.738190 -0.000639
vn 0.674592 -0.738190 -0.000639
vn 0.674592 -0.738190 -0.000639
vn -0.916016 0.401141 0.001178
vn -0.916016 0.401141 0.001178
vn -0.916016 0.401141 0.001178
vn -0.916016 0.401141 0.001178
vn -0.000158 0.003321 0.999994
vn -0.000158 0.003321 0.999995
vn -0.000158 0.003321 0.999995
vn -0.000158 0.003321 0.999995
vn 0.870720 0.491779 -0.001074
vn 0.870720 0.491778 -0.001074
vn 0.870720 0.491779 -0.001074
vn 0.870720 0.491778 -0.001074
vn -0.960217 -0.279253 0.001298
vn -0.960217 -0.279253 0.001298
vn -0.960217 -0.279253 0.001298
vn -0.960217 -0.279253 0.001298
vn 0.945621 -0.325270 -0.001106
vn 0.945621 -0.325270 -0.001106
vn 0.945621 -0.325270 -0.001106
vn 0.945621 -0.325270 -0.001106
vn -0.000423 -0.031861 0.999492
vn -0.000423 -0.031861 0.999492
vn -0.000423 -0.031861 0.999492
vn -0.000423 -0.031861 0.999492
vn 0.000640 0.000000 1.000000
vn 0.000640 0.000000 1.000000
vn 0.000640 0.000000 1.000000
vn 0.000640 0.000000 1.000000
vn -0.542808 0.839857 0.000615
vn -0.542808 0.839857 0.000615
vn -0.542808 0.839857 0.000615
vn -0.542808 0.839857 0.000615
vn 0.542995 0.839736 -0.000559
vn 0.542995 0.839736 -0.000559
vn 0.542995 0.839736 -0.000559
vn 0.542995 0.839736 -0.000559
vn -0.987614 -0.156895 0.001593
vn -0.987614 -0.156895 0.001593
vn -0.987614 -0.156895 0.001593
vn -0.987614 -0.156895 0.001593
vn 0.983144 -0.182829 -0.001058
vn 0.983144 -0.182829 -0.001058
vn 0.983144 -0.182829 -0.001058
vn 0.983144 -0.182829 -0.001058
vn 0.000601 0.000052 1.000000
vn 0.000601 0.000052 1.000000
vn 0.000601 0.000052 1.000000
vn 0.000601 0.000052 1.000000
vn -0.972029 -0.234857 0.001392
vn -0.972029 -0.234857 0.001392
vn -0.972029 -0.234857 0.001392
vn -0.972029 -0.234857 0.001392
vn 0.971887 -0.235448 -0.000958
vn 0.971887 -0.235448 -0.000958
vn 0.971887 -0.235448 -0.000958
vn 0.971887 -0.235448 -0.000958
vn 0.000661 -0.000196 1.000000
vn 0.000661 -0.000196 1.000000
vn 0.000661 -0.000196 1.000000
vn 0.000661 -0.000196 1.000000
vn 0.000631 -0.000066 1.000000
vn 0.000631 -0.000066 1.000000
vn 0.000631 -0.000066 1.000000
vn 0.000631 -0.000066 1.000000
vn -0.996731 -0.080781 0.001339
vn -0.996731 -0.080781 0.001339
vn -0.996731 -0.080781 0.001339
vn -0.996731 -0.080781 0.001339
vn 0.996844 -0.079379 -0.001159
vn 0.996844 -0.079379 -0.001159
vn 0.996844 -0.079379 -0.001159
vn 0.996844 -0.079379 -0.001159
vn -0.543830 -0.839195 0.000733
vn -0.543830 -0.839195 0.000733
vn -0.543830 -0.839195 0.000733
vn -0.543830 -0.839195 0.000733
vn 0.543673 -0.839297 -0.000586
vn 0.543673 -0.839297 -0.000586
vn 0.543673 -0.839297 -0.000586
vn 0.543673 -0.839297 -0.000586
vn 0.000635 0.000234 1.000000
vn 0.000635 0.000234 1.000000
vn 0.000635 0.000234 1.000000
vn 0.000635 0.000234 1.000000
vn -0.739096 0.673600 0.001057
vn -0.739096 0.673600 0.001057
vn -0.739096 0.673600 0.001057
vn -0.739096 0.673600 0.001057
vn 0.739135 0.673557 -0.000792
vn 0.739135 0.673556 -0.000792
vn 0.739135 0.673556 -0.000792
vn 0.739135 0.673556 -0.000792
vn 0.000653 0.000058 1.000000
vn 0.000653 0.000058 1.000000
vn 0.000653 0.000058 1.000000
vn 0.000653 0.000058 1.000000
vn -0.940656 0.339359 0.001233
vn -0.940656 0.339359 0.001233
vn -0.940656 0.339359 0.001233
vn -0.940656 0.339359 0.001233
vn 0.940580 0.339571 -0.000873
vn 0.940580 0.339571 -0.000873
vn 0.940580 0.339571 -0.000873
vn 0.940580 0.339570 -0.000873
vn 0.000633 0.000106 1.000000
vn 0.000633 0.000106 1.000000
vn 0.000633 0.000106 1.000000
vn 0.000633 0.000106 1.000000
vn 0.000633 0.000091 1.000000
vn 0.000633 0.000091 1.000000
vn 0.000633 0.000091 1.000000
vn 0.000633 0.000091 1.000000
vn -0.674479 0.738294 0.000753
vn -0.674479 0.738294 0.000753
vn -0.674479 0.738294 0.000753
vn -0.674479 0.738294 0.000753
vn 0.674571 0.738210 -0.000599
vn 0.674571 0.738210 -0.000599
vn 0.674571 0.738210 -0.000599
vn 0.674571 0.738210 -0.000599
vn -0.916026 -0.401117 0.001191
vn -0.916026 -0.401117 0.001191
vn -0.916026 -0.401117 0.001191
vn -0.916026 -0.401117 0.001191
vn 0.000632 -0.000025 1.000000
vn 0.000632 -0.000025 1.000000
vn 0.000632 -0.000025 1.000000
vn 0.000632 -0.000025 1.000000
vn 0.916144 -0.400848 -0.000882
vn 0.916144 -0.400848 -0.000882
vn 0.916144 -0.400848 -0.000882
vn 0.916144 -0.400848 -0.000882
vn -0.962988 0.269541 0.001389
vn -0.962988 0.269541 0.001389
vn -0.962988 0.269541 0.001389
vn -0.962988 0.269541 0.001389
vn 0.963000 0.269501 -0.000834
vn 0.963000 0.269501 -0.000834
vn 0.963000 0.269501 -0.000834
vn 0.963000 0.269501 -0.000834
vn 0.000635 0.028626 0.999590
vn 0.000635 0.028626 0.999590
vn 0.000635 0.028626 0.999590
vn 0.000635 0.028626 0.999590
vn 0.000652 -0.000025 1.000000
vn 0.000652 -0.000025 1.000000
vn 0.000652 -0.000025 1.000000
vn 0.000652 -0.000025 1.000000
vn -0.542747 -0.839896 0.000588
vn -0.542747 -0.839896 0.000588
vn -0.542747 -0.839896 0.000588
vn -0.542747 -0.839896 0.000588
vn 0.542720 -0.839914 -0.000532
vn 0.542720 -0.839914 -0.000532
vn 0.542720 -0.839914 -0.000532
vn 0.542720 -0.839914 -0.000532
vn -0.987614 0.156895 0.001592
vn -0.987614 0.156895 0.001592
vn -0.987614 0.156895 0.001592
vn -0.987614 0.156895 0.001592
vn 0.983140 0.182852 -0.001057
vn 0.983140 0.182852 -0.001057
vn 0.983140 0.182852 -0.001057
vn 0.983140 0.182852 -0.001057
vn 0.000601 -0.000052 1.000000
vn 0.000601 -0.000052 1.000000
vn 0.000601 -0.000052 1.000000
vn 0.000601 -0.000052 1.000000
vn -0.972043 0.234797 0.001392
vn -0.972043 0.234797 0.001392
vn -0.972043 0.234797 0.001392
vn -0.972043 0.234797 0.001392
vn 0.971923 0.235296 -0.000957
vn 0.971923 0.235296 -0.000957
vn 0.971923 0.235296 -0.000957
vn 0.971923 0.235296 -0.000957
vn 0.000660 0.000196 1.000000
vn 0.000660 0.000196 1.000000
vn 0.000660 0.000196 1.000000
vn 0.000660 0.000196 1.000000
vn 0.000632 0.000066 1.000000
vn 0.000632 0.000066 1.000000
vn 0.000632 0.000066 1.000000
vn 0.000632 0.000066 1.000000
vn -0.996741 0.080654 0.001339
vn -0.996741 0.080654 0.001339
vn -0.996741 0.080654 0.001339
vn -0.996741 0.080654 0.001339
vn 0.996843 0.079392 -0.001159
vn 0.996843 0.079392 -0.001159
vn 0.996843 0.079392 -0.001159
vn 0.996843 0.079392 -0.001159
vn -0.543810 0.839208 0.000724
vn -0.543810 0.839208 0.000724
vn -0.543810 0.839208 0.000724
vn -0.543811 0.839208 0.000724
vn 0.543661 0.839305 -0.000581
vn 0.543661 0.839305 -0.000581
vn 0.543661 0.839305 -0.000581
vn 0.543661 0.839305 -0.000581
vn 0.000635 -0.000234 1.000000
vn 0.000635 -0.000234 1.000000
vn 0.000635 -0.000234 1.000000
vn 0.000635 -0.000234 1.000000
vn -0.739105 -0.673590 0.001059
vn -0.739105 -0.673590 0.001059
vn -0.739105 -0.673590 0.001059
vn -0.739105 -0.673590 0.001059
vn 0.739109 -0.673585 -0.000791
vn 0.739109 -0.673585 -0.000791
vn 0.739109 -0.673585 -0.000791
vn 0.739109 -0.673585 -0.000791
vn 0.000652 -0.000058 1.000000
vn 0.000652 -0.000058 1.000000
vn 0.000652 -0.000058 1.000000
vn 0.000652 -0.000058 1.000000
vn -0.940648 -0.339381 0.001235
vn -0.940648 -0.339381 0.001235
vn -0.940648 -0.339381 0.001235
vn -0.940648 -0.339381 0.001235
vn 0.940599 -0.339518 -0.000874
vn 0.940599 -0.339518 -0.000874
vn 0.940599 -0.339518 -0.000874
vn 0.940599 -0.339518 -0.000874
vn 0.000633 -0.000106 1.000000
vn 0.000633 -0.000106 1.000000
vn 0.000633 -0.000106 1.000000
vn 0.000633 -0.000106 1.000000
vn 0.000633 -0.000091 1.000000
vn 0.000633 -0.000091 1.000000
vn 0.000633 -0.000091 1.000000
vn 0.000633 -0.000091 1.000000
vn -0.674475 -0.738297 0.000758
vn -0.674475 -0.738297 0.000758
vn -0.674475 -0.738297 0.000758
vn -0.674475 -0.738297 0.000758
vn 0.674608 -0.738176 -0.000602
vn 0.674608 -0.738176 -0.000602
vn 0.674608 -0.738176 -0.000602
vn 0.674608 -0.738176 -0.000602
vn -0.916052 0.401059 0.001196
vn -0.916052 0.401059 0.001196
vn -0.916052 0.401059 0.001196
vn -0.916052 0.401059 0.001196
vn 0.000631 0.000025 1.000000
vn 0.000631 0.000025 1.000000
vn 0.000631 0.000025 1.000000
vn 0.000631 0.000025 1.000000
vn 0.916125 0.400893 -0.000881
vn 0.916125 0.400893 -0.000881
vn 0.916125 0.400893 -0.000881
vn 0.916125 0.400893 -0.000881
vn -0.962987 -0.269544 0.001390
vn -0.962987 -0.269544 0.001390
vn -0.962987 -0.269545 0.001390
vn -0.962987 -0.269545 0.001390
vn 0.963002 -0.269494 -0.000833
vn 0.963002 -0.269494 -0.000833
vn 0.963002 -0.269494 -0.000833
vn 0.963002 -0.269494 -0.000833
vn 0.000636 -0.028625 0.999590
vn 0.000636 -0.028625 0.999590
vn 0.000636 -0.028625 0.999590
vn 0.000636 -0.028625 0.999590
vn 0.000650 0.000025 1.000000
vn 0.000650 0.000025 1.000000
vn 0.000650 0.000025 1.000000
vn 0.000650 0.000025 1.000000
vn -0.542775 0.839878 0.000589
vn -0.542775 0.839878 0.000589
vn -0.542775 0.839878 0.000589
vn -0.542775 0.839878 0.000589
vn 0.542757 0.839889 -0.000539
vn 0.542757 0.839889 -0.000539
vn 0.542757 0.839889 -0.000539
vn 0.542757 0.839889 -0.000539
vn -0.983096 -0.183085 0.001230
vn -0.983096 -0.183085 0.001230
vn -0.983096 -0.183085 0.001230
vn -0.983096 -0.183085 0.001230
vn 0.988525 -0.151054 -0.001154
vn 0.988525 -0.151054 -0.001154
vn 0.988525 -0.151054 -0.001154
vn 0.988525 -0.151054 -0.001154
vn 0.000582 -0.000053 1.000000
vn 0.000582 -0.000053 1.000000
vn 0.000582 -0.000053 1.000000
vn 0.000582 -0.000053 1.000000
vn -0.970412 -0.241452 0.001218
vn -0.970412 -0.241452 0.001218
vn -0.970412 -0.241452 0.001218
vn -0.970412 -0.241452 0.001218
vn 0.970292 -0.241934 -0.000954
vn 0.970292 -0.241934 -0.000954
vn 0.970292 -0.241934 -0.000954
vn 0.970292 -0.241934 -0.000954
vn 0.000646 -0.000196 1.000000
vn 0.000646 -0.000196 1.000000
vn 0.000646 -0.000196 1.000000
vn 0.000646 -0.000196 1.000000
vn 0.000612 -0.000044 1.000000
vn 0.000612 -0.000044 1.000000
vn 0.000612 -0.000044 1.000000
vn 0.000612 -0.000044 1.000000
vn -0.996499 -0.083599 0.001249
vn -0.996499 -0.083599 0.001249
vn -0.996499 -0.083599 0.001249
vn -0.996499 -0.083599 0.001249
vn 0.996552 -0.082960 -0.001248
vn 0.996552 -0.082960 -0.001248
vn 0.996552 -0.082960 -0.001248
vn 0.996552 -0.082960 -0.001248
vn -0.532033 -0.846723 0.000665
vn -0.532033 -0.846723 0.000665
vn -0.532033 -0.846723 0.000665
vn -0.532033 -0.846723 0.000665
vn 0.532078 -0.846695 -0.000625
vn 0.532078 -0.846695 -0.000625
vn 0.532078 -0.846695 -0.000625
vn 0.532078 -0.846695 -0.000625
vn 0.000621 0.000200 1.000000
vn 0.000621 0.000200 1.000000
vn 0.000621 0.000200 1.000000
vn 0.000621 0.000200 1.000000
vn -0.728766 0.684762 0.000916
vn -0.728766 0.684762 0.000916
vn -0.728766 0.684762 0.000916
vn -0.728766 0.684762 0.000916
vn 0.728702 0.684830 -0.000708
vn 0.728702 0.684830 -0.000708
vn 0.728702 0.684830 -0.000708
vn 0.728702 0.684830 -0.000708
vn 0.000631 0.000072 1.000000
vn 0.000631 0.000072 1.000000
vn 0.000631 0.000072 1.000000
vn 0.000631 0.000072 1.000000
vn -0.937215 0.348750 0.001177
vn -0.937215 0.348750 0.001177
vn -0.937215 0.348750 0.001177
vn -0.937215 0.348750 0.001177
vn 0.853103 0.521741 -0.001060
vn 0.853103 0.521741 -0.001060
vn 0.853103 0.521741 -0.001060
vn 0.853103 0.521741 -0.001060
vn 0.000979 -0.002465 0.999997
vn 0.000979 -0.002465 0.999997
vn 0.000979 -0.002465 0.999997
vn 0.000979 -0.002465 0.999997
vn 0.000626 0.000087 1.000000
vn 0.000626 0.000087 1.000000
vn 0.000626 0.000087 1.000000
vn 0.000626 0.000087 1.000000
vn -0.663186 0.748454 0.000806
vn -0.663186 0.748454 0.000806
vn -0.663186 0.748454 0.000806
vn -0.663186 0.748454 0.000806
vn 0.663088 0.748541 -0.000616
vn 0.663088 0.748541 -0.000616
vn 0.663088 0.748541 -0.000616
vn 0.663088 0.748541 -0.000616
vn -0.848566 -0.529089 0.001178
vn -0.848566 -0.529089 0.001178
vn -0.848566 -0.529089 0.001178
vn -0.848566 -0.529089 0.001178
vn 0.000258 0.005196 0.999986
vn 0.000258 0.005196 0.999986
vn 0.000258 0.005196 0.999986
vn 0.000258 0.005196 0.999986
vn 0.852051 -0.523457 -0.000935
vn 0.852051 -0.523457 -0.000935
vn 0.852051 -0.523457 -0.000935
vn 0.852051 -0.523457 -0.000935
vn -0.935437 0.353491 0.001260
vn -0.935437 0.353491 0.001260
vn -0.935437 0.353491 0.001260
vn -0.935437 0.353491 0.001260
vn 0.938031 0.346551 -0.000884
vn 0.938031 0.346551 -0.000884
vn 0.938031 0.346551 -0.000884
vn 0.938031 0.346551 -0.000884
vn 0.000270 0.033708 0.999432
vn 0.000270 0.033708 0.999432
vn 0.000270 0.033708 0.999432
vn 0.000270 0.033708 0.999432
vn 0.000629 -0.000048 1.000000
vn 0.000629 -0.000048 1.000000
vn 0.000629 -0.000048 1.000000
vn 0.000629 -0.000048 1.000000
vn -0.531166 -0.847268 0.000698
vn -0.531166 -0.847267 0.000698
vn -0.531166 -0.847267 0.000698
vn -0.531166 -0.847268 0.000698
vn 0.531102 -0.847308 -0.000545
vn 0.531102 -0.847308 -0.000545
vn 0.531102 -0.847308 -0.000545
vn 0.531102 -0.847308 -0.000545
vn -0.983092 0.183110 0.001230
vn -0.983092 0.183110 0.001230
vn -0.983092 0.183110 0.001230
vn -0.983092 0.183110 0.001230
vn 0.988525 0.151054 -0.001154
vn 0.988525 0.151054 -0.001154
vn 0.988525 0.151054 -0.001154
vn 0.988525 0.151054 -0.001154
vn 0.000582 0.000053 1.000000
vn 0.000582 0.000053 1.000000
vn 0.000582 0.000053 1.000000
vn 0.000582 0.000053 1.000000
vn -0.970415 0.241439 0.001217
vn -0.970415 0.241439 0.001217
vn -0.970415 0.241439 0.001217
vn -0.970415 0.241439 0.001217
vn 0.970253 0.242093 -0.000952
vn 0.970253 0.242093 -0.000952
vn 0.970253 0.242093 -0.000952
vn 0.970253 0.242093 -0.000952
vn 0.000647 0.000196 1.000000
vn 0.000647 0.000196 1.000000
vn 0.000647 0.000196 1.000000
vn 0.000647 0.000196 1.000000
vn 0.000613 0.000044 1.000000
vn 0.000613 0.000044 1.000000
vn 0.000613 0.000044 1.000000
vn 0.000613 0.000044 1.000000
vn -0.996503 0.083543 0.001250
vn -0.996503 0.083543 0.001250
vn -0.996503 0.083543 0.001250
vn -0.996503 0.083543 0.001250
vn 0.996555 0.082926 -0.001248
vn 0.996555 0.082926 -0.001248
vn 0.996555 0.082926 -0.001248
vn 0.996555 0.082926 -0.001248
vn -0.532051 0.846712 0.000662
vn -0.532052 0.846712 0.000662
vn -0.532052 0.846712 0.000662
vn -0.532052 0.846712 0.000662
vn 0.532104 0.846678 -0.000621
vn 0.532104 0.846679 -0.000621
vn 0.532104 0.846679 -0.000621
vn 0.532104 0.846679 -0.000621
vn 0.000621 -0.000200 1.000000
vn 0.000621 -0.000200 1.000000
vn 0.000621 -0.000200 1.000000
vn 0.000621 -0.000200 1.000000
vn -0.728706 -0.684826 0.000913
vn -0.728706 -0.684826 0.000913
vn -0.728706 -0.684826 0.000913
vn -0.728706 -0.684826 0.000913
vn 0.728669 -0.684866 -0.000703
vn 0.728669 -0.684866 -0.000703
vn 0.728669 -0.684866 -0.000703
vn 0.728669 -0.684866 -0.000703
vn 0.000632 -0.000072 1.000000
vn 0.000632 -0.000072 1.000000
vn 0.000632 -0.000072 1.000000
vn 0.000632 -0.000072 1.000000
vn -0.937220 -0.348738 0.001180
vn -0.937220 -0.348738 0.001180
vn -0.937220 -0.348738 0.001180
vn -0.937220 -0.348738 0.001180
vn 0.853077 -0.521785 -0.001068
vn 0.853077 -0.521785 -0.001068
vn 0.853077 -0.521785 -0.001068
vn 0.853077 -0.521785 -0.001068
vn 0.000977 0.002465 0.999996
vn 0.000977 0.002465 0.999996
vn 0.000977 0.002465 0.999997
vn 0.000977 0.002465 0.999996
vn 0.000626 -0.000087 1.000000
vn 0.000626 -0.000087 1.000000
vn 0.000626 -0.000087 1.000000
vn 0.000626 -0.000087 1.000000
vn -0.663188 -0.748453 0.000811
vn -0.663188 -0.748453 0.000811
vn -0.663188 -0.748453 0.000811
vn -0.663188 -0.748453 0.000811
vn 0.663113 -0.748519 -0.000621
vn 0.663113 -0.748519 -0.000621
vn 0.663113 -0.748519 -0.000621
vn 0.663113 -0.748519 -0.000621
vn -0.848547 0.529118 0.001179
vn -0.848547 0.529118 0.001179
vn -0.848547 0.529118 0.001179
vn -0.848547 0.529118 0.001179
vn 0.000260 -0.005196 0.999986
vn 0.000260 -0.005196 0.999986
vn 0.000260 -0.005196 0.999987
vn 0.000260 -0.005196 0.999986
vn 0.852024 0.523502 -0.000932
vn 0.852024 0.523502 -0.000932
vn 0.852024 0.523502 -0.000932
vn 0.852024 0.523502 -0.000932
vn -0.935440 -0.353484 0.001264
vn -0.935440 -0.353484 0.001264
vn -0.935440 -0.353484 0.001264
vn -0.935440 -0.353484 0.001264
vn 0.938037 -0.346535 -0.000875
vn 0.938037 -0.346535 -0.000875
vn 0.938037 -0.346535 -0.000875
vn 0.938037 -0.346535 -0.000875
vn 0.000270 -0.033709 0.999432
vn 0.000270 -0.033709 0.999432
vn 0.000270 -0.033709 0.999432
vn 0.000270 -0.033709 0.999432
vn 0.000628 0.000048 1.000000
vn 0.000628 0.000048 1.000000
vn 0.000628 0.000048 1.000000
vn 0.000628 0.000048 1.000000
vn -0.531149 0.847278 0.000706
vn -0.531149 0.847278 0.000706
vn -0.531149 0.847278 0.000706
vn -0.531149 0.847278 0.000706
vn 0.531106 0.847305 -0.000545
vn 0.531106 0.847305 -0.000545
vn 0.531106 0.847305 -0.000545
vn 0.531106 0.847305 -0.000545
vn -0.982087 -0.188426 0.001228
vn -0.982087 -0.188426 0.001228
vn -0.982087 -0.188426 0.001228
vn -0.982087 -0.188426 0.001228
vn 0.981064 -0.193679 -0.001052
vn 0.981064 -0.193679 -0.001052
vn 0.981064 -0.193679 -0.001052
vn 0.981064 -0.193679 -0.001052
vn 0.000625 -0.000002 1.000000
vn 0.000625 -0.000002 1.000000
vn 0.000625 -0.000002 1.000000
vn 0.000625 -0.000002 1.000000
vn -0.970409 -0.241466 0.001218
vn -0.970409 -0.241466 0.001218
vn -0.970409 -0.241466 0.001218
vn -0.970409 -0.241466 0.001218
vn 0.970329 -0.241786 -0.000962
vn 0.970329 -0.241786 -0.000962
vn 0.970329 -0.241786 -0.000962
vn 0.970329 -0.241786 -0.000962
vn 0.000641 -0.000211 1.000000
vn 0.000641 -0.000211 1.000000
vn 0.000641 -0.000211 1.000000
vn 0.000641 -0.000211 1.000000
vn 0.000617 -0.000066 1.000000
vn 0.000617 -0.000066 1.000000
vn 0.000617 -0.000066 1.000000
vn 0.000617 -0.000066 1.000000
vn -0.996541 -0.083087 0.001429
vn -0.996541 -0.083087 0.001429
vn -0.996541 -0.083087 0.001429
vn -0.996541 -0.083087 0.001429
vn 0.996552 -0.082963 -0.001069
vn 0.996552 -0.082963 -0.001069
vn 0.996552 -0.082963 -0.001069
vn 0.996552 -0.082963 -0.001069
vn -0.532028 -0.846726 0.000717
vn -0.532028 -0.846726 0.000717
vn -0.532028 -0.846726 0.000717
vn -0.532028 -0.846726 0.000717
vn 0.532093 -0.846686 -0.000560
vn 0.532093 -0.846686 -0.000560
vn 0.532093 -0.846686 -0.000560
vn 0.532093 -0.846686 -0.000560
vn 0.000621 0.000217 1.000000
vn 0.000621 0.000217 1.000000
vn 0.000621 0.000217 1.000000
vn 0.000621 0.000217 1.000000
vn -0.728781 0.684746 0.001047
vn -0.728781 0.684746 0.001047
vn -0.728781 0.684746 0.001047
vn -0.728781 0.684746 0.001047
vn 0.728829 0.684696 -0.000711
vn 0.728829 0.684696 -0.000711
vn 0.728829 0.684695 -0.000711
vn 0.728829 0.684696 -0.000711
vn 0.000633 0.000058 1.000000
vn 0.000633 0.000058 1.000000
vn 0.000633 0.000058 1.000000
vn 0.000633 0.000058 1.000000
vn -0.937220 0.348736 0.001349
vn -0.937220 0.348736 0.001349
vn -0.937220 0.348736 0.001349
vn -0.937220 0.348736 0.001349
vn 0.937249 0.348660 -0.000991
vn 0.937249 0.348660 -0.000991
vn 0.937249 0.348660 -0.000991
vn 0.937249 0.348660 -0.000991
vn 0.000613 0.000118 1.000000
vn 0.000613 0.000118 1.000000
vn 0.000613 0.000118 1.000000
vn 0.000613 0.000118 1.000000
vn 0.000623 0.000077 1.000000
vn 0.000623 0.000077 1.000000
vn 0.000623 0.000077 1.000000
vn 0.000623 0.000077 1.000000
vn -0.663147 0.748489 0.000773
vn -0.663147 0.748489 0.000773
vn -0.663147 0.748489 0.000773
vn -0.663147 0.748489 0.000773
vn 0.663085 0.748544 -0.000625
vn 0.663085 0.748544 -0.000625
vn 0.663085 0.748544 -0.000625
vn 0.663085 0.748544 -0.000625
vn -0.911372 -0.411583 0.001240
vn -0.911372 -0.411583 0.001240
vn -0.911372 -0.411583 0.001240
vn -0.911372 -0.411583 0.001240
vn -0.000155 -0.003321 0.999995
vn -0.000155 -0.003321 0.999995
vn -0.000155 -0.003321 0.999995
vn -0.000155 -0.003321 0.999995
vn 0.864060 -0.503389 -0.001122
vn 0.864059 -0.503389 -0.001122
vn 0.864059 -0.503389 -0.001122
vn 0.864060 -0.503389 -0.001122
vn -0.957843 0.287288 0.001373
vn -0.957843 0.287288 0.001373
vn -0.957843 0.287288 0.001373
vn -0.957843 0.287288 0.001373
vn 0.942484 0.334249 -0.001111
vn 0.942484 0.334249 -0.001111
vn 0.942484 0.334249 -0.001111
vn 0.942484 0.334249 -0.001111
vn -0.000412 0.031862 0.999492
vn -0.000412 0.031862 0.999492
vn -0.000412 0.031862 0.999492
vn -0.000412 0.031862 0.999492
vn 0.000623 -0.000000 1.000000
vn 0.000623 -0.000000 1.000000
vn 0.000623 -0.000000 1.000000
vn 0.000623 -0.000000 1.000000
vn -0.531186 -0.847255 0.000610
vn -0.531186 -0.847255 0.000610
vn -0.531186 -0.847255 0.000610
vn -0.531186 -0.847255 0.000610
vn 0.530980 -0.847385 -0.000552
vn 0.530980 -0.847385 -0.000552
vn 0.530980 -0.847385 -0.000552
vn 0.530980 -0.847385 -0.000552
vn -0.982086 0.188428 0.001229
vn -0.982086 0.188428 0.001229
vn -0.982086 0.188428 0.001229
vn -0.982086 0.188428 0.001229
vn 0.981061 0.193695 -0.001058
vn 0.981061 0.193695 -0.001058
vn 0.981061 0.193695 -0.001058
vn 0.981061 0.193695 -0.001058
vn 0.000625 0.000002 1.000000
vn 0.000625 0.000002 1.000000
vn 0.000625 0.000002 1.000000
vn 0.000625 0.000002 1.000000
vn -0.970415 0.241439 0.001217
vn -0.970415 0.241439 0.001217
vn -0.970415 0.241439 0.001217
vn -0.970415 0.241439 0.001217
vn 0.970334 0.241767 -0.000961
vn 0.970334 0.241767 -0.000961
vn 0.970334 0.241767 -0.000961
vn 0.970334 0.241767 -0.000961
vn 0.000641 0.000211 1.000000
vn 0.000641 0.000211 1.000000
vn 0.000641 0.000211 1.000000
vn 0.000641 0.000211 1.000000
vn 0.000618 0.000066 1.000000
vn 0.000618 0.000066 1.000000
vn 0.000618 0.000066 1.000000
vn 0.000618 0.000066 1.000000
vn -0.996554 0.082938 0.001428
vn -0.996554 0.082938 0.001428
vn -0.996554 0.082938 0.001428
vn -0.996554 0.082938 0.001428
vn 0.996568 0.082773 -0.001069
vn 0.996568 0.082773 -0.001069
vn 0.996568 0.082773 -0.001069
vn 0.996568 0.082773 -0.001069
vn -0.532042 0.846718 0.000709
vn -0.532042 0.846718 0.000709
vn -0.532042 0.846718 0.000709
vn -0.532042 0.846718 0.000709
vn 0.532095 0.846684 -0.000556
vn 0.532095 0.846684 -0.000556
vn 0.532095 0.846684 -0.000556
vn 0.532095 0.846684 -0.000556
vn 0.000621 -0.000217 1.000000
vn 0.000621 -0.000217 1.000000
vn 0.000621 -0.000217 1.000000
vn 0.000621 -0.000217 1.000000
vn -0.728741 -0.684789 0.001044
vn -0.728741 -0.684789 0.001044
vn -0.728741 -0.684789 0.001044
vn -0.728741 -0.684789 0.001044
vn 0.728829 -0.684695 -0.000711
vn 0.728829 -0.684695 -0.000711
vn 0.728829 -0.684695 -0.000711
vn 0.728829 -0.684695 -0.000711
vn 0.000632 -0.000058 1.000000
vn 0.000632 -0.000058 1.000000
vn 0.000632 -0.000058 1.000000
vn 0.000632 -0.000058 1.000000
vn -0.937235 -0.348696 0.001350
vn -0.937235 -0.348696 0.001350
vn -0.937235 -0.348696 0.001350
vn -0.937235 -0.348696 0.001350
vn 0.937267 -0.348612 -0.000991
vn 0.937267 -0.348611 -0.000991
vn 0.937267 -0.348612 -0.000991
vn 0.937267 -0.348612 -0.000991
vn 0.000613 -0.000118 1.000000
vn 0.000613 -0.000118 1.000000
vn 0.000613 -0.000118 1.000000
vn 0.000613 -0.000118 1.000000
vn 0.000624 -0.000077 1.000000
vn 0.000624 -0.000077 1.000000
vn 0.000624 -0.000077 1.000000
vn 0.000624 -0.000077 1.000000
vn -0.663168 -0.748470 0.000779
vn -0.663168 -0.748470 0.000779
vn -0.663168 -0.748470 0.000779
vn -0.663168 -0.748470 0.000779
vn 0.663120 -0.748513 -0.000618
vn 0.663120 -0.748513 -0.000618
vn 0.663120 -0.748513 -0.000618
vn 0.663120 -0.748513 -0.000618
vn -0.911372 0.411582 0.001239
vn -0.911372 0.411582 0.001239
vn -0.911372 0.411582 0.001239
vn -0.911372 0.411582 0.001239
vn -0.000153 0.003321 0.999995
vn -0.000153 0.003321 0.999995
vn -0.000153 0.003321 0.999995
vn -0.000153 0.003321 0.999995
vn 0.864057 0.503393 -0.001129
vn 0.864057 0.503393 -0.001129
vn 0.864057 0.503393 -0.001129
vn 0.864057 0.503393 -0.001129
vn -0.957842 -0.287294 0.001373
vn -0.957842 -0.287294 0.001373
vn -0.957841 -0.287294 0.001373
vn -0.957842 -0.287294 0.001373
vn 0.942481 -0.334257 -0.001102
vn 0.942481 -0.334257 -0.001102
vn 0.942481 -0.334257 -0.001102
vn 0.942481 -0.334257 -0.001102
vn -0.000410 -0.031861 0.999492
vn -0.000410 -0.031861 0.999492
vn -0.000410 -0.031861 0.999492
vn -0.000410 -0.031861 0.999492
vn 0.000621 0.000000 1.000000
vn 0.000621 0.000000 1.000000
vn 0.000621 0.000000 1.000000
vn 0.000621 0.000000 1.000000
vn -0.531209 0.847241 0.000602
vn -0.531209 0.847241 0.000602
vn -0.531209 0.847241 0.000602
vn -0.531209 0.847241 0.000602
vn 0.531033 0.847351 -0.000547
vn 0.531033 0.847351 -0.000547
vn 0.531033 0.847351 -0.000547
vn 0.531033 0.847351 -0.000547
vn -0.986848 -0.161644 0.001679
vn -0.986848 -0.161644 0.001679
vn -0.986848 -0.161644 0.001679
vn -0.986848 -0.161644 0.001679
vn 0.982112 -0.188296 -0.001057
vn 0.982112 -0.188296 -0.001057
vn 0.982112 -0.188296 -0.001057
vn 0.982112 -0.188296 -0.001057
vn 0.000583 0.000052 1.000000
vn 0.000583 0.000052 1.000000
vn 0.000583 0.000052 1.000000
vn 0.000583 0.000052 1.000000
vn -0.970338 -0.241748 0.001390
vn -0.970338 -0.241748 0.001390
vn -0.970338 -0.241748 0.001390
vn -0.970338 -0.241748 0.001390
vn 0.970266 -0.242037 -0.001045
vn 0.970266 -0.242037 -0.001045
vn 0.970266 -0.242037 -0.001045
vn 0.970266 -0.242037 -0.001045
vn 0.000641 -0.000196 1.000000
vn 0.000641 -0.000196 1.000000
vn 0.000641 -0.000196 1.000000
vn 0.000641 -0.000196 1.000000
vn 0.000612 -0.000066 1.000000
vn 0.000612 -0.000066 1.000000
vn 0.000612 -0.000066 1.000000
vn 0.000612 -0.000066 1.000000
vn -0.996584 -0.082576 0.001339
vn -0.996584 -0.082576 0.001339
vn -0.996584 -0.082576 0.001339
vn -0.996584 -0.082576 0.001339
vn 0.996552 -0.082963 -0.001159
vn 0.996552 -0.082963 -0.001159
vn 0.996552 -0.082963 -0.001159
vn 0.996552 -0.082963 -0.001159
vn -0.531957 -0.846771 0.000809
vn -0.531957 -0.846771 0.000809
vn -0.531957 -0.846771 0.000809
vn -0.531957 -0.846771 0.000809
vn 0.532165 -0.846641 -0.000560
vn 0.532165 -0.846641 -0.000560
vn 0.532165 -0.846641 -0.000560
vn 0.532165 -0.846641 -0.000560
vn 0.000616 0.000234 1.000000
vn 0.000616 0.000234 1.000000
vn 0.000616 0.000234 1.000000
vn 0.000616 0.000234 1.000000
vn -0.728781 0.684746 0.000916
vn -0.728781 0.684746 0.000916
vn -0.728781 0.684746 0.000916
vn -0.728781 0.684746 0.000916
vn 0.728586 0.684954 -0.000845
vn 0.728586 0.684954 -0.000845
vn 0.728586 0.684954 -0.000845
vn 0.728586 0.684954 -0.000845
vn 0.000633 0.000058 1.000000
vn 0.000633 0.000058 1.000000
vn 0.000633 0.000058 1.000000
vn 0.000633 0.000058 1.000000
vn -0.937169 0.348873 0.001298
vn -0.937169 0.348873 0.001298
vn -0.937169 0.348873 0.001298
vn -0.937169 0.348873 0.001298
vn 0.937180 0.348845 -0.000940
vn 0.937180 0.348845 -0.000940
vn 0.937180 0.348845 -0.000940
vn 0.937180 0.348845 -0.000940
vn 0.000614 0.000106 1.000000
vn 0.000614 0.000106 1.000000
vn 0.000614 0.000106 1.000000
vn 0.000614 0.000106 1.000000
vn 0.000614 0.000091 1.000000
vn 0.000614 0.000091 1.000000
vn 0.000614 0.000091 1.000000
vn 0.000614 0.000091 1.000000
vn -0.663252 0.748396 0.000841
vn -0.663252 0.748396 0.000841
vn -0.663252 0.748396 0.000841
vn -0.663252 0.748396 0.000841
vn 0.663279 0.748372 -0.000638
vn 0.663279 0.748372 -0.000638
vn 0.663279 0.748372 -0.000638
vn 0.663279 0.748372 -0.000638
vn -0.911447 -0.411417 0.001185
vn -0.911447 -0.411417 0.001185
vn -0.911447 -0.411417 0.001185
vn -0.911447 -0.411417 0.001185
vn 0.000613 -0.000025 1.000000
vn 0.000613 -0.000025 1.000000
vn 0.000613 -0.000025 1.000000
vn 0.000613 -0.000025 1.000000
vn 0.911465 -0.411376 -0.000882
vn 0.911465 -0.411376 -0.000882
vn 0.911465 -0.411376 -0.000882
vn 0.911465 -0.411376 -0.000882
vn -0.960779 0.277312 0.001464
vn -0.960779 0.277312 0.001464
vn -0.960779 0.277312 0.001464
vn -0.960779 0.277312 0.001464
vn 0.960793 0.277266 -0.000832
vn 0.960793 0.277266 -0.000832
vn 0.960793 0.277266 -0.000832
vn 0.960793 0.277266 -0.000832
vn 0.000616 0.028623 0.999590
vn 0.000616 0.028623 0.999590
vn 0.000616 0.028623 0.999590
vn 0.000616 0.028623 0.999590
vn 0.000632 -0.000025 1.000000
vn 0.000632 -0.000025 1.000000
vn 0.000632 -0.000025 1.000000
vn 0.000632 -0.000025 1.000000
vn -0.531071 -0.847327 0.000614
vn -0.531071 -0.847327 0.000614
vn -0.531071 -0.847327 0.000614
vn -0.531071 -0.847327 0.000614
vn 0.530948 -0.847404 -0.000528
vn 0.530948 -0.847405 -0.000528
vn 0.530948 -0.847404 -0.000528
vn 0.530948 -0.847404 -0.000528
vn -0.986848 0.161644 0.001680
vn -0.986848 0.161644 0.001680
vn -0.986848 0.161644 0.001680
vn -0.986848 0.161644 0.001680
vn 0.982115 0.188280 -0.001059
vn 0.982115 0.188280 -0.001059
vn 0.982115 0.188280 -0.001059
vn 0.982115 0.188280 -0.001059
vn 0.000583 -0.000052 1.000000
vn 0.000583 -0.000052 1.000000
vn 0.000583 -0.000052 1.000000
vn 0.000583 -0.000052 1.000000
vn -0.970333 0.241768 0.001389
vn -0.970333 0.241768 0.001389
vn -0.970333 0.241768 0.001389
vn -0.970333 0.241768 0.001389
vn 0.970253 0.242093 -0.001041
vn 0.970253 0.242093 -0.001041
vn 0.970253 0.242093 -0.001041
vn 0.970253 0.242093 -0.001041
vn 0.000640 0.000196 1.000000
vn 0.000640 0.000196 1.000000
vn 0.000640 0.000196 1.000000
vn 0.000640 0.000196 1.000000
vn 0.000613 0.000066 1.000000
vn 0.000613 0.000066 1.000000
vn 0.000613 0.000066 1.000000
vn 0.000613 0.000066 1.000000
vn -0.996572 0.082726 0.001339
vn -0.996571 0.082726 0.001339
vn -0.996571 0.082726 0.001339
vn -0.996571 0.082726 0.001339
vn 0.996546 0.083036 -0.001158
vn 0.996546 0.083036 -0.001158
vn 0.996546 0.083036 -0.001158
vn 0.996546 0.083036 -0.001158
vn -0.531948 0.846777 0.000807
vn -0.531948 0.846777 0.000807
vn -0.531948 0.846777 0.000807
vn -0.531948 0.846777 0.000807
vn 0.532198 0.846620 -0.000556
vn 0.532198 0.846620 -0.000556
vn 0.532198 0.846620 -0.000556
vn 0.532198 0.846620 -0.000556
vn 0.000616 -0.000234 1.000000
vn 0.000616 -0.000234 1.000000
vn 0.000616 -0.000234 1.000000
vn 0.000616 -0.000234 1.000000
vn -0.728764 -0.684764 0.000913
vn -0.728764 -0.684764 0.000913
vn -0.728764 -0.684764 0.000913
vn -0.728764 -0.684764 0.000913
vn 0.728634 -0.684903 -0.000842
vn 0.728634 -0.684903 -0.000842
vn 0.728634 -0.684903 -0.000842
vn 0.728634 -0.684903 -0.000842
vn 0.000632 -0.000058 1.000000
vn 0.000632 -0.000058 1.000000
vn 0.000632 -0.000058 1.000000
vn 0.000632 -0.000058 1.000000
vn -0.937144 -0.348940 0.001296
vn -0.937144 -0.348940 0.001296
vn -0.937144 -0.348940 0.001296
vn -0.937144 -0.348940 0.001296
vn 0.937177 -0.348853 -0.000937
vn 0.937177 -0.348854 -0.000937
vn 0.937177 -0.348854 -0.000937
vn 0.937177 -0.348854 -0.000937
vn 0.000614 -0.000106 1.000000
vn 0.000614 -0.000106 1.000000
vn 0.000614 -0.000106 1.000000
vn 0.000614 -0.000106 1.000000
vn 0.000614 -0.000091 1.000000
vn 0.000614 -0.000091 1.000000
vn 0.000614 -0.000091 1.000000
vn 0.000614 -0.000091 1.000000
vn -0.663216 -0.748428 0.000838
vn -0.663216 -0.748428 0.000838
vn -0.663216 -0.748428 0.000838
vn -0.663216 -0.748428 0.000838
vn 0.663249 -0.748398 -0.000653
vn 0.663249 -0.748398 -0.000653
vn 0.663249 -0.748398 -0.000653
vn 0.663249 -0.748398 -0.000653
vn -0.911432 0.411449 0.001185
vn -0.911432 0.411449 0.001185
vn -0.911432 0.411449 0.001185
vn -0.911432 0.411449 0.001185
vn 0.000611 0.000025 1.000000
vn 0.000611 0.000025 1.000000
vn 0.000611 0.000025 1.000000
vn 0.000611 0.000025 1.000000
vn 0.911477 0.411349 -0.000881
vn 0.911477 0.411349 -0.000881
vn 0.911477 0.411349 -0.000881
vn 0.911477 0.411349 -0.000881
vn -0.960773 -0.277331 0.001461
vn -0.960773 -0.277331 0.001461
vn -0.960774 -0.277331 0.001461
vn -0.960773 -0.277331 0.001461
vn 0.960792 -0.277267 -0.000831
vn 0.960792 -0.277268 -0.000831
vn 0.960792 -0.277267 -0.000831
vn 0.960792 -0.277268 -0.000831
vn 0.000617 -0.028623 0.999590
vn 0.000617 -0.028623 0.999590
vn 0.000617 -0.028623 0.999590
vn 0.000617 -0.028623 0.999590
vn 0.000631 0.000025 1.000000
vn 0.000631 0.000025 1.000000
vn 0.000631 0.000025 1.000000
vn 0.000631 0.000025 1.000000
vn -0.531065 0.847331 0.000615
vn -0.531065 0.847331 0.000615
vn -0.531065 0.847331 0.000615
vn -0.531065 0.847331 0.000615
vn 0.530974 0.847388 -0.000528
vn 0.530974 0.847388 -0.000528
vn 0.530974 0.847388 -0.000528
vn 0.530974 0.847388 -0.000528
vn -0.001869 -0.115586 -0.993296
vn -0.001869 -0.115586 -0.993296
vn -0.001869 -0.115586 -0.993296
vn -0.001869 -0.115586 -0.993296
vn 0.001163 -0.115617 0.993293
vn 0.001163 -0.115617 0.993293
vn 0.001163 -0.115617 0.993293
vn 0.001163 -0.115617 0.993293
vn -1.000000 0.000004 0.000521
vn -1.000000 0.000004 0.000521
vn -1.000000 0.000004 0.000521
vn -1.000000 0.000004 0.000521
vn -0.001557 -0.265779 -0.964033
vn -0.001557 -0.265779 -0.964033
vn -0.001557 -0.265779 -0.964033
vn -0.001557 -0.265779 -0.964033
vn 0.001043 -0.265772 0.964035
vn 0.001043 -0.265772 0.964035
vn 0.001043 -0.265772 0.964035
vn 0.001043 -0.265772 0.964035
vn -1.000000 -0.000008 0.000578
vn -1.000000 -0.000008 0.000578
vn -1.000000 -0.000008 0.000578
vn -1.000000 -0.000008 0.000578
vn -1.000000 0.000000 0.000555
vn -1.000000 0.000000 0.000555
vn -1.000000 0.000000 0.000555
vn -1.000000 0.000000 0.000555
vn -0.001611 -0.091714 -0.995784
vn -0.001611 -0.091714 -0.995784
vn -0.001611 -0.091714 -0.995784
vn -0.001611 -0.091714 -0.995784
vn 0.001255 -0.091734 0.995783
vn 0.001255 -0.091734 0.995783
vn 0.001255 -0.091734 0.995783
vn 0.001255 -0.091734 0.995783
vn -0.000750 -0.869607 -0.493744
vn -0.000750 -0.869607 -0.493744
vn -0.000750 -0.869607 -0.493744
vn -0.000750 -0.869607 -0.493744
vn 0.000532 -0.869600 0.493757
vn 0.000532 -0.869600 0.493757
vn 0.000532 -0.869600 0.493757
vn 0.000532 -0.869600 0.493757
vn -1.000000 -0.000141 0.000565
vn -1.000000 -0.000141 0.000565
vn -1.000000 -0.000141 0.000565
vn -1.000000 -0.000141 0.000565
vn -0.001104 0.720833 -0.693108
vn -0.001104 0.720833 -0.693108
vn -0.001104 0.720833 -0.693108
vn -0.001104 0.720833 -0.693108
vn 0.000858 0.720915 0.693023
vn 0.000858 0.720915 0.693023
vn 0.000858 0.720915 0.693023
vn 0.000858 0.720915 0.693023
vn -1.000000 -0.000226 0.000565
vn -1.000000 -0.000226 0.000565
vn -1.000000 -0.000226 0.000565
vn -1.000000 -0.000226 0.000565
vn -0.001412 0.380826 -0.924646
vn -0.001412 0.380826 -0.924646
vn -0.001412 0.380826 -0.924646
vn -0.001412 0.380826 -0.924646
vn 0.001061 0.380599 0.924740
vn 0.001061 0.380599 0.924740
vn 0.001061 0.380599 0.924740
vn 0.001061 0.380599 0.924740
vn -1.000000 0.000177 0.000556
vn -1.000000 0.000177 0.000556
vn -1.000000 0.000177 0.000556
vn -1.000000 0.000177 0.000556
vn -1.000000 0.000000 0.000570
vn -1.000000 0.000000 0.000570
vn -1.000000 0.000000 0.000570
vn -1.000000 0.000000 0.000570
vn -0.000875 0.780723 -0.624877
vn -0.000875 0.780722 -0.624877
vn -0.000875 0.780722 -0.624877
vn -0.000875 0.780723 -0.624877
vn 0.000659 0.780748 0.624845
vn 0.000659 0.780748 0.624845
vn 0.000659 0.780748 0.624845
vn 0.000659 0.780748 0.624845
vn -0.001292 -0.447017 -0.894525
vn -0.001292 -0.447017 -0.894525
vn -0.001292 -0.447017 -0.894525
vn -0.001292 -0.447017 -0.894525
vn -1.000000 -0.000124 0.000550
vn -1.000000 -0.000124 0.000550
vn -1.000000 -0.000124 0.000550
vn -1.000000 -0.000124 0.000550
vn 0.000988 -0.446938 0.894564
vn 0.000988 -0.446938 0.894564
vn 0.000988 -0.446938 0.894564
vn 0.000988 -0.446938 0.894564
vn -0.001438 0.302617 -0.953111
vn -0.001438 0.302617 -0.953111
vn -0.001438 0.302617 -0.953111
vn -0.001438 0.302617 -0.953111
vn 0.000899 0.302614 0.953113
vn 0.000899 0.302614 0.953113
vn 0.000899 0.302614 0.953113
vn 0.000899 0.302614 0.953113
vn -0.999597 0.028372 0.000550
vn -0.999597 0.028372 0.000550
vn -0.999597 0.028372 0.000550
vn -0.999597 0.028372 0.000550
vn -1.000000 0.000000 0.000585
vn -1.000000 0.000000 0.000585
vn -1.000000 0.000000 0.000585
vn -1.000000 0.000000 0.000585
vn -0.000683 -0.870181 -0.492732
vn -0.000683 -0.870181 -0.492732
vn -0.000683 -0.870181 -0.492732
vn -0.000683 -0.870181 -0.492732
vn 0.000557 -0.870233 0.492639
vn 0.000557 -0.870233 0.492639
vn 0.000557 -0.870233 0.492639
vn 0.000557 -0.870233 0.492639
vn -0.001869 0.115595 -0.993295
vn -0.001869 0.115595 -0.993295
vn -0.001869 0.115595 -0.993295
vn -0.001869 0.115595 -0.993295
vn 0.001163 0.115626 0.993292
vn 0.001163 0.115626 0.993292
vn 0.001163 0.115626 0.993292
vn 0.001163 0.115626 0.993292
vn -1.000000 0.000000 0.000521
vn -1.000000 0.000000 0.000521
vn -1.000000 0.000000 0.000521
vn -1.000000 0.000000 0.000521
vn -0.001557 0.265760 -0.964038
vn -0.001557 0.265760 -0.964038
vn -0.001557 0.265760 -0.964038
vn -0.001557 0.265760 -0.964038
vn 0.001035 0.265750 0.964042
vn 0.001035 0.265750 0.964042
vn 0.001035 0.265750 0.964042
vn 0.001035 0.265750 0.964042
vn -1.000000 0.000000 0.000578
vn -1.000000 0.000000 0.000578
vn -1.000000 0.000000 0.000578
vn -1.000000 0.000000 0.000578
vn -1.000000 -0.000119 0.000555
vn -1.000000 -0.000119 0.000555
vn -1.000000 -0.000119 0.000555
vn -1.000000 -0.000119 0.000555
vn -0.001611 0.091708 -0.995785
vn -0.001611 0.091708 -0.995785
vn -0.001611 0.091708 -0.995785
vn -0.001611 0.091708 -0.995785
vn 0.001255 0.091728 0.995783
vn 0.001255 0.091728 0.995783
vn 0.001255 0.091728 0.995783
vn 0.001255 0.091728 0.995783
vn -0.000750 0.869631 -0.493701
vn -0.000750 0.869631 -0.493701
vn -0.000750 0.869631 -0.493701
vn -0.000750 0.869631 -0.493701
vn 0.000532 0.869614 0.493733
vn 0.000532 0.869614 0.493733
vn 0.000532 0.869614 0.493733
vn 0.000532 0.869614 0.493733
vn -1.000000 0.000000 0.000565
vn -1.000000 0.000000 0.000565
vn -1.000000 0.000000 0.000565
vn -1.000000 0.000000 0.000565
vn -0.001104 -0.720853 -0.693087
vn -0.001104 -0.720853 -0.693088
vn -0.001104 -0.720853 -0.693087
vn -0.001104 -0.720853 -0.693087
vn 0.000852 -0.720935 0.693002
vn 0.000852 -0.720935 0.693002
vn 0.000852 -0.720935 0.693002
vn 0.000852 -0.720935 0.693002
vn -1.000000 0.000254 0.000565
vn -1.000000 0.000254 0.000565
vn -1.000000 0.000254 0.000565
vn -1.000000 0.000254 0.000565
vn -0.001412 -0.380806 -0.924654
vn -0.001412 -0.380806 -0.924654
vn -0.001412 -0.380806 -0.924654
vn -0.001412 -0.380806 -0.924654
vn 0.001061 -0.380626 0.924729
vn 0.001061 -0.380626 0.924729
vn 0.001061 -0.380626 0.924729
vn 0.001061 -0.380626 0.924729
vn -1.000000 -0.000189 0.000556
vn -1.000000 -0.000189 0.000556
vn -1.000000 -0.000189 0.000556
vn -1.000000 -0.000189 0.000556
vn -1.000000 -0.000059 0.000570
vn -1.000000 -0.000059 0.000570
vn -1.000000 -0.000059 0.000570
vn -1.000000 -0.000059 0.000570
vn -0.000879 -0.780708 -0.624896
vn -0.000879 -0.780707 -0.624896
vn -0.000879 -0.780708 -0.624896
vn -0.000879 -0.780707 -0.624896
vn 0.000656 -0.780724 0.624875
vn 0.000656 -0.780724 0.624875
vn 0.000656 -0.780724 0.624875
vn 0.000656 -0.780724 0.624875
vn -0.001292 0.447001 -0.894533
vn -0.001292 0.447001 -0.894533
vn -0.001292 0.447001 -0.894533
vn -0.001292 0.447001 -0.894533
vn -1.000000 0.000124 0.000550
vn -1.000000 0.000124 0.000550
vn -1.000000 0.000124 0.000550
vn -1.000000 0.000124 0.000550
vn 0.000988 0.446922 0.894572
vn 0.000988 0.446922 0.894572
vn 0.000988 0.446922 0.894572
vn 0.000988 0.446922 0.894572
vn -0.001438 -0.302634 -0.953106
vn -0.001438 -0.302634 -0.953106
vn -0.001438 -0.302634 -0.953106
vn -0.001438 -0.302634 -0.953106
vn 0.000899 -0.302623 0.953110
vn 0.000899 -0.302623 0.953110
vn 0.000899 -0.302623 0.953110
vn 0.000899 -0.302623 0.953110
vn -0.999597 -0.028383 0.000550
vn -0.999597 -0.028383 0.000550
vn -0.999597 -0.028383 0.000550
vn -0.999597 -0.028383 0.000550
vn -1.000000 0.000181 0.000585
vn -1.000000 0.000181 0.000585
vn -1.000000 0.000181 0.000585
vn -1.000000 0.000181 0.000585
vn -0.000683 0.870182 -0.492731
vn -0.000683 0.870182 -0.492731
vn -0.000683 0.870182 -0.492730
vn -0.000683 0.870182 -0.492730
vn 0.000557 0.870238 0.492631
vn 0.000557 0.870238 0.492631
vn 0.000557 0.870238 0.492631
vn 0.000557 0.870238 0.492631
vn 0.001869 -0.115586 0.993296
vn 0.001869 -0.115586 0.993296
vn 0.001869 -0.115586 0.993296
vn 0.001869 -0.115586 0.993296
vn -0.001163 -0.115644 -0.993290
vn -0.001163 -0.115644 -0.993290
vn -0.001163 -0.115644 -0.993290
vn -0.001163 -0.115644 -0.993290
vn 1.000000 0.000013 -0.000521
vn 1.000000 0.000013 -0.000521
vn 1.000000 0.000013 -0.000521
vn 1.000000 0.000013 -0.000521
vn 0.001557 -0.265779 0.964033
vn 0.001557 -0.265779 0.964033
vn 0.001557 -0.265779 0.964033
vn 0.001557 -0.265779 0.964033
vn -0.001022 -0.265732 -0.964046
vn -0.001022 -0.265732 -0.964046
vn -0.001022 -0.265732 -0.964046
vn -0.001022 -0.265732 -0.964046
vn 1.000000 0.000041 -0.000578
vn 1.000000 0.000041 -0.000578
vn 1.000000 0.000041 -0.000578
vn 1.000000 0.000041 -0.000578
vn 1.000000 0.000000 -0.000555
vn 1.000000 0.000000 -0.000555
vn 1.000000 0.000000 -0.000555
vn 1.000000 0.000000 -0.000555
vn 0.001611 -0.091725 0.995783
vn 0.001611 -0.091725 0.995783
vn 0.001611 -0.091725 0.995783
vn 0.001611 -0.091725 0.995783
vn -0.001255 -0.091718 -0.995784
vn -0.001255 -0.091718 -0.995784
vn -0.001255 -0.091718 -0.995784
vn -0.001255 -0.091718 -0.995784
vn 0.000763 -0.869607 0.493744
vn 0.000763 -0.869607 0.493744
vn 0.000763 -0.869607 0.493744
vn 0.000763 -0.869607 0.493744
vn -0.000532 -0.869600 -0.493757
vn -0.000532 -0.869600 -0.493757
vn -0.000532 -0.869600 -0.493757
vn -0.000532 -0.869600 -0.493757
vn 1.000000 -0.000071 -0.000565
vn 1.000000 -0.000071 -0.000565
vn 1.000000 -0.000071 -0.000565
vn 1.000000 -0.000071 -0.000565
vn 0.001118 0.720853 0.693087
vn 0.001118 0.720853 0.693087
vn 0.001118 0.720853 0.693087
vn 0.001118 0.720853 0.693087
vn -0.000876 0.720876 -0.693063
vn -0.000876 0.720876 -0.693063
vn -0.000876 0.720876 -0.693063
vn -0.000876 0.720876 -0.693063
vn 1.000000 0.000000 -0.000565
vn 1.000000 0.000000 -0.000565
vn 1.000000 0.000000 -0.000565
vn 1.000000 0.000000 -0.000565
vn 0.001427 0.380826 0.924646
vn 0.001427 0.380826 0.924646
vn 0.001427 0.380826 0.924646
vn 0.001427 0.380826 0.924646
vn -0.001061 0.380549 -0.924760
vn -0.001061 0.380549 -0.924760
vn -0.001061 0.380549 -0.924760
vn -0.001061 0.380549 -0.924760
vn 1.000000 -0.000047 -0.000556
vn 1.000000 -0.000047 -0.000556
vn 1.000000 -0.000047 -0.000556
vn 1.000000 -0.000047 -0.000556
vn 1.000000 0.000236 -0.000570
vn 1.000000 0.000236 -0.000570
vn 1.000000 0.000236 -0.000570
vn 1.000000 0.000236 -0.000570
vn 0.000874 0.780702 0.624903
vn 0.000874 0.780702 0.624904
vn 0.000874 0.780702 0.624903
vn 0.000874 0.780702 0.624903
vn -0.000647 0.780789 -0.624794
vn -0.000647 0.780789 -0.624794
vn -0.000647 0.780789 -0.624794
vn -0.000647 0.780789 -0.624794
vn 0.001301 -0.447000 0.894533
vn 0.001301 -0.447000 0.894533
vn 0.001301 -0.447000 0.894533
vn 0.001301 -0.447000 0.894533
vn 1.000000 -0.000124 -0.000550
vn 1.000000 -0.000124 -0.000550
vn 1.000000 -0.000124 -0.000550
vn 1.000000 -0.000124 -0.000550
vn -0.000995 -0.446978 -0.894545
vn -0.000995 -0.446978 -0.894545
vn -0.000995 -0.446978 -0.894545
vn -0.000995 -0.446978 -0.894545
vn 0.001452 0.302617 0.953111
vn 0.001452 0.302617 0.953111
vn 0.001452 0.302617 0.953111
vn 0.001452 0.302617 0.953111
vn -0.000913 0.302614 -0.953113
vn -0.000913 0.302614 -0.953113
vn -0.000913 0.302614 -0.953113
vn -0.000913 0.302614 -0.953113
vn 0.999598 0.028339 -0.000550
vn 0.999598 0.028339 -0.000550
vn 0.999598 0.028339 -0.000550
vn 0.999598 0.028339 -0.000550
vn 1.000000 0.000000 -0.000585
vn 1.000000 0.000000 -0.000585
vn 1.000000 0.000000 -0.000585
vn 1.000000 0.000000 -0.000585
vn 0.000676 -0.870181 0.492731
vn 0.000676 -0.870181 0.492731
vn 0.000676 -0.870181 0.492731
vn 0.000676 -0.870181 0.492731
vn -0.000565 -0.870185 -0.492724
vn -0.000565 -0.870185 -0.492724
vn -0.000565 -0.870185 -0.492724
vn -0.000565 -0.870185 -0.492724
vn 0.001869 0.115586 0.993296
vn 0.001869 0.115586 0.993296
vn 0.001869 0.115586 0.993296
vn 0.001869 0.115586 0.993296
vn -0.001163 0.115643 -0.993290
vn -0.001163 0.115643 -0.993290
vn -0.001163 0.115643 -0.993290
vn -0.001163 0.115643 -0.993290
vn 1.000000 0.000000 -0.000521
vn 1.000000 0.000000 -0.000521
vn 1.000000 0.000000 -0.000521
vn 1.000000 0.000000 -0.000521
vn 0.001557 0.265777 0.964033
vn 0.001557 0.265777 0.964033
vn 0.001557 0.265777 0.964033
vn 0.001557 0.265777 0.964033
vn -0.001030 0.265720 -0.964050
vn -0.001030 0.265720 -0.964050
vn -0.001030 0.265720 -0.964050
vn -0.001030 0.265720 -0.964050
vn 1.000000 0.000000 -0.000578
vn 1.000000 0.000000 -0.000578
vn 1.000000 0.000000 -0.000578
vn 1.000000 0.000000 -0.000578
vn 1.000000 -0.000043 -0.000555
vn 1.000000 -0.000043 -0.000555
vn 1.000000 -0.000043 -0.000555
vn 1.000000 -0.000043 -0.000555
vn 0.001611 0.091724 0.995783
vn 0.001611 0.091724 0.995783
vn 0.001611 0.091724 0.995783
vn 0.001611 0.091724 0.995783
vn -0.001255 0.091712 -0.995785
vn -0.001255 0.091712 -0.995785
vn -0.001255 0.091712 -0.995785
vn -0.001255 0.091712 -0.995785
vn 0.000763 0.869608 0.493742
vn 0.000763 0.869608 0.493742
vn 0.000763 0.869608 0.493742
vn 0.000763 0.869608 0.493742
vn -0.000532 0.869605 -0.493747
vn -0.000532 0.869605 -0.493747
vn -0.000532 0.869605 -0.493747
vn -0.000532 0.869605 -0.493747
vn 1.000000 0.000000 -0.000565
vn 1.000000 0.000000 -0.000565
vn 1.000000 0.000000 -0.000565
vn 1.000000 0.000000 -0.000565
vn 0.001118 -0.720853 0.693087
vn 0.001118 -0.720853 0.693087
vn 0.001118 -0.720853 0.693087
vn 0.001118 -0.720853 0.693087
vn -0.000882 -0.720879 -0.693061
vn -0.000882 -0.720879 -0.693061
vn -0.000882 -0.720879 -0.693061
vn -0.000882 -0.720879 -0.693061
vn 1.000000 0.000056 -0.000565
vn 1.000000 0.000056 -0.000565
vn 1.000000 0.000056 -0.000565
vn 1.000000 0.000056 -0.000565
vn 0.001427 -0.380820 0.924648
vn 0.001427 -0.380820 0.924648
vn 0.001427 -0.380820 0.924648
vn 0.001427 -0.380820 0.924648
vn -0.001061 -0.380562 -0.924755
vn -0.001061 -0.380562 -0.924755
vn -0.001061 -0.380562 -0.924755
vn -0.001061 -0.380562 -0.924755
vn 1.000000 0.000000 -0.000556
vn 1.000000 0.000000 -0.000556
vn 1.000000 0.000000 -0.000556
vn 1.000000 0.000000 -0.000556
vn 1.000000 -0.000236 -0.000570
vn 1.000000 -0.000236 -0.000570
vn 1.000000 -0.000236 -0.000570
vn 1.000000 -0.000236 -0.000570
vn 0.000869 -0.780707 0.624896
vn 0.000869 -0.780708 0.624896
vn 0.000869 -0.780708 0.624896
vn 0.000869 -0.780708 0.624896
vn -0.000646 -0.780784 -0.624800
vn -0.000646 -0.780784 -0.624800
vn -0.000646 -0.780784 -0.624800
vn -0.000646 -0.780784 -0.624800
vn 0.001301 0.447001 0.894533
vn 0.001301 0.447001 0.894533
vn 0.001301 0.447001 0.894533
vn 0.001301 0.447001 0.894533
vn 1.000000 0.000155 -0.000550
vn 1.000000 0.000155 -0.000550
vn 1.000000 0.000155 -0.000550
vn 1.000000 0.000155 -0.000550
vn -0.000996 0.446979 -0.894544
vn -0.000996 0.446979 -0.894544
vn -0.000996 0.446979 -0.894544
vn -0.000996 0.446979 -0.894544
vn 0.001452 -0.302617 0.953111
vn 0.001452 -0.302617 0.953111
vn 0.001452 -0.302617 0.953111
vn 0.001452 -0.302617 0.953111
vn -0.000906 -0.302616 -0.953112
vn -0.000906 -0.302616 -0.953112
vn -0.000906 -0.302616 -0.953112
vn -0.000906 -0.302616 -0.953112
vn 0.999598 -0.028339 -0.000550
vn 0.999598 -0.028339 -0.000550
vn 0.999598 -0.028339 -0.000550
vn 0.999598 -0.028339 -0.000550
vn 1.000000 -0.000120 -0.000585
vn 1.000000 -0.000120 -0.000585
vn 1.000000 -0.000120 -0.000585
vn 1.000000 -0.000120 -0.000585
vn 0.000676 0.870182 0.492730
vn 0.000676 0.870182 0.492730
vn 0.000676 0.870182 0.492731
vn 0.000676 0.870182 0.492730
vn -0.000565 0.870181 -0.492732
vn -0.000565 0.870181 -0.492732
vn -0.000565 0.870181 -0.492732
vn -0.000565 0.870181 -0.492732
vn 0.001261 -0.177722 0.984080
vn 0.001261 -0.177722 0.984080
vn 0.001261 -0.177722 0.984080
vn 0.001261 -0.177722 0.984080
vn -0.001158 -0.146598 -0.989195
vn -0.001158 -0.146598 -0.989195
vn -0.001158 -0.146598 -0.989195
vn -0.001158 -0.146598 -0.989195
vn 1.000000 -0.000076 -0.000595
vn 1.000000 -0.000076 -0.000595
vn 1.000000 -0.000076 -0.000595
vn 1.000000 -0.000076 -0.000595
vn 0.001226 -0.234667 0.972075
vn 0.001226 -0.234667 0.972075
vn 0.001226 -0.234667 0.972075
vn 0.001226 -0.234667 0.972075
vn -0.000880 -0.234721 -0.972062
vn -0.000880 -0.234721 -0.972062
vn -0.000880 -0.234721 -0.972062
vn -0.000880 -0.234721 -0.972062
vn 1.000000 0.000075 -0.000641
vn 1.000000 0.000075 -0.000641
vn 1.000000 0.000075 -0.000641
vn 1.000000 0.000075 -0.000641
vn 1.000000 0.000349 -0.000618
vn 1.000000 0.000349 -0.000618
vn 1.000000 0.000349 -0.000618
vn 1.000000 0.000349 -0.000618
vn 0.001242 -0.080192 0.996779
vn 0.001242 -0.080192 0.996779
vn 0.001242 -0.080192 0.996779
vn 0.001242 -0.080192 0.996779
vn -0.001160 -0.080022 -0.996792
vn -0.001160 -0.080022 -0.996792
vn -0.001160 -0.080022 -0.996792
vn -0.001160 -0.080022 -0.996792
vn 0.000680 -0.839264 0.543724
vn 0.000680 -0.839264 0.543724
vn 0.000680 -0.839264 0.543724
vn 0.000680 -0.839264 0.543724
vn -0.000586 -0.839222 -0.543788
vn -0.000586 -0.839222 -0.543788
vn -0.000586 -0.839222 -0.543788
vn -0.000586 -0.839222 -0.543788
vn 1.000000 0.000161 -0.000626
vn 1.000000 0.000161 -0.000626
vn 1.000000 0.000161 -0.000626
vn 1.000000 0.000161 -0.000626
vn 0.000926 0.673558 0.739134
vn 0.000926 0.673558 0.739134
vn 0.000926 0.673558 0.739134
vn 0.000926 0.673558 0.739134
vn -0.000663 0.673369 -0.739307
vn -0.000663 0.673369 -0.739307
vn -0.000663 0.673369 -0.739307
vn -0.000663 0.673369 -0.739307
vn 1.000000 0.000000 -0.000645
vn 1.000000 0.000000 -0.000645
vn 1.000000 0.000000 -0.000645
vn 1.000000 0.000000 -0.000645
vn 0.001131 0.339294 0.940680
vn 0.001131 0.339294 0.940680
vn 0.001131 0.339294 0.940680
vn 0.001131 0.339294 0.940680
vn -0.001068 0.509924 -0.860219
vn -0.001068 0.509924 -0.860219
vn -0.001068 0.509924 -0.860219
vn -0.001068 0.509924 -0.860219
vn 0.999997 -0.002396 -0.001007
vn 0.999997 -0.002396 -0.001007
vn 0.999997 -0.002396 -0.001007
vn 0.999997 -0.002396 -0.001007
vn 1.000000 0.000124 -0.000662
vn 1.000000 0.000124 -0.000662
vn 1.000000 0.000124 -0.000662
vn 1.000000 0.000124 -0.000662
vn 0.000771 0.738223 0.674556
vn 0.000771 0.738223 0.674556
vn 0.000771 0.738223 0.674556
vn 0.000771 0.738223 0.674556
vn -0.000672 0.738261 -0.674514
vn -0.000672 0.738261 -0.674514
vn -0.000672 0.738261 -0.674514
vn -0.000672 0.738261 -0.674514
vn 0.001197 -0.517418 0.855732
vn 0.001197 -0.517418 0.855732
vn 0.001197 -0.517418 0.855732
vn 0.001197 -0.517418 0.855732
vn 0.999986 0.005286 -0.000249
vn 0.999986 0.005286 -0.000249
vn 0.999986 0.005286 -0.000249
vn 0.999986 0.005286 -0.000249
vn -0.000942 -0.511859 -0.859069
vn -0.000942 -0.511859 -0.859069
vn -0.000942 -0.511859 -0.859069
vn -0.000942 -0.511859 -0.859069
vn 0.001268 0.344027 0.938959
vn 0.001268 0.344027 0.938959
vn 0.001268 0.344027 0.938959
vn 0.001268 0.344027 0.938959
vn -0.000947 0.337305 -0.941395
vn -0.000947 0.337305 -0.941395
vn -0.000947 0.337305 -0.941395
vn -0.000947 0.337305 -0.941395
vn 0.999433 0.033661 -0.000274
vn 0.999433 0.033661 -0.000274
vn 0.999433 0.033661 -0.000274
vn 0.999433 0.033661 -0.000274
vn 1.000000 0.000000 -0.000660
vn 1.000000 0.000000 -0.000660
vn 1.000000 0.000000 -0.000660
vn 1.000000 0.000000 -0.000660
vn 0.000677 -0.839785 0.542919
vn 0.000677 -0.839785 0.542919
vn 0.000677 -0.839785 0.542919
vn 0.000677 -0.839785 0.542919
vn -0.000520 -0.839826 -0.542855
vn -0.000520 -0.839826 -0.542855
vn -0.000520 -0.839826 -0.542855
vn -0.000520 -0.839826 -0.542855
vn 0.001261 0.177726 0.984079
vn 0.001261 0.177726 0.984079
vn 0.001261 0.177726 0.984079
vn 0.001261 0.177726 0.984079
vn -0.001158 0.146591 -0.989197
vn -0.001158 0.146591 -0.989197
vn -0.001158 0.146591 -0.989197
vn -0.001158 0.146591 -0.989197
vn 1.000000 0.000076 -0.000595
vn 1.000000 0.000076 -0.000595
vn 1.000000 0.000076 -0.000595
vn 1.000000 0.000076 -0.000595
vn 0.001226 0.234650 0.972079
vn 0.001226 0.234650 0.972079
vn 0.001226 0.234650 0.972079
vn 0.001226 0.234650 0.972079
vn -0.000874 0.234711 -0.972065
vn -0.000874 0.234711 -0.972065
vn -0.000874 0.234711 -0.972065
vn -0.000874 0.234711 -0.972065
vn 1.000000 0.000000 -0.000641
vn 1.000000 0.000000 -0.000641
vn 1.000000 0.000000 -0.000641
vn 1.000000 0.000000 -0.000641
vn 1.000000 -0.000297 -0.000618
vn 1.000000 -0.000297 -0.000618
vn 1.000000 -0.000297 -0.000618
vn 1.000000 -0.000297 -0.000618
vn 0.001242 0.080203 0.996778
vn 0.001242 0.080203 0.996778
vn 0.001242 0.080203 0.996778
vn 0.001242 0.080203 0.996778
vn -0.001160 0.080025 -0.996792
vn -0.001160 0.080025 -0.996792
vn -0.001160 0.080025 -0.996792
vn -0.001160 0.080025 -0.996792
vn 0.000680 0.839238 0.543763
vn 0.000680 0.839238 0.543763
vn 0.000680 0.839238 0.543763
vn 0.000680 0.839238 0.543763
vn -0.000586 0.839248 -0.543749
vn -0.000586 0.839248 -0.543749
vn -0.000586 0.839248 -0.543749
vn -0.000586 0.839248 -0.543749
vn 1.000000 -0.000323 -0.000626
vn 1.000000 -0.000323 -0.000626
vn 1.000000 -0.000323 -0.000626
vn 1.000000 -0.000323 -0.000626
vn 0.000926 -0.673539 0.739151
vn 0.000926 -0.673539 0.739151
vn 0.000926 -0.673539 0.739151
vn 0.000926 -0.673539 0.739151
vn -0.000658 -0.673333 -0.739339
vn -0.000658 -0.673333 -0.739339
vn -0.000658 -0.673333 -0.739339
vn -0.000658 -0.673333 -0.739339
vn 1.000000 0.000097 -0.000645
vn 1.000000 0.000097 -0.000645
vn 1.000000 0.000097 -0.000645
vn 1.000000 0.000097 -0.000645
vn 0.001131 -0.339305 0.940676
vn 0.001131 -0.339305 0.940676
vn 0.001131 -0.339305 0.940676
vn 0.001131 -0.339305 0.940676
vn -0.001069 -0.509905 -0.860230
vn -0.001069 -0.509905 -0.860230
vn -0.001069 -0.509905 -0.860230
vn -0.001069 -0.509905 -0.860230
vn 0.999997 0.002335 -0.001007
vn 0.999997 0.002335 -0.001007
vn 0.999997 0.002335 -0.001007
vn 0.999997 0.002335 -0.001007
vn 1.000000 -0.000062 -0.000662
vn 1.000000 -0.000062 -0.000662
vn 1.000000 -0.000062 -0.000662
vn 1.000000 -0.000062 -0.000662
vn 0.000767 -0.738187 0.674596
vn 0.000767 -0.738187 0.674596
vn 0.000767 -0.738187 0.674596
vn 0.000767 -0.738187 0.674596
vn -0.000670 -0.738232 -0.674547
vn -0.000670 -0.738232 -0.674547
vn -0.000670 -0.738232 -0.674547
vn -0.000670 -0.738232 -0.674547
vn 0.001197 0.517427 0.855726
vn 0.001197 0.517427 0.855727
vn 0.001197 0.517427 0.855727
vn 0.001197 0.517427 0.855726
vn 0.999987 -0.005154 -0.000249
vn 0.999987 -0.005154 -0.000249
vn 0.999987 -0.005154 -0.000249
vn 0.999987 -0.005154 -0.000249
vn -0.000940 0.511867 -0.859064
vn -0.000940 0.511867 -0.859064
vn -0.000940 0.511867 -0.859064
vn -0.000940 0.511867 -0.859064
vn 0.001271 -0.344008 0.938966
vn 0.001271 -0.344008 0.938966
vn 0.001271 -0.344008 0.938966
vn 0.001271 -0.344008 0.938966
vn -0.000953 -0.337326 -0.941388
vn -0.000953 -0.337326 -0.941388
vn -0.000953 -0.337326 -0.941388
vn -0.000953 -0.337326 -0.941388
vn 0.999434 -0.033648 -0.000274
vn 0.999434 -0.033648 -0.000274
vn 0.999434 -0.033648 -0.000274
vn 0.999434 -0.033648 -0.000274
vn 1.000000 -0.000190 -0.000660
vn 1.000000 -0.000190 -0.000660
vn 1.000000 -0.000190 -0.000660
vn 1.000000 -0.000190 -0.000660
vn 0.000677 0.839790 0.542912
vn 0.000677 0.839790 0.542912
vn 0.000677 0.839790 0.542912
vn 0.000677 0.839790 0.542912
vn -0.000520 0.839836 -0.542839
vn -0.000520 0.839836 -0.542839
vn -0.000520 0.839836 -0.542839
vn -0.000520 0.839836 -0.542839
vn 0.001313 -0.182946 0.983122
vn 0.001313 -0.182946 0.983122
vn 0.001313 -0.182946 0.983122
vn 0.001313 -0.182946 0.983122
vn -0.000990 -0.187974 -0.982174
vn -0.000990 -0.187974 -0.982173
vn -0.000990 -0.187974 -0.982174
vn -0.000990 -0.187974 -0.982173
vn 1.000000 0.000023 -0.000644
vn 1.000000 0.000023 -0.000644
vn 1.000000 0.000023 -0.000644
vn 1.000000 0.000023 -0.000644
vn 0.001312 -0.234587 0.972094
vn 0.001312 -0.234587 0.972094
vn 0.001312 -0.234587 0.972094
vn 0.001312 -0.234587 0.972094
vn -0.000880 -0.234766 -0.972052
vn -0.000880 -0.234766 -0.972052
vn -0.000880 -0.234766 -0.972051
vn -0.000880 -0.234766 -0.972051
vn 1.000000 -0.000615 -0.000679
vn 1.000000 -0.000615 -0.000679
vn 1.000000 -0.000615 -0.000679
vn 1.000000 -0.000615 -0.000679
vn 1.000000 0.000000 -0.000618
vn 1.000000 0.000000 -0.000618
vn 1.000000 0.000000 -0.000618
vn 1.000000 0.000000 -0.000618
vn 0.001339 -0.080710 0.996737
vn 0.001339 -0.080710 0.996737
vn 0.001339 -0.080710 0.996737
vn 0.001339 -0.080710 0.996737
vn -0.001079 -0.080544 -0.996750
vn -0.001079 -0.080544 -0.996750
vn -0.001079 -0.080544 -0.996750
vn -0.001079 -0.080544 -0.996750
vn 0.000680 -0.839201 0.543821
vn 0.000680 -0.839201 0.543821
vn 0.000680 -0.839201 0.543821
vn 0.000680 -0.839201 0.543821
vn -0.000586 -0.839222 -0.543788
vn -0.000586 -0.839222 -0.543788
vn -0.000586 -0.839222 -0.543788
vn -0.000586 -0.839222 -0.543788
vn 1.000000 0.000161 -0.000626
vn 1.000000 0.000161 -0.000626
vn 1.000000 0.000161 -0.000626
vn 1.000000 0.000161 -0.000626
vn 0.000989 0.673516 0.739172
vn 0.000989 0.673516 0.739172
vn 0.000989 0.673516 0.739172
vn 0.000989 0.673516 0.739172
vn -0.000708 0.673447 -0.739235
vn -0.000708 0.673447 -0.739235
vn -0.000708 0.673447 -0.739235
vn -0.000708 0.673447 -0.739235
vn 1.000000 0.000258 -0.000662
vn 1.000000 0.000258 -0.000662
vn 1.000000 0.000258 -0.000662
vn 1.000000 0.000258 -0.000662
vn 0.001343 0.339404 0.940640
vn 0.001343 0.339404 0.940640
vn 0.001343 0.339404 0.940640
vn 0.001343 0.339404 0.940640
vn -0.000865 0.339323 -0.940669
vn -0.000865 0.339323 -0.940669
vn -0.000865 0.339323 -0.940669
vn -0.000865 0.339323 -0.940669
vn 1.000000 0.000052 -0.000626
vn 1.000000 0.000052 -0.000626
vn 1.000000 0.000052 -0.000626
vn 1.000000 0.000052 -0.000626
vn 1.000000 0.000131 -0.000623
vn 1.000000 0.000131 -0.000623
vn 1.000000 0.000131 -0.000623
vn 1.000000 0.000131 -0.000623
vn 0.000830 0.738204 0.674577
vn 0.000830 0.738204 0.674577
vn 0.000830 0.738204 0.674577
vn 0.000830 0.738204 0.674577
vn -0.000645 0.738235 -0.674543
vn -0.000645 0.738235 -0.674543
vn -0.000645 0.738235 -0.674543
vn -0.000645 0.738235 -0.674543
vn 0.001174 -0.401088 0.916039
vn 0.001174 -0.401088 0.916039
vn 0.001174 -0.401088 0.916039
vn 0.001174 -0.401088 0.916039
vn 0.999994 -0.003460 0.000157
vn 0.999994 -0.003460 0.000157
vn 0.999994 -0.003460 0.000157
vn 0.999994 -0.003460 0.000157
vn -0.001084 -0.491818 -0.870697
vn -0.001084 -0.491818 -0.870697
vn -0.001084 -0.491818 -0.870697
vn -0.001084 -0.491818 -0.870697
vn 0.001305 0.279291 0.960206
vn 0.001305 0.279291 0.960206
vn 0.001305 0.279291 0.960206
vn 0.001305 0.279291 0.960206
vn -0.001101 0.325221 -0.945637
vn -0.001101 0.325221 -0.945637
vn -0.001101 0.325221 -0.945637
vn -0.001101 0.325221 -0.945637
vn 0.999492 0.031873 0.000406
vn 0.999492 0.031873 0.000406
vn 0.999492 0.031873 0.000406
vn 0.999492 0.031873 0.000406
vn 1.000000 0.000000 -0.000618
vn 1.000000 0.000000 -0.000618
vn 1.000000 0.000000 -0.000618
vn 1.000000 0.000000 -0.000618
vn 0.000615 -0.839815 0.542873
vn 0.000615 -0.839815 0.542873
vn 0.000615 -0.839815 0.542873
vn 0.000615 -0.839815 0.542873
vn -0.000570 -0.839823 -0.542860
vn -0.000570 -0.839823 -0.542860
vn -0.000570 -0.839823 -0.542860
vn -0.000570 -0.839823 -0.542860
vn 0.001313 0.182946 0.983122
vn 0.001313 0.182946 0.983122
vn 0.001313 0.182946 0.983122
vn 0.001313 0.182946 0.983122
vn -0.000990 0.187987 -0.982171
vn -0.000990 0.187987 -0.982171
vn -0.000990 0.187987 -0.982171
vn -0.000990 0.187987 -0.982171
vn 1.000000 -0.000037 -0.000644
vn 1.000000 -0.000037 -0.000644
vn 1.000000 -0.000037 -0.000644
vn 1.000000 -0.000037 -0.000644
vn 0.001312 0.234604 0.972090
vn 0.001312 0.234604 0.972090
vn 0.001312 0.234604 0.972090
vn 0.001312 0.234604 0.972090
vn -0.000877 0.234758 -0.972053
vn -0.000877 0.234758 -0.972053
vn -0.000877 0.234758 -0.972053
vn -0.000877 0.234758 -0.972053
vn 1.000000 0.000596 -0.000679
vn 1.000000 0.000596 -0.000679
vn 1.000000 0.000596 -0.000679
vn 1.000000 0.000596 -0.000679
vn 1.000000 -0.000041 -0.000618
vn 1.000000 -0.000041 -0.000618
vn 1.000000 -0.000041 -0.000618
vn 1.000000 -0.000041 -0.000618
vn 0.001339 0.080716 0.996736
vn 0.001339 0.080716 0.996736
vn 0.001339 0.080716 0.996736
vn 0.001339 0.080716 0.996736
vn -0.001079 0.080537 -0.996751
vn -0.001079 0.080537 -0.996751
vn -0.001079 0.080537 -0.996751
vn -0.001079 0.080537 -0.996751
vn 0.000680 0.839174 0.543863
vn 0.000680 0.839174 0.543863
vn 0.000680 0.839174 0.543863
vn 0.000680 0.839174 0.543863
vn -0.000586 0.839249 -0.543748
vn -0.000586 0.839249 -0.543748
vn -0.000586 0.839249 -0.543748
vn -0.000586 0.839249 -0.543748
vn 1.000000 -0.000323 -0.000626
vn 1.000000 -0.000323 -0.000626
vn 1.000000 -0.000323 -0.000626
vn 1.000000 -0.000323 -0.000626
vn 0.000989 -0.673508 0.739179
vn 0.000989 -0.673508 0.739179
vn 0.000989 -0.673508 0.739179
vn 0.000989 -0.673508 0.739179
vn -0.000705 -0.673463 -0.739221
vn -0.000705 -0.673463 -0.739221
vn -0.000705 -0.673463 -0.739221
vn -0.000705 -0.673463 -0.739221
vn 1.000000 -0.000193 -0.000662
vn 1.000000 -0.000193 -0.000662
vn 1.000000 -0.000193 -0.000662
vn 1.000000 -0.000193 -0.000662
vn 0.001343 -0.339394 0.940643
vn 0.001343 -0.339394 0.940643
vn 0.001343 -0.339394 0.940643
vn 0.001343 -0.339394 0.940643
vn -0.000865 -0.339307 -0.940675
vn -0.000865 -0.339307 -0.940675
vn -0.000865 -0.339307 -0.940675
vn -0.000865 -0.339307 -0.940675
vn 1.000000 0.000000 -0.000626
vn 1.000000 0.000000 -0.000626
vn 1.000000 0.000000 -0.000626
vn 1.000000 0.000000 -0.000626
vn 1.000000 -0.000230 -0.000623
vn 1.000000 -0.000230 -0.000623
vn 1.000000 -0.000230 -0.000623
vn 1.000000 -0.000230 -0.000623
vn 0.000833 -0.738193 0.674590
vn 0.000833 -0.738192 0.674590
vn 0.000833 -0.738193 0.674590
vn 0.000833 -0.738192 0.674590
vn -0.000649 -0.738228 -0.674551
vn -0.000649 -0.738228 -0.674551
vn -0.000649 -0.738228 -0.674551
vn -0.000649 -0.738228 -0.674551
vn 0.001174 0.401090 0.916038
vn 0.001174 0.401090 0.916038
vn 0.001174 0.401090 0.916038
vn 0.001174 0.401090 0.916038
vn 0.999994 0.003410 0.000157
vn 0.999994 0.003410 0.000157
vn 0.999994 0.003410 0.000157
vn 0.999994 0.003410 0.000157
vn -0.001098 0.491826 -0.870693
vn -0.001098 0.491826 -0.870693
vn -0.001098 0.491826 -0.870693
vn -0.001098 0.491826 -0.870693
vn 0.001305 -0.279272 0.960211
vn 0.001305 -0.279272 0.960211
vn 0.001305 -0.279272 0.960211
vn 0.001305 -0.279272 0.960211
vn -0.001105 -0.325240 -0.945631
vn -0.001105 -0.325240 -0.945631
vn -0.001105 -0.325240 -0.945631
vn -0.001105 -0.325240 -0.945631
vn 0.999491 -0.031898 0.000406
vn 0.999491 -0.031898 0.000406
vn 0.999491 -0.031898 0.000406
vn 0.999491 -0.031898 0.000406
vn 1.000000 0.000201 -0.000618
vn 1.000000 0.000201 -0.000618
vn 1.000000 0.000201 -0.000618
vn 1.000000 0.000201 -0.000618
vn 0.000615 0.839820 0.542865
vn 0.000615 0.839820 0.542865
vn 0.000615 0.839820 0.542865
vn 0.000615 0.839820 0.542865
vn -0.000567 0.839824 -0.542859
vn -0.000567 0.839824 -0.542859
vn -0.000567 0.839824 -0.542859
vn -0.000567 0.839824 -0.542859
vn 0.001589 -0.156888 0.987615
vn 0.001589 -0.156888 0.987615
vn 0.001589 -0.156888 0.987615
vn 0.001589 -0.156888 0.987615
vn -0.001044 -0.182778 -0.983154
vn -0.001044 -0.182778 -0.983154
vn -0.001044 -0.182778 -0.983154
vn -0.001044 -0.182778 -0.983154
vn 1.000000 0.000057 -0.000606
vn 1.000000 0.000057 -0.000606
vn 1.000000 0.000057 -0.000606
vn 1.000000 0.000057 -0.000606
vn 0.001398 -0.234709 0.972065
vn 0.001398 -0.234709 0.972065
vn 0.001398 -0.234709 0.972065
vn 0.001398 -0.234709 0.972065
vn -0.000966 -0.235032 -0.971987
vn -0.000966 -0.235032 -0.971987
vn -0.000966 -0.235032 -0.971987
vn -0.000966 -0.235032 -0.971987
vn 1.000000 -0.000363 -0.000660
vn 1.000000 -0.000363 -0.000660
vn 1.000000 -0.000363 -0.000660
vn 1.000000 -0.000363 -0.000660
vn 1.000000 0.000000 -0.000633
vn 1.000000 0.000000 -0.000633
vn 1.000000 0.000000 -0.000633
vn 1.000000 0.000000 -0.000633
vn 0.001339 -0.080381 0.996763
vn 0.001339 -0.080381 0.996763
vn 0.001339 -0.080381 0.996763
vn 0.001339 -0.080381 0.996763
vn -0.001160 -0.080051 -0.996790
vn -0.001160 -0.080051 -0.996790
vn -0.001160 -0.080051 -0.996790
vn -0.001160 -0.080051 -0.996790
vn 0.000733 -0.839240 0.543761
vn 0.000733 -0.839240 0.543761
vn 0.000733 -0.839240 0.543761
vn 0.000733 -0.839240 0.543761
vn -0.000586 -0.839222 -0.543788
vn -0.000586 -0.839222 -0.543788
vn -0.000586 -0.839222 -0.543788
vn -0.000586 -0.839222 -0.543788
vn 1.000000 0.000403 -0.000644
vn 1.000000 0.000403 -0.000644
vn 1.000000 0.000403 -0.000644
vn 1.000000 0.000403 -0.000644
vn 0.001067 0.673604 0.739092
vn 0.001067 0.673604 0.739092
vn 0.001067 0.673604 0.739092
vn 0.001067 0.673604 0.739092
vn -0.000786 0.673587 -0.739108
vn -0.000786 0.673587 -0.739108
vn -0.000786 0.673587 -0.739108
vn -0.000786 0.673587 -0.739108
vn 1.000000 0.000000 -0.000645
vn 1.000000 0.000000 -0.000645
vn 1.000000 0.000000 -0.000645
vn 1.000000 0.000000 -0.000645
vn 0.001240 0.339415 0.940636
vn 0.001240 0.339415 0.940636
vn 0.001240 0.339415 0.940636
vn 0.001240 0.339415 0.940636
vn -0.000869 0.339459 -0.940621
vn -0.000869 0.339459 -0.940621
vn -0.000869 0.339459 -0.940621
vn -0.000869 0.339459 -0.940621
vn 1.000000 0.000067 -0.000633
vn 1.000000 0.000067 -0.000633
vn 1.000000 0.000067 -0.000633
vn 1.000000 0.000067 -0.000633
vn 1.000000 0.000000 -0.000649
vn 1.000000 0.000000 -0.000649
vn 1.000000 0.000000 -0.000649
vn 1.000000 0.000000 -0.000649
vn 0.000743 0.738171 0.674613
vn 0.000743 0.738171 0.674613
vn 0.000743 0.738171 0.674613
vn 0.000743 0.738171 0.674613
vn -0.000599 0.738310 -0.674462
vn -0.000599 0.738310 -0.674462
vn -0.000599 0.738310 -0.674462
vn -0.000599 0.738310 -0.674462
vn 0.001182 -0.401056 0.916053
vn 0.001182 -0.401056 0.916053
vn 0.001182 -0.401056 0.916053
vn 0.001182 -0.401056 0.916053
vn 1.000000 -0.000141 -0.000627
vn 1.000000 -0.000141 -0.000627
vn 1.000000 -0.000141 -0.000627
vn 1.000000 -0.000141 -0.000627
vn -0.000866 -0.400906 -0.916119
vn -0.000866 -0.400906 -0.916119
vn -0.000866 -0.400906 -0.916119
vn -0.000866 -0.400906 -0.916119
vn 0.001386 0.269492 0.963002
vn 0.001386 0.269492 0.963002
vn 0.001386 0.269492 0.963002
vn 0.001386 0.269492 0.963002
vn -0.000841 0.269473 -0.963007
vn -0.000841 0.269473 -0.963007
vn -0.000841 0.269473 -0.963008
vn -0.000841 0.269473 -0.963007
vn 0.999590 0.028616 -0.000628
vn 0.999590 0.028616 -0.000628
vn 0.999590 0.028616 -0.000628
vn 0.999590 0.028616 -0.000628
vn 1.000000 0.000000 -0.000667
vn 1.000000 0.000000 -0.000667
vn 1.000000 0.000000 -0.000667
vn 1.000000 0.000000 -0.000667
vn 0.000589 -0.839767 0.542947
vn 0.000589 -0.839767 0.542947
vn 0.000589 -0.839767 0.542947
vn 0.000589 -0.839767 0.542947
vn -0.000541 -0.839865 -0.542795
vn -0.000541 -0.839865 -0.542795
vn -0.000541 -0.839865 -0.542795
vn -0.000541 -0.839865 -0.542795
vn 0.001589 0.156886 0.987615
vn 0.001589 0.156886 0.987615
vn 0.001589 0.156886 0.987615
vn 0.001589 0.156886 0.987615
vn -0.001044 0.182769 -0.983155
vn -0.001044 0.182770 -0.983155
vn -0.001044 0.182769 -0.983155
vn -0.001044 0.182769 -0.983155
vn 1.000000 -0.000038 -0.000606
vn 1.000000 -0.000038 -0.000606
vn 1.000000 -0.000038 -0.000606
vn 1.000000 -0.000038 -0.000606
vn 0.001398 0.234698 0.972068
vn 0.001398 0.234698 0.972068
vn 0.001398 0.234698 0.972067
vn 0.001398 0.234698 0.972067
vn -0.000963 0.235028 -0.971988
vn -0.000963 0.235029 -0.971988
vn -0.000963 0.235029 -0.971988
vn -0.000963 0.235028 -0.971988
vn 1.000000 0.000298 -0.000660
vn 1.000000 0.000298 -0.000660
vn 1.000000 0.000298 -0.000660
vn 1.000000 0.000298 -0.000660
vn 1.000000 -0.000065 -0.000633
vn 1.000000 -0.000065 -0.000633
vn 1.000000 -0.000065 -0.000633
vn 1.000000 -0.000065 -0.000633
vn 0.001339 0.080378 0.996764
vn 0.001339 0.080378 0.996764
vn 0.001339 0.080378 0.996764
vn 0.001339 0.080378 0.996764
vn -0.001160 0.080047 -0.996790
vn -0.001160 0.080047 -0.996790
vn -0.001160 0.080047 -0.996790
vn -0.001160 0.080047 -0.996790
vn 0.000733 0.839270 0.543714
vn 0.000733 0.839270 0.543714
vn 0.000733 0.839270 0.543714
vn 0.000733 0.839270 0.543714
vn -0.000586 0.839249 -0.543746
vn -0.000586 0.839250 -0.543746
vn -0.000586 0.839250 -0.543746
vn -0.000586 0.839249 -0.543746
vn 1.000000 -0.000323 -0.000644
vn 1.000000 -0.000323 -0.000644
vn 1.000000 -0.000323 -0.000644
vn 1.000000 -0.000323 -0.000644
vn 0.001067 -0.673612 0.739084
vn 0.001067 -0.673612 0.739084
vn 0.001067 -0.673612 0.739085
vn 0.001067 -0.673612 0.739084
vn -0.000784 -0.673604 -0.739092
vn -0.000784 -0.673604 -0.739092
vn -0.000784 -0.673604 -0.739092
vn -0.000784 -0.673604 -0.739092
vn 1.000000 0.000064 -0.000645
vn 1.000000 0.000064 -0.000645
vn 1.000000 0.000064 -0.000645
vn 1.000000 0.000064 -0.000645
vn 0.001240 -0.339401 0.940641
vn 0.001240 -0.339401 0.940641
vn 0.001240 -0.339401 0.940641
vn 0.001240 -0.339401 0.940641
vn -0.000869 -0.339486 -0.940611
vn -0.000869 -0.339486 -0.940611
vn -0.000869 -0.339486 -0.940611
vn -0.000869 -0.339486 -0.940611
vn 1.000000 0.000000 -0.000633
vn 1.000000 0.000000 -0.000633
vn 1.000000 0.000000 -0.000633
vn 1.000000 0.000000 -0.000633
vn 1.000000 -0.000067 -0.000649
vn 1.000000 -0.000067 -0.000649
vn 1.000000 -0.000067 -0.000649
vn 1.000000 -0.000067 -0.000649
vn 0.000738 -0.738165 0.674620
vn 0.000738 -0.738165 0.674620
vn 0.000738 -0.738165 0.674620
vn 0.000738 -0.738165 0.674620
vn -0.000602 -0.738306 -0.674466
vn -0.000602 -0.738306 -0.674466
vn -0.000602 -0.738306 -0.674466
vn -0.000602 -0.738306 -0.674466
vn 0.001182 0.401061 0.916050
vn 0.001182 0.401062 0.916050
vn 0.001182 0.401061 0.916050
vn 0.001182 0.401061 0.916050
vn 1.000000 0.000071 -0.000627
vn 1.000000 0.000071 -0.000627
vn 1.000000 0.000071 -0.000627
vn 1.000000 0.000071 -0.000627
vn -0.000872 0.400896 -0.916123
vn -0.000872 0.400896 -0.916123
vn -0.000872 0.400896 -0.916123
vn -0.000872 0.400896 -0.916123
vn 0.001386 -0.269474 0.963007
vn 0.001386 -0.269474 0.963007
vn 0.001386 -0.269474 0.963007
vn 0.001386 -0.269474 0.963007
vn -0.000836 -0.269454 -0.963013
vn -0.000836 -0.269454 -0.963013
vn -0.000836 -0.269454 -0.963013
vn -0.000836 -0.269454 -0.963013
vn 0.999592 -0.028566 -0.000628
vn 0.999592 -0.028566 -0.000628
vn 0.999592 -0.028566 -0.000628
vn 0.999592 -0.028566 -0.000628
vn 1.000000 0.000205 -0.000667
vn 1.000000 0.000205 -0.000667
vn 1.000000 0.000205 -0.000667
vn 1.000000 0.000205 -0.000667
vn 0.000589 0.839772 0.542939
vn 0.000589 0.839772 0.542939
vn 0.000589 0.839772 0.542939
vn 0.000589 0.839772 0.542939
vn -0.000539 0.839875 -0.542779
vn -0.000539 0.839875 -0.542779
vn -0.000539 0.839875 -0.542779
vn -0.000539 0.839875 -0.542779
vn 0.001221 -0.177722 0.984080
vn 0.001221 -0.177722 0.984080
vn 0.001221 -0.177722 0.984080
vn 0.001221 -0.177722 0.984080
vn -0.001158 -0.146598 -0.989195
vn -0.001158 -0.146598 -0.989195
vn -0.001158 -0.146598 -0.989195
vn -0.001158 -0.146598 -0.989195
vn 1.000000 -0.000076 -0.000595
vn 1.000000 -0.000076 -0.000595
vn 1.000000 -0.000076 -0.000595
vn 1.000000 -0.000076 -0.000595
vn 0.001204 -0.234667 0.972075
vn 0.001204 -0.234667 0.972075
vn 0.001204 -0.234667 0.972075
vn 0.001204 -0.234667 0.972075
vn -0.000880 -0.234721 -0.972062
vn -0.000880 -0.234721 -0.972062
vn -0.000880 -0.234721 -0.972062
vn -0.000880 -0.234721 -0.972062
vn 1.000000 0.000075 -0.000641
vn 1.000000 0.000075 -0.000641
vn 1.000000 0.000075 -0.000641
vn 1.000000 0.000075 -0.000641
vn 1.000000 0.000349 -0.000618
vn 1.000000 0.000349 -0.000618
vn 1.000000 0.000349 -0.000618
vn 1.000000 0.000349 -0.000618
vn 0.001258 -0.080192 0.996779
vn 0.001258 -0.080192 0.996779
vn 0.001258 -0.080192 0.996779
vn 0.001258 -0.080192 0.996779
vn -0.001160 -0.080022 -0.996792
vn -0.001160 -0.080022 -0.996792
vn -0.001160 -0.080022 -0.996792
vn -0.001160 -0.080022 -0.996792
vn 0.000680 -0.839264 0.543724
vn 0.000680 -0.839264 0.543724
vn 0.000680 -0.839264 0.543724
vn 0.000680 -0.839264 0.543724
vn -0.000586 -0.839222 -0.543788
vn -0.000586 -0.839222 -0.543788
vn -0.000586 -0.839222 -0.543788
vn -0.000586 -0.839222 -0.543788
vn 1.000000 0.000161 -0.000626
vn 1.000000 0.000161 -0.000626
vn 1.000000 0.000161 -0.000626
vn 1.000000 0.000161 -0.000626
vn 0.000926 0.673558 0.739134
vn 0.000926 0.673558 0.739134
vn 0.000926 0.673558 0.739134
vn 0.000926 0.673558 0.739134
vn -0.000660 0.673369 -0.739307
vn -0.000660 0.673369 -0.739307
vn -0.000660 0.673369 -0.739307
vn -0.000660 0.673369 -0.739307
vn 1.000000 0.000000 -0.000645
vn 1.000000 0.000000 -0.000645
vn 1.000000 0.000000 -0.000645
vn 1.000000 0.000000 -0.000645
vn 0.001131 0.339294 0.940680
vn 0.001131 0.339294 0.940680
vn 0.001131 0.339294 0.940680
vn 0.001131 0.339294 0.940680
vn -0.001056 0.509924 -0.860219
vn -0.001056 0.509924 -0.860219
vn -0.001056 0.509924 -0.860219
vn -0.001056 0.509924 -0.860219
vn 0.999997 -0.002396 -0.001007
vn 0.999997 -0.002396 -0.001007
vn 0.999997 -0.002396 -0.001007
vn 0.999997 -0.002396 -0.001007
vn 1.000000 0.000124 -0.000662
vn 1.000000 0.000124 -0.000662
vn 1.000000 0.000124 -0.000662
vn 1.000000 0.000124 -0.000662
vn 0.000766 0.738223 0.674556
vn 0.000766 0.738223 0.674556
vn 0.000766 0.738223 0.674556
vn 0.000766 0.738223 0.674556
vn -0.000676 0.738261 -0.674514
vn -0.000676 0.738261 -0.674514
vn -0.000676 0.738261 -0.674514
vn -0.000676 0.738261 -0.674514
vn 0.001197 -0.517418 0.855732
vn 0.001197 -0.517418 0.855732
vn 0.001197 -0.517418 0.855732
vn 0.001197 -0.517418 0.855732
vn 0.999986 0.005286 -0.000249
vn 0.999986 0.005286 -0.000249
vn 0.999986 0.005286 -0.000249
vn 0.999986 0.005286 -0.000249
vn -0.000942 -0.511859 -0.859069
vn -0.000942 -0.511859 -0.859069
vn -0.000942 -0.511859 -0.859069
vn -0.000942 -0.511859 -0.859069
vn 0.001268 0.344027 0.938959
vn 0.001268 0.344027 0.938959
vn 0.001268 0.344027 0.938959
vn 0.001268 0.344027 0.938959
vn -0.000947 0.337305 -0.941395
vn -0.000947 0.337305 -0.941395
vn -0.000947 0.337305 -0.941395
vn -0.000947 0.337305 -0.941395
vn 0.999433 0.033661 -0.000274
vn 0.999433 0.033661 -0.000274
vn 0.999433 0.033661 -0.000274
vn 0.999433 0.033661 -0.000274
vn 1.000000 0.000000 -0.000660
vn 1.000000 0.000000 -0.000660
vn 1.000000 0.000000 -0.000660
vn 1.000000 0.000000 -0.000660
vn 0.000677 -0.839785 0.542919
vn 0.000677 -0.839785 0.542919
vn 0.000677 -0.839785 0.542919
vn 0.000677 -0.839785 0.542919
vn -0.000520 -0.839826 -0.542855
vn -0.000520 -0.839826 -0.542855
vn -0.000520 -0.839826 -0.542855
vn -0.000520 -0.839826 -0.542855
vn 0.001221 0.177726 0.984079
vn 0.001221 0.177726 0.984079
vn 0.001221 0.177726 0.984079
vn 0.001221 0.177726 0.984079
vn -0.001158 0.146591 -0.989197
vn -0.001158 0.146591 -0.989197
vn -0.001158 0.146591 -0.989197
vn -0.001158 0.146591 -0.989197
vn 1.000000 0.000076 -0.000595
vn 1.000000 0.000076 -0.000595
vn 1.000000 0.000076 -0.000595
vn 1.000000 0.000076 -0.000595
vn 0.001204 0.234650 0.972079
vn 0.001204 0.234650 0.972079
vn 0.001204 0.234650 0.972079
vn 0.001204 0.234650 0.972079
vn -0.000878 0.234711 -0.972065
vn -0.000878 0.234711 -0.972065
vn -0.000878 0.234711 -0.972065
vn -0.000878 0.234711 -0.972065
vn 1.000000 0.000000 -0.000641
vn 1.000000 0.000000 -0.000641
vn 1.000000 0.000000 -0.000641
vn 1.000000 0.000000 -0.000641
vn 1.000000 -0.000297 -0.000618
vn 1.000000 -0.000297 -0.000618
vn 1.000000 -0.000297 -0.000618
vn 1.000000 -0.000297 -0.000618
vn 0.001258 0.080203 0.996778
vn 0.001258 0.080203 0.996778
vn 0.001258 0.080203 0.996778
vn 0.001258 0.080203 0.996778
vn -0.001160 0.080025 -0.996792
vn -0.001160 0.080025 -0.996792
vn -0.001160 0.080025 -0.996792
vn -0.001160 0.080025 -0.996792
vn 0.000680 0.839238 0.543763
vn 0.000680 0.839238 0.543763
vn 0.000680 0.839238 0.543763
vn 0.000680 0.839238 0.543763
vn -0.000586 0.839248 -0.543749
vn -0.000586 0.839248 -0.543749
vn -0.000586 0.839248 -0.543749
vn -0.000586 0.839248 -0.543749
vn 1.000000 -0.000323 -0.000626
vn 1.000000 -0.000323 -0.000626
vn 1.000000 -0.000323 -0.000626
vn 1.000000 -0.000323 -0.000626
vn 0.000926 -0.673539 0.739151
vn 0.000926 -0.673539 0.739151
vn 0.000926 -0.673539 0.739151
vn 0.000926 -0.673539 0.739151
vn -0.000658 -0.673333 -0.739339
vn -0.000658 -0.673333 -0.739339
vn -0.000658 -0.673333 -0.739339
vn -0.000658 -0.673333 -0.739339
vn 1.000000 0.000097 -0.000645
vn 1.000000 0.000097 -0.000645
vn 1.000000 0.000097 -0.000645
vn 1.000000 0.000097 -0.000645
vn 0.001131 -0.339305 0.940676
vn 0.001131 -0.339305 0.940676
vn 0.001131 -0.339305 0.940676
vn 0.001131 -0.339305 0.940676
vn -0.001066 -0.509905 -0.860230
vn -0.001066 -0.509905 -0.860230
vn -0.001066 -0.509905 -0.860230
vn -0.001066 -0.509905 -0.860230
vn 0.999997 0.002335 -0.001007
vn 0.999997 0.002335 -0.001007
vn 0.999997 0.002335 -0.001007
vn 0.999997 0.002335 -0.001007
vn 1.000000 -0.000062 -0.000662
vn 1.000000 -0.000062 -0.000662
vn 1.000000 -0.000062 -0.000662
vn 1.000000 -0.000062 -0.000662
vn 0.000767 -0.738187 0.674596
vn 0.000767 -0.738187 0.674596
vn 0.000767 -0.738187 0.674596
vn 0.000767 -0.738187 0.674596
vn -0.000680 -0.738232 -0.674547
vn -0.000680 -0.738232 -0.674547
vn -0.000680 -0.738232 -0.674547
vn -0.000680 -0.738232 -0.674547
vn 0.001197 0.517427 0.855726
vn 0.001197 0.517427 0.855727
vn 0.001197 0.517427 0.855727
vn 0.001197 0.517427 0.855726
vn 0.999987 -0.005154 -0.000249
vn 0.999987 -0.005154 -0.000249
vn 0.999987 -0.005154 -0.000249
vn 0.999987 -0.005154 -0.000249
vn -0.000940 0.511867 -0.859064
vn -0.000940 0.511867 -0.859064
vn -0.000940 0.511867 -0.859064
vn -0.000940 0.511867 -0.859064
vn 0.001268 -0.344008 0.938966
vn 0.001268 -0.344008 0.938966
vn 0.001268 -0.344008 0.938966
vn 0.001268 -0.344008 0.938966
vn -0.000951 -0.337326 -0.941388
vn -0.000951 -0.337326 -0.941388
vn -0.000951 -0.337326 -0.941388
vn -0.000951 -0.337326 -0.941388
vn 0.999434 -0.033648 -0.000274
vn 0.999434 -0.033648 -0.000274
vn 0.999434 -0.033648 -0.000274
vn 0.999434 -0.033648 -0.000274
vn 1.000000 -0.000190 -0.000660
vn 1.000000 -0.000190 -0.000660
vn 1.000000 -0.000190 -0.000660
vn 1.000000 -0.000190 -0.000660
vn 0.000677 0.839790 0.542912
vn 0.000677 0.839790 0.542912
vn 0.000677 0.839790 0.542912
vn 0.000677 0.839790 0.542912
vn -0.000520 0.839836 -0.542839
vn -0.000520 0.839836 -0.542839
vn -0.000520 0.839836 -0.542839
vn -0.000520 0.839836 -0.542839
vn 0.001313 -0.182946 0.983122
vn 0.001313 -0.182946 0.983122
vn 0.001313 -0.182946 0.983122
vn 0.001313 -0.182946 0.983122
vn -0.000963 -0.187974 -0.982174
vn -0.000963 -0.187974 -0.982174
vn -0.000963 -0.187974 -0.982174
vn -0.000963 -0.187974 -0.982174
vn 1.000000 0.000023 -0.000644
vn 1.000000 0.000023 -0.000644
vn 1.000000 0.000023 -0.000644
vn 1.000000 0.000023 -0.000644
vn 0.001290 -0.234587 0.972094
vn 0.001290 -0.234587 0.972094
vn 0.001290 -0.234587 0.972094
vn 0.001290 -0.234587 0.972094
vn -0.000859 -0.234766 -0.972052
vn -0.000859 -0.234766 -0.972052
vn -0.000859 -0.234766 -0.972051
vn -0.000859 -0.234766 -0.972051
vn 1.000000 -0.000615 -0.000679
vn 1.000000 -0.000615 -0.000679
vn 1.000000 -0.000615 -0.000679
vn 1.000000 -0.000615 -0.000679
vn 1.000000 0.000000 -0.000618
vn 1.000000 0.000000 -0.000618
vn 1.000000 0.000000 -0.000618
vn 1.000000 0.000000 -0.000618
vn 0.001339 -0.080710 0.996737
vn 0.001339 -0.080710 0.996737
vn 0.001339 -0.080710 0.996737
vn 0.001339 -0.080710 0.996737
vn -0.001063 -0.080544 -0.996751
vn -0.001063 -0.080544 -0.996751
vn -0.001063 -0.080544 -0.996751
vn -0.001063 -0.080544 -0.996751
vn 0.000680 -0.839201 0.543821
vn 0.000680 -0.839201 0.543821
vn 0.000680 -0.839201 0.543821
vn 0.000680 -0.839201 0.543821
vn -0.000586 -0.839222 -0.543788
vn -0.000586 -0.839222 -0.543788
vn -0.000586 -0.839222 -0.543788
vn -0.000586 -0.839222 -0.543788
vn 1.000000 0.000161 -0.000626
vn 1.000000 0.000161 -0.000626
vn 1.000000 0.000161 -0.000626
vn 1.000000 0.000161 -0.000626
vn 0.000989 0.673516 0.739172
vn 0.000989 0.673516 0.739172
vn 0.000989 0.673516 0.739172
vn 0.000989 0.673516 0.739172
vn -0.000714 0.673447 -0.739235
vn -0.000714 0.673447 -0.739235
vn -0.000714 0.673447 -0.739235
vn -0.000714 0.673447 -0.739235
vn 1.000000 0.000258 -0.000662
vn 1.000000 0.000258 -0.000662
vn 1.000000 0.000258 -0.000662
vn 1.000000 0.000258 -0.000662
vn 0.001357 0.339404 0.940640
vn 0.001357 0.339404 0.940640
vn 0.001357 0.339404 0.940640
vn 0.001357 0.339404 0.940640
vn -0.000865 0.339323 -0.940669
vn -0.000865 0.339323 -0.940669
vn -0.000865 0.339323 -0.940669
vn -0.000865 0.339323 -0.940669
vn 1.000000 0.000052 -0.000626
vn 1.000000 0.000052 -0.000626
vn 1.000000 0.000052 -0.000626
vn 1.000000 0.000052 -0.000626
vn 1.000000 0.000131 -0.000623
vn 1.000000 0.000131 -0.000623
vn 1.000000 0.000131 -0.000623
vn 1.000000 0.000131 -0.000623
vn 0.000840 0.738204 0.674577
vn 0.000840 0.738204 0.674577
vn 0.000840 0.738204 0.674577
vn 0.000840 0.738204 0.674577
vn -0.000641 0.738235 -0.674543
vn -0.000641 0.738235 -0.674543
vn -0.000641 0.738235 -0.674543
vn -0.000641 0.738235 -0.674543
vn 0.001174 -0.401088 0.916039
vn 0.001174 -0.401088 0.916039
vn 0.001174 -0.401088 0.916039
vn 0.001174 -0.401088 0.916039
vn 0.999994 -0.003460 0.000157
vn 0.999994 -0.003460 0.000157
vn 0.999994 -0.003460 0.000157
vn 0.999994 -0.003460 0.000157
vn -0.001063 -0.491818 -0.870697
vn -0.001063 -0.491818 -0.870697
vn -0.001063 -0.491818 -0.870697
vn -0.001063 -0.491818 -0.870697
vn 0.001291 0.279291 0.960206
vn 0.001291 0.279291 0.960206
vn 0.001291 0.279291 0.960206
vn 0.001291 0.279291 0.960206
vn -0.001115 0.325221 -0.945637
vn -0.001115 0.325221 -0.945637
vn -0.001115 0.325221 -0.945637
vn -0.001115 0.325221 -0.945637
vn 0.999492 0.031873 0.000406
vn 0.999492 0.031873 0.000406
vn 0.999492 0.031873 0.000406
vn 0.999492 0.031873 0.000406
vn 1.000000 0.000000 -0.000618
vn 1.000000 0.000000 -0.000618
vn 1.000000 0.000000 -0.000618
vn 1.000000 0.000000 -0.000618
vn 0.000615 -0.839815 0.542873
vn 0.000615 -0.839815 0.542873
vn 0.000615 -0.839815 0.542873
vn 0.000615 -0.839815 0.542873
vn -0.000577 -0.839823 -0.542860
vn -0.000577 -0.839823 -0.542860
vn -0.000577 -0.839823 -0.542860
vn -0.000577 -0.839823 -0.542860
vn 0.001313 0.182946 0.983122
vn 0.001313 0.182946 0.983122
vn 0.001313 0.182946 0.983122
vn 0.001313 0.182946 0.983122
vn -0.000963 0.187987 -0.982171
vn -0.000963 0.187987 -0.982171
vn -0.000963 0.187987 -0.982171
vn -0.000963 0.187987 -0.982171
vn 1.000000 -0.000037 -0.000644
vn 1.000000 -0.000037 -0.000644
vn 1.000000 -0.000037 -0.000644
vn 1.000000 -0.000037 -0.000644
vn 0.001290 0.234604 0.972090
vn 0.001290 0.234604 0.972090
vn 0.001290 0.234604 0.972090
vn 0.001290 0.234604 0.972090
vn -0.000869 0.234758 -0.972053
vn -0.000869 0.234758 -0.972053
vn -0.000869 0.234758 -0.972053
vn -0.000869 0.234758 -0.972053
vn 1.000000 0.000596 -0.000679
vn 1.000000 0.000596 -0.000679
vn 1.000000 0.000596 -0.000679
vn 1.000000 0.000596 -0.000679
vn 1.000000 -0.000041 -0.000618
vn 1.000000 -0.000041 -0.000618
vn 1.000000 -0.000041 -0.000618
vn 1.000000 -0.000041 -0.000618
vn 0.001339 0.080716 0.996736
vn 0.001339 0.080716 0.996736
vn 0.001339 0.080716 0.996736
vn 0.001339 0.080716 0.996736
vn -0.001063 0.080537 -0.996751
vn -0.001063 0.080537 -0.996751
vn -0.001063 0.080537 -0.996751
vn -0.001063 0.080537 -0.996751
vn 0.000680 0.839174 0.543863
vn 0.000680 0.839174 0.543863
vn 0.000680 0.839174 0.543863
vn 0.000680 0.839174 0.543863
vn -0.000586 0.839249 -0.543748
vn -0.000586 0.839249 -0.543748
vn -0.000586 0.839249 -0.543748
vn -0.000586 0.839249 -0.543748
vn 1.000000 -0.000323 -0.000626
vn 1.000000 -0.000323 -0.000626
vn 1.000000 -0.000323 -0.000626
vn 1.000000 -0.000323 -0.000626
vn 0.000989 -0.673508 0.739179
vn 0.000989 -0.673508 0.739179
vn 0.000989 -0.673508 0.739179
vn 0.000989 -0.673508 0.739179
vn -0.000721 -0.673463 -0.739221
vn -0.000721 -0.673463 -0.739221
vn -0.000721 -0.673463 -0.739221
vn -0.000721 -0.673463 -0.739221
vn 1.000000 -0.000193 -0.000662
vn 1.000000 -0.000193 -0.000662
vn 1.000000 -0.000193 -0.000662
vn 1.000000 -0.000193 -0.000662
vn 0.001357 -0.339394 0.940643
vn 0.001357 -0.339394 0.940643
vn 0.001357 -0.339394 0.940643
vn 0.001357 -0.339394 0.940643
vn -0.000865 -0.339307 -0.940675
vn -0.000865 -0.339307 -0.940675
vn -0.000865 -0.339307 -0.940675
vn -0.000865 -0.339307 -0.940675
vn 1.000000 0.000000 -0.000626
vn 1.000000 0.000000 -0.000626
vn 1.000000 0.000000 -0.000626
vn 1.000000 0.000000 -0.000626
vn 1.000000 -0.000230 -0.000623
vn 1.000000 -0.000230 -0.000623
vn 1.000000 -0.000230 -0.000623
vn 1.000000 -0.000230 -0.000623
vn 0.000843 -0.738192 0.674590
vn 0.000843 -0.738192 0.674590
vn 0.000843 -0.738193 0.674590
vn 0.000843 -0.738192 0.674590
vn -0.000639 -0.738228 -0.674551
vn -0.000639 -0.738228 -0.674551
vn -0.000639 -0.738228 -0.674551
vn -0.000639 -0.738228 -0.674551
vn 0.001174 0.401090 0.916038
vn 0.001174 0.401090 0.916038
vn 0.001174 0.401090 0.916038
vn 0.001174 0.401090 0.916038
vn 0.999994 0.003410 0.000157
vn 0.999994 0.003410 0.000157
vn 0.999994 0.003410 0.000157
vn 0.999994 0.003410 0.000157
vn -0.001065 0.491826 -0.870693
vn -0.001065 0.491826 -0.870693
vn -0.001065 0.491826 -0.870693
vn -0.001065 0.491826 -0.870693
vn 0.001291 -0.279272 0.960211
vn 0.001291 -0.279272 0.960211
vn 0.001291 -0.279272 0.960211
vn 0.001291 -0.279272 0.960211
vn -0.001101 -0.325240 -0.945631
vn -0.001101 -0.325240 -0.945631
vn -0.001101 -0.325240 -0.945631
vn -0.001101 -0.325240 -0.945631
vn 0.999491 -0.031898 0.000406
vn 0.999491 -0.031898 0.000406
vn 0.999491 -0.031898 0.000406
vn 0.999491 -0.031898 0.000406
vn 1.000000 0.000201 -0.000618
vn 1.000000 0.000201 -0.000618
vn 1.000000 0.000201 -0.000618
vn 1.000000 0.000201 -0.000618
vn 0.000615 0.839820 0.542865
vn 0.000615 0.839820 0.542865
vn 0.000615 0.839820 0.542865
vn 0.000615 0.839820 0.542865
vn -0.000575 0.839824 -0.542859
vn -0.000575 0.839824 -0.542859
vn -0.000575 0.839824 -0.542859
vn -0.000575 0.839824 -0.542859
vn 0.001589 -0.156888 0.987615
vn 0.001589 -0.156888 0.987615
vn 0.001589 -0.156888 0.987615
vn 0.001589 -0.156888 0.987615
vn -0.001058 -0.182778 -0.983154
vn -0.001058 -0.182778 -0.983154
vn -0.001058 -0.182778 -0.983154
vn -0.001058 -0.182778 -0.983154
vn 1.000000 0.000057 -0.000606
vn 1.000000 0.000057 -0.000606
vn 1.000000 0.000057 -0.000606
vn 1.000000 0.000057 -0.000606
vn 0.001376 -0.234709 0.972065
vn 0.001376 -0.234709 0.972065
vn 0.001376 -0.234709 0.972065
vn 0.001376 -0.234709 0.972065
vn -0.000966 -0.235032 -0.971987
vn -0.000966 -0.235032 -0.971987
vn -0.000966 -0.235032 -0.971987
vn -0.000966 -0.235032 -0.971987
vn 1.000000 -0.000363 -0.000660
vn 1.000000 -0.000363 -0.000660
vn 1.000000 -0.000363 -0.000660
vn 1.000000 -0.000363 -0.000660
vn 1.000000 0.000000 -0.000633
vn 1.000000 0.000000 -0.000633
vn 1.000000 0.000000 -0.000633
vn 1.000000 0.000000 -0.000633
vn 0.001339 -0.080381 0.996763
vn 0.001339 -0.080381 0.996763
vn 0.001339 -0.080381 0.996763
vn 0.001339 -0.080381 0.996763
vn -0.001160 -0.080051 -0.996790
vn -0.001160 -0.080051 -0.996790
vn -0.001160 -0.080051 -0.996790
vn -0.001160 -0.080051 -0.996790
vn 0.000733 -0.839240 0.543761
vn 0.000733 -0.839240 0.543761
vn 0.000733 -0.839240 0.543761
vn 0.000733 -0.839240 0.543761
vn -0.000586 -0.839222 -0.543788
vn -0.000586 -0.839222 -0.543788
vn -0.000586 -0.839222 -0.543788
vn -0.000586 -0.839222 -0.543788
vn 1.000000 0.000403 -0.000644
vn 1.000000 0.000403 -0.000644
vn 1.000000 0.000403 -0.000644
vn 1.000000 0.000403 -0.000644
vn 0.001051 0.673604 0.739092
vn 0.001051 0.673604 0.739092
vn 0.001051 0.673604 0.739092
vn 0.001051 0.673604 0.739092
vn -0.000782 0.673587 -0.739108
vn -0.000782 0.673587 -0.739108
vn -0.000782 0.673587 -0.739108
vn -0.000782 0.673587 -0.739108
vn 1.000000 0.000000 -0.000645
vn 1.000000 0.000000 -0.000645
vn 1.000000 0.000000 -0.000645
vn 1.000000 0.000000 -0.000645
vn 0.001240 0.339415 0.940636
vn 0.001240 0.339415 0.940636
vn 0.001240 0.339415 0.940636
vn 0.001240 0.339415 0.940636
vn -0.000869 0.339459 -0.940621
vn -0.000869 0.339459 -0.940621
vn -0.000869 0.339459 -0.940621
vn -0.000869 0.339459 -0.940621
vn 1.000000 0.000067 -0.000633
vn 1.000000 0.000067 -0.000633
vn 1.000000 0.000067 -0.000633
vn 1.000000 0.000067 -0.000633
vn 1.000000 0.000000 -0.000649
vn 1.000000 0.000000 -0.000649
vn 1.000000 0.000000 -0.000649
vn 1.000000 0.000000 -0.000649
vn 0.000753 0.738171 0.674613
vn 0.000753 0.738171 0.674613
vn 0.000753 0.738171 0.674613
vn 0.000753 0.738171 0.674613
vn -0.000610 0.738310 -0.674462
vn -0.000610 0.738310 -0.674462
vn -0.000610 0.738310 -0.674462
vn -0.000610 0.738310 -0.674462
vn 0.001200 -0.401056 0.916053
vn 0.001200 -0.401056 0.916053
vn 0.001200 -0.401056 0.916053
vn 0.001200 -0.401056 0.916053
vn 1.000000 -0.000141 -0.000627
vn 1.000000 -0.000141 -0.000627
vn 1.000000 -0.000141 -0.000627
vn 1.000000 -0.000141 -0.000627
vn -0.000888 -0.400906 -0.916119
vn -0.000888 -0.400906 -0.916119
vn -0.000888 -0.400906 -0.916119
vn -0.000888 -0.400906 -0.916119
vn 0.001386 0.269492 0.963002
vn 0.001386 0.269492 0.963002
vn 0.001386 0.269492 0.963002
vn 0.001386 0.269492 0.963002
vn -0.000828 0.269473 -0.963008
vn -0.000828 0.269473 -0.963008
vn -0.000828 0.269473 -0.963008
vn -0.000828 0.269473 -0.963008
vn 0.999590 0.028616 -0.000628
vn 0.999590 0.028616 -0.000628
vn 0.999590 0.028616 -0.000628
vn 0.999590 0.028616 -0.000628
vn 1.000000 0.000000 -0.000667
vn 1.000000 0.000000 -0.000667
vn 1.000000 0.000000 -0.000667
vn 1.000000 0.000000 -0.000667
vn 0.000589 -0.839767 0.542947
vn 0.000589 -0.839767 0.542947
vn 0.000589 -0.839767 0.542947
vn 0.000589 -0.839767 0.542947
vn -0.000543 -0.839865 -0.542795
vn -0.000543 -0.839865 -0.542795
vn -0.000543 -0.839865 -0.542795
vn -0.000543 -0.839865 -0.542795
vn 0.001589 0.156886 0.987615
vn 0.001589 0.156886 0.987615
vn 0.001589 0.156886 0.987615
vn 0.001589 0.156886 0.987615
vn -0.001058 0.182769 -0.983155
vn -0.001058 0.182770 -0.983155
vn -0.001058 0.182769 -0.983155
vn -0.001058 0.182769 -0.983155
vn 1.000000 -0.000038 -0.000606
vn 1.000000 -0.000038 -0.000606
vn 1.000000 -0.000038 -0.000606
vn 1.000000 -0.000038 -0.000606
vn 0.001376 0.234698 0.972068
vn 0.001376 0.234698 0.972068
vn 0.001376 0.234698 0.972067
vn 0.001376 0.234698 0.972068
vn -0.000968 0.235028 -0.971988
vn -0.000968 0.235029 -0.971988
vn -0.000968 0.235029 -0.971988
vn -0.000968 0.235028 -0.971988
vn 1.000000 0.000298 -0.000660
vn 1.000000 0.000298 -0.000660
vn 1.000000 0.000298 -0.000660
vn 1.000000 0.000298 -0.000660
vn 1.000000 -0.000065 -0.000633
vn 1.000000 -0.000065 -0.000633
vn 1.000000 -0.000065 -0.000633
vn 1.000000 -0.000065 -0.000633
vn 0.001339 0.080378 0.996764
vn 0.001339 0.080378 0.996764
vn 0.001339 0.080378 0.996764
vn 0.001339 0.080378 0.996764
vn -0.001160 0.080047 -0.996790
vn -0.001160 0.080047 -0.996790
vn -0.001160 0.080047 -0.996790
vn -0.001160 0.080047 -0.996790
vn 0.000733 0.839270 0.543714
vn 0.000733 0.839270 0.543714
vn 0.000733 0.839270 0.543714
vn 0.000733 0.839270 0.543714
vn -0.000586 0.839249 -0.543746
vn -0.000586 0.839250 -0.543746
vn -0.000586 0.839250 -0.543746
vn -0.000586 0.839249 -0.543746
vn 1.000000 -0.000323 -0.000644
vn 1.000000 -0.000323 -0.000644
vn 1.000000 -0.000323 -0.000644
vn 1.000000 -0.000323 -0.000644
vn 0.001051 -0.673612 0.739084
vn 0.001051 -0.673612 0.739085
vn 0.001051 -0.673612 0.739085
vn 0.001051 -0.673612 0.739085
vn -0.000784 -0.673604 -0.739092
vn -0.000784 -0.673604 -0.739092
vn -0.000784 -0.673604 -0.739092
vn -0.000784 -0.673604 -0.739092
vn 1.000000 0.000064 -0.000645
vn 1.000000 0.000064 -0.000645
vn 1.000000 0.000064 -0.000645
vn 1.000000 0.000064 -0.000645
vn 0.001240 -0.339401 0.940641
vn 0.001240 -0.339401 0.940641
vn 0.001240 -0.339401 0.940641
vn 0.001240 -0.339401 0.940641
vn -0.000869 -0.339486 -0.940611
vn -0.000869 -0.339486 -0.940611
vn -0.000869 -0.339486 -0.940611
vn -0.000869 -0.339486 -0.940611
vn 1.000000 0.000000 -0.000633
vn 1.000000 0.000000 -0.000633
vn 1.000000 0.000000 -0.000633
vn 1.000000 0.000000 -0.000633
vn 1.000000 -0.000067 -0.000649
vn 1.000000 -0.000067 -0.000649
vn 1.000000 -0.000067 -0.000649
vn 1.000000 -0.000067 -0.000649
vn 0.000748 -0.738165 0.674620
vn 0.000748 -0.738165 0.674620
vn 0.000748 -0.738165 0.674620
vn 0.000748 -0.738165 0.674620
vn -0.000612 -0.738306 -0.674466
vn -0.000612 -0.738306 -0.674466
vn -0.000612 -0.738306 -0.674466
vn -0.000612 -0.738306 -0.674466
vn 0.001200 0.401061 0.916050
vn 0.001200 0.401061 0.916050
vn 0.001200 0.401061 0.916050
vn 0.001200 0.401061 0.916050
vn 1.000000 0.000071 -0.000627
vn 1.000000 0.000071 -0.000627
vn 1.000000 0.000071 -0.000627
vn 1.000000 0.000071 -0.000627
vn -0.000890 0.400896 -0.916123
vn -0.000890 0.400896 -0.916123
vn -0.000890 0.400896 -0.916123
vn -0.000890 0.400896 -0.916123
vn 0.001386 -0.269474 0.963007
vn 0.001386 -0.269474 0.963007
vn 0.001386 -0.269474 0.963007
vn 0.001386 -0.269474 0.963007
vn -0.000828 -0.269454 -0.963013
vn -0.000828 -0.269454 -0.963013
vn -0.000828 -0.269454 -0.963013
vn -0.000828 -0.269454 -0.963013
vn 0.999592 -0.028566 -0.000628
vn 0.999592 -0.028566 -0.000628
vn 0.999592 -0.028566 -0.000628
vn 0.999592 -0.028566 -0.000628
vn 1.000000 0.000205 -0.000667
vn 1.000000 0.000205 -0.000667
vn 1.000000 0.000205 -0.000667
vn 1.000000 0.000205 -0.000667
vn 0.000589 0.839772 0.542939
vn 0.000589 0.839772 0.542939
vn 0.000589 0.839772 0.542939
vn 0.000589 0.839772 0.542939
vn -0.000539 0.839875 -0.542779
vn -0.000539 0.839875 -0.542779
vn -0.000539 0.839875 -0.542779
vn -0.000539 0.839875 -0.542779
vn 0.001221 -0.177722 0.984080
vn 0.001221 -0.177722 0.984080
vn 0.001221 -0.177722 0.984080
vn 0.001221 -0.177722 0.984080
vn -0.001145 -0.146598 -0.989195
vn -0.001145 -0.146598 -0.989195
vn -0.001145 -0.146598 -0.989195
vn -0.001145 -0.146598 -0.989196
vn 1.000000 -0.000076 -0.000595
vn 1.000000 -0.000076 -0.000595
vn 1.000000 -0.000076 -0.000595
vn 1.000000 -0.000076 -0.000595
vn 0.001204 -0.234667 0.972075
vn 0.001204 -0.234667 0.972075
vn 0.001204 -0.234667 0.972075
vn 0.001204 -0.234667 0.972075
vn -0.000859 -0.234721 -0.972062
vn -0.000859 -0.234721 -0.972062
vn -0.000859 -0.234721 -0.972062
vn -0.000859 -0.234721 -0.972062
vn 1.000000 0.000075 -0.000641
vn 1.000000 0.000075 -0.000641
vn 1.000000 0.000075 -0.000641
vn 1.000000 0.000075 -0.000641
vn 1.000000 0.000349 -0.000618
vn 1.000000 0.000349 -0.000618
vn 1.000000 0.000349 -0.000618
vn 1.000000 0.000349 -0.000618
vn 0.001258 -0.080192 0.996779
vn 0.001258 -0.080192 0.996779
vn 0.001258 -0.080192 0.996779
vn 0.001258 -0.080192 0.996779
vn -0.001160 -0.080022 -0.996792
vn -0.001160 -0.080022 -0.996792
vn -0.001160 -0.080022 -0.996792
vn -0.001160 -0.080022 -0.996792
vn 0.000680 -0.839264 0.543724
vn 0.000680 -0.839264 0.543724
vn 0.000680 -0.839264 0.543724
vn 0.000680 -0.839264 0.543724
vn -0.000586 -0.839222 -0.543788
vn -0.000586 -0.839222 -0.543788
vn -0.000586 -0.839222 -0.543788
vn -0.000586 -0.839222 -0.543788
vn 1.000000 0.000161 -0.000626
vn 1.000000 0.000161 -0.000626
vn 1.000000 0.000161 -0.000626
vn 1.000000 0.000161 -0.000626
vn 0.000926 0.673558 0.739134
vn 0.000926 0.673558 0.739134
vn 0.000926 0.673558 0.739134
vn 0.000926 0.673558 0.739134
vn -0.000659 0.673369 -0.739307
vn -0.000659 0.673369 -0.739307
vn -0.000659 0.673369 -0.739307
vn -0.000659 0.673369 -0.739307
vn 1.000000 0.000000 -0.000645
vn 1.000000 0.000000 -0.000645
vn 1.000000 0.000000 -0.000645
vn 1.000000 0.000000 -0.000645
vn 0.001131 0.339294 0.940680
vn 0.001131 0.339294 0.940680
vn 0.001131 0.339294 0.940680
vn 0.001131 0.339294 0.940680
vn -0.001056 0.509924 -0.860219
vn -0.001056 0.509924 -0.860219
vn -0.001056 0.509924 -0.860219
vn -0.001056 0.509924 -0.860219
vn 0.999997 -0.002396 -0.001007
vn 0.999997 -0.002396 -0.001007
vn 0.999997 -0.002396 -0.001007
vn 0.999997 -0.002396 -0.001007
vn 1.000000 0.000124 -0.000662
vn 1.000000 0.000124 -0.000662
vn 1.000000 0.000124 -0.000662
vn 1.000000 0.000124 -0.000662
vn 0.000779 0.738223 0.674556
vn 0.000779 0.738223 0.674556
vn 0.000779 0.738223 0.674556
vn 0.000779 0.738223 0.674556
vn -0.000680 0.738261 -0.674514
vn -0.000680 0.738261 -0.674514
vn -0.000680 0.738261 -0.674514
vn -0.000680 0.738261 -0.674514
vn 0.001189 -0.517418 0.855732
vn 0.001189 -0.517418 0.855732
vn 0.001189 -0.517418 0.855732
vn 0.001189 -0.517418 0.855732
vn 0.999986 0.005286 -0.000249
vn 0.999986 0.005286 -0.000249
vn 0.999986 0.005286 -0.000249
vn 0.999986 0.005286 -0.000249
vn -0.000931 -0.511859 -0.859069
vn -0.000931 -0.511859 -0.859069
vn -0.000931 -0.511859 -0.859069
vn -0.000931 -0.511859 -0.859069
vn 0.001255 0.344027 0.938959
vn 0.001255 0.344027 0.938959
vn 0.001255 0.344027 0.938959
vn 0.001255 0.344027 0.938959
vn -0.000961 0.337305 -0.941395
vn -0.000961 0.337305 -0.941395
vn -0.000961 0.337305 -0.941395
vn -0.000961 0.337305 -0.941395
vn 0.999433 0.033660 -0.000274
vn 0.999433 0.033660 -0.000274
vn 0.999433 0.033660 -0.000274
vn 0.999433 0.033660 -0.000274
vn 1.000000 0.000000 -0.000660
vn 1.000000 0.000000 -0.000660
vn 1.000000 0.000000 -0.000660
vn 1.000000 0.000000 -0.000660
vn 0.000685 -0.839785 0.542919
vn 0.000685 -0.839785 0.542919
vn 0.000685 -0.839785 0.542919
vn 0.000685 -0.839785 0.542919
vn -0.000513 -0.839826 -0.542855
vn -0.000513 -0.839826 -0.542855
vn -0.000513 -0.839826 -0.542855
vn -0.000513 -0.839826 -0.542855
vn 0.001221 0.177726 0.984079
vn 0.001221 0.177726 0.984079
vn 0.001221 0.177726 0.984079
vn 0.001221 0.177726 0.984079
vn -0.001145 0.146591 -0.989197
vn -0.001145 0.146591 -0.989197
vn -0.001145 0.146591 -0.989197
vn -0.001145 0.146591 -0.989197
vn 1.000000 0.000076 -0.000595
vn 1.000000 0.000076 -0.000595
vn 1.000000 0.000076 -0.000595
vn 1.000000 0.000076 -0.000595
vn 0.001204 0.234650 0.972079
vn 0.001204 0.234650 0.972079
vn 0.001204 0.234650 0.972079
vn 0.001204 0.234650 0.972079
vn -0.000858 0.234711 -0.972065
vn -0.000858 0.234711 -0.972065
vn -0.000858 0.234711 -0.972065
vn -0.000858 0.234711 -0.972065
vn 1.000000 0.000000 -0.000641
vn 1.000000 0.000000 -0.000641
vn 1.000000 0.000000 -0.000641
vn 1.000000 0.000000 -0.000641
vn 1.000000 -0.000297 -0.000618
vn 1.000000 -0.000297 -0.000618
vn 1.000000 -0.000297 -0.000618
vn 1.000000 -0.000297 -0.000618
vn 0.001258 0.080203 0.996778
vn 0.001258 0.080203 0.996778
vn 0.001258 0.080203 0.996778
vn 0.001258 0.080203 0.996778
vn -0.001160 0.080025 -0.996792
vn -0.001160 0.080025 -0.996792
vn -0.001160 0.080025 -0.996792
vn -0.001160 0.080025 -0.996792
vn 0.000680 0.839238 0.543763
vn 0.000680 0.839238 0.543763
vn 0.000680 0.839238 0.543763
vn 0.000680 0.839238 0.543763
vn -0.000586 0.839248 -0.543749
vn -0.000586 0.839248 -0.543749
vn -0.000586 0.839248 -0.543749
vn -0.000586 0.839248 -0.543749
vn 1.000000 -0.000323 -0.000626
vn 1.000000 -0.000323 -0.000626
vn 1.000000 -0.000323 -0.000626
vn 1.000000 -0.000323 -0.000626
vn 0.000926 -0.673539 0.739151
vn 0.000926 -0.673539 0.739151
vn 0.000926 -0.673539 0.739151
vn 0.000926 -0.673539 0.739151
vn -0.000658 -0.673333 -0.739339
vn -0.000658 -0.673333 -0.739339
vn -0.000658 -0.673333 -0.739339
vn -0.000658 -0.673333 -0.739339
vn 1.000000 0.000097 -0.000645
vn 1.000000 0.000097 -0.000645
vn 1.000000 0.000097 -0.000645
vn 1.000000 0.000097 -0.000645
vn 0.001131 -0.339305 0.940676
vn 0.001131 -0.339305 0.940676
vn 0.001131 -0.339305 0.940676
vn 0.001131 -0.339305 0.940676
vn -0.001066 -0.509905 -0.860230
vn -0.001066 -0.509905 -0.860230
vn -0.001066 -0.509905 -0.860230
vn -0.001066 -0.509905 -0.860230
vn 0.999997 0.002335 -0.001007
vn 0.999997 0.002335 -0.001007
vn 0.999997 0.002335 -0.001007
vn 0.999997 0.002335 -0.001007
vn 1.000000 -0.000062 -0.000662
vn 1.000000 -0.000062 -0.000662
vn 1.000000 -0.000062 -0.000662
vn 1.000000 -0.000062 -0.000662
vn 0.000777 -0.738187 0.674596
vn 0.000777 -0.738187 0.674596
vn 0.000777 -0.738187 0.674596
vn 0.000777 -0.738187 0.674596
vn -0.000680 -0.738232 -0.674547
vn -0.000680 -0.738232 -0.674547
vn -0.000680 -0.738232 -0.674547
vn -0.000680 -0.738232 -0.674547
vn 0.001189 0.517427 0.855727
vn 0.001189 0.517427 0.855727
vn 0.001189 0.517427 0.855727
vn 0.001189 0.517427 0.855727
vn 0.999987 -0.005154 -0.000249
vn 0.999987 -0.005154 -0.000249
vn 0.999987 -0.005154 -0.000249
vn 0.999987 -0.005154 -0.000249
vn -0.000931 0.511867 -0.859064
vn -0.000931 0.511867 -0.859064
vn -0.000931 0.511867 -0.859064
vn -0.000931 0.511867 -0.859064
vn 0.001262 -0.344008 0.938966
vn 0.001262 -0.344008 0.938966
vn 0.001262 -0.344008 0.938966
vn 0.001262 -0.344008 0.938966
vn -0.000959 -0.337326 -0.941388
vn -0.000959 -0.337326 -0.941388
vn -0.000959 -0.337326 -0.941388
vn -0.000959 -0.337326 -0.941388
vn 0.999434 -0.033648 -0.000274
vn 0.999434 -0.033648 -0.000274
vn 0.999434 -0.033648 -0.000274
vn 0.999434 -0.033648 -0.000274
vn 1.000000 -0.000190 -0.000660
vn 1.000000 -0.000190 -0.000660
vn 1.000000 -0.000190 -0.000660
vn 1.000000 -0.000190 -0.000660
vn 0.000685 0.839790 0.542912
vn 0.000685 0.839790 0.542912
vn 0.000685 0.839790 0.542912
vn 0.000685 0.839790 0.542912
vn -0.000513 0.839836 -0.542840
vn -0.000513 0.839836 -0.542839
vn -0.000513 0.839836 -0.542839
vn -0.000513 0.839836 -0.542839
vn 0.001313 -0.182946 0.983122
vn 0.001313 -0.182946 0.983122
vn 0.001313 -0.182946 0.983122
vn 0.001313 -0.182946 0.983122
vn -0.000977 -0.187974 -0.982174
vn -0.000977 -0.187974 -0.982173
vn -0.000977 -0.187974 -0.982174
vn -0.000977 -0.187974 -0.982173
vn 1.000000 0.000023 -0.000644
vn 1.000000 0.000023 -0.000644
vn 1.000000 0.000023 -0.000644
vn 1.000000 0.000023 -0.000644
vn 0.001290 -0.234587 0.972094
vn 0.001290 -0.234587 0.972094
vn 0.001290 -0.234587 0.972094
vn 0.001290 -0.234587 0.972094
vn -0.000902 -0.234766 -0.972052
vn -0.000902 -0.234766 -0.972051
vn -0.000902 -0.234766 -0.972051
vn -0.000902 -0.234766 -0.972051
vn 1.000000 -0.000615 -0.000679
vn 1.000000 -0.000615 -0.000679
vn 1.000000 -0.000615 -0.000679
vn 1.000000 -0.000615 -0.000679
vn 1.000000 0.000000 -0.000618
vn 1.000000 0.000000 -0.000618
vn 1.000000 0.000000 -0.000618
vn 1.000000 0.000000 -0.000618
vn 0.001339 -0.080710 0.996737
vn 0.001339 -0.080710 0.996737
vn 0.001339 -0.080710 0.996737
vn 0.001339 -0.080710 0.996737
vn -0.001063 -0.080544 -0.996751
vn -0.001063 -0.080544 -0.996751
vn -0.001063 -0.080544 -0.996751
vn -0.001063 -0.080544 -0.996751
vn 0.000687 -0.839201 0.543821
vn 0.000687 -0.839201 0.543821
vn 0.000687 -0.839201 0.543821
vn 0.000687 -0.839201 0.543821
vn -0.000579 -0.839222 -0.543788
vn -0.000579 -0.839222 -0.543788
vn -0.000579 -0.839222 -0.543788
vn -0.000579 -0.839222 -0.543788
vn 1.000000 0.000161 -0.000626
vn 1.000000 0.000161 -0.000626
vn 1.000000 0.000161 -0.000626
vn 1.000000 0.000161 -0.000626
vn 0.000989 0.673516 0.739172
vn 0.000989 0.673516 0.739172
vn 0.000989 0.673516 0.739172
vn 0.000989 0.673516 0.739172
vn -0.000711 0.673447 -0.739235
vn -0.000711 0.673447 -0.739235
vn -0.000711 0.673447 -0.739235
vn -0.000711 0.673447 -0.739235
vn 1.000000 0.000258 -0.000662
vn 1.000000 0.000258 -0.000662
vn 1.000000 0.000258 -0.000662
vn 1.000000 0.000258 -0.000662
vn 0.001343 0.339404 0.940640
vn 0.001343 0.339404 0.940640
vn 0.001343 0.339404 0.940640
vn 0.001343 0.339404 0.940640
vn -0.000865 0.339323 -0.940669
vn -0.000865 0.339323 -0.940669
vn -0.000865 0.339323 -0.940669
vn -0.000865 0.339323 -0.940669
vn 1.000000 0.000052 -0.000626
vn 1.000000 0.000052 -0.000626
vn 1.000000 0.000052 -0.000626
vn 1.000000 0.000052 -0.000626
vn 1.000000 0.000131 -0.000623
vn 1.000000 0.000131 -0.000623
vn 1.000000 0.000131 -0.000623
vn 1.000000 0.000131 -0.000623
vn 0.000843 0.738204 0.674577
vn 0.000843 0.738204 0.674577
vn 0.000843 0.738204 0.674577
vn 0.000843 0.738204 0.674577
vn -0.000636 0.738235 -0.674543
vn -0.000636 0.738235 -0.674543
vn -0.000636 0.738235 -0.674543
vn -0.000636 0.738235 -0.674543
vn 0.001183 -0.401088 0.916039
vn 0.001183 -0.401088 0.916039
vn 0.001183 -0.401088 0.916039
vn 0.001183 -0.401088 0.916039
vn 0.999994 -0.003460 0.000157
vn 0.999994 -0.003460 0.000157
vn 0.999994 -0.003460 0.000157
vn 0.999994 -0.003460 0.000157
vn -0.001069 -0.491818 -0.870697
vn -0.001069 -0.491818 -0.870697
vn -0.001069 -0.491818 -0.870697
vn -0.001069 -0.491818 -0.870697
vn 0.001291 0.279291 0.960206
vn 0.001291 0.279291 0.960206
vn 0.001291 0.279291 0.960206
vn 0.001291 0.279291 0.960206
vn -0.001115 0.325221 -0.945637
vn -0.001115 0.325221 -0.945637
vn -0.001115 0.325221 -0.945637
vn -0.001115 0.325221 -0.945637
vn 0.999492 0.031873 0.000406
vn 0.999492 0.031873 0.000406
vn 0.999492 0.031873 0.000406
vn 0.999492 0.031873 0.000406
vn 1.000000 0.000000 -0.000618
vn 1.000000 0.000000 -0.000618
vn 1.000000 0.000000 -0.000618
vn 1.000000 0.000000 -0.000618
vn 0.000615 -0.839815 0.542873
vn 0.000615 -0.839815 0.542873
vn 0.000615 -0.839815 0.542873
vn 0.000615 -0.839815 0.542873
vn -0.000571 -0.839823 -0.542860
vn -0.000571 -0.839823 -0.542860
vn -0.000571 -0.839823 -0.542860
vn -0.000571 -0.839823 -0.542860
vn 0.001313 0.182946 0.983122
vn 0.001313 0.182946 0.983122
vn 0.001313 0.182946 0.983122
vn 0.001313 0.182946 0.983122
vn -0.000977 0.187987 -0.982171
vn -0.000977 0.187987 -0.982171
vn -0.000977 0.187987 -0.982171
vn -0.000977 0.187987 -0.982171
vn 1.000000 -0.000037 -0.000644
vn 1.000000 -0.000037 -0.000644
vn 1.000000 -0.000037 -0.000644
vn 1.000000 -0.000037 -0.000644
vn 0.001290 0.234604 0.972090
vn 0.001290 0.234604 0.972090
vn 0.001290 0.234604 0.972090
vn 0.001290 0.234604 0.972090
vn -0.000894 0.234758 -0.972053
vn -0.000894 0.234758 -0.972053
vn -0.000894 0.234758 -0.972053
vn -0.000894 0.234758 -0.972053
vn 1.000000 0.000596 -0.000679
vn 1.000000 0.000596 -0.000679
vn 1.000000 0.000596 -0.000679
vn 1.000000 0.000596 -0.000679
vn 1.000000 -0.000041 -0.000618
vn 1.000000 -0.000041 -0.000618
vn 1.000000 -0.000041 -0.000618
vn 1.000000 -0.000041 -0.000618
vn 0.001339 0.080716 0.996736
vn 0.001339 0.080716 0.996736
vn 0.001339 0.080716 0.996736
vn 0.001339 0.080716 0.996736
vn -0.001063 0.080537 -0.996751
vn -0.001063 0.080537 -0.996751
vn -0.001063 0.080537 -0.996751
vn -0.001063 0.080537 -0.996751
vn 0.000687 0.839174 0.543863
vn 0.000687 0.839174 0.543863
vn 0.000687 0.839174 0.543863
vn 0.000687 0.839174 0.543863
vn -0.000579 0.839249 -0.543748
vn -0.000579 0.839249 -0.543748
vn -0.000579 0.839249 -0.543748
vn -0.000579 0.839249 -0.543748
vn 1.000000 -0.000323 -0.000626
vn 1.000000 -0.000323 -0.000626
vn 1.000000 -0.000323 -0.000626
vn 1.000000 -0.000323 -0.000626
vn 0.000989 -0.673508 0.739179
vn 0.000989 -0.673508 0.739179
vn 0.000989 -0.673508 0.739179
vn 0.000989 -0.673508 0.739179
vn -0.000705 -0.673463 -0.739221
vn -0.000705 -0.673463 -0.739221
vn -0.000705 -0.673463 -0.739221
vn -0.000705 -0.673463 -0.739221
vn 1.000000 -0.000193 -0.000662
vn 1.000000 -0.000193 -0.000662
vn 1.000000 -0.000193 -0.000662
vn 1.000000 -0.000193 -0.000662
vn 0.001343 -0.339394 0.940643
vn 0.001343 -0.339394 0.940643
vn 0.001343 -0.339394 0.940643
vn 0.001343 -0.339394 0.940643
vn -0.000865 -0.339307 -0.940675
vn -0.000865 -0.339307 -0.940675
vn -0.000865 -0.339307 -0.940675
vn -0.000865 -0.339307 -0.940675
vn 1.000000 0.000000 -0.000626
vn 1.000000 0.000000 -0.000626
vn 1.000000 0.000000 -0.000626
vn 1.000000 0.000000 -0.000626
vn 1.000000 -0.000230 -0.000623
vn 1.000000 -0.000230 -0.000623
vn 1.000000 -0.000230 -0.000623
vn 1.000000 -0.000230 -0.000623
vn 0.000843 -0.738192 0.674590
vn 0.000843 -0.738192 0.674590
vn 0.000843 -0.738193 0.674590
vn 0.000843 -0.738192 0.674590
vn -0.000639 -0.738228 -0.674551
vn -0.000639 -0.738228 -0.674551
vn -0.000639 -0.738228 -0.674551
vn -0.000639 -0.738228 -0.674551
vn 0.001183 0.401090 0.916038
vn 0.001183 0.401090 0.916038
vn 0.001183 0.401090 0.916038
vn 0.001183 0.401090 0.916038
vn 0.999994 0.003410 0.000157
vn 0.999994 0.003410 0.000157
vn 0.999994 0.003410 0.000157
vn 0.999994 0.003410 0.000157
vn -0.001073 0.491826 -0.870693
vn -0.001073 0.491826 -0.870693
vn -0.001073 0.491826 -0.870693
vn -0.001073 0.491826 -0.870693
vn 0.001291 -0.279272 0.960211
vn 0.001291 -0.279272 0.960211
vn 0.001291 -0.279272 0.960211
vn 0.001291 -0.279272 0.960211
vn -0.001122 -0.325240 -0.945631
vn -0.001122 -0.325240 -0.945631
vn -0.001122 -0.325240 -0.945631
vn -0.001122 -0.325240 -0.945631
vn 0.999491 -0.031898 0.000406
vn 0.999491 -0.031898 0.000406
vn 0.999491 -0.031898 0.000406
vn 0.999491 -0.031898 0.000406
vn 1.000000 0.000201 -0.000618
vn 1.000000 0.000201 -0.000618
vn 1.000000 0.000201 -0.000618
vn 1.000000 0.000201 -0.000618
vn 0.000615 0.839820 0.542865
vn 0.000615 0.839820 0.542865
vn 0.000615 0.839820 0.542865
vn 0.000615 0.839820 0.542865
vn -0.000567 0.839824 -0.542859
vn -0.000567 0.839824 -0.542859
vn -0.000567 0.839824 -0.542859
vn -0.000567 0.839824 -0.542859
vn 0.001589 -0.156888 0.987615
vn 0.001589 -0.156888 0.987615
vn 0.001589 -0.156888 0.987615
vn 0.001589 -0.156888 0.987615
vn -0.001058 -0.182778 -0.983154
vn -0.001058 -0.182778 -0.983154
vn -0.001058 -0.182778 -0.983154
vn -0.001058 -0.182778 -0.983154
vn 1.000000 0.000057 -0.000606
vn 1.000000 0.000057 -0.000606
vn 1.000000 0.000057 -0.000606
vn 1.000000 0.000057 -0.000606
vn 0.001376 -0.234709 0.972065
vn 0.001376 -0.234709 0.972065
vn 0.001376 -0.234709 0.972065
vn 0.001376 -0.234709 0.972065
vn -0.000966 -0.235032 -0.971987
vn -0.000966 -0.235032 -0.971987
vn -0.000966 -0.235032 -0.971987
vn -0.000966 -0.235032 -0.971987
vn 1.000000 -0.000363 -0.000660
vn 1.000000 -0.000363 -0.000660
vn 1.000000 -0.000363 -0.000660
vn 1.000000 -0.000363 -0.000660
vn 1.000000 0.000000 -0.000633
vn 1.000000 0.000000 -0.000633
vn 1.000000 0.000000 -0.000633
vn 1.000000 0.000000 -0.000633
vn 0.001339 -0.080381 0.996763
vn 0.001339 -0.080381 0.996763
vn 0.001339 -0.080381 0.996763
vn 0.001339 -0.080381 0.996763
vn -0.001160 -0.080051 -0.996790
vn -0.001160 -0.080051 -0.996790
vn -0.001160 -0.080051 -0.996790
vn -0.001160 -0.080051 -0.996790
vn 0.000733 -0.839240 0.543761
vn 0.000733 -0.839240 0.543761
vn 0.000733 -0.839240 0.543761
vn 0.000733 -0.839240 0.543761
vn -0.000579 -0.839222 -0.543788
vn -0.000579 -0.839222 -0.543788
vn -0.000579 -0.839222 -0.543788
vn -0.000579 -0.839222 -0.543788
vn 1.000000 0.000403 -0.000644
vn 1.000000 0.000403 -0.000644
vn 1.000000 0.000403 -0.000644
vn 1.000000 0.000403 -0.000644
vn 0.001067 0.673604 0.739092
vn 0.001067 0.673604 0.739092
vn 0.001067 0.673604 0.739092
vn 0.001067 0.673604 0.739092
vn -0.000797 0.673587 -0.739108
vn -0.000797 0.673587 -0.739108
vn -0.000797 0.673587 -0.739108
vn -0.000797 0.673587 -0.739108
vn 1.000000 0.000000 -0.000645
vn 1.000000 0.000000 -0.000645
vn 1.000000 0.000000 -0.000645
vn 1.000000 0.000000 -0.000645
vn 0.001225 0.339415 0.940636
vn 0.001225 0.339415 0.940636
vn 0.001225 0.339415 0.940636
vn 0.001225 0.339415 0.940636
vn -0.000869 0.339459 -0.940621
vn -0.000869 0.339459 -0.940621
vn -0.000869 0.339459 -0.940621
vn -0.000869 0.339459 -0.940621
vn 1.000000 0.000067 -0.000633
vn 1.000000 0.000067 -0.000633
vn 1.000000 0.000067 -0.000633
vn 1.000000 0.000067 -0.000633
vn 1.000000 0.000000 -0.000649
vn 1.000000 0.000000 -0.000649
vn 1.000000 0.000000 -0.000649
vn 1.000000 0.000000 -0.000649
vn 0.000746 0.738171 0.674613
vn 0.000746 0.738171 0.674613
vn 0.000746 0.738171 0.674613
vn 0.000746 0.738171 0.674613
vn -0.000602 0.738310 -0.674462
vn -0.000602 0.738310 -0.674462
vn -0.000602 0.738310 -0.674462
vn -0.000602 0.738310 -0.674462
vn 0.001191 -0.401056 0.916053
vn 0.001191 -0.401056 0.916053
vn 0.001191 -0.401056 0.916053
vn 0.001191 -0.401056 0.916053
vn 1.000000 -0.000141 -0.000627
vn 1.000000 -0.000141 -0.000627
vn 1.000000 -0.000141 -0.000627
vn 1.000000 -0.000141 -0.000627
vn -0.000884 -0.400906 -0.916119
vn -0.000884 -0.400906 -0.916119
vn -0.000884 -0.400906 -0.916119
vn -0.000884 -0.400906 -0.916119
vn 0.001386 0.269492 0.963002
vn 0.001386 0.269492 0.963002
vn 0.001386 0.269492 0.963002
vn 0.001386 0.269492 0.963002
vn -0.000828 0.269473 -0.963008
vn -0.000828 0.269473 -0.963008
vn -0.000828 0.269473 -0.963008
vn -0.000828 0.269473 -0.963008
vn 0.999590 0.028616 -0.000628
vn 0.999590 0.028616 -0.000628
vn 0.999590 0.028616 -0.000628
vn 0.999590 0.028616 -0.000628
vn 1.000000 0.000000 -0.000667
vn 1.000000 0.000000 -0.000667
vn 1.000000 0.000000 -0.000667
vn 1.000000 0.000000 -0.000667
vn 0.000589 -0.839767 0.542947
vn 0.000589 -0.839767 0.542947
vn 0.000589 -0.839767 0.542947
vn 0.000589 -0.839767 0.542947
vn -0.000537 -0.839865 -0.542795
vn -0.000537 -0.839865 -0.542795
vn -0.000537 -0.839865 -0.542795
vn -0.000537 -0.839865 -0.542795
vn 0.001589 0.156886 0.987615
vn 0.001589 0.156886 0.987615
vn 0.001589 0.156886 0.987615
vn 0.001589 0.156886 0.987615
vn -0.001058 0.182769 -0.983155
vn -0.001058 0.182770 -0.983155
vn -0.001058 0.182769 -0.983155
vn -0.001058 0.182769 -0.983155
vn 1.000000 -0.000038 -0.000606
vn 1.000000 -0.000038 -0.000606
vn 1.000000 -0.000038 -0.000606
vn 1.000000 -0.000038 -0.000606
vn 0.001376 0.234698 0.972068
vn 0.001376 0.234698 0.972068
vn 0.001376 0.234698 0.972067
vn 0.001376 0.234698 0.972068
vn -0.000969 0.235028 -0.971988
vn -0.000969 0.235029 -0.971988
vn -0.000969 0.235029 -0.971988
vn -0.000969 0.235028 -0.971988
vn 1.000000 0.000298 -0.000660
vn 1.000000 0.000298 -0.000660
vn 1.000000 0.000298 -0.000660
vn 1.000000 0.000298 -0.000660
vn 1.000000 -0.000065 -0.000633
vn 1.000000 -0.000065 -0.000633
vn 1.000000 -0.000065 -0.000633
vn 1.000000 -0.000065 -0.000633
vn 0.001339 0.080378 0.996764
vn 0.001339 0.080378 0.996764
vn 0.001339 0.080378 0.996764
vn 0.001339 0.080378 0.996764
vn -0.001160 0.080047 -0.996790
vn -0.001160 0.080047 -0.996790
vn -0.001160 0.080047 -0.996790
vn -0.001160 0.080047 -0.996790
vn 0.000733 0.839270 0.543714
vn 0.000733 0.839270 0.543714
vn 0.000733 0.839270 0.543714
vn 0.000733 0.839270 0.543714
vn -0.000579 0.839249 -0.543746
vn -0.000579 0.839250 -0.543746
vn -0.000579 0.839250 -0.543746
vn -0.000579 0.839249 -0.543746
vn 1.000000 -0.000323 -0.000644
vn 1.000000 -0.000323 -0.000644
vn 1.000000 -0.000323 -0.000644
vn 1.000000 -0.000323 -0.000644
vn 0.001067 -0.673612 0.739084
vn 0.001067 -0.673612 0.739084
vn 0.001067 -0.673612 0.739085
vn 0.001067 -0.673612 0.739084
vn -0.000799 -0.673604 -0.739092
vn -0.000799 -0.673604 -0.739092
vn -0.000799 -0.673604 -0.739092
vn -0.000799 -0.673604 -0.739092
vn 1.000000 0.000064 -0.000645
vn 1.000000 0.000064 -0.000645
vn 1.000000 0.000064 -0.000645
vn 1.000000 0.000064 -0.000645
vn 0.001225 -0.339401 0.940641
vn 0.001225 -0.339401 0.940641
vn 0.001225 -0.339401 0.940641
vn 0.001225 -0.339401 0.940641
vn -0.000869 -0.339486 -0.940611
vn -0.000869 -0.339486 -0.940611
vn -0.000869 -0.339486 -0.940611
vn -0.000869 -0.339486 -0.940611
vn 1.000000 0.000000 -0.000633
vn 1.000000 0.000000 -0.000633
vn 1.000000 0.000000 -0.000633
vn 1.000000 0.000000 -0.000633
vn 1.000000 -0.000067 -0.000649
vn 1.000000 -0.000067 -0.000649
vn 1.000000 -0.000067 -0.000649
vn 1.000000 -0.000067 -0.000649
vn 0.000748 -0.738165 0.674620
vn 0.000748 -0.738165 0.674620
vn 0.000748 -0.738165 0.674620
vn 0.000748 -0.738165 0.674620
vn -0.000602 -0.738306 -0.674466
vn -0.000602 -0.738306 -0.674466
vn -0.000602 -0.738306 -0.674466
vn -0.000602 -0.738306 -0.674466
vn 0.001191 0.401061 0.916050
vn 0.001191 0.401062 0.916050
vn 0.001191 0.401061 0.916050
vn 0.001191 0.401061 0.916050
vn 1.000000 0.000071 -0.000627
vn 1.000000 0.000071 -0.000627
vn 1.000000 0.000071 -0.000627
vn 1.000000 0.000071 -0.000627
vn -0.000881 0.400896 -0.916123
vn -0.000881 0.400896 -0.916123
vn -0.000881 0.400896 -0.916123
vn -0.000881 0.400896 -0.916123
vn 0.001386 -0.269474 0.963007
vn 0.001386 -0.269474 0.963007
vn 0.001386 -0.269474 0.963007
vn 0.001386 -0.269474 0.963007
vn -0.000830 -0.269454 -0.963013
vn -0.000830 -0.269454 -0.963013
vn -0.000830 -0.269454 -0.963013
vn -0.000830 -0.269454 -0.963013
vn 0.999592 -0.028566 -0.000628
vn 0.999592 -0.028566 -0.000628
vn 0.999592 -0.028566 -0.000628
vn 0.999592 -0.028566 -0.000628
vn 1.000000 0.000205 -0.000667
vn 1.000000 0.000205 -0.000667
vn 1.000000 0.000205 -0.000667
vn 1.000000 0.000205 -0.000667
vn 0.000589 0.839772 0.542939
vn 0.000589 0.839772 0.542939
vn 0.000589 0.839772 0.542939
vn 0.000589 0.839772 0.542939
vn -0.000539 0.839875 -0.542779
vn -0.000539 0.839875 -0.542779
vn -0.000539 0.839875 -0.542779
vn -0.000539 0.839875 -0.542779
vn 0.001152 -0.000002 0.999999
vn 0.001152 -0.000002 0.999999
vn 0.001152 -0.000002 0.999999
vn 0.000920 0.000062 1.000000
vn 0.000920 0.000062 1.000000
vn 0.000920 0.000062 1.000000
vn 0.000920 0.000062 1.000000
vn 0.000920 0.000062 1.000000
vn 0.000920 0.000062 1.000000
vn 0.000927 -0.005158 0.999986
vn 0.000927 -0.005158 0.999986
vn 0.000927 -0.005158 0.999986
vn 0.000927 -0.005158 0.999986
vn 0.271336 -0.962485 -0.000253
vn 0.271336 -0.962485 -0.000253
vn 0.271336 -0.962485 -0.000253
vn 0.271336 -0.962485 -0.000253
vn 0.271336 -0.962485 -0.000253
vn 0.271336 -0.962485 -0.000253
vn 0.000883 -0.000001 1.000000
vn 0.000883 -0.000001 1.000000
vn 0.000883 -0.000001 1.000000
vn 0.000883 -0.000001 1.000000
vn 0.000935 -0.005046 0.999987
vn 0.000935 -0.005046 0.999987
vn 0.000935 -0.005046 0.999987
vn -0.004104 -0.000001 0.999992
vn -0.004104 -0.000001 0.999992
vn -0.004104 -0.000001 0.999992
vn -0.004104 -0.000001 0.999992
vn -0.000000 0.000000 0.000000
vn -0.000000 0.000000 0.000000
vn -0.272630 0.961022 0.045917
vn 0.000961 -0.000157 1.000000
vn 0.000961 -0.000157 1.000000
vn 0.000961 -0.000157 1.000000
vn 0.000961 -0.000157 1.000000
vn -0.934387 -0.356260 0.000822
vn -0.934387 -0.356260 0.000822
vn -0.934387 -0.356260 0.000822
vn -0.934387 -0.356260 0.000822
vn 0.271339 -0.962484 -0.000243
vn 0.271339 -0.962484 -0.000243
vn 0.271339 -0.962484 -0.000243
vn 0.271339 -0.962484 -0.000243
vn -0.000916 -0.000016 -1.000000
vn -0.000916 -0.000016 -1.000000
vn -0.000916 -0.000016 -1.000000
vn -0.000916 -0.000016 -1.000000
vn -0.000968 -0.000020 -1.000000
vn -0.000968 -0.000020 -1.000000
vn -0.000968 -0.000020 -1.000000
vn -0.271336 0.962485 0.000239
vn -0.271336 0.962485 0.000239
vn -0.271336 0.962485 0.000239
vn -0.271336 0.962485 0.000239
vn -1.000000 -0.000002 0.000875
vn -1.000000 -0.000002 0.000875
vn -1.000000 -0.000002 0.000875
vn -1.000000 -0.000002 0.000875
vn -0.000862 -0.000017 -1.000000
vn -0.000862 -0.000017 -1.000000
vn -0.000862 -0.000017 -1.000000
vn -0.000862 -0.000017 -1.000000
vn -0.000633 0.000000 -1.000000
vn -0.000633 0.000000 -1.000000
vn -0.000633 0.000000 -1.000000
vn 0.271318 -0.962490 -0.000238
vn 0.271318 -0.962490 -0.000238
vn 0.271318 -0.962490 -0.000238
vn 0.271318 -0.962490 -0.000238
vn 0.000770 0.000103 1.000000
vn 0.000770 0.000103 1.000000
vn 0.000770 0.000103 1.000000
vn 0.000919 -0.000017 1.000000
vn 0.000919 -0.000017 1.000000
vn 0.000919 -0.000017 1.000000
vn 0.000919 -0.000017 1.000000
vn 0.272487 -0.961690 -0.030067
vn 0.000000 -0.000000 -0.000000
vn 0.272487 -0.961690 -0.030067
vn 0.000851 0.000000 1.000000
vn 0.000851 0.000000 1.000000
vn 0.000851 0.000000 1.000000
vn 0.000851 0.000000 1.000000
vn 0.001011 0.000000 1.000000
vn 0.001011 0.000000 1.000000
vn 0.001011 0.000000 0.999999
vn 0.001013 0.000000 1.000000
vn 0.001013 0.000000 0.999999
vn 0.001013 0.000000 1.000000
vn 0.000935 0.000000 1.000000
vn 0.000935 0.000000 1.000000
vn 0.000935 0.000000 1.000000
vn 0.000935 0.000000 1.000000
vn 0.000935 0.000000 1.000000
vn 0.000935 0.000000 1.000000
vn 0.005781 0.000002 0.999983
vn 0.005781 0.000002 0.999983
vn 0.005781 0.000002 0.999983
vn 0.005781 0.000002 0.999983
vn 0.001012 0.004813 0.999988
vn 0.001012 0.004813 0.999988
vn 0.001012 0.004813 0.999988
vn 0.000932 0.005162 0.999986
vn 0.000932 0.005162 0.999986
vn 0.000932 0.005162 0.999986
vn 0.000932 0.005162 0.999986
vn 0.000935 0.005002 0.999987
vn 0.000935 0.005002 0.999987
vn 0.000935 0.005002 0.999987
vn 0.001012 -0.004765 0.999988
vn 0.001012 -0.004765 0.999988
vn 0.001012 -0.004765 0.999988
vn 0.000842 0.000000 1.000000
vn 0.000842 0.000000 1.000000
vn 0.000842 0.000000 1.000000
vn 0.000842 0.000000 1.000000
vn 0.000000 1.000000 0.000000
vn 0.000000 1.000000 0.000000
vn 0.000000 1.000000 0.000000
vn 0.000000 1.000000 0.000000
vn 0.000000 -1.000000 0.000000
vn 0.000000 -1.000000 0.000000
vn 0.000000 -1.000000 0.000000
vn 0.000000 -1.000000 0.000000
vn 1.000000 -0.000009 0.000000
vn 1.000000 -0.000009 0.000000
vn 1.000000 -0.000009 0.000000
vn 1.000000 -0.000009 0.000000
vn -1.000000 0.000000 0.000000
vn -1.000000 0.000000 0.000000
vn -1.000000 0.000000 0.000000
vn -1.000000 0.000000 0.000000
vn -1.000000 0.000000 0.000000
vn -1.000000 0.000000 0.000000
vn -1.000000 0.000000 0.000000
vn -1.000000 0.000000 0.000000
vn 1.000000 0.000000 0.000000
vn 1.000000 0.000000 0.000000
vn 1.000000 0.000000 0.000000
vn 1.000000 0.000000 0.000000
vn 0.000002 1.000000 0.000000
vn 0.000002 1.000000 0.000000
vn 0.000002 1.000000 0.000000
vn 0.000002 1.000000 0.000000
vn 0.000000 -1.000000 0.000000
vn 0.000000 -1.000000 0.000000
vn 0.000000 -1.000000 0.000000
vn 0.000000 -1.000000 0.000000
vn 0.000000 1.000000 0.000000
vn 0.000000 1.000000 0.000000
vn 0.000000 1.000000 0.000000
vn 0.000000 1.000000 0.000000
vn -0.000002 -1.000000 0.000000
vn -0.000002 -1.000000 0.000000
vn -0.000002 -1.000000 0.000000
vn -0.000002 -1.000000 0.000000
vn 1.000000 0.000000 0.000000
vn 1.000000 0.000000 0.000000
vn 1.000000 0.000000 0.000000
vn 1.000000 0.000000 0.000000
vn -1.000000 0.000000 0.000000
vn -1.000000 0.000000 0.000000
vn -1.000000 0.000000 0.000000
vn -1.000000 0.000000 0.000000
s off
g Slocniko_Laikrodine
usemtl lambert12SG
f 6/3827/1 5/3828/2 1/3829/3 4/3830/4
f 8/3839/5 7/3840/6 3/3841/7 2/3842/8
f 5/1/9 8/2/10 2/3/11 1/4/12
f 18/3831/13 17/3832/14 5/3828/15 6/3827/16
f 20/3843/17 19/3844/18 7/3840/19 8/3839/20
f 17/5/21 20/6/22 8/2/23 5/1/24
f 21/7/25 22/9/26 27/10/27 28/8/28
f 22/3835/29 21/3834/30 24/3833/31 23/3836/32
f 25/3847/33 26/3846/34 28/3845/35 27/3848/36
f 14/3837/37 13/3838/38 22/3835/39 23/3836/40
f 16/3849/41 15/3850/42 25/3847/43 27/3848/44
f 13/11/45 16/12/46 27/10/47 22/9/48
f 18/3831/49 24/3833/50 21/3834/51 17/3832/52
f 20/3843/53 28/3845/54 26/3846/55 19/3844/56
f 17/5/57 21/7/58 28/8/59 20/6/60
f 10/3881/61 9/3882/62 30/3883/63 32/3884/64
f 12/3859/65 11/3860/66 34/3857/67 36/3858/68
f 9/20/69 12/21/70 36/19/71 30/18/72
f 29/16/73 30/18/74 36/19/75 35/17/76
f 30/3883/77 29/3887/78 31/3888/79 32/3884/80
f 34/3857/81 33/3855/82 35/3856/83 36/3858/84
f 37/3891/85 38/3895/86 42/3896/87 41/3892/88
f 3908/7025/89 37/14/90 39/15/91 40/7394/92
f 40/3851/93 39/3853/94 43/3854/95 44/3852/96
f 3913/7029/97 3906/7020/98 13/3838/99 14/3837/100
f 40/3851/101 44/3852/102 15/3850/103 16/3849/104
f 3909/7026/105 40/13/106 16/12/107 13/11/108
f 37/14/109 29/16/110 35/17/111 39/15/112
f 29/3887/113 37/3891/114 41/3892/115 31/3888/116
f 33/3855/117 43/3854/118 39/3853/119 35/3856/120
f 50/3899/121 48/3900/122 45/3901/123 49/3902/124
f 52/3877/125 46/3879/126 47/3880/127 51/3878/128
f 49/37/129 45/39/130 46/40/131 52/38/132
f 58/3903/133 50/3899/134 49/3902/135 57/3904/136
f 60/3875/137 52/3877/138 51/3878/139 59/3876/140
f 57/35/141 49/37/142 52/38/143 60/36/144
f 61/33/145 68/34/146 67/32/147 62/31/148
f 62/3907/149 63/3908/150 64/3906/151 61/3905/152
f 65/3872/153 67/3871/154 68/3873/155 66/3874/156
f 54/3909/157 63/3908/158 62/3907/159 53/3910/160
f 56/3869/161 67/3871/162 65/3872/163 55/3870/164
f 53/29/165 62/31/166 67/32/167 56/30/168
f 58/3903/169 57/3904/170 61/3905/171 64/3906/172
f 60/3875/173 59/3876/174 66/3874/175 68/3873/176
f 57/35/177 60/36/178 68/34/179 61/33/180
f 10/3881/181 72/3885/182 70/3886/183 9/3882/184
f 12/3859/185 76/3861/186 74/3862/187 11/3860/188
f 9/20/189 70/22/190 76/23/191 12/21/192
f 69/24/193 75/25/194 76/23/195 70/22/196
f 70/3886/197 72/3885/198 71/3889/199 69/3890/200
f 74/3862/201 76/3861/202 75/3863/203 73/3864/204
f 77/3894/205 81/3893/206 82/3897/207 78/3898/208
f 3918/7035/209 80/28/210 79/27/211 77/26/212
f 80/3867/213 84/3868/214 83/3866/215 79/3865/216
f 3923/7039/217 54/3909/218 53/3910/219 3916/7030/220
f 80/3867/221 56/3869/222 55/3870/223 84/3868/224
f 3919/7036/225 53/29/226 56/30/227 80/7392/228
f 77/26/229 79/27/230 75/25/231 69/24/232
f 69/3890/233 71/3889/234 81/3893/235 77/3894/236
f 73/3864/237 75/3863/238 79/3865/239 83/3866/240
f 88/3911/241 87/3912/242 85/3913/243 86/3914/244
f 90/3953/245 89/3954/246 4/3955/247 1/3956/248
f 87/41/249 90/42/250 1/43/251 85/44/252
f 100/3915/253 99/3916/254 87/3912/255 88/3911/256
f 102/3957/257 101/3958/258 89/3954/259 90/3953/260
f 99/45/261 102/46/262 90/42/263 87/41/264
f 103/47/265 104/49/266 109/50/267 110/48/268
f 104/3919/269 103/3918/270 106/3917/271 105/3920/272
f 107/3961/273 108/3960/274 110/3959/275 109/3962/276
f 96/3921/277 95/3922/278 104/3919/279 105/3920/280
f 98/3963/281 97/3964/282 107/3961/283 109/3962/284
f 95/51/285 98/52/286 109/50/287 104/49/288
f 100/3915/289 106/3917/290 103/3918/291 99/3916/292
f 102/3957/293 110/3959/294 108/3960/295 101/3958/296
f 99/45/297 103/47/298 110/48/299 102/46/300
f 92/3931/301 91/3932/302 112/3929/303 114/3930/304
f 94/3965/305 93/3966/306 116/3967/307 118/3968/308
f 91/60/309 94/61/310 118/59/311 112/58/312
f 111/56/313 112/58/314 118/59/315 117/57/316
f 112/3929/317 111/3927/318 113/3928/319 114/3930/320
f 116/3967/321 115/3971/322 117/3972/323 118/3968/324
f 119/3925/325 120/3924/326 123/3923/327 122/3926/328
f 120/53/329 119/54/330 121/55/331 3910/7023/332
f 3907/7024/333 121/3976/334 124/3975/335 3914/7028/336
f 123/3923/337 120/3924/338 95/3922/339 96/3921/340
f 3905/7021/341 3912/7027/342 97/3964/343 98/3963/344
f 120/7395/345 3911/7022/346 98/52/347 95/51/348
f 119/54/349 111/56/350 117/57/351 121/55/352
f 111/3927/353 119/3925/354 122/3926/355 113/3928/356
f 115/3971/357 124/3975/358 121/3976/359 117/3972/360
f 128/3949/361 126/3951/362 125/3952/363 127/3950/364
f 130/3979/365 45/3980/366 48/3981/367 129/3982/368
f 127/77/369 125/79/370 45/80/371 130/78/372
f 136/3947/373 128/3949/374 127/3950/375 135/3948/376
f 138/3983/377 130/3979/378 129/3982/379 137/3984/380
f 135/75/381 127/77/382 130/78/383 138/76/384
f 139/73/385 146/74/386 145/72/387 140/71/388
f 140/3944/389 141/3943/390 142/3945/391 139/3946/392
f 143/3987/393 145/3988/394 146/3986/395 144/3985/396
f 132/3941/397 141/3943/398 140/3944/399 131/3942/400
f 134/3989/401 145/3988/402 143/3987/403 133/3990/404
f 131/69/405 140/71/406 145/72/407 134/70/408
f 136/3947/409 135/3948/410 139/3946/411 142/3945/412
f 138/3983/413 137/3984/414 144/3985/415 146/3986/416
f 135/75/417 138/76/418 146/74/419 139/73/420
f 92/3931/421 150/3933/422 148/3934/423 91/3932/424
f 94/3965/425 154/3969/426 152/3970/427 93/3966/428
f 91/60/429 148/62/430 154/63/431 94/61/432
f 147/64/433 153/65/434 154/63/435 148/62/436
f 148/3934/437 150/3933/438 149/3935/439 147/3936/440
f 152/3970/441 154/3969/442 153/3973/443 151/3974/444
f 155/3938/445 158/3937/446 159/3939/447 156/3940/448
f 156/7393/449 3920/7033/450 157/67/451 155/66/452
f 3917/7034/453 3924/7038/454 160/3978/455 157/3977/456
f 159/3939/457 132/3941/458 131/3942/459 156/3940/460
f 3915/7031/461 134/3989/462 133/3990/463 3922/7037/464
f 156/68/465 131/69/466 134/70/467 3921/7032/468
f 155/66/469 157/67/470 153/65/471 147/64/472
f 147/3936/473 149/3935/474 158/3937/475 155/3938/476
f 151/3974/477 153/3973/478 157/3977/479 160/3978/480
f 164/3991/481 163/3992/482 161/3993/483 162/3994/484
f 166/4031/485 165/4032/486 86/4033/487 85/4034/488
f 163/81/489 166/82/490 85/83/491 161/84/492
f 176/3995/493 175/3996/494 163/3992/495 164/3991/496
f 178/4035/497 177/4036/498 165/4032/499 166/4031/500
f 175/85/501 178/86/502 166/82/503 163/81/504
f 179/87/505 180/89/506 185/90/507 186/88/508
f 180/3999/509 179/3998/510 182/3997/511 181/4000/512
f 183/4039/513 184/4038/514 186/4037/515 185/4040/516
f 172/4001/517 171/4002/518 180/3999/519 181/4000/520
f 174/4041/521 173/4042/522 183/4039/523 185/4040/524
f 171/91/525 174/92/526 185/90/527 180/89/528
f 176/3995/529 182/3997/530 179/3998/531 175/3996/532
f 178/4035/533 186/4037/534 184/4038/535 177/4036/536
f 175/85/537 179/87/538 186/88/539 178/86/540
f 168/4011/541 167/4012/542 188/4009/543 190/4010/544
f 170/4051/545 169/4052/546 192/4049/547 194/4050/548
f 167/101/549 170/102/550 194/100/551 188/99/552
f 187/97/553 188/99/554 194/100/555 193/98/556
f 188/4009/557 187/4007/558 189/4008/559 190/4010/560
f 192/4049/561 191/4047/562 193/4048/563 194/4050/564
f 195/4005/565 196/4004/566 200/4003/567 199/4006/568
f 196/93/569 195/95/570 197/96/571 198/94/572
f 198/4043/573 197/4045/574 201/4046/575 202/4044/576
f 200/4003/577 196/4004/578 171/4002/579 172/4001/580
f 198/4043/581 202/4044/582 173/4042/583 174/4041/584
f 196/93/585 198/94/586 174/92/587 171/91/588
f 195/95/589 187/97/590 193/98/591 197/96/592
f 187/4007/593 195/4005/594 199/4006/595 189/4008/596
f 191/4047/597 201/4046/598 197/4045/599 193/4048/600
f 206/4073/601 204/4074/602 203/4075/603 205/4076/604
f 208/4069/605 125/4071/606 126/4072/607 207/4070/608
f 205/119/609 203/121/610 125/122/611 208/120/612
f 214/4027/613 206/4029/614 205/4030/615 213/4028/616
f 216/4067/617 208/4069/618 207/4070/619 215/4068/620
f 213/117/621 205/119/622 208/120/623 216/118/624
f 217/115/625 224/116/626 223/114/627 218/113/628
f 218/4024/629 219/4023/630 220/4025/631 217/4026/632
f 221/4064/633 223/4063/634 224/4065/635 222/4066/636
f 210/4021/637 219/4023/638 218/4024/639 209/4022/640
f 212/4061/641 223/4063/642 221/4064/643 211/4062/644
f 209/111/645 218/113/646 223/114/647 212/112/648
f 214/4027/649 213/4028/650 217/4026/651 220/4025/652
f 216/4067/653 215/4068/654 222/4066/655 224/4065/656
f 213/117/657 216/118/658 224/116/659 217/115/660
f 168/4011/661 228/4013/662 226/4014/663 167/4012/664
f 170/4051/665 232/4053/666 230/4054/667 169/4052/668
f 167/101/669 226/103/670 232/104/671 170/102/672
f 225/105/673 231/106/674 232/104/675 226/103/676
f 226/4014/677 228/4013/678 227/4015/679 225/4016/680
f 230/4054/681 232/4053/682 231/4055/683 229/4056/684
f 233/4018/685 237/4017/686 238/4019/687 234/4020/688
f 234/109/689 236/110/690 235/108/691 233/107/692
f 236/4059/693 240/4060/694 239/4058/695 235/4057/696
f 238/4019/697 210/4021/698 209/4022/699 234/4020/700
f 236/4059/701 212/4061/702 211/4062/703 240/4060/704
f 234/109/705 209/111/706 212/112/707 236/110/708
f 233/107/709 235/108/710 231/106/711 225/105/712
f 225/4016/713 227/4015/714 237/4017/715 233/4018/716
f 229/4056/717 231/4055/718 235/4057/719 239/4058/720
f 246/4077/721 245/4078/722 241/4079/723 244/4080/724
f 248/4089/725 247/4090/726 243/4091/727 242/4092/728
f 245/123/729 248/124/730 242/125/731 241/126/732
f 258/4081/733 257/4082/734 245/4078/735 246/4077/736
f 260/4093/737 259/4094/738 247/4090/739 248/4089/740
f 257/127/741 260/128/742 248/124/743 245/123/744
f 261/129/745 262/131/746 267/132/747 268/130/748
f 262/4085/749 261/4084/750 264/4083/751 263/4086/752
f 265/4097/753 266/4096/754 268/4095/755 267/4098/756
f 254/4087/757 253/4088/758 262/4085/759 263/4086/760
f 256/4099/761 255/4100/762 265/4097/763 267/4098/764
f 253/133/765 256/134/766 267/132/767 262/131/768
f 258/4081/769 264/4083/770 261/4084/771 257/4082/772
f 260/4093/773 268/4095/774 266/4096/775 259/4094/776
f 257/127/777 261/129/778 268/130/779 260/128/780
f 250/4131/781 249/4132/782 270/4133/783 272/4134/784
f 252/4109/785 251/4110/786 274/4107/787 276/4108/788
f 249/142/789 252/143/790 276/141/791 270/140/792
f 269/138/793 270/140/794 276/141/795 275/139/796
f 270/4133/797 269/4137/798 271/4138/799 272/4134/800
f 274/4107/801 273/4105/802 275/4106/803 276/4108/804
f 277/4141/805 278/4145/806 282/4146/807 281/4142/808
f 3928/7045/809 277/136/810 279/137/811 280/7390/812
f 280/4101/813 279/4103/814 283/4104/815 284/4102/816
f 3933/7049/817 3926/7040/818 253/4088/819 254/4087/820
f 280/4101/821 284/4102/822 255/4100/823 256/4099/824
f 3929/7046/825 280/135/826 256/134/827 253/133/828
f 277/136/829 269/138/830 275/139/831 279/137/832
f 269/4137/833 277/4141/834 281/4142/835 271/4138/836
f 273/4105/837 283/4104/838 279/4103/839 275/4106/840
f 290/4149/841 288/4150/842 285/4151/843 289/4152/844
f 292/4127/845 286/4129/846 287/4130/847 291/4128/848
f 289/159/849 285/161/850 286/162/851 292/160/852
f 298/4153/853 290/4149/854 289/4152/855 297/4154/856
f 300/4125/857 292/4127/858 291/4128/859 299/4126/860
f 297/157/861 289/159/862 292/160/863 300/158/864
f 301/155/865 308/156/866 307/154/867 302/153/868
f 302/4157/869 303/4158/870 304/4156/871 301/4155/872
f 305/4122/873 307/4121/874 308/4123/875 306/4124/876
f 294/4159/877 303/4158/878 302/4157/879 293/4160/880
f 296/4119/881 307/4121/882 305/4122/883 295/4120/884
f 293/151/885 302/153/886 307/154/887 296/152/888
f 298/4153/889 297/4154/890 301/4155/891 304/4156/892
f 300/4125/893 299/4126/894 306/4124/895 308/4123/896
f 297/157/897 300/158/898 308/156/899 301/155/900
f 250/4131/901 312/4135/902 310/4136/903 249/4132/904
f 252/4109/905 316/4111/906 314/4112/907 251/4110/908
f 249/142/909 310/144/910 316/145/911 252/143/912
f 309/146/913 315/147/914 316/145/915 310/144/916
f 310/4136/917 312/4135/918 311/4139/919 309/4140/920
f 314/4112/921 316/4111/922 315/4113/923 313/4114/924
f 317/4144/925 321/4143/926 322/4147/927 318/4148/928
f 3938/7055/929 320/150/930 319/149/931 317/148/932
f 320/4117/933 324/4118/934 323/4116/935 319/4115/936
f 3943/7059/937 294/4159/938 293/4160/939 3936/7050/940
f 320/4117/941 296/4119/942 295/4120/943 324/4118/944
f 3939/7056/945 293/151/946 296/152/947 320/7388/948
f 317/148/949 319/149/950 315/147/951 309/146/952
f 309/4140/953 311/4139/954 321/4143/955 317/4144/956
f 313/4114/957 315/4113/958 319/4115/959 323/4116/960
f 328/4161/961 327/4162/962 325/4163/963 326/4164/964
f 330/4203/965 329/4204/966 244/4205/967 241/4206/968
f 327/163/969 330/164/970 241/165/971 325/166/972
f 340/4165/973 339/4166/974 327/4162/975 328/4161/976
f 342/4207/977 341/4208/978 329/4204/979 330/4203/980
f 339/167/981 342/168/982 330/164/983 327/163/984
f 343/169/985 344/171/986 349/172/987 350/170/988
f 344/4169/989 343/4168/990 346/4167/991 345/4170/992
f 347/4211/993 348/4210/994 350/4209/995 349/4212/996
f 336/4171/997 335/4172/998 344/4169/999 345/4170/1000
f 338/4213/1001 337/4214/1002 347/4211/1003 349/4212/1004
f 335/173/1005 338/174/1006 349/172/1007 344/171/1008
f 340/4165/1009 346/4167/1010 343/4168/1011 339/4166/1012
f 342/4207/1013 350/4209/1014 348/4210/1015 341/4208/1016
f 339/167/1017 343/169/1018 350/170/1019 342/168/1020
f 332/4181/1021 331/4182/1022 352/4179/1023 354/4180/1024
f 334/4215/1025 333/4216/1026 356/4217/1027 358/4218/1028
f 331/182/1029 334/183/1030 358/181/1031 352/180/1032
f 351/178/1033 352/180/1034 358/181/1035 357/179/1036
f 352/4179/1037 351/4177/1038 353/4178/1039 354/4180/1040
f 356/4217/1041 355/4221/1042 357/4222/1043 358/4218/1044
f 359/4175/1045 360/4174/1046 363/4173/1047 362/4176/1048
f 360/175/1049 359/176/1050 361/177/1051 3930/7043/1052
f 3927/7044/1053 361/4226/1054 364/4225/1055 3934/7048/1056
f 363/4173/1057 360/4174/1058 335/4172/1059 336/4171/1060
f 3925/7041/1061 3932/7047/1062 337/4214/1063 338/4213/1064
f 360/7391/1065 3931/7042/1066 338/174/1067 335/173/1068
f 359/176/1069 351/178/1070 357/179/1071 361/177/1072
f 351/4177/1073 359/4175/1074 362/4176/1075 353/4178/1076
f 355/4221/1077 364/4225/1078 361/4226/1079 357/4222/1080
f 368/4199/1081 366/4201/1082 365/4202/1083 367/4200/1084
f 370/4229/1085 285/4230/1086 288/4231/1087 369/4232/1088
f 367/199/1089 365/201/1090 285/202/1091 370/200/1092
f 376/4197/1093 368/4199/1094 367/4200/1095 375/4198/1096
f 378/4233/1097 370/4229/1098 369/4232/1099 377/4234/1100
f 375/197/1101 367/199/1102 370/200/1103 378/198/1104
f 379/195/1105 386/196/1106 385/194/1107 380/193/1108
f 380/4194/1109 381/4193/1110 382/4195/1111 379/4196/1112
f 383/4237/1113 385/4238/1114 386/4236/1115 384/4235/1116
f 372/4191/1117 381/4193/1118 380/4194/1119 371/4192/1120
f 374/4239/1121 385/4238/1122 383/4237/1123 373/4240/1124
f 371/191/1125 380/193/1126 385/194/1127 374/192/1128
f 376/4197/1129 375/4198/1130 379/4196/1131 382/4195/1132
f 378/4233/1133 377/4234/1134 384/4235/1135 386/4236/1136
f 375/197/1137 378/198/1138 386/196/1139 379/195/1140
f 332/4181/1141 390/4183/1142 388/4184/1143 331/4182/1144
f 334/4215/1145 394/4219/1146 392/4220/1147 333/4216/1148
f 331/182/1149 388/184/1150 394/185/1151 334/183/1152
f 387/186/1153 393/187/1154 394/185/1155 388/184/1156
f 388/4184/1157 390/4183/1158 389/4185/1159 387/4186/1160
f 392/4220/1161 394/4219/1162 393/4223/1163 391/4224/1164
f 395/4188/1165 398/4187/1166 399/4189/1167 396/4190/1168
f 396/7389/1169 3940/7053/1170 397/189/1171 395/188/1172
f 3937/7054/1173 3944/7058/1174 400/4228/1175 397/4227/1176
f 399/4189/1177 372/4191/1178 371/4192/1179 396/4190/1180
f 3935/7051/1181 374/4239/1182 373/4240/1183 3942/7057/1184
f 396/190/1185 371/191/1186 374/192/1187 3941/7052/1188
f 395/188/1189 397/189/1190 393/187/1191 387/186/1192
f 387/4186/1193 389/4185/1194 398/4187/1195 395/4188/1196
f 391/4224/1197 393/4223/1198 397/4227/1199 400/4228/1200
f 404/4241/1201 403/4242/1202 401/4243/1203 402/4244/1204
f 406/4281/1205 405/4282/1206 326/4283/1207 325/4284/1208
f 403/203/1209 406/204/1210 325/205/1211 401/206/1212
f 416/4245/1213 415/4246/1214 403/4242/1215 404/4241/1216
f 418/4285/1217 417/4286/1218 405/4282/1219 406/4281/1220
f 415/207/1221 418/208/1222 406/204/1223 403/203/1224
f 419/209/1225 420/211/1226 425/212/1227 426/210/1228
f 420/4249/1229 419/4248/1230 422/4247/1231 421/4250/1232
f 423/4289/1233 424/4288/1234 426/4287/1235 425/4290/1236
f 412/4251/1237 411/4252/1238 420/4249/1239 421/4250/1240
f 414/4291/1241 413/4292/1242 423/4289/1243 425/4290/1244
f 411/213/1245 414/214/1246 425/212/1247 420/211/1248
f 416/4245/1249 422/4247/1250 419/4248/1251 415/4246/1252
f 418/4285/1253 426/4287/1254 424/4288/1255 417/4286/1256
f 415/207/1257 419/209/1258 426/210/1259 418/208/1260
f 408/4261/1261 407/4262/1262 428/4259/1263 430/4260/1264
f 410/4301/1265 409/4302/1266 432/4299/1267 434/4300/1268
f 407/223/1269 410/224/1270 434/222/1271 428/221/1272
f 427/219/1273 428/221/1274 434/222/1275 433/220/1276
f 428/4259/1277 427/4257/1278 429/4258/1279 430/4260/1280
f 432/4299/1281 431/4297/1282 433/4298/1283 434/4300/1284
f 435/4255/1285 436/4254/1286 440/4253/1287 439/4256/1288
f 436/215/1289 435/217/1290 437/218/1291 438/216/1292
f 438/4293/1293 437/4295/1294 441/4296/1295 442/4294/1296
f 440/4253/1297 436/4254/1298 411/4252/1299 412/4251/1300
f 438/4293/1301 442/4294/1302 413/4292/1303 414/4291/1304
f 436/215/1305 438/216/1306 414/214/1307 411/213/1308
f 435/217/1309 427/219/1310 433/220/1311 437/218/1312
f 427/4257/1313 435/4255/1314 439/4256/1315 429/4258/1316
f 431/4297/1317 441/4296/1318 437/4295/1319 433/4298/1320
f 446/4323/1321 444/4324/1322 443/4325/1323 445/4326/1324
f 448/4319/1325 365/4321/1326 366/4322/1327 447/4320/1328
f 445/241/1329 443/243/1330 365/244/1331 448/242/1332
f 454/4277/1333 446/4279/1334 445/4280/1335 453/4278/1336
f 456/4317/1337 448/4319/1338 447/4320/1339 455/4318/1340
f 453/239/1341 445/241/1342 448/242/1343 456/240/1344
f 457/237/1345 464/238/1346 463/236/1347 458/235/1348
f 458/4274/1349 459/4273/1350 460/4275/1351 457/4276/1352
f 461/4314/1353 463/4313/1354 464/4315/1355 462/4316/1356
f 450/4271/1357 459/4273/1358 458/4274/1359 449/4272/1360
f 452/4311/1361 463/4313/1362 461/4314/1363 451/4312/1364
f 449/233/1365 458/235/1366 463/236/1367 452/234/1368
f 454/4277/1369 453/4278/1370 457/4276/1371 460/4275/1372
f 456/4317/1373 455/4318/1374 462/4316/1375 464/4315/1376
f 453/239/1377 456/240/1378 464/238/1379 457/237/1380
f 408/4261/1381 468/4263/1382 466/4264/1383 407/4262/1384
f 410/4301/1385 472/4303/1386 470/4304/1387 409/4302/1388
f 407/223/1389 466/225/1390 472/226/1391 410/224/1392
f 465/227/1393 471/228/1394 472/226/1395 466/225/1396
f 466/4264/1397 468/4263/1398 467/4265/1399 465/4266/1400
f 470/4304/1401 472/4303/1402 471/4305/1403 469/4306/1404
f 473/4268/1405 477/4267/1406 478/4269/1407 474/4270/1408
f 474/231/1409 476/232/1410 475/230/1411 473/229/1412
f 476/4309/1413 480/4310/1414 479/4308/1415 475/4307/1416
f 478/4269/1417 450/4271/1418 449/4272/1419 474/4270/1420
f 476/4309/1421 452/4311/1422 451/4312/1423 480/4310/1424
f 474/231/1425 449/233/1426 452/234/1427 476/232/1428
f 473/229/1429 475/230/1430 471/228/1431 465/227/1432
f 465/4266/1433 467/4265/1434 477/4267/1435 473/4268/1436
f 469/4306/1437 471/4305/1438 475/4307/1439 479/4308/1440
f 486/4327/1441 485/4328/1442 481/4329/1443 484/4330/1444
f 488/4339/1445 487/4340/1446 483/4341/1447 482/4342/1448
f 485/245/1449 488/246/1450 482/247/1451 481/248/1452
f 498/4331/1453 497/4332/1454 485/4328/1455 486/4327/1456
f 500/4343/1457 499/4344/1458 487/4340/1459 488/4339/1460
f 497/249/1461 500/250/1462 488/246/1463 485/245/1464
f 501/251/1465 502/253/1466 507/254/1467 508/252/1468
f 502/4335/1469 501/4334/1470 504/4333/1471 503/4336/1472
f 505/4347/1473 506/4346/1474 508/4345/1475 507/4348/1476
f 494/4337/1477 493/4338/1478 502/4335/1479 503/4336/1480
f 496/4349/1481 495/4350/1482 505/4347/1483 507/4348/1484
f 493/255/1485 496/256/1486 507/254/1487 502/253/1488
f 498/4331/1489 504/4333/1490 501/4334/1491 497/4332/1492
f 500/4343/1493 508/4345/1494 506/4346/1495 499/4344/1496
f 497/249/1497 501/251/1498 508/252/1499 500/250/1500
f 490/4381/1501 489/4382/1502 510/4383/1503 512/4384/1504
f 492/4359/1505 491/4360/1506 514/4357/1507 516/4358/1508
f 489/264/1509 492/265/1510 516/263/1511 510/262/1512
f 509/260/1513 510/262/1514 516/263/1515 515/261/1516
f 510/4383/1517 509/4387/1518 511/4388/1519 512/4384/1520
f 514/4357/1521 513/4355/1522 515/4356/1523 516/4358/1524
f 517/4391/1525 518/4395/1526 522/4396/1527 521/4392/1528
f 3948/7065/1529 517/258/1530 519/259/1531 520/7386/1532
f 520/4351/1533 519/4353/1534 523/4354/1535 524/4352/1536
f 3953/7069/1537 3946/7060/1538 493/4338/1539 494/4337/1540
f 520/4351/1541 524/4352/1542 495/4350/1543 496/4349/1544
f 3949/7066/1545 520/257/1546 496/256/1547 493/255/1548
f 517/258/1549 509/260/1550 515/261/1551 519/259/1552
f 509/4387/1553 517/4391/1554 521/4392/1555 511/4388/1556
f 513/4355/1557 523/4354/1558 519/4353/1559 515/4356/1560
f 530/4399/1561 528/4400/1562 525/4401/1563 529/4402/1564
f 532/4377/1565 526/4379/1566 527/4380/1567 531/4378/1568
f 529/281/1569 525/283/1570 526/284/1571 532/282/1572
f 538/4403/1573 530/4399/1574 529/4402/1575 537/4404/1576
f 540/4375/1577 532/4377/1578 531/4378/1579 539/4376/1580
f 537/279/1581 529/281/1582 532/282/1583 540/280/1584
f 541/277/1585 548/278/1586 547/276/1587 542/275/1588
f 542/4407/1589 543/4408/1590 544/4406/1591 541/4405/1592
f 545/4372/1593 547/4371/1594 548/4373/1595 546/4374/1596
f 534/4409/1597 543/4408/1598 542/4407/1599 533/4410/1600
f 536/4369/1601 547/4371/1602 545/4372/1603 535/4370/1604
f 533/273/1605 542/275/1606 547/276/1607 536/274/1608
f 538/4403/1609 537/4404/1610 541/4405/1611 544/4406/1612
f 540/4375/1613 539/4376/1614 546/4374/1615 548/4373/1616
f 537/279/1617 540/280/1618 548/278/1619 541/277/1620
f 490/4381/1621 552/4385/1622 550/4386/1623 489/4382/1624
f 492/4359/1625 556/4361/1626 554/4362/1627 491/4360/1628
f 489/264/1629 550/266/1630 556/267/1631 492/265/1632
f 549/268/1633 555/269/1634 556/267/1635 550/266/1636
f 550/4386/1637 552/4385/1638 551/4389/1639 549/4390/1640
f 554/4362/1641 556/4361/1642 555/4363/1643 553/4364/1644
f 557/4394/1645 561/4393/1646 562/4397/1647 558/4398/1648
f 3958/7075/1649 560/272/1650 559/271/1651 557/270/1652
f 560/4367/1653 564/4368/1654 563/4366/1655 559/4365/1656
f 3963/7079/1657 534/4409/1658 533/4410/1659 3956/7070/1660
f 560/4367/1661 536/4369/1662 535/4370/1663 564/4368/1664
f 3959/7076/1665 533/273/1666 536/274/1667 560/7384/1668
f 557/270/1669 559/271/1670 555/269/1671 549/268/1672
f 549/4390/1673 551/4389/1674 561/4393/1675 557/4394/1676
f 553/4364/1677 555/4363/1678 559/4365/1679 563/4366/1680
f 568/4411/1681 567/4412/1682 565/4413/1683 566/4414/1684
f 570/4453/1685 569/4454/1686 484/4455/1687 481/4456/1688
f 567/285/1689 570/286/1690 481/287/1691 565/288/1692
f 580/4415/1693 579/4416/1694 567/4412/1695 568/4411/1696
f 582/4457/1697 581/4458/1698 569/4454/1699 570/4453/1700
f 579/289/1701 582/290/1702 570/286/1703 567/285/1704
f 583/291/1705 584/293/1706 589/294/1707 590/292/1708
f 584/4419/1709 583/4418/1710 586/4417/1711 585/4420/1712
f 587/4461/1713 588/4460/1714 590/4459/1715 589/4462/1716
f 576/4421/1717 575/4422/1718 584/4419/1719 585/4420/1720
f 578/4463/1721 577/4464/1722 587/4461/1723 589/4462/1724
f 575/295/1725 578/296/1726 589/294/1727 584/293/1728
f 580/4415/1729 586/4417/1730 583/4418/1731 579/4416/1732
f 582/4457/1733 590/4459/1734 588/4460/1735 581/4458/1736
f 579/289/1737 583/291/1738 590/292/1739 582/290/1740
f 572/4431/1741 571/4432/1742 592/4429/1743 594/4430/1744
f 574/4465/1745 573/4466/1746 596/4467/1747 598/4468/1748
f 571/304/1749 574/305/1750 598/303/1751 592/302/1752
f 591/300/1753 592/302/1754 598/303/1755 597/301/1756
f 592/4429/1757 591/4427/1758 593/4428/1759 594/4430/1760
f 596/4467/1761 595/4471/1762 597/4472/1763 598/4468/1764
f 599/4425/1765 600/4424/1766 603/4423/1767 602/4426/1768
f 600/297/1769 599/298/1770 601/299/1771 3950/7063/1772
f 3947/7064/1773 601/4476/1774 604/4475/1775 3954/7068/1776
f 603/4423/1777 600/4424/1778 575/4422/1779 576/4421/1780
f 3945/7061/1781 3952/7067/1782 577/4464/1783 578/4463/1784
f 600/7387/1785 3951/7062/1786 578/296/1787 575/295/1788
f 599/298/1789 591/300/1790 597/301/1791 601/299/1792
f 591/4427/1793 599/4425/1794 602/4426/1795 593/4428/1796
f 595/4471/1797 604/4475/1798 601/4476/1799 597/4472/1800
f 608/4449/1801 606/4451/1802 605/4452/1803 607/4450/1804
f 610/4479/1805 525/4480/1806 528/4481/1807 609/4482/1808
f 607/321/1809 605/323/1810 525/324/1811 610/322/1812
f 616/4447/1813 608/4449/1814 607/4450/1815 615/4448/1816
f 618/4483/1817 610/4479/1818 609/4482/1819 617/4484/1820
f 615/319/1821 607/321/1822 610/322/1823 618/320/1824
f 619/317/1825 626/318/1826 625/316/1827 620/315/1828
f 620/4444/1829 621/4443/1830 622/4445/1831 619/4446/1832
f 623/4487/1833 625/4488/1834 626/4486/1835 624/4485/1836
f 612/4441/1837 621/4443/1838 620/4444/1839 611/4442/1840
f 614/4489/1841 625/4488/1842 623/4487/1843 613/4490/1844
f 611/313/1845 620/315/1846 625/316/1847 614/314/1848
f 616/4447/1849 615/4448/1850 619/4446/1851 622/4445/1852
f 618/4483/1853 617/4484/1854 624/4485/1855 626/4486/1856
f 615/319/1857 618/320/1858 626/318/1859 619/317/1860
f 572/4431/1861 630/4433/1862 628/4434/1863 571/4432/1864
f 574/4465/1865 634/4469/1866 632/4470/1867 573/4466/1868
f 571/304/1869 628/306/1870 634/307/1871 574/305/1872
f 627/308/1873 633/309/1874 634/307/1875 628/306/1876
f 628/4434/1877 630/4433/1878 629/4435/1879 627/4436/1880
f 632/4470/1881 634/4469/1882 633/4473/1883 631/4474/1884
f 635/4438/1885 638/4437/1886 639/4439/1887 636/4440/1888
f 636/7385/1889 3960/7073/1890 637/311/1891 635/310/1892
f 3957/7074/1893 3964/7078/1894 640/4478/1895 637/4477/1896
f 639/4439/1897 612/4441/1898 611/4442/1899 636/4440/1900
f 3955/7071/1901 614/4489/1902 613/4490/1903 3962/7077/1904
f 636/312/1905 611/313/1906 614/314/1907 3961/7072/1908
f 635/310/1909 637/311/1910 633/309/1911 627/308/1912
f 627/4436/1913 629/4435/1914 638/4437/1915 635/4438/1916
f 631/4474/1917 633/4473/1918 637/4477/1919 640/4478/1920
f 644/4491/1921 643/4492/1922 641/4493/1923 642/4494/1924
f 646/4531/1925 645/4532/1926 566/4533/1927 565/4534/1928
f 643/325/1929 646/326/1930 565/327/1931 641/328/1932
f 656/4495/1933 655/4496/1934 643/4492/1935 644/4491/1936
f 658/4535/1937 657/4536/1938 645/4532/1939 646/4531/1940
f 655/329/1941 658/330/1942 646/326/1943 643/325/1944
f 659/331/1945 660/333/1946 665/334/1947 666/332/1948
f 660/4499/1949 659/4498/1950 662/4497/1951 661/4500/1952
f 663/4539/1953 664/4538/1954 666/4537/1955 665/4540/1956
f 652/4501/1957 651/4502/1958 660/4499/1959 661/4500/1960
f 654/4541/1961 653/4542/1962 663/4539/1963 665/4540/1964
f 651/335/1965 654/336/1966 665/334/1967 660/333/1968
f 656/4495/1969 662/4497/1970 659/4498/1971 655/4496/1972
f 658/4535/1973 666/4537/1974 664/4538/1975 657/4536/1976
f 655/329/1977 659/331/1978 666/332/1979 658/330/1980
f 648/4511/1981 647/4512/1982 668/4509/1983 670/4510/1984
f 650/4551/1985 649/4552/1986 672/4549/1987 674/4550/1988
f 647/345/1989 650/346/1990 674/344/1991 668/343/1992
f 667/341/1993 668/343/1994 674/344/1995 673/342/1996
f 668/4509/1997 667/4507/1998 669/4508/1999 670/4510/2000
f 672/4549/2001 671/4547/2002 673/4548/2003 674/4550/2004
f 675/4505/2005 676/4504/2006 680/4503/2007 679/4506/2008
f 676/337/2009 675/339/2010 677/340/2011 678/338/2012
f 678/4543/2013 677/4545/2014 681/4546/2015 682/4544/2016
f 680/4503/2017 676/4504/2018 651/4502/2019 652/4501/2020
f 678/4543/2021 682/4544/2022 653/4542/2023 654/4541/2024
f 676/337/2025 678/338/2026 654/336/2027 651/335/2028
f 675/339/2029 667/341/2030 673/342/2031 677/340/2032
f 667/4507/2033 675/4505/2034 679/4506/2035 669/4508/2036
f 671/4547/2037 681/4546/2038 677/4545/2039 673/4548/2040
f 686/4573/2041 684/4574/2042 683/4575/2043 685/4576/2044
f 688/4569/2045 605/4571/2046 606/4572/2047 687/4570/2048
f 685/363/2049 683/365/2050 605/366/2051 688/364/2052
f 694/4527/2053 686/4529/2054 685/4530/2055 693/4528/2056
f 696/4567/2057 688/4569/2058 687/4570/2059 695/4568/2060
f 693/361/2061 685/363/2062 688/364/2063 696/362/2064
f 697/359/2065 704/360/2066 703/358/2067 698/357/2068
f 698/4524/2069 699/4523/2070 700/4525/2071 697/4526/2072
f 701/4564/2073 703/4563/2074 704/4565/2075 702/4566/2076
f 690/4521/2077 699/4523/2078 698/4524/2079 689/4522/2080
f 692/4561/2081 703/4563/2082 701/4564/2083 691/4562/2084
f 689/355/2085 698/357/2086 703/358/2087 692/356/2088
f 694/4527/2089 693/4528/2090 697/4526/2091 700/4525/2092
f 696/4567/2093 695/4568/2094 702/4566/2095 704/4565/2096
f 693/361/2097 696/362/2098 704/360/2099 697/359/2100
f 648/4511/2101 708/4513/2102 706/4514/2103 647/4512/2104
f 650/4551/2105 712/4553/2106 710/4554/2107 649/4552/2108
f 647/345/2109 706/347/2110 712/348/2111 650/346/2112
f 705/349/2113 711/350/2114 712/348/2115 706/347/2116
f 706/4514/2117 708/4513/2118 707/4515/2119 705/4516/2120
f 710/4554/2121 712/4553/2122 711/4555/2123 709/4556/2124
f 713/4518/2125 717/4517/2126 718/4519/2127 714/4520/2128
f 714/353/2129 716/354/2130 715/352/2131 713/351/2132
f 716/4559/2133 720/4560/2134 719/4558/2135 715/4557/2136
f 718/4519/2137 690/4521/2138 689/4522/2139 714/4520/2140
f 716/4559/2141 692/4561/2142 691/4562/2143 720/4560/2144
f 714/353/2145 689/355/2146 692/356/2147 716/354/2148
f 713/351/2149 715/352/2150 711/350/2151 705/349/2152
f 705/4516/2153 707/4515/2154 717/4517/2155 713/4518/2156
f 709/4556/2157 711/4555/2158 715/4557/2159 719/4558/2160
f 726/367/2161 725/368/2162 721/369/2163 724/370/2164
f 728/377/2165 727/378/2166 723/379/2167 722/380/2168
f 725/4577/2169 728/4578/2170 722/4579/2171 721/4580/2172
f 738/371/2173 737/372/2174 725/368/2175 726/367/2176
f 740/381/2177 739/382/2178 727/378/2179 728/377/2180
f 737/4581/2181 740/4582/2182 728/4578/2183 725/4577/2184
f 741/4583/2185 742/4585/2186 747/4586/2187 748/4584/2188
f 742/375/2189 741/374/2190 744/373/2191 743/376/2192
f 745/385/2193 746/384/2194 748/383/2195 747/386/2196
f 734/406/2197 733/405/2198 742/407/2199 743/408/2200
f 736/412/2201 735/411/2202 745/415/2203 747/416/2204
f 733/4587/2205 736/4588/2206 747/4586/2207 742/4585/2208
f 738/371/2209 744/373/2210 741/374/2211 737/372/2212
f 740/381/2213 748/383/2214 746/384/2215 739/382/2216
f 737/4581/2217 741/4583/2218 748/4584/2219 740/4582/2220
f 730/387/2221 729/388/2222 750/389/2223 752/390/2224
f 732/421/2225 731/422/2226 754/419/2227 756/420/2228
f 729/4596/2229 732/4597/2230 756/4595/2231 750/4594/2232
f 749/4592/2233 750/4594/2234 756/4595/2235 755/4593/2236
f 750/389/2237 749/393/2238 751/394/2239 752/390/2240
f 754/419/2241 753/417/2242 755/418/2243 756/420/2244
f 757/397/2245 758/401/2246 762/402/2247 761/398/2248
f 3968/7085/2249 757/4590/2250 759/4591/2251 760/7382/2252
f 760/409/2253 759/413/2254 763/414/2255 764/410/2256
f 3973/7089/2257 3966/7080/2258 733/405/2259 734/406/2260
f 760/409/2261 764/410/2262 735/411/2263 736/412/2264
f 3969/7086/2265 760/4589/2266 736/4588/2267 733/4587/2268
f 757/4590/2269 749/4592/2270 755/4593/2271 759/4591/2272
f 749/393/2273 757/397/2274 761/398/2275 751/394/2276
f 753/417/2277 763/414/2278 759/413/2279 755/418/2280
f 770/425/2281 768/426/2282 765/427/2283 769/428/2284
f 772/437/2285 766/438/2286 767/439/2287 771/440/2288
f 769/4613/2289 765/4615/2290 766/4616/2291 772/4614/2292
f 778/429/2293 770/425/2294 769/428/2295 777/430/2296
f 780/441/2297 772/437/2298 771/440/2299 779/442/2300
f 777/4611/2301 769/4613/2302 772/4614/2303 780/4612/2304
f 781/4609/2305 788/4610/2306 787/4608/2307 782/4607/2308
f 782/433/2309 783/434/2310 784/432/2311 781/431/2312
f 785/445/2313 787/446/2314 788/444/2315 786/443/2316
f 774/435/2317 783/434/2318 782/433/2319 773/436/2320
f 776/448/2321 787/451/2322 785/452/2323 775/449/2324
f 773/4605/2325 782/4607/2326 787/4608/2327 776/4606/2328
f 778/429/2329 777/430/2330 781/431/2331 784/432/2332
f 780/441/2333 779/442/2334 786/443/2335 788/444/2336
f 777/4611/2337 780/4612/2338 788/4610/2339 781/4609/2340
f 730/387/2341 792/391/2342 790/392/2343 729/388/2344
f 732/421/2345 796/423/2346 794/424/2347 731/422/2348
f 729/4596/2349 790/4598/2350 796/4599/2351 732/4597/2352
f 789/4600/2353 795/4601/2354 796/4599/2355 790/4598/2356
f 790/392/2357 792/391/2358 791/395/2359 789/396/2360
f 794/457/2361 796/458/2362 795/456/2363 793/455/2364
f 797/400/2365 801/399/2366 802/403/2367 798/404/2368
f 3978/7095/2369 800/4604/2370 799/4603/2371 797/4602/2372
f 800/447/2373 804/450/2374 803/453/2375 799/454/2376
f 3983/7099/2377 774/435/2378 773/436/2379 3976/7090/2380
f 800/447/2381 776/448/2382 775/449/2383 804/450/2384
f 3979/7096/2385 773/4605/2386 776/4606/2387 800/7380/2388
f 797/4602/2389 799/4603/2390 795/4601/2391 789/4600/2392
f 789/396/2393 791/395/2394 801/399/2395 797/400/2396
f 793/455/2397 795/456/2398 799/454/2399 803/453/2400
f 808/459/2401 807/460/2402 805/461/2403 806/462/2404
f 810/487/2405 809/488/2406 724/489/2407 721/490/2408
f 807/4617/2409 810/4618/2410 721/4619/2411 805/4620/2412
f 820/463/2413 819/464/2414 807/460/2415 808/459/2416
f 822/491/2417 821/492/2418 809/488/2419 810/487/2420
f 819/4621/2421 822/4622/2422 810/4618/2423 807/4617/2424
f 823/4623/2425 824/4625/2426 829/4626/2427 830/4624/2428
f 824/467/2429 823/466/2430 826/465/2431 825/468/2432
f 827/493/2433 828/494/2434 830/495/2435 829/496/2436
f 816/469/2437 815/470/2438 824/467/2439 825/468/2440
f 818/499/2441 817/500/2442 827/493/2443 829/496/2444
f 815/4627/2445 818/4628/2446 829/4626/2447 824/4625/2448
f 820/463/2449 826/465/2450 823/466/2451 819/464/2452
f 822/497/2453 830/495/2454 828/494/2455 821/498/2456
f 819/4621/2457 823/4623/2458 830/4624/2459 822/4622/2460
f 812/479/2461 811/480/2462 832/477/2463 834/478/2464
f 814/501/2465 813/502/2466 836/503/2467 838/504/2468
f 811/4636/2469 814/4637/2470 838/4635/2471 832/4634/2472
f 831/4632/2473 832/4634/2474 838/4635/2475 837/4633/2476
f 832/477/2477 831/475/2478 833/476/2479 834/478/2480
f 836/503/2481 835/507/2482 837/508/2483 838/504/2484
f 839/473/2485 840/472/2486 843/471/2487 842/474/2488
f 840/4629/2489 839/4630/2490 841/4631/2491 3970/7083/2492
f 3967/7084/2493 841/512/2494 844/511/2495 3974/7088/2496
f 843/471/2497 840/472/2498 815/470/2499 816/469/2500
f 3965/7081/2501 3972/7087/2502 817/500/2503 818/499/2504
f 840/7383/2505 3971/7082/2506 818/4628/2507 815/4627/2508
f 839/4630/2509 831/4632/2510 837/4633/2511 841/4631/2512
f 831/475/2513 839/473/2514 842/474/2515 833/476/2516
f 835/507/2517 844/511/2518 841/512/2519 837/508/2520
f 848/515/2521 846/516/2522 845/517/2523 847/518/2524
f 850/525/2525 765/526/2526 768/527/2527 849/528/2528
f 847/4653/2529 845/4655/2530 765/4656/2531 850/4654/2532
f 856/519/2533 848/515/2534 847/518/2535 855/520/2536
f 858/529/2537 850/525/2538 849/528/2539 857/530/2540
f 855/4651/2541 847/4653/2542 850/4654/2543 858/4652/2544
f 859/4649/2545 866/4650/2546 865/4648/2547 860/4647/2548
f 860/523/2549 861/524/2550 862/522/2551 859/521/2552
f 863/531/2553 865/532/2554 866/533/2555 864/534/2556
f 852/543/2557 861/545/2558 860/546/2559 851/544/2560
f 854/535/2561 865/532/2562 863/531/2563 853/536/2564
f 851/4645/2565 860/4647/2566 865/4648/2567 854/4646/2568
f 856/519/2569 855/520/2570 859/521/2571 862/522/2572
f 858/537/2573 857/538/2574 864/534/2575 866/533/2576
f 855/4651/2577 858/4652/2578 866/4650/2579 859/4649/2580
f 812/479/2581 870/481/2582 868/482/2583 811/480/2584
f 814/501/2585 874/505/2586 872/506/2587 813/502/2588
f 811/4636/2589 868/4638/2590 874/4639/2591 814/4637/2592
f 867/4640/2593 873/4641/2594 874/4639/2595 868/4638/2596
f 868/482/2597 870/481/2598 869/483/2599 867/484/2600
f 872/506/2601 874/505/2602 873/509/2603 871/510/2604
f 875/539/2605 878/540/2606 879/541/2607 876/542/2608
f 876/7381/2609 3980/7093/2610 877/4643/2611 875/4642/2612
f 3977/7094/2613 3984/7098/2614 880/514/2615 877/513/2616
f 879/541/2617 852/543/2618 851/544/2619 876/542/2620
f 3975/7091/2621 854/535/2622 853/536/2623 3982/7097/2624
f 876/4644/2625 851/4645/2626 854/4646/2627 3981/7092/2628
f 875/4642/2629 877/4643/2630 873/4641/2631 867/4640/2632
f 867/484/2633 869/483/2634 878/485/2635 875/486/2636
f 871/510/2637 873/509/2638 877/513/2639 880/514/2640
f 884/547/2641 883/548/2642 881/549/2643 882/550/2644
f 886/589/2645 885/590/2646 806/591/2647 805/592/2648
f 883/4657/2649 886/4658/2650 805/4659/2651 881/4660/2652
f 896/551/2653 895/552/2654 883/548/2655 884/547/2656
f 898/593/2657 897/594/2658 885/590/2659 886/589/2660
f 895/4661/2661 898/4662/2662 886/4658/2663 883/4657/2664
f 899/4663/2665 900/4665/2666 905/4666/2667 906/4664/2668
f 900/555/2669 899/554/2670 902/553/2671 901/556/2672
f 903/597/2673 904/596/2674 906/595/2675 905/598/2676
f 892/557/2677 891/558/2678 900/555/2679 901/556/2680
f 894/618/2681 893/617/2682 903/621/2683 905/622/2684
f 891/4667/2685 894/4668/2686 905/4666/2687 900/4665/2688
f 896/551/2689 902/553/2690 899/554/2691 895/552/2692
f 898/593/2693 906/595/2694 904/596/2695 897/594/2696
f 895/4661/2697 899/4663/2698 906/4664/2699 898/4662/2700
f 888/567/2701 887/568/2702 908/565/2703 910/566/2704
f 890/599/2705 889/600/2706 912/601/2707 914/602/2708
f 887/4677/2709 890/4678/2710 914/4676/2711 908/4675/2712
f 907/4673/2713 908/4675/2714 914/4676/2715 913/4674/2716
f 908/565/2717 907/563/2718 909/564/2719 910/566/2720
f 912/601/2721 911/605/2722 913/606/2723 914/602/2724
f 915/561/2725 916/560/2726 920/559/2727 919/562/2728
f 916/4669/2729 915/4671/2730 917/4672/2731 918/4670/2732
f 918/613/2733 917/610/2734 921/609/2735 922/614/2736
f 920/559/2737 916/560/2738 891/558/2739 892/557/2740
f 918/613/2741 922/614/2742 893/617/2743 894/618/2744
f 916/4669/2745 918/4670/2746 894/4668/2747 891/4667/2748
f 915/4671/2749 907/4673/2750 913/4674/2751 917/4672/2752
f 907/563/2753 915/561/2754 919/562/2755 909/564/2756
f 911/605/2757 921/609/2758 917/610/2759 913/606/2760
f 926/585/2761 924/587/2762 923/588/2763 925/586/2764
f 928/631/2765 845/632/2766 846/633/2767 927/634/2768
f 925/4695/2769 923/4697/2770 845/4698/2771 928/4696/2772
f 934/583/2773 926/585/2774 925/586/2775 933/584/2776
f 936/627/2777 928/629/2778 927/630/2779 935/628/2780
f 933/4693/2781 925/4695/2782 928/4696/2783 936/4694/2784
f 937/4691/2785 944/4692/2786 943/4690/2787 938/4689/2788
f 938/580/2789 939/579/2790 940/581/2791 937/582/2792
f 941/624/2793 943/623/2794 944/625/2795 942/626/2796
f 930/577/2797 939/579/2798 938/580/2799 929/578/2800
f 932/619/2801 943/623/2802 941/624/2803 931/620/2804
f 929/4687/2805 938/4689/2806 943/4690/2807 932/4688/2808
f 934/583/2809 933/584/2810 937/582/2811 940/581/2812
f 936/627/2813 935/628/2814 942/626/2815 944/625/2816
f 933/4693/2817 936/4694/2818 944/4692/2819 937/4691/2820
f 888/567/2821 948/569/2822 946/570/2823 887/568/2824
f 890/599/2825 952/603/2826 950/604/2827 889/600/2828
f 887/4677/2829 946/4679/2830 952/4680/2831 890/4678/2832
f 945/4681/2833 951/4682/2834 952/4680/2835 946/4679/2836
f 946/570/2837 948/569/2838 947/571/2839 945/572/2840
f 950/604/2841 952/603/2842 951/607/2843 949/608/2844
f 953/574/2845 957/573/2846 958/575/2847 954/576/2848
f 954/4685/2849 956/4686/2850 955/4684/2851 953/4683/2852
f 956/615/2853 960/616/2854 959/612/2855 955/611/2856
f 958/575/2857 930/577/2858 929/578/2859 954/576/2860
f 956/615/2861 932/619/2862 931/620/2863 960/616/2864
f 954/4685/2865 929/4687/2866 932/4688/2867 956/4686/2868
f 953/4683/2869 955/4684/2870 951/4682/2871 945/4681/2872
f 945/572/2873 947/571/2874 957/573/2875 953/574/2876
f 949/608/2877 951/607/2878 955/611/2879 959/612/2880
f 964/635/2881 981/636/2882 982/637/2883 961/638/2884
f 983/639/2885 984/640/2886 963/641/2887 962/642/2888
f 967/4699/2889 966/4700/2890 965/4701/2891 968/4702/2892
f 971/643/2893 967/644/2894 968/645/2895 969/646/2896
f 972/4703/2897 971/4704/2898 969/4705/2899 970/4706/2900
f 966/647/2901 972/648/2902 970/649/2903 965/650/2904
f 961/2862/2905 962/2863/2906 966/2864/2907 967/2865/2908
f 972/2866/2909 966/2864/2910 962/2863/2911 963/2867/2912
f 964/2868/2913 961/2862/2914 967/2865/2915 971/2869/2916
f 963/2867/2917 964/2868/2918 971/2869/2919 972/2866/2920
f 984/4707/2921 985/4708/2922 964/4709/2923 963/4710/2924
f 986/4712/2925 983/4713/2926 962/4714/2927 961/4715/2928
f 982/4716/2929 986/4712/2930 961/4715/2931
f 985/4708/2932 981/4711/2933 964/4709/2934
f 968/2870/2935 965/2871/2936 973/2872/2937 974/2873/2938
f 970/2874/2939 969/2876/2940 976/2877/2941 975/2875/2942
f 969/2876/2943 968/2870/2944 974/2873/2945 976/2877/2946
f 965/2871/2947 970/2874/2948 975/2875/2949 973/2872/2950
f 974/4717/2951 973/4718/2952 977/4719/2953 978/4720/2954
f 975/4721/2955 976/4722/2956 980/4723/2957 979/4724/2958
f 976/651/2959 974/652/2960 978/653/2961 980/654/2962
f 973/655/2963 975/656/2964 979/657/2965 977/658/2966
f 988/2878/2967 987/2879/2968 989/2880/2969 990/2881/2970
f 991/659/2971 998/660/2972 997/661/2973 992/662/2974
f 993/667/2975 995/668/2976 996/669/2977 994/670/2978
f 1011/665/2979 1012/666/2980 992/662/2981 997/661/2982
f 1013/671/2983 1014/672/2984 995/668/2985 993/667/2986
f 996/669/2987 990/673/2988 989/674/2989 994/670/2990
f 991/659/2991 987/663/2992 988/664/2993 998/660/2994
f 992/4725/2995 1000/4726/2996 999/4727/2997 991/4728/2998
f 991/4728/2999 999/4727/3000 1001/4731/3001 994/4732/3002
f 994/4732/3003 1001/4731/3004 1002/4730/3005 993/4729/3006
f 993/4729/3007 1002/4730/3008 1000/4726/3009 992/4725/3010
f 1012/4737/3011 1004/4738/3012 1003/4733/3013 992/4725/3014
f 992/4725/3015 1003/4733/3016 1005/4734/3017 993/4729/3018
f 993/4729/3019 1005/4734/3020 1006/4739/3021 1013/4740/3022
f 1013/4740/3023 1006/4739/3024 1004/4738/3025 1012/4737/3026
f 994/4732/3027 1008/4735/3028 1007/4736/3029 991/4728/3030
f 991/4728/3031 1007/4736/3032 1009/4743/3033 987/4744/3034
f 987/4744/3035 1009/4743/3036 1010/4742/3037 989/4741/3038
f 989/4741/3039 1010/4742/3040 1008/4735/3041 994/4732/3042
f 999/4727/3043 1000/4726/3044 1002/4730/3045 1001/4731/3046
f 1003/4733/3047 1004/4738/3048 1006/4739/3049 1005/4734/3050
f 1009/4743/3051 1007/4736/3052 1008/4735/3053 1010/4742/3054
f 1016/2882/3055 1018/2883/3056 1017/2884/3057 1015/2885/3058
f 1019/675/3059 1020/676/3060 1025/677/3061 1026/678/3062
f 1021/683/3063 1022/684/3064 1024/685/3065 1023/686/3066
f 1040/679/3067 1025/677/3068 1020/676/3069 1039/680/3070
f 1042/689/3071 1021/683/3072 1023/686/3073 1041/690/3074
f 1024/685/3075 1022/684/3076 1017/687/3077 1018/688/3078
f 1019/675/3079 1026/678/3080 1016/681/3081 1015/682/3082
f 1020/4745/3083 1019/4746/3084 1027/4747/3085 1028/4748/3086
f 1019/4746/3087 1022/4749/3088 1029/4750/3089 1027/4747/3090
f 1022/4749/3091 1021/4752/3092 1030/4751/3093 1029/4750/3094
f 1021/4752/3095 1020/4745/3096 1028/4748/3097 1030/4751/3098
f 1039/4764/3099 1020/4745/3100 1031/4756/3101 1032/4763/3102
f 1020/4745/3103 1021/4752/3104 1033/4755/3105 1031/4756/3106
f 1021/4752/3107 1042/4761/3108 1034/4762/3109 1033/4755/3110
f 1042/4761/3111 1039/4764/3112 1032/4763/3113 1034/4762/3114
f 1022/4749/3115 1019/4746/3116 1035/4753/3117 1036/4754/3118
f 1019/4746/3119 1015/4757/3120 1037/4758/3121 1035/4753/3122
f 1015/4757/3123 1017/4760/3124 1038/4759/3125 1037/4758/3126
f 1017/4760/3127 1022/4749/3128 1036/4754/3129 1038/4759/3130
f 1027/4747/3131 1029/4750/3132 1030/4751/3133 1028/4748/3134
f 1031/4756/3135 1033/4755/3136 1034/4762/3137 1032/4763/3138
f 1037/4758/3139 1038/4759/3140 1036/4754/3141 1035/4753/3142
s 1
f 1081/4765/3143 1082/4766/3144 1046/4767/3145 1048/4768/3146
f 1048/4768/3147 1046/4767/3145 1045/4773/3148 1050/4774/3149
f 1044/4777/3150 1047/4769/3151 1049/4770/3152 1051/4778/3153
f 1045/4773/3148 1083/4779/3154 1084/4782/3155 1050/4774/3156
s off
f 1062/4785/3157 1053/4786/3158 1056/4787/3159
f 1062/4785/3160 1052/4788/3161 1053/4786/3162
f 1060/4792/3163 1077/4790/3164 1061/4789/3165
f 1063/4799/3166 1065/4800/3167 1064/4801/3168
f 1063/4799/3169 1066/4802/3170 1065/4800/3171
f 1067/2886/3172 1066/2887/3173 1068/2888/3174
f 1067/2886/3175 1065/2889/3176 1066/2887/3177
f 1054/4793/3178 1053/4786/3179 1069/4791/3180
f 1069/4791/3181 1053/4786/3182 1052/4788/3183
f 1068/691/3184 1055/692/3185 1070/693/3186
f 1055/692/3187 1068/691/3188 1066/694/3189
f 1055/692/3190 1066/694/3191 1054/695/3192
f 1054/695/3193 1066/694/3194 1063/696/3195
f 1053/2890/3196 1063/2891/3197 1064/2892/3198
f 1053/2890/3199 1054/2893/3200 1063/2891/3201
f 1071/697/3202 1056/698/3203 1053/699/3204 1065/700/3205
f 1067/702/3206 1071/697/3207 1065/700/3208
f 1065/700/3209 1053/699/3210 1064/701/3211
f 1071/4803/3212 1068/4804/3213 1070/4805/3214
f 1071/4803/3215 1067/4806/3216 1068/4804/3217
f 1057/4796/3218 1055/4798/3219 1054/4793/3220
f 1059/4797/3221 1057/4796/3222 1069/4791/3223 1076/4795/3224
f 1072/4807/3225 1075/4808/3226 1074/4809/3227 1073/4810/3228
f 1059/703/3229 1074/704/3230 1075/705/3231
f 1060/4792/3232 1058/4794/3233 1076/4795/3234 1077/4790/3235
f 1057/708/3236 1059/703/3237 1079/707/3238 1078/709/3239
f 1059/703/3240 1075/705/3241 1043/706/3242 1079/707/3243
f 1075/2894/3244 1072/2895/3245 1080/2896/3246 1043/2897/3247
f 1061/4789/3248 1077/4790/3249 1052/4788/3250 1062/4785/3251
f 1059/4797/3252 1076/4795/3253 1058/4794/3254
f 1077/2898/3255 1076/2899/3256 1051/2900/3257 1049/2901/3258
f 1069/2902/3259 1052/2903/3260 1048/2904/3261 1050/2905/3262
s 5
f 1052/710/3263 1081/711/3264 1048/712/3265
s 6
f 1084/715/3266 1069/716/3267 1050/717/3268
s off
f 1069/4791/3269 1057/4796/3270 1054/4793/3271
f 1058/2906/3272 1060/2907/3273 1073/2908/3274 1074/2909/3275
f 1059/2911/3276 1058/2906/3277 1074/2909/3278
f 1060/2907/3279 1061/2910/3280 1073/2908/3281
s 1
f 1085/4772/3282 1086/4771/3283 1087/4780/3284 1088/4781/3285
s 5
f 1081/711/3264 1052/710/3263 1077/713/3286 1049/714/3287
s 1
f 1047/4769/3151 1082/4766/3144 1081/4765/3143 1049/4770/3288
f 1090/4784/3289 1089/4776/3290 1091/4775/3291 1092/4783/3292
f 1084/4782/3155 1083/4779/3154 1044/4777/3150 1051/4778/3293
s 6
f 1076/718/3294 1069/716/3267 1084/715/3266 1051/719/3295
s 1
f 1046/4767/3145 1082/4766/3144 1086/4771/3283 1085/4772/3282
f 1082/4766/3144 1083/4779/3154 1087/4780/3284 1086/4771/3283
f 1083/4779/3154 1045/4773/3148 1088/4781/3285 1087/4780/3284
f 1045/4773/3148 1046/4767/3145 1085/4772/3282 1088/4781/3285
f 1083/4779/3154 1082/4766/3144 1089/4776/3290 1090/4784/3289
f 1082/4766/3144 1047/4769/3151 1091/4775/3291 1089/4776/3290
f 1047/4769/3151 1044/4777/3150 1092/4783/3292 1091/4775/3291
f 1044/4777/3150 1083/4779/3154 1090/4784/3289 1092/4783/3292
s off
f 1094/2912/3296 1093/2913/3297 1095/2914/3298 1096/2915/3299
f 1097/720/3300 1104/721/3301 1103/722/3302 1098/723/3303
f 1099/728/3304 1101/729/3305 1102/730/3306 1100/731/3307
f 1118/726/3308 1117/727/3309 1098/723/3310 1103/722/3311
f 1120/732/3312 1119/733/3313 1101/729/3314 1099/728/3315
f 1102/730/3316 1096/734/3317 1095/735/3318 1100/731/3319
f 1097/720/3320 1093/724/3321 1094/725/3322 1104/721/3323
f 1098/4811/3324 1106/4812/3325 1105/4813/3326 1097/4814/3327
f 1097/4814/3328 1105/4813/3329 1107/4817/3330 1100/4818/3331
f 1100/4818/3332 1107/4817/3333 1108/4816/3334 1099/4815/3335
f 1099/4815/3336 1108/4816/3337 1106/4812/3338 1098/4811/3339
f 1117/4823/3340 1110/4824/3341 1109/4819/3342 1098/4811/3343
f 1098/4811/3344 1109/4819/3345 1111/4820/3346 1099/4815/3347
f 1099/4815/3348 1111/4820/3349 1112/4825/3350 1120/4826/3351
f 1120/4826/3352 1112/4825/3353 1110/4824/3354 1117/4823/3355
f 1100/4818/3356 1114/4821/3357 1113/4822/3358 1097/4814/3359
f 1097/4814/3360 1113/4822/3361 1115/4829/3362 1093/4830/3363
f 1093/4830/3364 1115/4829/3365 1116/4828/3366 1095/4827/3367
f 1095/4827/3368 1116/4828/3369 1114/4821/3370 1100/4818/3371
f 1105/4813/3372 1106/4812/3373 1108/4816/3374 1107/4817/3375
f 1109/4819/3376 1110/4824/3377 1112/4825/3378 1111/4820/3379
f 1115/4829/3380 1113/4822/3381 1114/4821/3382 1116/4828/3383
f 1122/2916/3384 1124/2917/3385 1123/2918/3386 1121/2919/3387
f 1125/736/3388 1126/737/3389 1131/738/3390 1132/739/3391
f 1127/744/3392 1128/745/3393 1130/746/3394 1129/747/3395
f 1145/740/3396 1131/738/3397 1126/737/3398 1146/741/3399
f 1147/750/3400 1127/744/3401 1129/747/3402 1148/751/3403
f 1130/746/3404 1128/745/3405 1123/748/3406 1124/749/3407
f 1125/736/3408 1132/739/3409 1122/742/3410 1121/743/3411
f 1126/4831/3412 1125/4832/3413 1133/4833/3414 1134/4834/3415
f 1125/4832/3416 1128/4835/3417 1135/4836/3418 1133/4833/3419
f 1128/4835/3420 1127/4838/3421 1136/4837/3422 1135/4836/3423
f 1127/4838/3424 1126/4831/3425 1134/4834/3426 1136/4837/3427
f 1146/4850/3428 1126/4831/3429 1137/4842/3430 1138/4849/3431
f 1126/4831/3432 1127/4838/3433 1139/4841/3434 1137/4842/3435
f 1127/4838/3436 1147/4847/3437 1140/4848/3438 1139/4841/3439
f 1147/4847/3440 1146/4850/3441 1138/4849/3442 1140/4848/3443
f 1128/4835/3444 1125/4832/3445 1141/4839/3446 1142/4840/3447
f 1125/4832/3448 1121/4843/3449 1143/4844/3450 1141/4839/3451
f 1121/4843/3452 1123/4846/3453 1144/4845/3454 1143/4844/3455
f 1123/4846/3456 1128/4835/3457 1142/4840/3458 1144/4845/3459
f 1133/4833/3460 1135/4836/3461 1136/4837/3462 1134/4834/3463
f 1137/4842/3464 1139/4841/3465 1140/4848/3466 1138/4849/3467
f 1143/4844/3468 1144/4845/3469 1142/4840/3470 1141/4839/3471
f 1154/752/3472 1153/753/3473 1149/754/3474 1152/755/3475
f 1156/762/3476 1155/763/3477 1151/764/3478 1150/765/3479
f 1153/4851/3480 1156/4852/3481 1150/4853/3482 1149/4854/3483
f 1166/756/3484 1165/757/3485 1153/753/3486 1154/752/3487
f 1168/766/3488 1167/767/3489 1155/763/3490 1156/762/3491
f 1165/4855/3492 1168/4856/3493 1156/4852/3494 1153/4851/3495
f 1169/4857/3496 1170/4859/3497 1175/4860/3498 1176/4858/3499
f 1170/760/3500 1169/759/3501 1172/758/3502 1171/761/3503
f 1173/770/3504 1174/769/3505 1176/768/3506 1175/771/3507
f 1162/791/3508 1161/790/3509 1170/792/3510 1171/793/3511
f 1164/797/3512 1163/796/3513 1173/800/3514 1175/801/3515
f 1161/4861/3516 1164/4862/3517 1175/4860/3518 1170/4859/3519
f 1166/756/3520 1172/758/3521 1169/759/3522 1165/757/3523
f 1168/766/3524 1176/768/3525 1174/769/3526 1167/767/3527
f 1165/4855/3528 1169/4857/3529 1176/4858/3530 1168/4856/3531
f 1158/772/3532 1157/773/3533 1178/774/3534 1180/775/3535
f 1160/806/3536 1159/807/3537 1182/804/3538 1184/805/3539
f 1157/4870/3540 1160/4871/3541 1184/4869/3542 1178/4868/3543
f 1177/4866/3544 1178/4868/3545 1184/4869/3546 1183/4867/3547
f 1178/774/3548 1177/778/3549 1179/779/3550 1180/775/3551
f 1182/804/3552 1181/802/3553 1183/803/3554 1184/805/3555
f 1185/782/3556 1186/786/3557 1190/787/3558 1189/783/3559
f 3988/7105/3560 1185/4864/3561 1187/4865/3562 1188/7378/3563
f 1188/794/3564 1187/798/3565 1191/799/3566 1192/795/3567
f 3993/7109/3568 3986/7100/3569 1161/790/3570 1162/791/3571
f 1188/794/3572 1192/795/3573 1163/796/3574 1164/797/3575
f 3989/7106/3576 1188/4863/3577 1164/4862/3578 1161/4861/3579
f 1185/4864/3580 1177/4866/3581 1183/4867/3582 1187/4865/3583
f 1177/778/3584 1185/782/3585 1189/783/3586 1179/779/3587
f 1181/802/3588 1191/799/3589 1187/798/3590 1183/803/3591
f 1198/810/3592 1196/811/3593 1193/812/3594 1197/813/3595
f 1200/822/3596 1194/823/3597 1195/824/3598 1199/825/3599
f 1197/4887/3600 1193/4889/3601 1194/4890/3602 1200/4888/3603
f 1206/814/3604 1198/810/3605 1197/813/3606 1205/815/3607
f 1208/826/3608 1200/822/3609 1199/825/3610 1207/827/3611
f 1205/4885/3612 1197/4887/3613 1200/4888/3614 1208/4886/3615
f 1209/4883/3616 1216/4884/3617 1215/4882/3618 1210/4881/3619
f 1210/818/3620 1211/819/3621 1212/817/3622 1209/816/3623
f 1213/830/3624 1215/831/3625 1216/829/3626 1214/828/3627
f 1202/820/3628 1211/819/3629 1210/818/3630 1201/821/3631
f 1204/833/3632 1215/836/3633 1213/837/3634 1203/834/3635
f 1201/4879/3636 1210/4881/3637 1215/4882/3638 1204/4880/3639
f 1206/814/3640 1205/815/3641 1209/816/3642 1212/817/3643
f 1208/826/3644 1207/827/3645 1214/828/3646 1216/829/3647
f 1205/4885/3648 1208/4886/3649 1216/4884/3650 1209/4883/3651
f 1158/772/3652 1220/776/3653 1218/777/3654 1157/773/3655
f 1160/806/3656 1224/808/3657 1222/809/3658 1159/807/3659
f 1157/4870/3660 1218/4872/3661 1224/4873/3662 1160/4871/3663
f 1217/4874/3664 1223/4875/3665 1224/4873/3666 1218/4872/3667
f 1218/777/3668 1220/776/3669 1219/780/3670 1217/781/3671
f 1222/842/3672 1224/843/3673 1223/841/3674 1221/840/3675
f 1225/785/3676 1229/784/3677 1230/788/3678 1226/789/3679
f 3998/7115/3680 1228/4878/3681 1227/4877/3682 1225/4876/3683
f 1228/832/3684 1232/835/3685 1231/838/3686 1227/839/3687
f 4003/7119/3688 1202/820/3689 1201/821/3690 3996/7110/3691
f 1228/832/3692 1204/833/3693 1203/834/3694 1232/835/3695
f 3999/7116/3696 1201/4879/3697 1204/4880/3698 1228/7376/3699
f 1225/4876/3700 1227/4877/3701 1223/4875/3702 1217/4874/3703
f 1217/781/3704 1219/780/3705 1229/784/3706 1225/785/3707
f 1221/840/3708 1223/841/3709 1227/839/3710 1231/838/3711
f 1236/844/3712 1235/845/3713 1233/846/3714 1234/847/3715
f 1238/872/3716 1237/873/3717 1152/874/3718 1149/875/3719
f 1235/4891/3720 1238/4892/3721 1149/4893/3722 1233/4894/3723
f 1248/848/3724 1247/849/3725 1235/845/3726 1236/844/3727
f 1250/876/3728 1249/877/3729 1237/873/3730 1238/872/3731
f 1247/4895/3732 1250/4896/3733 1238/4892/3734 1235/4891/3735
f 1251/4897/3736 1252/4899/3737 1257/4900/3738 1258/4898/3739
f 1252/852/3740 1251/851/3741 1254/850/3742 1253/853/3743
f 1255/878/3744 1256/879/3745 1258/880/3746 1257/881/3747
f 1244/854/3748 1243/855/3749 1252/852/3750 1253/853/3751
f 1246/884/3752 1245/885/3753 1255/878/3754 1257/881/3755
f 1243/4901/3756 1246/4902/3757 1257/4900/3758 1252/4899/3759
f 1248/848/3760 1254/850/3761 1251/851/3762 1247/849/3763
f 1250/882/3764 1258/880/3765 1256/879/3766 1249/883/3767
f 1247/4895/3768 1251/4897/3769 1258/4898/3770 1250/4896/3771
f 1240/864/3772 1239/865/3773 1260/862/3774 1262/863/3775
f 1242/886/3776 1241/887/3777 1264/888/3778 1266/889/3779
f 1239/4910/3780 1242/4911/3781 1266/4909/3782 1260/4908/3783
f 1259/4906/3784 1260/4908/3785 1266/4909/3786 1265/4907/3787
f 1260/862/3788 1259/860/3789 1261/861/3790 1262/863/3791
f 1264/888/3792 1263/892/3793 1265/893/3794 1266/889/3795
f 1267/858/3796 1268/857/3797 1271/856/3798 1270/859/3799
f 1268/4903/3800 1267/4904/3801 1269/4905/3802 3990/7103/3803
f 3987/7104/3804 1269/897/3805 1272/896/3806 3994/7108/3807
f 1271/856/3808 1268/857/3809 1243/855/3810 1244/854/3811
f 3985/7101/3812 3992/7107/3813 1245/885/3814 1246/884/3815
f 1268/7379/3816 3991/7102/3817 1246/4902/3818 1243/4901/3819
f 1267/4904/3820 1259/4906/3821 1265/4907/3822 1269/4905/3823
f 1259/860/3824 1267/858/3825 1270/859/3826 1261/861/3827
f 1263/892/3828 1272/896/3829 1269/897/3830 1265/893/3831
f 1276/900/3832 1274/901/3833 1273/902/3834 1275/903/3835
f 1278/910/3836 1193/911/3837 1196/912/3838 1277/913/3839
f 1275/4927/3840 1273/4929/3841 1193/4930/3842 1278/4928/3843
f 1284/904/3844 1276/900/3845 1275/903/3846 1283/905/3847
f 1286/914/3848 1278/910/3849 1277/913/3850 1285/915/3851
f 1283/4925/3852 1275/4927/3853 1278/4928/3854 1286/4926/3855
f 1287/4923/3856 1294/4924/3857 1293/4922/3858 1288/4921/3859
f 1288/908/3860 1289/909/3861 1290/907/3862 1287/906/3863
f 1291/916/3864 1293/917/3865 1294/918/3866 1292/919/3867
f 1280/928/3868 1289/930/3869 1288/931/3870 1279/929/3871
f 1282/920/3872 1293/917/3873 1291/916/3874 1281/921/3875
f 1279/4919/3876 1288/4921/3877 1293/4922/3878 1282/4920/3879
f 1284/904/3880 1283/905/3881 1287/906/3882 1290/907/3883
f 1286/922/3884 1285/923/3885 1292/919/3886 1294/918/3887
f 1283/4925/3888 1286/4926/3889 1294/4924/3890 1287/4923/3891
f 1240/864/3892 1298/866/3893 1296/867/3894 1239/865/3895
f 1242/886/3896 1302/890/3897 1300/891/3898 1241/887/3899
f 1239/4910/3900 1296/4912/3901 1302/4913/3902 1242/4911/3903
f 1295/4914/3904 1301/4915/3905 1302/4913/3906 1296/4912/3907
f 1296/867/3908 1298/866/3909 1297/868/3910 1295/869/3911
f 1300/891/3912 1302/890/3913 1301/894/3914 1299/895/3915
f 1303/924/3916 1306/925/3917 1307/926/3918 1304/927/3919
f 1304/7377/3920 4000/7113/3921 1305/4917/3922 1303/4916/3923
f 3997/7114/3924 4004/7118/3925 1308/899/3926 1305/898/3927
f 1307/926/3928 1280/928/3929 1279/929/3930 1304/927/3931
f 3995/7111/3932 1282/920/3933 1281/921/3934 4002/7117/3935
f 1304/4918/3936 1279/4919/3937 1282/4920/3938 4001/7112/3939
f 1303/4916/3940 1305/4917/3941 1301/4915/3942 1295/4914/3943
f 1295/869/3944 1297/868/3945 1306/870/3946 1303/871/3947
f 1299/895/3948 1301/894/3949 1305/898/3950 1308/899/3951
f 1312/932/3952 1311/933/3953 1309/934/3954 1310/935/3955
f 1314/974/3956 1313/975/3957 1234/976/3958 1233/977/3959
f 1311/4931/3960 1314/4932/3961 1233/4933/3962 1309/4934/3963
f 1324/936/3964 1323/937/3965 1311/933/3966 1312/932/3967
f 1326/978/3968 1325/979/3969 1313/975/3970 1314/974/3971
f 1323/4935/3972 1326/4936/3973 1314/4932/3974 1311/4931/3975
f 1327/4937/3976 1328/4939/3977 1333/4940/3978 1334/4938/3979
f 1328/940/3980 1327/939/3981 1330/938/3982 1329/941/3983
f 1331/982/3984 1332/981/3985 1334/980/3986 1333/983/3987
f 1320/942/3988 1319/943/3989 1328/940/3990 1329/941/3991
f 1322/1003/3992 1321/1002/3993 1331/1006/3994 1333/1007/3995
f 1319/4941/3996 1322/4942/3997 1333/4940/3998 1328/4939/3999
f 1324/936/4000 1330/938/4001 1327/939/4002 1323/937/4003
f 1326/978/4004 1334/980/4005 1332/981/4006 1325/979/4007
f 1323/4935/4008 1327/4937/4009 1334/4938/4010 1326/4936/4011
f 1316/952/4012 1315/953/4013 1336/950/4014 1338/951/4015
f 1318/984/4016 1317/985/4017 1340/986/4018 1342/987/4019
f 1315/4951/4020 1318/4952/4021 1342/4950/4022 1336/4949/4023
f 1335/4947/4024 1336/4949/4025 1342/4950/4026 1341/4948/4027
f 1336/950/4028 1335/948/4029 1337/949/4030 1338/951/4031
f 1340/986/4032 1339/990/4033 1341/991/4034 1342/987/4035
f 1343/946/4036 1344/945/4037 1348/944/4038 1347/947/4039
f 1344/4943/4040 1343/4945/4041 1345/4946/4042 1346/4944/4043
f 1346/998/4044 1345/995/4045 1349/994/4046 1350/999/4047
f 1348/944/4048 1344/945/4049 1319/943/4050 1320/942/4051
f 1346/998/4052 1350/999/4053 1321/1002/4054 1322/1003/4055
f 1344/4943/4056 1346/4944/4057 1322/4942/4058 1319/4941/4059
f 1343/4945/4060 1335/4947/4061 1341/4948/4062 1345/4946/4063
f 1335/948/4064 1343/946/4065 1347/947/4066 1337/949/4067
f 1339/990/4068 1349/994/4069 1345/995/4070 1341/991/4071
f 1354/970/4072 1352/972/4073 1351/973/4074 1353/971/4075
f 1356/1016/4076 1273/1017/4077 1274/1018/4078 1355/1019/4079
f 1353/4969/4080 1351/4971/4081 1273/4972/4082 1356/4970/4083
f 1362/968/4084 1354/970/4085 1353/971/4086 1361/969/4087
f 1364/1012/4088 1356/1014/4089 1355/1015/4090 1363/1013/4091
f 1361/4967/4092 1353/4969/4093 1356/4970/4094 1364/4968/4095
f 1365/4965/4096 1372/4966/4097 1371/4964/4098 1366/4963/4099
f 1366/965/4100 1367/964/4101 1368/966/4102 1365/967/4103
f 1369/1009/4104 1371/1008/4105 1372/1010/4106 1370/1011/4107
f 1358/962/4108 1367/964/4109 1366/965/4110 1357/963/4111
f 1360/1004/4112 1371/1008/4113 1369/1009/4114 1359/1005/4115
f 1357/4961/4116 1366/4963/4117 1371/4964/4118 1360/4962/4119
f 1362/968/4120 1361/969/4121 1365/967/4122 1368/966/4123
f 1364/1012/4124 1363/1013/4125 1370/1011/4126 1372/1010/4127
f 1361/4967/4128 1364/4968/4129 1372/4966/4130 1365/4965/4131
f 1316/952/4132 1376/954/4133 1374/955/4134 1315/953/4135
f 1318/984/4136 1380/988/4137 1378/989/4138 1317/985/4139
f 1315/4951/4140 1374/4953/4141 1380/4954/4142 1318/4952/4143
f 1373/4955/4144 1379/4956/4145 1380/4954/4146 1374/4953/4147
f 1374/955/4148 1376/954/4149 1375/956/4150 1373/957/4151
f 1378/989/4152 1380/988/4153 1379/992/4154 1377/993/4155
f 1381/959/4156 1385/958/4157 1386/960/4158 1382/961/4159
f 1382/4959/4160 1384/4960/4161 1383/4958/4162 1381/4957/4163
f 1384/1000/4164 1388/1001/4165 1387/997/4166 1383/996/4167
f 1386/960/4168 1358/962/4169 1357/963/4170 1382/961/4171
f 1384/1000/4172 1360/1004/4173 1359/1005/4174 1388/1001/4175
f 1382/4959/4176 1357/4961/4177 1360/4962/4178 1384/4960/4179
f 1381/4957/4180 1383/4958/4181 1379/4956/4182 1373/4955/4183
f 1373/957/4184 1375/956/4185 1385/958/4186 1381/959/4187
f 1377/993/4188 1379/992/4189 1383/996/4190 1387/997/4191
f 1392/2920/4192 1393/2921/4193 1426/2922/4194 1389/2923/4195
f 1427/2924/4196 1390/2925/4197 1396/2926/4198
f 1391/4973/4199 1395/4974/4200 1389/4975/4201 1428/4976/4202
f 1427/4978/4203 1426/4979/4204 1394/4980/4205 1390/4981/4206
f 1412/1020/4207 1413/1021/4208 1414/1022/4209 1415/1023/4210
f 1394/4980/4211 1426/4979/4212 1393/4982/4213
f 1417/1024/4214 1416/1025/4215 1418/1026/4216 1419/1027/4217
f 1389/4975/4218 1395/4974/4219 1392/4977/4220
f 1391/2927/4221 1428/2928/4222 1427/2924/4223 1396/2926/4224
f 1422/1030/4225 1423/1031/4226 1424/1032/4227 1425/1033/4228
f 1418/1026/4229 1416/1025/4230 1420/1028/4231 1421/1029/4232
f 1395/1034/4233 1397/1035/4234 1398/1036/4235 1399/1037/4236
f 1392/1042/4237 1401/1043/4238 1400/1052/4239
f 1392/1042/4240 1395/1034/4241 1399/1037/4242 1401/1043/4243
f 1397/1035/4244 1394/1040/4245 1402/1041/4246 1398/1036/4247
f 1394/1040/4248 1393/1050/4249 1403/1051/4250 1402/1041/4251
f 1393/1050/4252 1392/1042/4253 1400/1052/4254 1403/1051/4255
f 1396/1046/4256 1397/1035/4257 1405/1039/4258 1404/1047/4259
f 1397/1035/4260 1395/1034/4261 1406/1038/4262 1405/1039/4263
f 1395/1034/4264 1391/1044/4265 1407/1045/4266 1406/1038/4267
f 1391/1044/4268 1396/1046/4269 1404/1047/4270 1407/1045/4271
f 1390/1054/4272 1394/1040/4273 1409/1049/4274 1408/1055/4275
f 1394/1040/4276 1397/1035/4277 1410/1048/4278 1409/1049/4279
f 1397/1035/4280 1396/1046/4281 1411/1053/4282 1410/1048/4283
f 1396/1046/4284 1390/1054/4285 1408/1055/4286 1411/1053/4287
f 1404/4983/4288 1405/4984/4289 1413/4985/4290 1412/4986/4291
f 1405/2929/4292 1406/2930/4293 1414/2931/4294 1413/2932/4295
f 1406/4987/4296 1407/4988/4297 1415/4989/4298 1414/4990/4299
f 1407/2933/4300 1404/2934/4301 1412/2935/4302 1415/2936/4303
f 1399/2937/4304 1398/2938/4305 1416/2939/4306 1417/2940/4307
f 1400/2943/4308 1401/2944/4309 1419/2945/4310 1418/2946/4311
f 1401/4991/4312 1399/4992/4313 1417/4993/4314 1419/4994/4315
f 1398/2938/4316 1402/2941/4317 1420/2942/4318 1416/2939/4319
f 1402/4995/4320 1403/4996/4321 1421/4997/4322 1420/4998/4323
f 1403/2947/4324 1400/2943/4325 1418/2946/4326 1421/2948/4327
f 1408/4999/4328 1409/5000/4329 1423/5001/4330 1422/5002/4331
f 1409/2949/4332 1410/2950/4333 1424/2951/4334 1423/2952/4335
f 1410/5003/4336 1411/5004/4337 1425/5005/4338 1424/5006/4339
f 1411/2953/4340 1408/2954/4341 1422/2955/4342 1425/2956/4343
f 1432/2957/4344 1433/2958/4345 1466/2959/4346 1429/2960/4347
f 1467/2961/4348 1430/2962/4349 1436/2963/4350
f 1431/5007/4351 1435/5008/4352 1429/5009/4353 1468/5010/4354
f 1467/5012/4355 1466/5013/4356 1434/5014/4357 1430/5015/4358
f 1452/1056/4359 1453/1057/4360 1454/1058/4361 1455/1059/4362
f 1434/5014/4363 1466/5013/4364 1433/5016/4365
f 1457/1060/4366 1456/1061/4367 1458/1062/4368 1459/1063/4369
f 1429/5009/4370 1435/5008/4371 1432/5011/4372
f 1431/2964/4373 1468/2965/4374 1467/2961/4375 1436/2963/4376
f 1462/1066/4377 1463/1067/4378 1464/1068/4379 1465/1069/4380
f 1458/1062/4381 1456/1061/4382 1460/1064/4383 1461/1065/4384
f 1435/1070/4385 1437/1071/4386 1438/1072/4387 1439/1073/4388
f 1432/1078/4389 1441/1079/4390 1440/1088/4391
f 1432/1078/4392 1435/1070/4393 1439/1073/4394 1441/1079/4395
f 1437/1071/4396 1434/1076/4397 1442/1077/4398 1438/1072/4399
f 1434/1076/4400 1433/1086/4401 1443/1087/4402 1442/1077/4403
f 1433/1086/4404 1432/1078/4405 1440/1088/4406 1443/1087/4407
f 1436/1082/4408 1437/1071/4409 1445/1075/4410 1444/1083/4411
f 1437/1071/4412 1435/1070/4413 1446/1074/4414 1445/1075/4415
f 1435/1070/4416 1431/1080/4417 1447/1081/4418 1446/1074/4419
f 1431/1080/4420 1436/1082/4421 1444/1083/4422 1447/1081/4423
f 1430/1090/4424 1434/1076/4425 1449/1085/4426 1448/1091/4427
f 1434/1076/4428 1437/1071/4429 1450/1084/4430 1449/1085/4431
f 1437/1071/4432 1436/1082/4433 1451/1089/4434 1450/1084/4435
f 1436/1082/4436 1430/1090/4437 1448/1091/4438 1451/1089/4439
f 1444/5017/4440 1445/5018/4441 1453/5019/4442 1452/5020/4443
f 1445/2966/4444 1446/2967/4445 1454/2968/4446 1453/2969/4447
f 1446/5021/4448 1447/5022/4449 1455/5023/4450 1454/5024/4451
f 1447/2970/4452 1444/2971/4453 1452/2972/4454 1455/2973/4455
f 1439/2974/4456 1438/2975/4457 1456/2976/4458 1457/2977/4459
f 1440/2980/4460 1441/2981/4461 1459/2982/4462 1458/2983/4463
f 1441/5025/4464 1439/5026/4465 1457/5027/4466 1459/5028/4467
f 1438/2975/4468 1442/2978/4469 1460/2979/4470 1456/2976/4471
f 1442/5029/4472 1443/5030/4473 1461/5031/4474 1460/5032/4475
f 1443/2984/4476 1440/2980/4477 1458/2983/4478 1461/2985/4479
f 1448/5033/4480 1449/5034/4481 1463/5035/4482 1462/5036/4483
f 1449/2986/4484 1450/2987/4485 1464/2988/4486 1463/2989/4487
f 1450/5037/4488 1451/5038/4489 1465/5039/4490 1464/5040/4491
f 1451/2990/4492 1448/2991/4493 1462/2992/4494 1465/2993/4495
f 1472/2994/4496 1473/2995/4497 1506/2996/4498 1469/2997/4499
f 1507/2998/4500 1470/2999/4501 1476/3000/4502
f 1471/5041/4503 1475/5042/4504 1469/5043/4505 1508/5044/4506
f 1507/5046/4507 1506/5047/4508 1474/5048/4509 1470/5049/4510
f 1492/1092/4511 1493/1093/4512 1494/1094/4513 1495/1095/4514
f 1474/5048/4515 1506/5047/4516 1473/5050/4517
f 1497/1096/4518 1496/1097/4519 1498/1098/4520 1499/1099/4521
f 1469/5043/4522 1475/5042/4523 1472/5045/4524
f 1471/3001/4525 1508/3002/4526 1507/2998/4527 1476/3000/4528
f 1502/1102/4529 1503/1103/4530 1504/1104/4531 1505/1105/4532
f 1498/1098/4533 1496/1097/4534 1500/1100/4535 1501/1101/4536
f 1475/1106/4537 1477/1107/4538 1478/1108/4539 1479/1109/4540
f 1472/1114/4541 1481/1115/4542 1480/1124/4543
f 1472/1114/4544 1475/1106/4545 1479/1109/4546 1481/1115/4547
f 1477/1107/4548 1474/1112/4549 1482/1113/4550 1478/1108/4551
f 1474/1112/4552 1473/1122/4553 1483/1123/4554 1482/1113/4555
f 1473/1122/4556 1472/1114/4557 1480/1124/4558 1483/1123/4559
f 1476/1118/4560 1477/1107/4561 1485/1111/4562 1484/1119/4563
f 1477/1107/4564 1475/1106/4565 1486/1110/4566 1485/1111/4567
f 1475/1106/4568 1471/1116/4569 1487/1117/4570 1486/1110/4571
f 1471/1116/4572 1476/1118/4573 1484/1119/4574 1487/1117/4575
f 1470/1126/4576 1474/1112/4577 1489/1121/4578 1488/1127/4579
f 1474/1112/4580 1477/1107/4581 1490/1120/4582 1489/1121/4583
f 1477/1107/4584 1476/1118/4585 1491/1125/4586 1490/1120/4587
f 1476/1118/4588 1470/1126/4589 1488/1127/4590 1491/1125/4591
f 1484/5051/4592 1485/5052/4593 1493/5053/4594 1492/5054/4595
f 1485/3003/4596 1486/3004/4597 1494/3005/4598 1493/3006/4599
f 1486/5055/4600 1487/5056/4601 1495/5057/4602 1494/5058/4603
f 1487/3007/4604 1484/3008/4605 1492/3009/4606 1495/3010/4607
f 1479/3011/4608 1478/3012/4609 1496/3013/4610 1497/3014/4611
f 1480/3017/4612 1481/3018/4613 1499/3019/4614 1498/3020/4615
f 1481/5059/4616 1479/5060/4617 1497/5061/4618 1499/5062/4619
f 1478/3012/4620 1482/3015/4621 1500/3016/4622 1496/3013/4623
f 1482/5063/4624 1483/5064/4625 1501/5065/4626 1500/5066/4627
f 1483/3021/4628 1480/3017/4629 1498/3020/4630 1501/3022/4631
f 1488/5067/4632 1489/5068/4633 1503/5069/4634 1502/5070/4635
f 1489/3023/4636 1490/3024/4637 1504/3025/4638 1503/3026/4639
f 1490/5071/4640 1491/5072/4641 1505/5073/4642 1504/5074/4643
f 1491/3027/4644 1488/3028/4645 1502/3029/4646 1505/3030/4647
f 1512/3031/4648 1513/3032/4649 1547/3033/4650 1509/3034/4651
s 8
f 1548/3035/4652 1510/3036/4653 1517/3037/4654 1549/3038/4655
s off
f 1511/5075/4656 1516/5076/4657 1514/5077/4658 1549/5078/4659
f 1548/5081/4660 1547/5082/4661 1515/5083/4662 1510/5084/4663
f 1533/1128/4664 1534/1129/4665 1535/1130/4666 1536/1131/4667
f 1515/5083/4668 1547/5082/4669 1513/5085/4670
f 1538/1132/4671 1537/1133/4672 1539/1134/4673 1540/1135/4674
f 1514/5077/4675 1516/5076/4676 1512/5079/4677 1509/5080/4678
f 1543/1138/4679 1544/1139/4680 1545/1140/4681 1546/1141/4682
f 1539/1134/4683 1537/1133/4684 1541/1136/4685 1542/1137/4686
f 1516/1142/4687 1518/1143/4688 1519/1144/4689 1520/1145/4690
f 1512/1150/4691 1522/1151/4692 1521/1160/4693
f 1512/1150/4694 1516/1142/4695 1520/1145/4696 1522/1151/4697
f 1518/1143/4698 1515/1148/4699 1523/1149/4700 1519/1144/4701
f 1515/1148/4702 1513/1158/4703 1524/1159/4704 1523/1149/4705
f 1513/1158/4706 1512/1150/4707 1521/1160/4708 1524/1159/4709
f 1517/1154/4710 1518/1143/4711 1526/1147/4712 1525/1155/4713
f 1518/1143/4714 1516/1142/4715 1527/1146/4716 1526/1147/4717
f 1516/1142/4718 1511/1152/4719 1528/1153/4720 1527/1146/4721
f 1511/1152/4722 1517/1154/4723 1525/1155/4724 1528/1153/4725
f 1510/1162/4726 1515/1148/4727 1530/1157/4728 1529/1163/4729
f 1515/1148/4730 1518/1143/4731 1531/1156/4732 1530/1157/4733
f 1518/1143/4734 1517/1154/4735 1532/1161/4736 1531/1156/4737
f 1517/1154/4738 1510/1162/4739 1529/1163/4740 1532/1161/4741
f 1525/5086/4742 1526/5087/4743 1534/5088/4744 1533/5089/4745
f 1526/3040/4746 1527/3041/4747 1535/3042/4748 1534/3043/4749
f 1527/5090/4750 1528/5091/4751 1536/5092/4752 1535/5093/4753
f 1528/3044/4754 1525/3045/4755 1533/3046/4756 1536/3047/4757
f 1520/3048/4758 1519/3049/4759 1537/3050/4760 1538/3051/4761
f 1521/3054/4762 1522/3055/4763 1540/3056/4764 1539/3057/4765
f 1522/5094/4766 1520/5095/4767 1538/5096/4768 1540/5097/4769
f 1519/3049/4770 1523/3052/4771 1541/3053/4772 1537/3050/4773
f 1523/5098/4774 1524/5099/4775 1542/5100/4776 1541/5101/4777
f 1524/3058/4778 1521/3054/4779 1539/3057/4780 1542/3059/4781
f 1529/5102/4782 1530/5103/4783 1544/5104/4784 1543/5105/4785
f 1530/3060/4786 1531/3061/4787 1545/3062/4788 1544/3063/4789
f 1531/5106/4790 1532/5107/4791 1546/5108/4792 1545/5109/4793
f 1532/3064/4794 1529/3065/4795 1543/3066/4796 1546/3067/4797
f 1553/3068/4798 1554/3069/4799 1588/3070/4800 1550/3071/4801
f 1589/3072/4802 1551/3073/4803 1558/3074/4804
f 1552/5110/4805 1557/5111/4806 1555/5112/4807 1591/5113/4808
f 1589/5116/4809 1590/5117/4810 1556/5118/4811 1551/5119/4812
f 1574/1164/4813 1575/1165/4814 1576/1166/4815 1577/1167/4816
f 1556/5118/4817 1590/5117/4818 1588/5120/4819 1554/5121/4820
f 1579/1168/4821 1578/1169/4822 1580/1170/4823 1581/1171/4824
f 1555/5112/4825 1557/5111/4826 1553/5114/4827 1550/5115/4828
f 1552/3075/4829 1591/3076/4830 1589/3072/4831 1558/3074/4832
f 1584/1174/4833 1585/1175/4834 1586/1176/4835 1587/1177/4836
f 1580/1170/4837 1578/1169/4838 1582/1172/4839 1583/1173/4840
f 1557/1178/4841 1559/1179/4842 1560/1180/4843 1561/1181/4844
f 1553/1186/4845 1563/1187/4846 1562/1196/4847
f 1553/1186/4848 1557/1178/4849 1561/1181/4850 1563/1187/4851
f 1559/1179/4852 1556/1184/4853 1564/1185/4854 1560/1180/4855
f 1556/1184/4856 1554/1194/4857 1565/1195/4858 1564/1185/4859
f 1554/1194/4860 1553/1186/4861 1562/1196/4862 1565/1195/4863
f 1558/1190/4864 1559/1179/4865 1567/1183/4866 1566/1191/4867
f 1559/1179/4868 1557/1178/4869 1568/1182/4870 1567/1183/4871
f 1557/1178/4872 1552/1188/4873 1569/1189/4874 1568/1182/4875
f 1552/1188/4876 1558/1190/4877 1566/1191/4878 1569/1189/4879
f 1551/1198/4880 1556/1184/4881 1571/1193/4882 1570/1199/4883
f 1556/1184/4884 1559/1179/4885 1572/1192/4886 1571/1193/4887
f 1559/1179/4888 1558/1190/4889 1573/1197/4890 1572/1192/4891
f 1558/1190/4892 1551/1198/4893 1570/1199/4894 1573/1197/4895
f 1566/5122/4896 1567/5123/4897 1575/5124/4898 1574/5125/4899
f 1567/3077/4900 1568/3078/4901 1576/3079/4902 1575/3080/4903
f 1568/5126/4904 1569/5127/4905 1577/5128/4906 1576/5129/4907
f 1569/3081/4908 1566/3082/4909 1574/3083/4910 1577/3084/4911
f 1561/3085/4912 1560/3086/4913 1578/3087/4914 1579/3088/4915
f 1562/3091/4916 1563/3092/4917 1581/3093/4918 1580/3094/4919
f 1563/5130/4920 1561/5131/4921 1579/5132/4922 1581/5133/4923
f 1560/3086/4924 1564/3089/4925 1582/3090/4926 1578/3087/4927
f 1564/5134/4928 1565/5135/4929 1583/5136/4930 1582/5137/4931
f 1565/3095/4932 1562/3091/4933 1580/3094/4934 1583/3096/4935
f 1570/5138/4936 1571/5139/4937 1585/5140/4938 1584/5141/4939
f 1571/3097/4940 1572/3098/4941 1586/3099/4942 1585/3100/4943
f 1572/5142/4944 1573/5143/4945 1587/5144/4946 1586/5145/4947
f 1573/3101/4948 1570/3102/4949 1584/3103/4950 1587/3104/4951
f 1595/3105/4952 1596/3106/4953 1630/3107/4954 1592/3108/4955
f 1631/3109/4956 1593/3110/4957 1600/3111/4958
f 1594/5146/4959 1599/5147/4960 1597/5148/4961 1632/5149/4962
f 1631/5152/4963 1630/5153/4964 1598/5154/4965 1593/5155/4966
f 1616/1200/4967 1617/1201/4968 1618/1202/4969 1619/1203/4970
f 1598/5154/4971 1630/5153/4972 1596/5156/4973
f 1621/1204/4974 1620/1205/4975 1622/1206/4976 1623/1207/4977
f 1597/5148/4978 1599/5147/4979 1595/5150/4980 1592/5151/4981
f 1594/3112/4982 1632/3113/4983 1631/3109/4984 1600/3111/4985
f 1626/1210/4986 1627/1211/4987 1628/1212/4988 1629/1213/4989
f 1622/1206/4990 1620/1205/4991 1624/1208/4992 1625/1209/4993
f 1599/1214/4994 1601/1215/4995 1602/1216/4996 1603/1217/4997
f 1595/1222/4998 1605/1223/4999 1604/1232/5000
f 1595/1222/5001 1599/1214/5002 1603/1217/5003 1605/1223/5004
f 1601/1215/5005 1598/1220/5006 1606/1221/5007 1602/1216/5008
f 1598/1220/5009 1596/1230/5010 1607/1231/5011 1606/1221/5012
f 1596/1230/5013 1595/1222/5014 1604/1232/5015 1607/1231/5016
f 1600/1226/5017 1601/1215/5018 1609/1219/5019 1608/1227/5020
f 1601/1215/5021 1599/1214/5022 1610/1218/5023 1609/1219/5024
f 1599/1214/5025 1594/1224/5026 1611/1225/5027 1610/1218/5028
f 1594/1224/5029 1600/1226/5030 1608/1227/5031 1611/1225/5032
f 1593/1234/5033 1598/1220/5034 1613/1229/5035 1612/1235/5036
f 1598/1220/5037 1601/1215/5038 1614/1228/5039 1613/1229/5040
f 1601/1215/5041 1600/1226/5042 1615/1233/5043 1614/1228/5044
f 1600/1226/5045 1593/1234/5046 1612/1235/5047 1615/1233/5048
f 1608/5157/5049 1609/5158/5050 1617/5159/5051 1616/5160/5052
f 1609/3114/5053 1610/3115/5054 1618/3116/5055 1617/3117/5056
f 1610/5161/5057 1611/5162/5058 1619/5163/5059 1618/5164/5060
f 1611/3118/5061 1608/3119/5062 1616/3120/5063 1619/3121/5064
f 1603/3122/5065 1602/3123/5066 1620/3124/5067 1621/3125/5068
f 1604/3128/5069 1605/3129/5070 1623/3130/5071 1622/3131/5072
f 1605/5165/5073 1603/5166/5074 1621/5167/5075 1623/5168/5076
f 1602/3123/5077 1606/3126/5078 1624/3127/5079 1620/3124/5080
f 1606/5169/5081 1607/5170/5082 1625/5171/5083 1624/5172/5084
f 1607/3132/5085 1604/3128/5086 1622/3131/5087 1625/3133/5088
f 1612/5173/5089 1613/5174/5090 1627/5175/5091 1626/5176/5092
f 1613/3134/5093 1614/3135/5094 1628/3136/5095 1627/3137/5096
f 1614/5177/5097 1615/5178/5098 1629/5179/5099 1628/5180/5100
f 1615/3138/5101 1612/3139/5102 1626/3140/5103 1629/3141/5104
f 1636/3142/5105 1637/3143/5106 1670/3144/5107 1633/3145/5108
f 1671/3146/5109 1634/3147/5110 1640/3148/5111
f 1635/5181/5112 1639/5182/5113 1633/5183/5114 1673/5184/5115
f 1671/5186/5116 1672/5187/5117 1638/5188/5118 1634/5189/5119
f 1656/1236/5120 1657/1237/5121 1658/1238/5122 1659/1239/5123
f 1638/5188/5124 1672/5187/5125 1670/5190/5126 1637/5191/5127
f 1661/1240/5128 1660/1241/5129 1662/1242/5130 1663/1243/5131
f 1633/5183/5132 1639/5182/5133 1636/5185/5134
f 1635/3149/5135 1673/3150/5136 1671/3146/5137 1640/3148/5138
f 1666/1246/5139 1667/1247/5140 1668/1248/5141 1669/1249/5142
f 1662/1242/5143 1660/1241/5144 1664/1244/5145 1665/1245/5146
f 1639/1250/5147 1641/1251/5148 1642/1252/5149 1643/1253/5150
f 1636/1258/5151 1645/1259/5152 1644/1268/5153
f 1636/1258/5154 1639/1250/5155 1643/1253/5156 1645/1259/5157
f 1641/1251/5158 1638/1256/5159 1646/1257/5160 1642/1252/5161
f 1638/1256/5162 1637/1266/5163 1647/1267/5164 1646/1257/5165
f 1637/1266/5166 1636/1258/5167 1644/1268/5168 1647/1267/5169
f 1640/1262/5170 1641/1251/5171 1649/1255/5172 1648/1263/5173
f 1641/1251/5174 1639/1250/5175 1650/1254/5176 1649/1255/5177
f 1639/1250/5178 1635/1260/5179 1651/1261/5180 1650/1254/5181
f 1635/1260/5182 1640/1262/5183 1648/1263/5184 1651/1261/5185
f 1634/1270/5186 1638/1256/5187 1653/1265/5188 1652/1271/5189
f 1638/1256/5190 1641/1251/5191 1654/1264/5192 1653/1265/5193
f 1641/1251/5194 1640/1262/5195 1655/1269/5196 1654/1264/5197
f 1640/1262/5198 1634/1270/5199 1652/1271/5200 1655/1269/5201
f 1648/5192/5202 1649/5193/5203 1657/5194/5204 1656/5195/5205
f 1649/3151/5206 1650/3152/5207 1658/3153/5208 1657/3154/5209
f 1650/5196/5210 1651/5197/5211 1659/5198/5212 1658/5199/5213
f 1651/3155/5214 1648/3156/5215 1656/3157/5216 1659/3158/5217
f 1643/3159/5218 1642/3160/5219 1660/3161/5220 1661/3162/5221
f 1644/3165/5222 1645/3166/5223 1663/3167/5224 1662/3168/5225
f 1645/5200/5226 1643/5201/5227 1661/5202/5228 1663/5203/5229
f 1642/3160/5230 1646/3163/5231 1664/3164/5232 1660/3161/5233
f 1646/5204/5234 1647/5205/5235 1665/5206/5236 1664/5207/5237
f 1647/3169/5238 1644/3165/5239 1662/3168/5240 1665/3170/5241
f 1652/5208/5242 1653/5209/5243 1667/5210/5244 1666/5211/5245
f 1653/3171/5246 1654/3172/5247 1668/3173/5248 1667/3174/5249
f 1654/5212/5250 1655/5213/5251 1669/5214/5252 1668/5215/5253
f 1655/3175/5254 1652/3176/5255 1666/3177/5256 1669/3178/5257
s 9
f 1674/5216/5258 1748/5217/5259 1801/5218/5260 1802/5219/5261
s 10
f 1675/1272/5262 2227/1273/5263 2228/1274/5264 1793/1275/5265
s 11
f 2260/1312/5266 2261/1313/5267 1674/1314/5268 1802/1315/5269
s 12
f 1703/5224/5270 2184/5225/5271 1705/5226/5272 4007/7121/5273
s 13
f 1704/1324/5274 2236/1325/5275 2237/1326/5276 4013/7129/5277
s 14
f 2249/1343/5278 2250/1344/5279 1703/1345/5280 4006/7122/5281
s off
f 4005/7120/5282 4022/7139/5283 1711/5242/5284 1712/5243/5285
s 15
f 4014/7128/5286 2237/3179/5287 2238/3180/5288 1687/7374/5289
s 16
f 2248/3199/5290 2249/3200/5291 4009/7123/5292 1686/3202/5293
s 17
f 1687/1362/5294 2238/1363/5295 2239/1364/5296 1891/1365/5297
s 18
f 2247/1399/5298 2248/1400/5299 1686/1401/5300 1897/1402/5301
s off
f 4149/7264/5302 4150/7265/5303 4151/7266/5304
f 4152/7267/5305 4153/7268/5306 4154/7269/5307 4155/7270/5308
f 4156/7271/5309 4157/7272/5310 4158/7273/5311 4159/7274/5312
f 4160/7275/5313 4161/7276/5314 4162/7277/5315 4163/7278/5316
f 4164/7279/5317 4165/7280/5318 4166/7281/5319 4167/7282/5320
s 19
f 2251/1483/5321 2252/1484/5322 1879/1485/5323 1676/1486/5324
s 20
f 1888/1498/5325 1633/1499/5326 2235/1500/5327 1677/1501/5328
s 21
f 1879/5244/5329 1880/5245/5330 2129/5246/5331 1676/5247/5332
s off
f 4168/7283/5333 4169/7284/5334 4170/7285/5335 4171/7286/5336
f 4172/7287/5337 4173/7288/5338 4174/7289/5339 4175/7290/5340
f 4176/7291/5341 4177/7292/5342 4178/7293/5343
f 4179/7294/5344 4180/7295/5345 4181/7296/5346
f 4182/7297/5347 4183/7298/5348 4184/7299/5349 4185/7300/5350
f 4015/7130/5351 4019/7134/5352 4017/7132/5353
f 4186/7301/5354 4187/7302/5355 4188/7303/5356 4189/7304/5357
f 4190/7305/5358 4191/7306/5359 4192/7307/5360 4193/7308/5361
f 4020/7135/5362 4016/7131/5363 4018/7133/5364
f 4194/7309/5365 4195/7310/5366 4196/7311/5367 4197/7312/5368
s 22
f 2286/6917/5369 2287/3294/5370 2130/3295/5371 1703/6918/5372
s 23
f 2250/3301/5373 2285/3302/5374 2286/3293/5375 1703/3296/5376
s 12
f 2184/5225/5271 2185/5228/5377 2131/5229/5378 4021/7138/5379
s 24
f 2131/3444/5380 2132/3445/5381 4027/7142/5382 4024/7137/5383
s 25
f 1707/5306/5384 4026/7141/5385 2132/5307/5386 2133/5308/5387
s 26
f 4029/7147/5388 2202/5364/5389 1704/5365/5390 4012/7126/5391
s off
f 1713/5372/5392 4032/7146/5393 1683/5373/5394 1714/5374/5395
s 27
f 2134/5311/5396 2135/5315/5397 1897/5316/5398 1686/5312/5399
f 2133/5308/5400 2134/5311/5396 1686/5312/5399 1707/5306/5401
s off
f 4008/7124/5402 4028/7143/5403 4025/7140/5404
f 1706/3485/5405 1707/3486/5406 1711/3487/5407 4023/7136/5408
f 1707/1548/5409 1686/1549/5410 1712/1550/5411 1711/1551/5412
f 1686/7375/5413 1682/3201/5414 1712/3205/5415
f 1710/3488/5416 4035/7150/5417 4031/7145/5418 1713/3489/5419
f 4036/7151/5420 4011/7125/5421 4033/7148/5422
f 4010/7127/5423 1687/3181/5424 1714/3184/5425
f 1687/1552/5426 1710/1553/5427 1713/1554/5428 1714/1555/5429
s 28
f 1793/5375/5430 1794/5376/5431 1739/5377/5432 1675/5378/5433
s 21
f 2139/5297/5434 1887/5291/5435 1888/5299/5436 1677/5301/5437
s 22
f 2138/3423/5438 2139/3422/5439 1677/3424/5440 1704/6909/5441
s 26
f 2137/5366/5442 2201/5367/5443 2202/5364/5389 1708/5363/5444
s 24
f 4030/7144/5445 4034/7149/5446 2136/3482/5447 2137/3481/5448
s 33
f 1733/5358/5449 2136/5361/5450 1709/5362/5451 1710/5359/5452
s 27
f 1733/5358/5453 1710/5359/5454 1687/5356/5455 1732/5350/5456
f 1687/5356/5455 1891/5354/5457 1892/5348/5458 1732/5350/5456
s 35
f 1797/5383/5459 1944/5384/5460 1945/5385/5461 1758/5386/5462
s 21
f 1935/5275/5463 1936/5274/5464 1884/5277/5465 1716/5278/5466
s 22
f 1717/3357/5467 2324/3356/5468 2357/3366/5469 2358/3367/5470
s 24
f 1718/3456/5471 1719/3457/5472 1980/3455/5473 1981/3454/5474
s off
f 1719/5330/5475 1720/5331/5476 1979/5328/5477 1980/5327/5478
s 39
f 1902/6953/5479 2193/5460/5480 2194/6950/5481 1904/5462/5482
s 22
f 1717/3357/5467 2358/3367/5470 2359/3375/5483 1742/3376/5484
s 21
f 1716/5278/5466 1884/5277/5465 1885/5280/5485 1741/5281/5486
s off
f 1832/5521/5487 1833/5522/5488 1834/5523/5489 1835/5524/5490
s 35
f 1866/5447/5491 1762/5454/5492 1795/5446/5493 1865/5434/5494
s 22
f 2016/3411/5495 2362/3410/5496 1737/3418/5497 1736/3419/5498
s 39
f 2013/5500/5499 2197/6993/5500 2198/5506/5501 1908/5507/5502
s 24
f 1735/3476/5503 1734/6998/5504 2010/3474/5505 2011/3473/5506
s 43
f 2408/5352/5507 2409/5346/5508 1855/5347/5509 1856/5353/5510
s off
f 4198/7313/5511 4199/7314/5512 4200/7315/5513 4201/7316/5514
s 12
f 1726/5238/5515 2188/5236/5516 2189/5239/5517 1744/5241/5518
s 22
f 1725/3318/5519 2290/3317/5520 2291/3326/5521 1745/3327/5522
s 21
f 1724/5260/5523 1882/5258/5524 1883/5263/5525 1746/5264/5526
s off
f 1836/5525/5527 1837/5526/5528 1838/5527/5529 1839/5528/5530
s 35
f 1799/5453/5531 1876/5452/5532 1877/5456/5533 1764/5457/5534
s 21
f 1870/5255/5535 1881/5253/5536 1882/5258/5524 1724/5260/5523
s 22
f 1869/3308/5537 2289/3307/5538 2290/3317/5520 1725/3318/5519
s 12
f 1868/5235/5539 2187/5233/5540 2188/5236/5516 1726/5238/5515
s 24
f 1726/3450/5541 1727/3451/5542 1867/3449/5543 1868/3448/5544
s 25
f 1754/5310/5545 1867/5313/5546 1727/5317/5547 1728/5318/5548
s 27
f 1728/5318/5549 1729/5319/5550 1755/5314/5551 1754/5310/5552
f 1895/5326/5553 1896/5320/5554 1755/5314/5551 1729/5319/5550
s 51
f 1715/3490/5555 1937/3491/5556 1938/3492/5557 1841/3493/5558
s 52
f 1740/3496/5559 1715/3490/5560 1841/3493/5561 1842/3497/5562
s 53
f 1739/1556/5563 1794/1557/5564 1846/1558/5565 1847/1559/5566
s off
f 1920/3514/5567 1911/3515/5568 1912/3516/5569 1919/3517/5570
s 54
f 1747/3504/5571 1723/3508/5572 1853/3509/5573 1840/3505/5574
s 55
f 1848/1568/5575 1849/1569/5576 1801/1570/5577 1748/1571/5578
s off
f 1723/3508/5579 1871/3510/5580 1872/3511/5581 1853/3509/5582
s 56
f 2164/1580/5583 2231/1581/5584 2232/1582/5585 2167/1583/5586
s off
f 2168/5529/5587 2169/5530/5588 2164/5531/5589 2167/5532/5590
s 57
f 2170/1600/5591 2171/1601/5592 2169/1602/5593 2168/1603/5594
s 35
f 1788/5428/5595 1763/5429/5596 1862/5419/5597 1863/5418/5598
f 1759/5397/5599 1786/6944/5600 1787/5403/5601 1761/6943/5602
f 1941/5396/5603 1942/5392/5604 1786/5391/5600 1759/6945/5599
f 1765/5423/5605 1784/6948/5606 1785/5413/5607 1756/6946/5608
f 1873/5431/5609 1874/5432/5610 1784/5424/5606 1765/6949/5605
s 61
f 2175/1606/5611 2174/1607/5612 2176/1608/5613 2177/1609/5614
s off
f 2178/5533/5615 2174/5534/5616 2175/5535/5617 2179/5536/5618
s 62
f 2256/1612/5619 2257/1613/5620 2178/1614/5621 2179/1615/5622
s 11
f 2258/1321/5623 2259/1318/5624 1778/1319/5625 1781/1322/5626
s 9
f 1778/5221/5627 1777/5220/5628 1782/5222/5629 1781/5223/5630
s 55
f 1850/1574/5631 1851/1577/5632 1782/1578/5633 1777/1575/5634
s 35
f 1784/5424/5606 1874/5432/5610 1875/5442/5635 1775/5443/5636
s off
f 1817/5537/5637 1816/5538/5638 1818/5539/5639 1819/5540/5640
s 35
f 1786/5391/5600 1942/5392/5604 1943/5388/5641 1773/5387/5642
s off
f 1809/5541/5643 1808/5542/5644 1810/5543/5645 1811/5544/5646
s 35
f 1771/5433/5647 1788/5428/5595 1863/5418/5598 1864/5425/5648
s 53
f 1844/1565/5649 1845/1560/5650 1770/1561/5651 1789/1566/5652
s 28
f 1790/5381/5653 1789/5382/5654 1770/5380/5655 1769/5379/5656
s 10
f 1769/1279/5657 2229/1278/5658 2230/1283/5659 1790/1284/5660
f 1793/1275/5265 2228/1274/5264 2229/1278/5658 1769/1279/5657
s 28
f 1769/5379/5656 1770/5380/5655 1794/5376/5431 1793/5375/5430
s 53
f 1845/1560/5650 1846/1558/5565 1794/1557/5564 1770/1561/5651
s 35
f 1795/5446/5493 1771/5433/5647 1864/5425/5648 1865/5434/5494
s off
f 1824/5545/5661 1825/5546/5662 1821/5547/5663 1820/5548/5664
s 35
f 1773/5387/5642 1943/5388/5641 1944/5384/5460 1797/5383/5459
s off
f 1830/5549/5665 1831/5550/5666 1827/5551/5667 1826/5552/5668
s 35
f 1775/5443/5636 1875/5442/5635 1876/5452/5532 1799/5453/5531
s 55
f 1849/1569/5576 1850/1574/5631 1777/1575/5634 1801/1570/5577
s 9
f 1802/5219/5261 1801/5218/5260 1777/5220/5628 1778/5221/5627
s 11
f 2259/1318/5624 2260/1312/5266 1802/1315/5269 1778/1319/5625
s off
f 1797/1618/5669 1758/1619/5670 1806/1620/5671 1805/1621/5672
f 1760/1631/5673 1796/1632/5674 1804/1633/5675 1807/1634/5676
f 1787/3518/5677 1786/3519/5678 1808/3520/5679 1809/3521/5680
f 1786/1629/5681 1773/1624/5682 1810/1625/5683 1808/1630/5684
f 1772/1635/5685 1787/1639/5686 1809/1640/5687 1811/1636/5688
f 1773/1624/5689 1797/1618/5690 1805/1621/5691 1810/1625/5692
f 1796/1632/5693 1772/1635/5694 1811/1636/5695 1804/1633/5696
f 1799/1644/5697 1764/1645/5698 1814/1646/5699 1813/1647/5700
f 1757/1657/5701 1798/1658/5702 1812/1659/5703 1815/1660/5704
f 1785/3522/5705 1784/3523/5706 1816/3524/5707 1817/3525/5708
f 1784/1655/5709 1775/1650/5710 1818/1651/5711 1816/1656/5712
f 1774/1661/5713 1785/1665/5714 1817/1666/5715 1819/1662/5716
f 1775/1650/5717 1799/1644/5718 1813/1647/5719 1818/1651/5720
f 1798/1658/5721 1774/1661/5722 1819/1662/5723 1812/1659/5724
f 1805/1621/5725 1806/1620/5726 1822/1622/5727 1821/1623/5728
f 1807/1634/5729 1804/1633/5730 1820/1637/5731 1823/1638/5732
f 1811/3526/5733 1810/3527/5734 1825/3528/5735 1824/3529/5736
f 1810/1625/5737 1805/1621/5738 1821/1623/5739 1825/1628/5740
f 1804/1633/5741 1811/1636/5742 1824/1641/5743 1820/1637/5744
f 1813/1647/5745 1814/1646/5746 1828/1648/5747 1827/1649/5748
f 1815/1660/5749 1812/1659/5750 1826/1663/5751 1829/1664/5752
f 1819/3530/5753 1818/3531/5754 1831/3532/5755 1830/3533/5756
f 1818/1651/5757 1813/1647/5758 1827/1649/5759 1831/1654/5760
f 1812/1659/5761 1819/1662/5762 1830/1667/5763 1826/1663/5764
f 1820/3534/5765 1821/3535/5766 1833/3536/5767 1832/3537/5768
f 1821/1623/5769 1822/1622/5770 1834/1626/5771 1833/1627/5772
f 1823/1638/5773 1820/1637/5774 1832/1642/5775 1835/1643/5776
f 1826/3538/5777 1827/3539/5778 1837/3540/5779 1836/3541/5780
f 1827/1649/5781 1828/1648/5782 1838/1652/5783 1837/1653/5784
f 1829/1664/5785 1826/1663/5786 1836/1668/5787 1839/1669/5788
s 52
f 1842/3497/5562 1841/3493/5561 1759/3500/5789 1761/3501/5790
s 57
f 2172/1604/5791 2171/1601/5592 2170/1600/5591 2173/1605/5792
s 53
f 1771/1564/5793 1845/1560/5650 1844/1565/5649 1788/1567/5794
f 1795/1562/5795 1846/1558/5565 1845/1560/5650 1771/1564/5793
f 1847/1559/5566 1846/1558/5565 1795/1562/5795 1762/1563/5796
s 55
f 1800/1572/5797 1849/1569/5576 1848/1568/5575 1766/1573/5798
f 1776/1576/5799 1850/1574/5631 1849/1569/5576 1800/1572/5797
f 1783/1579/5800 1851/1577/5632 1850/1574/5631 1776/1576/5799
s 61
f 2177/1609/5614 2176/1608/5613 2182/1610/5801 2183/1611/5802
s 66
f 1930/3542/5803 1929/3543/5804 1931/3544/5805 1932/3545/5806
s 54
f 1840/3505/5574 1853/3509/5573 1765/3512/5807 1756/3513/5808
s 24
f 1961/3460/5809 1856/3461/5810 1719/3457/5472 1718/3456/5471
s 39
f 1904/6951/5482 2194/5461/5481 2195/6989/5811 1960/5468/5812
s 22
f 1742/3376/5484 2359/3375/5483 2360/3386/5813 1958/3387/5814
s 21
f 1741/5281/5486 1885/5280/5485 1956/5282/5815 1957/5283/5816
s 67
f 1953/3502/5817 1954/3503/5818 1740/3496/5819 1842/3497/5820
s 35
f 1761/5404/5602 1787/6942/5601 1949/5411/5821 1950/5412/5822
f 1948/5416/5823 1949/5411/5821 1787/6942/5601 1772/5417/5824
f 1947/5426/5825 1948/5416/5823 1772/5417/5824 1796/5427/5826
f 1946/5435/5827 1947/5426/5825 1796/5427/5826 1760/5436/5828
s 25
f 1754/5310/5545 1753/5309/5829 1867/5313/5546
s 24
f 1868/3448/5544 1867/3449/5543 1753/3447/5830 1752/3446/5831
s 12
f 1752/5232/5832 2186/5230/5833 2187/5233/5540 1868/5235/5539
s 22
f 1751/3300/5834 2288/3299/5835 2289/3307/5538 1869/3308/5537
s 21
f 1750/5250/5836 1880/5245/5330 1881/5253/5536 1870/5255/5535
s 66
f 1929/3543/5804 1915/3550/5837 1916/3551/5838 1933/3546/5839
f 1931/3544/5805 1929/3543/5804 1933/3546/5839 1934/3547/5840
s 35
f 1767/5440/5841 1783/5441/5842 1874/5432/5610 1873/5431/5609
f 1875/5442/5635 1874/5432/5610 1783/5441/5842 1776/5450/5843
f 1876/5452/5532 1875/5442/5635 1776/5450/5843 1800/5455/5844
f 1877/5456/5533 1876/5452/5532 1800/5455/5844 1766/5458/5845
s 19
f 2254/1492/5846 2255/1495/5847 1697/1496/5848 2127/1493/5849
s 21
f 1697/5256/5850 1749/5257/5851 2126/5252/5852 2127/5251/5853
f 2118/5262/5854 2119/5261/5855 1871/5265/5856 1723/5266/5857
f 1936/5274/5464 1937/5276/5858 1715/5279/5859 1884/5277/5465
f 1954/5295/5860 2106/5290/5861 2107/5289/5862 1740/5296/5863
f 2095/5303/5864 2096/5302/5865 1738/5304/5866 1700/5305/5867
s 20
f 1700/1510/5868 2233/1511/5869 2234/1507/5870 2095/1506/5871
s 17
f 1891/1365/5297 2239/1364/5296 2240/1368/5872 1691/1369/5873
s 27
f 1891/5354/5457 1691/5355/5874 1731/5349/5875 1892/5348/5458
f 1722/5336/5876 1894/5335/5877 1893/5337/5878 1743/5338/5879
f 1730/5322/5880 1896/5320/5554 1895/5326/5553
f 1690/5321/5881 1897/5316/5398 2135/5315/5397 1730/5322/5880
s 18
f 2246/1405/5882 2247/1399/5298 1897/1402/5301 1690/1406/5883
s 75
f 1744/1670/5884 2189/1671/5885 2190/1672/5886 1996/1673/5887
s off
f 1717/3357/5888 1742/3376/5889 2006/3377/5890 2007/3368/5891
s 76
f 1718/3456/5892 1998/3462/5893 1999/3464/5894
s 77
f 2015/3412/5895 2016/3411/5896 1736/3419/5897 2003/3420/5898
s 78
f 2199/1689/5899 2200/1690/5900 1735/1691/5901 2002/1692/5902
s 79
f 1735/3476/5903 2011/3473/5904 2012/3478/5905 2002/3483/5906
s 80
f 1742/3376/5907 1958/3387/5908 2005/3388/5909 2006/3377/5910
s 81
f 1999/3464/5911 2000/3465/5912 1961/3460/5913 1718/3456/5914
s 20
f 1910/1502/5915 1673/1503/5916 1633/1499/5326 1888/1498/5325
s 21
f 1888/5299/5436 1887/5291/5435 1911/5294/5917 1910/5300/5918
f 1911/5294/5917 1887/5291/5435 1886/5286/5919 1912/5288/5920
f 1955/5284/5921 1956/5282/5815 1885/5280/5485 1913/5285/5922
f 1882/5258/5524 1881/5253/5536 1915/5254/5923 1914/5259/5924
f 1881/5253/5536 1880/5245/5330 1916/5249/5925 1915/5254/5923
f 1917/5248/5926 1916/5249/5925 1880/5245/5330 1879/5244/5329
s 19
f 2252/1484/5322 2253/1489/5927 1917/1490/5928 1879/1485/5323
s 82
f 1860/1717/5929 1861/1718/5930 2104/1719/5931 2105/1720/5932
s off
f 1843/1711/5933 1738/1716/5934 2096/1712/5935 2097/1705/5936
f 1763/5429/5937 2098/5439/5938 2099/5430/5939 1862/5419/5940
f 1763/1710/5941 1843/1711/5942 2097/1705/5943 2098/1704/5944
s 83
f 2102/5553/5945 2103/5554/5946 1953/5555/5947 1842/5556/5948
s 84
f 1842/1723/5949 1761/1724/5950 2101/1725/5951 2102/1726/5952
s 85
f 1761/5404/5953 1950/5412/5954 2100/5420/5955 2101/5421/5956
s 86
f 1841/5564/5957 1938/5565/5958 2111/5566/5959 2112/5567/5960
s 87
f 1840/1733/5961 1756/1734/5962 2117/1735/5963 2108/1736/5964
s 88
f 2113/5405/5965 2114/5406/5966 1941/5396/5967 1759/6945/5968
s 89
f 1759/1741/5969 1841/1742/5970 2112/1743/5971 2113/1744/5972
s 90
f 1853/5583/5973 1872/5584/5974 2120/5585/5975 2121/5586/5976
s off
f 1873/5431/5977 1765/6949/5978 2122/5444/5979 2123/5445/5980
s 91
f 1765/1751/5981 1853/1752/5982 2121/1753/5983 2122/1754/5984
s 92
f 1872/1759/5985 1871/1760/5986 2119/1761/5987 2120/1762/5988
s off
f 1749/1765/5989 1852/1766/5990 2125/1767/5991 2126/1768/5992
f 1852/1766/5993 1767/1769/5994 2124/1770/5995 2125/1767/5996
f 1767/5440/5997 1873/5431/5998 2123/5445/5999 2124/5451/6000
f 4202/7317/6001 4203/7318/6002 4204/7319/6003
f 4205/7320/6004 4206/7321/6005 4207/7322/6006 4208/7323/6007
s 27
f 1894/5335/5877 1722/5336/5876 1730/5322/5880 1977/5333/6008
f 1721/5334/6009 1894/5335/5877 1977/5333/6008 1978/5332/6010
f 1720/5331/6011 1721/5334/6009 1978/5332/6010 1979/5328/6012
s 76
f 1998/3462/5893 1718/3456/5892 1981/3454/6013 1997/3459/6014
s 39
f 2192/5463/6015 2193/6952/5480 1902/5459/5479 1982/5464/6016
s 93
f 1717/3357/6017 2007/3368/6018 2008/3358/6019 1984/3347/6020
s 22
f 2323/3346/6021 2324/3356/5468 1717/3357/5467 1984/3347/6022
s 21
f 1936/5274/5464 1935/5275/5463 1985/5272/6023 1986/5271/6024
f 1937/5276/5858 1936/5274/5464 1986/5271/6024 1987/5273/6025
s 51
f 1938/3492/5557 1937/3491/5556 1987/3494/6026 1988/3495/6027
s 86
f 2110/5568/6028 2111/5566/5959 1938/5565/5958 1988/5569/6029
s off
f 1940/3553/6030 1939/3554/6031 1989/3555/6032 1990/3556/6033
s 88
f 1941/5396/5967 2114/5406/5966 2115/5409/6034 1991/5402/6035
s 35
f 1942/5392/5604 1941/5396/5603 1991/5402/6036 1992/5398/6037
f 1943/5388/5641 1942/5392/5604 1992/5398/6037 1993/5393/6038
f 1944/5384/5460 1943/5388/5641 1993/5393/6038 1994/5390/6039
f 1995/5389/6040 1945/5385/5461 1944/5384/5460 1994/5390/6039
f 1866/5447/5491 1865/5434/5494 1947/5426/5825 1946/5435/5827
f 1865/5434/5494 1864/5425/5648 1948/5416/5823 1947/5426/5825
f 1864/5425/5648 1863/5418/5598 1949/5411/5821 1948/5416/5823
f 1950/5412/5822 1949/5411/5821 1863/5418/5598 1862/5419/5597
s 85
f 2099/5430/6041 2100/5420/5955 1950/5412/5954 1862/5419/6042
s off
f 1921/3567/6043 1919/3568/6044 1952/3569/6045 1951/3570/6046
s 83
f 1861/5559/6047 1953/5555/5947 2103/5554/5946 2104/5560/6048
s 67
f 1861/3506/6049 1860/3507/6050 1954/3503/5818 1953/3502/5817
s 21
f 2105/5293/6051 2106/5290/5861 1954/5295/5860 1860/5298/6052
f 1886/5286/5919 1956/5282/5815 1955/5284/5921 1912/5288/5920
f 1957/5283/5816 1956/5282/5815 1886/5286/5919 1859/5287/6053
s 22
f 1958/3387/5814 2360/3386/5813 2361/3394/6054 1858/3395/6055
s 80
f 2004/3396/6056 2005/3388/5909 1958/3387/5908 1858/3395/6057
s 39
f 1960/6990/5812 2195/5467/5811 2196/6987/6058 1905/6992/6059
s 81
f 1857/3463/6060 1961/3460/5913 2000/3465/5912 2001/3470/6061
s 24
f 1857/3463/6062 1856/3461/5810 1961/3460/5809
s 27
f 1895/5326/5553 1962/5329/6063 1730/5322/5880
f 1729/5319/5550 1963/5325/6064 1962/5329/6063 1895/5326/5553
f 1964/5324/6065 1963/5325/6064 1729/5319/5550 1728/5318/5549
s 25
f 1965/5323/6066 1964/5324/6067 1728/5318/5548 1727/5317/5547
s 24
f 1744/6997/6068 1965/3453/6069 1727/3451/5542 1726/3450/5541
s 22
f 1745/3327/5522 2291/3326/5521 2321/3335/6070 2322/3336/6071
s 21
f 1746/5264/5526 1883/5263/5525 1967/5267/6072 1966/5268/6073
f 1883/5263/5525 1747/5269/6074 1968/5270/6075 1967/5267/6072
s 51
f 1969/3499/6076 1968/3498/6077 1747/3504/6078 1840/3505/6079
s 86
f 2108/5578/6080 2109/5573/6081 1969/5574/6082 1840/5579/6083
s off
f 1971/3559/6084 1970/3565/6085 1925/3566/6086 1927/3563/6087
s 88
f 1756/5415/6088 1972/5410/6089 2116/5414/6090 2117/5422/6091
s 35
f 1756/5415/5608 1785/6947/5607 1973/5407/6092 1972/5410/6093
f 1974/5399/6094 1973/5407/6092 1785/6947/5607 1774/5408/6095
f 1975/5394/6096 1974/5399/6094 1774/5408/6095 1798/5400/6097
f 1976/5395/6098 1975/5394/6096 1798/5400/6097 1757/5401/6099
s 27
f 1730/5322/5880 1962/5329/6063 1977/5333/6008
f 1978/5332/6010 1977/5333/6008 1962/5329/6063 1963/5325/6064
s off
f 2026/6981/6100 2025/6983/6101 2027/5495/6102 2028/5483/6103
s 24
f 1981/3454/5474 1980/3455/5473 1965/6996/6069 1744/3452/6068
s 76
f 1996/3458/6104 1997/3459/6014 1981/3454/6013 1744/3452/6105
s 39
f 1899/5472/6106 2191/5473/6107 2192/6954/6015 1982/6984/6016
s 93
f 2008/3358/6019 2009/3359/6108 1745/3327/6109 1984/3347/6020
s 22
f 1745/3327/5522 2322/3336/6071 2323/3346/6021 1984/3347/6022
s 21
f 1966/5268/6073 1967/5267/6072 1986/5271/6024 1985/5272/6023
f 1967/5267/6072 1968/5270/6075 1987/5273/6025 1986/5271/6024
s 51
f 1988/3495/6027 1987/3494/6026 1968/3498/6077 1969/3499/6076
s 86
f 2109/5573/6081 2110/5568/6028 1988/5569/6029 1969/5574/6082
s 88
f 2115/5409/6034 2116/5414/6090 1972/5410/6089 1991/5402/6035
s 35
f 1972/5410/6093 1973/5407/6092 1992/5398/6037 1991/5402/6036
f 1993/5393/6038 1992/5398/6037 1973/5407/6092 1974/5399/6094
f 1994/5390/6039 1993/5393/6038 1974/5399/6094 1975/5394/6096
f 1995/5389/6040 1994/5390/6039 1975/5394/6096 1976/5395/6098
s 76
f 1902/3466/6110 1998/3462/5893 1997/3459/6014 1982/3467/6111
s 81
f 1960/3471/6112 2000/3465/5912 1999/3464/5911 1904/3472/6113
s 78
f 2198/1695/6114 2199/1689/5899 2002/1692/5902 1908/6939/6115
s 80
f 2006/3377/5910 2005/3388/5909 1959/3397/6116 1903/3398/6117
s 93
f 2007/3368/6018 1901/3378/6118 1983/3379/6119 2008/3358/6019
s 75
f 1996/1673/5887 2190/1672/5886 2191/1676/6120 1899/1677/6121
s 27
f 1743/5338/5879 1893/5337/5878 2411/5339/6122 2412/5340/6123
f 2410/5341/6124 2411/5339/6122 1893/5337/5878 1854/5342/6125
f 2409/5346/6126 2410/5341/6124 1854/5342/6125 1855/5347/6127
s 24
f 2407/3468/6128 2408/3469/6129 1856/3461/5810 1857/3463/6062
s 79
f 2406/3475/6130 2407/3468/6131 1857/3463/6132 2001/3470/6133
f 2405/3479/6134 2406/3475/6130 2001/3470/6133 1905/3480/6135
s 39
f 1905/5478/6059 2196/5477/6058 2404/5485/6136 2405/5486/6137
s 77
f 2004/3396/6138 2402/3406/6139 2403/3413/6140 1906/3414/6141
f 1858/3395/6142 2401/3405/6143 2402/3406/6139 2004/3396/6138
s 22
f 1858/3395/6055 2361/3394/6054 2400/3404/6144 2401/3405/6145
s 21
f 1859/5287/6053 1886/5286/5919 1887/5291/5435 1737/5292/6146
s off
f 1920/5589/6147 1919/5590/6148 2015/5591/6149 2003/5592/6150
f 1919/1776/6151 1921/1777/6152 2014/1778/6153 2015/1779/6154
f 1921/5516/6155 1922/5517/6156 1907/5513/6157 2014/6994/6158
f 1922/6941/6159 1920/6940/6160 2003/6936/6161 1907/6937/6162
f 1983/6955/6163 1900/5481/6164 1971/5493/6165 1990/5494/6166
f 1900/1678/6167 2009/1675/6168 1970/1681/6169 1971/1682/6170
f 2009/5581/6171 2008/5582/6172 1989/5572/6173 1970/5577/6174
f 2008/1780/6175 1983/1781/6176 1990/1782/6177 1989/1783/6178
f 1952/5557/6179 1923/5558/6180 2005/5562/6181 2004/5563/6182
f 1923/1728/6183 1924/1727/6184 1959/1731/6185 2005/1732/6186
f 1924/5496/6187 1951/5497/6188 1906/6988/6189 1959/6991/6190
f 1951/1784/6191 1952/1785/6192 2004/1786/6193 1906/1787/6194
f 1903/5466/6195 1901/6986/6196 1940/5474/6197 1928/5475/6198
f 1901/1788/6199 2007/1789/6200 1939/1790/6201 1940/1791/6202
f 2007/5575/6203 2006/5576/6204 1926/5571/6205 1939/5570/6206
f 2006/1747/6207 1903/1748/6208 1928/1746/6209 1926/1745/6210
s 27
f 1732/5350/5456 1892/5348/5458 2019/5343/6211 2018/5345/6212
f 2020/5344/6213 2019/5343/6211 1892/5348/5458 1731/5349/5875
s off
f 1979/1792/6214 1978/1793/6215 2021/1794/6216 2022/1795/6217
f 1978/3577/6218 1963/3578/6219 2023/3579/6220 2021/3580/6221
f 1963/1685/6222 1964/1686/6223 2024/1680/6224 2023/1683/6225
f 1964/3581/6226 1979/3582/6227 2022/3583/6228 2024/3584/6229
f 2034/6932/6230 2033/1702/6231 2035/6935/6232 2036/1699/6233
f 2023/1683/6234 2024/1680/6235 2028/1679/6236 2027/1684/6237
s 96
f 2022/5593/6238 2021/5594/6239 2041/5595/6240 2042/5596/6241
s off
f 2021/3585/6242 2025/3586/6243 2044/3587/6244 2041/3588/6245
s 97
f 2025/5489/6246 2026/6982/6247 2043/5470/6248 2044/6972/6249
s off
f 2026/3589/6250 2022/3590/6251 2042/3591/6252 2043/3592/6253
f 2031/5509/6254 2032/6976/6255 2036/6978/6256 2035/5515/6257
f 2030/1796/6258 2029/1797/6259 2018/1798/6260 2017/1799/6261
f 2029/3593/6262 2033/3594/6263 1732/3595/6264 2018/3596/6265
f 2033/1702/6266 2034/6932/6267 1733/1706/6268 1732/1707/6269
f 2034/3597/6270 2030/3598/6271 2017/3599/6272 1733/3600/6273
f 1982/1800/6274 1997/1801/6275 2022/1802/6276 2026/1803/6277
f 1997/5613/6278 1996/5614/6279 2024/5615/6280 2022/5616/6281
f 1996/1673/6282 1899/1677/6283 2028/1679/6284 2024/1680/6285
f 1899/5472/6286 1982/6984/6287 2026/5482/6288 2028/6980/6289
f 1908/1696/6290 2002/6938/6291 2034/1698/6292 2036/6933/6293
f 2002/5617/6294 2012/5618/6295 2030/5619/6296 2034/5620/6297
f 2012/1804/6298 2013/1805/6299 2032/1806/6300 2030/1807/6301
f 2013/5500/6302 1908/5507/6303 2036/5514/6304 2032/6977/6305
s 96
f 2038/5598/6306 2037/5597/6307 2045/5601/6308 2046/5602/6309
s off
f 2039/3601/6310 2038/3602/6311 2046/3603/6312 2047/3604/6313
s 97
f 2040/5480/6314 2039/6974/6315 2047/5488/6316 2048/6969/6317
s off
f 2037/3605/6318 2040/3606/6319 2048/3607/6320 2045/3608/6321
s 96
f 2042/5596/6241 2041/5595/6240 2037/5597/6307 2038/5598/6306
s 97
f 2044/5479/6249 2043/6970/6248 2039/6973/6315 2040/6975/6314
s 96
f 2046/5602/6309 2045/5601/6308 2049/5605/6322 2050/5606/6323
s 97
f 2048/5490/6317 2047/6967/6316 2051/6964/6324 2052/6966/6325
s 96
f 2050/5606/6323 2049/5605/6322 2029/5609/6326 2030/5610/6327
s off
f 2051/3609/6328 2050/3610/6329 2030/3611/6330 2032/3612/6331
s 97
f 2052/5501/6325 2051/6965/6324 2032/5508/6332 2031/6979/6333
s off
f 2049/3613/6334 2052/3614/6335 2031/3615/6336 2029/3616/6337
f 1905/1808/6338 2001/1809/6339 2050/1810/6340 2051/1811/6341
f 2001/5611/6342 2000/5612/6343 2046/5602/6344 2050/5606/6345
f 2000/1812/6346 1960/1813/6347 2047/1814/6348 2046/1815/6349
f 1960/6990/6350 1905/6992/6351 2051/5487/6352 2047/6968/6353
f 1904/1816/6354 1999/1817/6355 2038/1818/6356 2039/1819/6357
f 1999/5603/6358 1998/5604/6359 2042/5596/6360 2038/5598/6361
f 1998/1820/6362 1902/1821/6363 2043/1822/6364 2042/1823/6365
f 1902/6953/6366 1904/5462/6367 2039/5469/6368 2043/6971/6369
f 1964/5324/6370 1965/5323/6371 1980/5327/6372 1979/5328/6373
f 1734/5360/6374 1733/5358/6375 2017/5351/6376 2010/5357/6377
f 2021/5621/6378 2023/5622/6379 2053/5623/6380 2054/5624/6381
f 2023/1683/6382 2027/1684/6383 2055/1687/6384 2053/1688/6385
f 2027/5495/6386 2025/6983/6387 2056/6963/6388 2055/6962/6389
f 2025/1824/6390 2021/1825/6391 2054/1826/6392 2056/1827/6393
f 2029/1828/6394 2031/1829/6395 2058/1830/6396 2057/1831/6397
f 2031/5509/6398 2035/5515/6399 2059/5518/6400 2058/6960/6401
f 2035/1703/6402 2033/6934/6403 2060/1708/6404 2059/1709/6405
f 2033/5625/6406 2029/5626/6407 2057/5627/6408 2060/5628/6409
f 2041/1832/6410 2044/1833/6411 2061/1834/6412 2062/1835/6413
f 2044/5479/6414 2040/6975/6415 2063/6959/6416 2061/6958/6417
f 2040/1836/6418 2037/1837/6419 2064/1838/6420 2063/1839/6421
f 2037/5597/6422 2041/5595/6423 2062/5599/6424 2064/5600/6425
f 2045/1840/6426 2048/1841/6427 2065/1842/6428 2066/1843/6429
f 2048/5490/6430 2052/6966/6431 2067/5510/6432 2065/6956/6433
f 2052/1844/6434 2049/1845/6435 2068/1846/6436 2067/1847/6437
f 2049/5605/6438 2045/5601/6439 2066/5607/6440 2068/5608/6441
f 2056/3272/6442 2054/3270/6443 2062/3267/6444 2061/3273/6445
f 2063/3264/6446 2064/3260/6447 2066/3253/6448 2065/3265/6449 2086/3266/6450
s 98
f 2414/3237/6451 2415/3245/6452 2067/3252/6453 2068/3246/6454
s off
f 2054/3270/6455 2053/3274/6456 2069/3271/6457 2070/6925/6458
f 2060/3231/6459 2057/3232/6460 2071/6922/6461 2072/6927/6462
f 2064/3260/6463 2062/3267/6464 2073/6926/6465 2074/6923/6466
f 2068/3246/6467 2066/3253/6468 2075/6924/6469 2076/6921/6470
f 2062/3267/6471 2054/3270/6472 2070/6925/6473 2073/6926/6474
f 2066/3253/6475 2064/3260/6476 2074/6923/6477 2075/6924/6478
s 99
f 2413/3233/6479 2414/3237/6480 2068/3246/6481 2076/6921/6482
s off
f 4209/7324/6483 4210/7325/6484 4211/7326/6485 4212/7327/6486 4213/7328/6487
s 100
f 1730/3269/6488 2070/3268/6489 2069/6928/6490
f 1722/3257/6491 2073/3261/6492 2070/3268/6489 1730/3269/6488
f 2020/3225/6493 2072/3224/6494 2071/3228/6495
f 1722/3257/6491 2074/3256/6496 2073/3261/6492
f 1743/3241/6497 2075/3249/6498 2074/3256/6496 1722/3257/6491
f 1743/3241/6497 2076/3240/6499 2075/3249/6498
f 2412/3234/6500 2413/6920/6501 2076/3240/6499 1743/3241/6497
s off
f 4214/7329/6502 4215/7330/6503 4216/7331/6504 4217/7332/6505
f 4218/7333/6506 4219/7334/6507 4220/7335/6508
f 4221/7336/6509 4222/7337/6510 4223/7338/6511 4224/7339/6512
f 2078/6882/6513 2079/6883/6514 2080/6884/6515
f 2089/5629/6516 2088/5630/6517 2090/5631/6518 2091/5632/6519
f 2082/6891/6520 2081/6892/6521 2080/6893/6522
f 2083/6887/6523 2078/6882/6524 2080/6884/6525 2084/6888/6526
f 2081/6892/6527 2085/6894/6528 2084/6895/6529 2080/6893/6530
f 2053/3617/6531 2055/7018/6532 2079/3619/6533 2078/3620/6534
f 2089/5629/6535 2092/5633/6536 2093/5634/6537 2088/5630/6538
f 2059/3247/6539 2060/3231/6540 2081/3239/6541 2082/3248/6542
f 2069/3623/6543 2053/3617/6544 2078/3620/6545 2083/3624/6546
f 2077/5635/6547 2069/5636/6548 2083/5637/6549 2084/5638/6550
f 2060/3231/6551 2072/6927/6552 2085/3238/6553 2081/3239/6554
f 2072/5639/6555 2077/5635/6556 2084/5638/6557 2085/5640/6558
f 2055/5504/6559 2056/5503/6560 2087/5502/6561
f 2056/5503/6562 2061/5492/6563 2087/5502/6564
f 2061/5492/6565 2063/5491/6566 2087/5502/6567
s 102
f 2063/5491/6568 2086/5512/6569 2087/5502/6570
f 2087/5502/6570 2086/5512/6569 2065/5511/6571
s off
f 2065/5511/6572 2067/6957/6573 2087/5502/6574
f 2067/6957/6575 2415/5520/6576 2058/5519/6577 2087/5502/6578
f 2058/5519/6579 2059/6961/6580 2087/5502/6581
f 2087/3625/6582 2059/3627/6583 2090/3628/6584 2088/3626/6585
f 2059/3247/6586 2082/3248/6587 2091/3254/6588 2090/3255/6589
f 2082/6889/6590 2080/6884/6591 2089/6886/6592 2091/6890/6593
f 2080/6884/6594 2079/6883/6595 2092/6885/6596 2089/6886/6597
f 2079/3619/6598 2055/7018/6599 2093/7019/6600 2092/3622/6601
f 2055/3618/6602 2087/3625/6603 2088/3626/6604 2093/3621/6605
s 20
f 2095/1506/5871 2234/1507/5870 1673/1503/5916 1910/1502/5915
s 21
f 1910/5300/5918 1911/5294/5917 2096/5302/5865 2095/5303/5864
s off
f 2097/1705/6606 2096/1712/6607 1911/1713/6608 1920/1701/6609
f 2098/1704/6610 2097/1705/6611 1920/1701/6612 1922/1700/6613
f 2157/5641/6614 2156/5642/6615 2158/5643/6616 2159/5644/6617
s 103
f 2161/5645/6618 2160/5646/6619 2157/5641/6620 2159/5644/6621
f 2162/5647/6622 2160/5646/6619 2161/5645/6618 2163/5648/6623
s 84
f 2102/1726/5952 2101/1725/5951 1924/1727/6624 1923/1728/6625
s 83
f 1952/5557/6626 2103/5554/5946 2102/5553/5945 1923/5558/6627
f 2104/5560/6048 2103/5554/5946 1952/5557/6626 1919/5561/6628
s 82
f 2105/1720/5932 2104/1719/5931 1919/1721/6629 1912/1722/6630
s 21
f 1912/5288/5920 1955/5284/5921 2106/5290/5861 2105/5293/6051
f 2107/5289/5862 2106/5290/5861 1955/5284/5921 1913/5285/5922
s 86
f 1970/5577/6631 2109/5573/6081 2108/5578/6080 1925/5580/6632
f 1989/5572/6633 2110/5568/6028 2109/5573/6081 1970/5577/6631
f 1939/5570/6634 2111/5566/5959 2110/5568/6028 1989/5572/6633
f 2112/5567/5960 2111/5566/5959 1939/5570/6634 1926/5571/6635
s 89
f 2113/1744/5972 2112/1743/5971 1926/1745/6636 1928/1746/6637
s 104
f 2146/5649/6638 2147/5650/6639 2148/5651/6640 2149/5652/6641
f 2150/5653/6642 2147/5650/6639 2146/5649/6638 2151/5654/6643
f 2152/5655/6644 2153/5656/6645 2150/5653/6642 2151/5654/6643
f 2154/5657/6646 2153/5656/6645 2152/5655/6644 2155/5658/6647
s 87
f 2108/1736/5964 2117/1735/5963 1927/1737/6648 1925/1738/6649
s 21
f 1914/5259/5924 1915/5254/5923 2119/5261/5855 2118/5262/5854
s 92
f 2120/1762/5988 2119/1761/5987 1915/1763/6650 1929/1764/6651
s 90
f 2121/5586/5976 2120/5585/5975 1929/5587/6652 1930/5588/6653
s 91
f 2122/1754/5984 2121/1753/5983 1930/1755/6654 1932/1756/6655
s off
f 2141/5659/6656 2140/5660/6657 2142/5661/6658 2143/5662/6659
f 2144/5663/6660 2141/5659/6661 2143/5662/6662 2145/5664/6663
f 2125/1767/6664 2124/1770/6665 1934/1773/6666 1933/1771/6667
f 2126/1768/6668 2125/1767/6669 1933/1771/6670 1916/1772/6671
s 21
f 2127/5251/5853 2126/5252/5852 1916/5249/5925 1917/5248/5926
s 19
f 2253/1489/5927 2254/1492/5846 2127/1493/5849 1917/1490/5928
s 21
f 2129/5246/5331 1880/5245/5330 1750/5250/5836
s 22
f 2130/3295/5371 2287/3294/5370 2288/3299/5835 1751/3300/5834
s 12
f 2131/5229/5378 2185/5228/5377 2186/5230/5833 1752/5232/5832
s 24
f 1752/3446/5831 1753/3447/5830 2132/3445/5381 2131/3444/5380
s 25
f 2133/5308/5387 2132/5307/5386 1753/5309/5829 1754/5310/5545
s 27
f 1754/5310/5552 1755/5314/5551 2134/5311/5396 2133/5308/5400
f 1896/5320/5554 2135/5315/5397 2134/5311/5396 1755/5314/5551
f 1730/5322/5880 2135/5315/5397 1896/5320/5554
s 33
f 1733/5358/5449 1734/5360/6672 2136/5361/5450
s 24
f 2137/3481/5448 2136/3482/5447 1734/3477/5504 1735/6999/5503
s 26
f 1735/5369/6673 2200/5370/6674 2201/5367/5443 2137/5366/5442
s 22
f 1736/3419/5498 1737/3418/5497 2139/3422/5439 2138/3423/5438
s 21
f 1737/5292/6146 1887/5291/5435 2139/5297/5434
s off
f 2123/3629/6675 2122/3630/6676 2140/3631/6677 2141/3632/6678
f 2122/1754/6679 1932/1756/6680 2142/1757/6681 2140/1758/6682
f 1932/3545/6683 1931/3544/6684 2143/3548/6685 2142/3549/6686
f 2124/3633/6687 2123/3629/6688 2141/3632/6689 2144/3634/6690
f 1931/3544/6691 1934/3547/6692 2145/3552/6693 2143/3548/6694
f 1934/1773/6695 2124/1770/6696 2144/1774/6697 2145/1775/6698
f 2114/3635/6699 2113/3636/6700 2148/3637/6701 2147/3638/6702
f 2113/1744/6703 1928/1746/6704 2149/1749/6705 2148/1750/6706
f 1928/3561/6707 1940/3553/6708 2146/3558/6709 2149/3562/6710
f 2115/3639/6711 2114/3635/6712 2147/3638/6713 2150/3640/6714
f 1940/3553/6715 1990/3556/6716 2151/3557/6717 2146/3558/6718
f 2116/3641/6719 2115/3639/6720 2150/3640/6721 2153/3642/6722
f 1990/3556/6723 1971/3559/6724 2152/3560/6725 2151/3557/6726
f 2117/3643/6727 2116/3641/6728 2153/3642/6729 2154/3644/6730
f 1971/3559/6731 1927/3563/6732 2155/3564/6733 2152/3560/6734
f 1927/1737/6735 2117/1735/6736 2154/1739/6737 2155/1740/6738
f 2099/3645/6739 2098/3646/6740 2156/3647/6741 2157/3648/6742
f 2098/1704/6743 1922/1700/6744 2158/1714/6745 2156/1715/6746
f 1922/3575/6747 1921/3567/6748 2159/3572/6749 2158/3576/6750
f 2100/3649/6751 2099/3645/6752 2157/3648/6753 2160/3650/6754
f 1921/3567/6755 1951/3570/6756 2161/3571/6757 2159/3572/6758
f 2101/3651/6759 2100/3649/6760 2160/3650/6761 2162/3652/6762
f 1951/3570/6763 1924/3573/6764 2163/3574/6765 2161/3571/6766
f 1924/1727/6767 2101/1725/6768 2162/1729/6769 2163/1730/6770
s 105
f 1790/3653/6771 2230/3654/6772 2231/3655/6773 2164/3656/6774
s off
f 1791/5665/6775 1699/5666/6776 2166/5667/6777 2165/5668/6778
s 106
f 2232/3679/6779 2233/3680/6780 1700/3681/6781 2167/7005/6782
s 105
f 1789/3659/6783 1790/3653/6771 2164/3656/6774 2169/3660/6784
s 106
f 1700/7004/6781 1738/7006/6785 2168/7007/6786 2167/3682/6782
s 105
f 1844/3663/6787 1789/6910/6783 2169/6911/6784 2171/3664/6788
s 106
f 1738/3685/6785 1843/3689/6789 2170/3690/6790 2168/3686/6786
s 105
f 1788/3667/6791 1844/3663/6787 2171/3664/6788 2172/3668/6792
s 106
f 1843/3689/6789 1763/3693/6793 2173/3694/6794 2170/3690/6790
s 35
f 1763/5429/5596 1788/5428/5595 2172/5437/6795 2173/5438/6796
s 107
f 1782/3705/6797 1851/3706/6798 2176/3707/6799 2174/3708/6800
s 108
f 1852/3717/6801 1749/7016/6802 2175/7017/6803 2177/3720/6804
s 107
f 1781/7000/6805 1782/7002/6797 2174/7003/6800 2178/3712/6806
s 108
f 1749/3718/6802 1697/7014/6807 2179/7015/6808 2175/3719/6803
s 107
f 2257/7010/6809 2258/7011/6810 1781/3711/6805 2178/7001/6806
s 108
f 1697/3721/6807 2255/7012/6811 2256/7013/6812 2179/3722/6808
s off
f 1698/5669/6813 1780/5670/6814 2180/5671/6815 2181/5672/6816
s 107
f 1851/3706/6798 1783/3709/6817 2182/3710/6818 2176/3707/6799
s 35
f 1783/5441/5842 1767/5440/5841 2183/5448/6819 2182/5449/6820
s 108
f 1767/3723/6821 1852/3717/6801 2177/3720/6804 2183/3724/6822
s 12
f 1703/5224/5270 2130/5227/6823 2185/5228/5377 2184/5225/5271
f 2186/5230/5833 2185/5228/5377 2130/5227/6823 1751/5231/6824
f 2187/5233/5540 2186/5230/5833 1751/5231/6824 1869/5234/6825
f 2188/5236/5516 2187/5233/5540 1869/5234/6825 1725/5237/6826
f 2189/5239/5517 2188/5236/5516 1725/5237/6826 1745/5240/6827
s 75
f 2190/1672/5886 2189/1671/5885 1745/1674/6828 2009/1675/6829
f 2191/1676/6120 2190/1672/5886 2009/1675/6829 1900/1678/6830
s 39
f 2192/6954/6015 2191/5473/6107 1900/5481/6831 1983/6955/6832
f 1901/5465/6833 2193/6952/5480 2192/5463/6015 1983/5471/6832
f 2194/6950/5481 2193/5460/5480 1901/6986/6833 1903/5466/6834
f 2195/6989/5811 2194/5461/5481 1903/6985/6834 1959/5476/6835
f 2196/6987/6058 2195/5467/5811 1959/6991/6835 1906/6988/6836
f 2403/5498/6837 2404/5485/6136 2196/5477/6058 1906/5484/6836
f 2198/5506/5501 2197/6993/5500 2014/6994/6838 1907/5513/6839
s 78
f 2003/1694/6840 2199/1689/5899 2198/1695/6114 1907/1697/6841
f 1736/1693/6842 2200/1690/5900 2199/1689/5899 2003/1694/6840
s 26
f 2201/5367/5443 2200/5370/6674 1736/5371/6843 2138/5368/6844
f 2202/5364/5389 2201/5367/5443 2138/5368/6844 1704/5365/5390
s 109
f 2235/3426/6845 2236/3427/6846 1704/3425/6847 1677/6908/6848
s off
f 1679/5673/6849 1684/5674/6850 2203/5675/6851
s 10
f 2205/1277/6852 2204/1276/6853 2262/1280/6854 2263/1281/6855
f 2206/1282/6856 2205/1277/6852 2263/1281/6855 2264/1287/6857
f 2207/1288/6858 2206/1282/6856 2264/1287/6857 2265/1292/6859
s 105
f 2208/3658/6860 2207/3657/6861 2265/3661/6862 2266/3662/6863
s 56
f 2209/1585/6864 2208/1584/6865 2266/1586/6866 2267/1587/6867
s 106
f 2267/3687/6868 2268/3688/6869 2210/3684/6870 2209/3683/6871
s 20
f 2211/1512/6872 2210/1517/6873 2268/1521/6874 2269/1518/6875
f 1671/1513/6876 2211/1512/6872 2269/1518/6875 1632/1514/6877
f 1670/1504/6878 1671/1513/6876 1632/1514/6877 1592/1508/6879
f 2212/1505/6880 1670/1504/6878 1592/1508/6879 2270/1509/6881
s 109
f 2270/3430/6882 2271/3431/6883 2213/3429/6884 2212/3428/6885
s 13
f 2214/1328/6886 2213/1327/6887 2271/1329/6888 2272/1330/6889
s 15
f 2215/3183/6890 2214/3182/6891 2272/3185/6892 2273/3186/6893
s 17
f 2216/1371/6894 1469/1367/6895 1506/1374/6896 2274/1375/6897
s 112
f 2217/3223/6898 2216/3222/6899 2274/3226/6900 2275/3227/6901
s 113
f 2218/1432/6902 2217/1431/6903 2275/1434/6904 2276/1435/6905
s 114
f 2219/1436/6906 2218/1432/6907 2276/1435/6908 2277/1439/6909
s 115
f 2277/1466/6910 2278/1461/6911 2220/1458/6912 2219/1463/6913
s 116
f 2278/1461/6914 2279/1462/6915 2221/1459/6916 2220/1458/6917
s 117
f 2279/3279/6918 2280/3280/6919 2222/3278/6920 2221/3277/6921
s 18
f 2280/1412/6922 2281/1407/6923 2223/1403/6924 2222/1409/6925
f 2281/1407/6923 2282/1408/6926 2224/1404/6927 2223/1403/6924
s 16
f 2282/3206/6928 2283/3207/6929 2225/3204/6930 2224/3203/6931
s 14
f 2283/1348/6932 2284/1349/6933 2226/1347/6934 2225/1346/6935
s 10
f 2228/1274/5264 2227/1273/5263 2204/1276/6853 2205/1277/6852
f 2229/1278/5658 2228/1274/5264 2205/1277/6852 2206/1282/6856
f 2230/1283/5659 2229/1278/5658 2206/1282/6856 2207/1288/6858
s 105
f 2231/3655/6773 2230/3654/6772 2207/3657/6861 2208/3658/6860
s 56
f 2232/1582/5585 2231/1581/5584 2208/1584/6865 2209/1585/6864
s 106
f 2209/3683/6871 2210/3684/6870 2233/3680/6780 2232/3679/6779
s 20
f 2234/1507/5870 2233/1511/5869 2210/1517/6873 2211/1512/6872
f 1673/1503/5916 2234/1507/5870 2211/1512/6872 1671/1513/6876
f 2235/1500/5327 1633/1499/5326 1670/1504/6878 2212/1505/6880
s 109
f 2212/3428/6885 2213/3429/6884 2236/3427/6846 2235/3426/6845
s 13
f 2237/1326/5276 2236/1325/5275 2213/1327/6887 2214/1328/6886
s 15
f 2238/3180/5288 2237/3179/5287 2214/3182/6891 2215/3183/6890
s 17
f 2239/1364/5296 2238/1363/5295 2215/1366/6936 1469/1367/6895
f 2240/1368/5872 2239/1364/5296 1469/1367/6895 2216/1371/6894
s 112
f 2241/3221/6937 2240/3220/6938 2216/3222/6899 2217/3223/6898
s 113
f 2242/1430/6939 2241/1429/6940 2217/1431/6903 2218/1432/6902
s 114
f 2243/1433/6941 2242/1430/6942 2218/1432/6907 2219/1436/6906
s 115
f 2219/1463/6913 2220/1458/6912 2244/1456/6943 2243/1460/6944
s 116
f 2220/1458/6917 2221/1459/6916 2245/1457/6945 2244/1456/6946
s 117
f 2221/3277/6921 2222/3278/6920 2246/3276/6947 2245/3275/6948
s 18
f 2222/1409/6925 2223/1403/6924 2247/1399/5298 2246/1405/5882
f 2223/1403/6924 2224/1404/6927 2248/1400/5299 2247/1399/5298
s 16
f 2224/3203/6931 2225/3204/6930 2249/3200/5291 2248/3199/5290
s 14
f 2225/1346/6935 2226/1347/6934 2250/1344/5279 2249/1343/5278
s 23
f 2284/3309/6949 2285/3302/5374 2250/3301/5373 2226/3310/6950
s 19
f 1878/1487/6951 2252/1484/5322 2251/1483/5321 1678/1488/6952
f 1918/1491/6953 2253/1489/5927 2252/1484/5322 1878/1487/6951
f 2128/1494/6954 2254/1492/5846 2253/1489/5927 1918/1491/6953
f 1698/1497/6955 2255/1495/5847 2254/1492/5846 2128/1494/6954
s 108
f 2256/3726/6812 2255/3725/6811 1698/3727/6956 2181/3728/6957
s 62
f 2180/1616/6958 2257/1613/5620 2256/1612/5619 2181/1617/6959
s 107
f 1780/3715/6960 2258/3714/6810 2257/3713/6809 2180/3716/6961
s 11
f 1779/1320/6962 2259/1318/5624 2258/1321/5623 1780/1323/6963
f 1803/1317/6964 2260/1312/5266 2259/1318/5624 1779/1320/6962
f 1680/1316/6965 2261/1313/5267 2260/1312/5266 1803/1317/6964
s 10
f 2263/1281/6855 2262/1280/6854 2292/1285/6966 2293/1286/6967
f 2264/1287/6857 2263/1281/6855 2293/1286/6967 2294/1291/6968
f 2265/1292/6859 2264/1287/6857 2294/1291/6968 2295/1296/6969
s 105
f 2266/3662/6863 2265/3661/6862 2295/3665/6970 2296/3666/6971
s 56
f 2267/1587/6867 2266/1586/6866 2296/1588/6972 2297/1589/6973
s 106
f 2297/3691/6974 2298/3692/6975 2268/3688/6869 2267/3687/6868
s 20
f 2269/1518/6875 2268/1521/6874 2298/1527/6976 2299/1522/6977
f 1632/1514/6877 2269/1518/6875 2299/1522/6977 1631/1523/6978
f 2270/1509/6881 1592/1508/6879 1630/1515/6979 2300/1516/6980
s 109
f 2300/3432/6981 2301/3433/6982 2271/3431/6883 2270/3430/6882
s 13
f 2272/1330/6889 2271/1329/6888 2301/1331/6983 2302/1332/6984
s 15
f 2273/3186/6893 2272/3185/6892 2302/3187/6985 2303/3188/6986
s 17
f 1506/1374/6896 2273/1372/6987 2303/1379/6988 1429/1377/6989
f 2274/1375/6897 1506/1374/6896 1429/1377/6989 2304/1378/6990
s 112
f 2275/3227/6901 2274/3226/6900 2304/3229/6991 2305/3230/6992
s 113
f 2276/1435/6905 2275/1434/6904 2305/1437/6993 2306/1438/6994
s 114
f 2277/1439/6909 2276/1435/6908 2306/1438/6995 2307/1442/6996
s 115
f 2307/1469/6997 2308/1464/6998 2278/1461/6911 2277/1466/6910
s 116
f 2308/1464/6999 2309/1465/7000 2279/1462/6915 2278/1461/6914
s 117
f 2309/3281/7001 2310/3282/7002 2280/3280/6919 2279/3279/6918
s 18
f 2310/1415/7003 2311/1410/7004 2281/1407/6923 2280/1412/6922
f 2311/1410/7004 2312/1411/7005 2282/1408/6926 2281/1407/6923
s 16
f 2312/3208/7006 2313/3209/7007 2283/3207/6929 2282/3206/6928
s 14
f 2313/1350/7008 2314/1351/7009 2284/1349/6933 2283/1348/6932
s 23
f 2314/3316/7010 2315/3306/7011 2285/3302/5374 2284/3309/6949
f 2286/3293/5375 2285/3302/5374 2315/3306/7011 2316/3297/7012
s 22
f 2316/6916/7013 2317/3298/7014 2287/3294/5370 2286/6917/5369
f 2288/3299/5835 2287/3294/5370 2317/3298/7014 2318/3305/7015
f 2289/3307/5538 2288/3299/5835 2318/3305/7015 2319/3315/7016
f 2290/3317/5520 2289/3307/5538 2319/3315/7016 2320/3325/7017
f 2291/3326/5521 2290/3317/5520 2320/3325/7017 2321/3335/6070
s 10
f 2293/1286/6967 2292/1285/6966 2325/1289/7018 2326/1290/7019
f 2294/1291/6968 2293/1286/6967 2326/1290/7019 2327/1295/7020
f 2295/1296/6969 2294/1291/6968 2327/1295/7020 2328/1300/7021
s 105
f 2296/3666/6971 2295/3665/6970 2328/3669/7022 2329/3670/7023
s 56
f 2297/1589/6973 2296/1588/6972 2329/1590/7024 2330/1591/7025
s 106
f 2330/3695/7026 2331/7009/7027 2298/3692/6975 2297/3691/6974
s 20
f 2299/1522/6977 2298/1527/6976 2331/1531/7028 2332/1528/7029
f 1631/1523/6978 2299/1522/6977 2332/1528/7029 1591/1524/7030
f 1630/1515/6979 1631/1523/6978 1591/1524/7030 1550/1519/7031
f 2300/1516/6980 1630/1515/6979 1550/1519/7031 2333/1520/7032
s 109
f 2333/3434/7033 2334/3435/7034 2301/3433/6982 2300/3432/6981
s 13
f 2302/1332/6984 2301/1331/6983 2334/1333/7035 2335/1334/7036
s 15
f 2303/3188/6986 2302/3187/6985 2335/3189/7037 2336/3190/7038
s 17
f 2304/1378/6990 1429/1377/6989 1466/1380/7039 2337/1381/7040
s 112
f 2305/3230/6992 2304/3229/6991 2337/3235/7041 2338/3236/7042
s 113
f 2306/1438/6994 2305/1437/6993 2338/1440/7043 2339/1441/7044
s 114
f 2307/1442/6996 2306/1438/6995 2339/1441/7045 2340/1445/7046
s 115
f 2340/1472/7047 2341/1467/7048 2308/1464/6998 2307/1469/6997
s 116
f 2341/1467/7049 2342/1468/7050 2309/1465/7000 2308/1464/6999
s 117
f 2342/3283/7051 2343/3284/7052 2310/3282/7002 2309/3281/7001
s 18
f 2343/1418/7053 2344/1413/7054 2311/1410/7004 2310/1415/7003
f 2344/1413/7054 2345/1414/7055 2312/1411/7005 2311/1410/7004
s 16
f 2345/3210/7056 2346/3211/7057 2313/3209/7007 2312/3208/7006
s 14
f 2346/1352/7058 2347/1353/7059 2314/1351/7009 2313/1350/7008
s 23
f 2347/3324/7060 2348/3314/7061 2315/3306/7011 2314/3316/7010
f 2316/3297/7012 2315/3306/7011 2348/3314/7061 2349/3303/7062
s 22
f 2349/6915/7063 2350/3304/7064 2317/3298/7014 2316/6916/7013
f 2318/3305/7015 2317/3298/7014 2350/3304/7064 2351/3313/7065
f 2319/3315/7016 2318/3305/7015 2351/3313/7065 2352/3323/7066
f 2320/3325/7017 2319/3315/7016 2352/3323/7066 2353/3334/7067
f 2321/3335/6070 2320/3325/7017 2353/3334/7067 2354/3344/7068
f 2322/3336/6071 2321/3335/6070 2354/3344/7068 2355/3345/7069
f 2323/3346/6021 2322/3336/6071 2355/3345/7069 2356/3355/7070
f 2356/3355/7070 2357/3366/5469 2324/3356/5468 2323/3346/6021
s 10
f 2326/1290/7019 2325/1289/7018 2363/1293/7071 2364/1294/7072
f 2327/1295/7020 2326/1290/7019 2364/1294/7072 2365/1299/7073
f 2328/1300/7021 2327/1295/7020 2365/1299/7073 2366/1304/7074
s 105
f 2329/3670/7023 2328/3669/7022 2366/3671/7075 2367/3672/7076
s 56
f 2330/1591/7025 2329/1590/7024 2367/1592/7077 2368/1593/7078
s 106
f 2368/3697/7079 2369/3698/7080 2331/3696/7027 2330/7008/7026
s 20
f 2332/1528/7029 2331/1531/7028 2369/1537/7081 2370/1532/7082
f 1591/1524/7030 2332/1528/7029 2370/1532/7082 1589/1533/7083
f 2333/1520/7032 1550/1519/7031 1588/1525/7084 2371/1526/7085
s 109
f 2371/3436/7086 2372/3437/7087 2334/3435/7034 2333/3434/7033
s 13
f 2335/1334/7036 2334/1333/7035 2372/1335/7088 2373/1336/7089
s 15
f 2336/3190/7038 2335/3189/7037 2373/3191/7090 2374/3192/7091
s 17
f 1466/1380/7039 2336/1385/7092 2374/1387/7093 1389/1383/7094
f 2337/1381/7040 1466/1380/7039 1389/1383/7094 2375/1384/7095
s 112
f 2338/3236/7042 2337/3235/7041 2375/3242/7096 2376/3243/7097
s 113
f 2339/1441/7044 2338/1440/7043 2376/1443/7098 2377/1444/7099
s 114
f 2340/1445/7046 2339/1441/7045 2377/1444/7100 2378/1448/7101
s 115
f 2378/1475/7102 2379/1470/7103 2341/1467/7048 2340/1472/7047
s 116
f 2379/1470/7104 2380/1471/7105 2342/1468/7050 2341/1467/7049
s 117
f 2380/3285/7106 2381/3286/7107 2343/3284/7052 2342/3283/7051
s 18
f 2381/1421/7108 2382/1416/7109 2344/1413/7054 2343/1418/7053
f 2382/1416/7109 2383/1417/7110 2345/1414/7055 2344/1413/7054
s 16
f 2383/3212/7111 2384/3213/7112 2346/3211/7057 2345/3210/7056
s 14
f 2384/1354/7113 2385/1355/7114 2347/1353/7059 2346/1352/7058
s 23
f 2385/3333/7115 2386/3322/7116 2348/3314/7061 2347/3324/7060
f 2349/3303/7062 2348/3314/7061 2386/3322/7116 2387/3311/7117
s 22
f 2387/6914/7118 2388/3312/7119 2350/3304/7064 2349/6915/7063
f 2351/3313/7065 2350/3304/7064 2388/3312/7119 2389/3321/7120
f 2352/3323/7066 2351/3313/7065 2389/3321/7120 2390/3332/7121
f 2353/3334/7067 2352/3323/7066 2390/3332/7121 2391/3343/7122
f 2354/3344/7068 2353/3334/7067 2391/3343/7122 2392/3353/7123
f 2355/3345/7069 2354/3344/7068 2392/3353/7123 2393/3354/7124
f 2356/3355/7070 2355/3345/7069 2393/3354/7124 2394/3365/7125
f 2394/3365/7125 2395/3373/7126 2357/3366/5469 2356/3355/7070
f 2358/3367/5470 2357/3366/5469 2395/3373/7126 2396/3374/7127
f 2359/3375/5483 2358/3367/5470 2396/3374/7127 2397/3385/7128
f 2360/3386/5813 2359/3375/5483 2397/3385/7128 2398/3393/7129
f 2361/3394/6054 2360/3386/5813 2398/3393/7129 2399/3403/7130
f 2399/3403/7130 2400/3404/6144 2361/3394/6054
s 10
f 2364/1294/7072 2363/1293/7071 2416/1297/7131 2417/1298/7132
f 2365/1299/7073 2364/1294/7072 2417/1298/7132 2418/1303/7133
f 2366/1304/7074 2365/1299/7073 2418/1303/7133 2419/1308/7134
s 105
f 2367/3672/7076 2366/3671/7075 2419/3673/7135 2420/3674/7136
s 56
f 2368/1593/7078 2367/1592/7077 2420/1594/7137 2421/1595/7138
s 106
f 2421/3699/7139 2422/3700/7140 2369/3698/7080 2368/3697/7079
s 20
f 2370/1532/7082 2369/1537/7081 2422/1541/7141 2423/1538/7142
f 1589/1533/7083 2370/1532/7082 2423/1538/7142 1549/1534/7143
f 1588/1525/7084 1589/1533/7083 1549/1534/7143 1509/1529/7144
f 2371/1526/7085 1588/1525/7084 1509/1529/7144 2424/1530/7145
s 109
f 2424/3438/7146 2425/3439/7147 2372/3437/7087 2371/3436/7086
s 13
f 2373/1336/7089 2372/1335/7088 2425/1337/7148 2426/1338/7149
s 15
f 2374/3192/7091 2373/3191/7090 2426/3193/7150 2427/3194/7151
s 17
f 2375/1384/7095 1389/1383/7094 1426/1388/7152 2428/1389/7153
s 112
f 2376/3243/7097 2375/3242/7096 2428/3250/7154 2429/3251/7155
s 113
f 2377/1444/7099 2376/1443/7098 2429/1446/7156 2430/1447/7157
s 114
f 2378/1448/7101 2377/1444/7100 2430/1447/7158 2431/1451/7159
s 115
f 2431/1478/7160 2432/1473/7161 2379/1470/7103 2378/1475/7102
s 116
f 2432/1473/7162 2433/1474/7163 2380/1471/7105 2379/1470/7104
s 117
f 2433/3287/7164 2434/3288/7165 2381/3286/7107 2380/3285/7106
s 18
f 2434/1424/7166 2435/1419/7167 2382/1416/7109 2381/1421/7108
f 2435/1419/7167 2436/1420/7168 2383/1417/7110 2382/1416/7109
s 16
f 2436/3214/7169 2437/3215/7170 2384/3213/7112 2383/3212/7111
s 14
f 2437/1356/7171 2438/1357/7172 2385/1355/7114 2384/1354/7113
s 23
f 2438/3342/7173 2439/3331/7174 2386/3322/7116 2385/3333/7115
f 2387/3311/7117 2386/3322/7116 2439/3331/7174 2440/3319/7175
s 22
f 2440/6913/7176 2441/3320/7177 2388/3312/7119 2387/6914/7118
f 2389/3321/7120 2388/3312/7119 2441/3320/7177 2442/3330/7178
f 2390/3332/7121 2389/3321/7120 2442/3330/7178 2443/3341/7179
f 2391/3343/7122 2390/3332/7121 2443/3341/7179 2444/3352/7180
f 2392/3353/7123 2391/3343/7122 2444/3352/7180 2445/3363/7181
f 2393/3354/7124 2392/3353/7123 2445/3363/7181 2446/3364/7182
f 2394/3365/7125 2393/3354/7124 2446/3364/7182 2447/3372/7183
f 2447/3372/7183 2448/3383/7184 2395/3373/7126 2394/3365/7125
f 2396/3374/7127 2395/3373/7126 2448/3383/7184 2449/3384/7185
f 2397/3385/7128 2396/3374/7127 2449/3384/7185 2450/3392/7186
f 2398/3393/7129 2397/3385/7128 2450/3392/7186 2451/3402/7187
f 2399/3403/7130 2398/3393/7129 2451/3402/7187 2452/3409/7188
f 2362/3410/5496 2400/3404/6144 2399/3403/7130 2452/3409/7188 2490/3416/7189 1859/3417/7190 1737/3418/5497
f 2401/3405/6145 2400/3404/6144 2362/3410/5496 2016/3411/5495
s 77
f 2402/3406/6139 2401/3405/6143 2016/3411/5896 2015/3412/5895
f 2403/3413/6140 2402/3406/6139 2015/3412/5895 2014/3421/7191
s 39
f 2197/5499/5500 2404/5485/6136 2403/5498/6837 2014/5505/6838
f 2405/5486/6137 2404/5485/6136 2197/5499/5500 2013/6995/5499
s 79
f 2013/3484/7192 2012/3478/5905 2406/3475/6130 2405/3479/6134
f 2012/3478/5905 2011/3473/5904 2407/3468/6131 2406/3475/6130
s 24
f 2011/3473/5506 2010/3474/5505 2408/3469/6129 2407/3468/6128
s 43
f 2010/5357/7193 2017/5351/7194 2409/5346/5508 2408/5352/5507
s 27
f 2017/5351/7195 2018/5345/6212 2410/5341/6124 2409/5346/6126
f 2018/5345/6212 2019/5343/6211 2411/5339/6122 2410/5341/6124
f 2412/5340/6123 2411/5339/6122 2019/5343/6211 2020/5344/6213
s 100
f 2020/3225/6493 2071/3228/6495 2413/6920/6501 2412/3234/6500
s 99
f 2057/3232/7196 2414/3237/6480 2413/3233/6479 2071/6922/7197
s 98
f 2057/3232/7198 2058/3244/7199 2415/3245/6452 2414/3237/6451
s 10
f 2417/1298/7132 2416/1297/7131 2453/1301/7200 2454/1302/7201
f 2418/1303/7133 2417/1298/7132 2454/1302/7201 2455/1307/7202
f 2419/1308/7134 2418/1303/7133 2455/1307/7202 2456/1310/7203
s 105
f 2420/3674/7136 2419/3673/7135 2456/3675/7204 2457/3676/7205
s 56
f 2421/1595/7138 2420/1594/7137 2457/1596/7206 2458/1597/7207
s 106
f 2458/3701/7208 2459/3702/7209 2422/3700/7140 2421/3699/7139
s 20
f 2423/1538/7142 2422/1541/7141 2459/1545/7210 2460/1542/7211
f 1549/1534/7143 2423/1538/7142 2460/1542/7211 1548/1543/7212
f 2424/1530/7145 1509/1529/7144 1547/1535/7213 2461/1536/7214
s 109
f 2461/3440/7215 2462/3441/7216 2425/3439/7147 2424/3438/7146
s 13
f 2426/1338/7149 2425/1337/7148 2462/1339/7217 2463/1340/7218
s 15
f 2427/3194/7151 2426/3193/7150 2463/3195/7219 2464/3196/7220
s 17
f 1426/1388/7152 2427/1393/7221 2464/1395/7222 2465/1391/7223
f 2428/1389/7153 1426/1388/7152 2465/1391/7223 2466/1392/7224
s 112
f 2429/3251/7155 2428/3250/7154 2466/3258/7225 2467/3259/7226
s 113
f 2430/1447/7157 2429/1446/7156 2467/1449/7227 2468/1450/7228
s 114
f 2431/1451/7159 2430/1447/7158 2468/1450/7229 2469/1454/7230
s 115
f 2469/1481/7231 2470/1476/7232 2432/1473/7161 2431/1478/7160
s 116
f 2470/1476/7233 2471/1477/7234 2433/1474/7163 2432/1473/7162
s 117
f 2471/3289/7235 2472/3290/7236 2434/3288/7165 2433/3287/7164
s 18
f 2472/1427/7237 2473/1422/7238 2435/1419/7167 2434/1424/7166
f 2473/1422/7238 2474/1423/7239 2436/1420/7168 2435/1419/7167
s 16
f 2474/3216/7240 2475/3217/7241 2437/3215/7170 2436/3214/7169
s 14
f 2475/1358/7242 2476/1359/7243 2438/1357/7172 2437/1356/7171
s 23
f 2476/3351/7244 2477/3340/7245 2439/3331/7174 2438/3342/7173
f 2440/3319/7175 2439/3331/7174 2477/3340/7245 2478/6912/7246
s 22
f 2478/3328/7247 2479/3329/7248 2441/3320/7177 2440/6913/7176
f 2442/3330/7178 2441/3320/7177 2479/3329/7248 2480/3339/7249
f 2443/3341/7179 2442/3330/7178 2480/3339/7249 2481/3350/7250
f 2444/3352/7180 2443/3341/7179 2481/3350/7250 2482/3362/7251
f 2445/3363/7181 2444/3352/7180 2482/3362/7251 2483/3370/7252
f 2446/3364/7182 2445/3363/7181 2483/3370/7252 2484/3371/7253
f 2447/3372/7183 2446/3364/7182 2484/3371/7253 2485/3382/7254
f 2485/3382/7254 2486/3390/7255 2448/3383/7184 2447/3372/7183
f 2449/3384/7185 2448/3383/7184 2486/3390/7255 2487/3391/7256
f 2450/3392/7186 2449/3384/7185 2487/3391/7256 2488/3401/7257
f 2451/3402/7187 2450/3392/7186 2488/3401/7257 2489/3408/7258
f 2452/3409/7188 2451/3402/7187 2489/3408/7258 2490/3416/7189
s 10
f 2454/1302/7201 2453/1301/7200 1681/1305/7259 1792/1306/7260
f 2455/1307/7202 2454/1302/7201 1792/1306/7260 1768/1309/7261
f 2456/1310/7203 2455/1307/7202 1768/1309/7261 1791/1311/7262
s 105
f 2457/3676/7205 2456/3675/7204 1791/3677/7263 2165/3678/7264
s 56
f 2458/1597/7207 2457/1596/7206 2165/1598/7265 2166/1599/7266
s 106
f 1699/3703/7267 2459/3702/7209 2458/3701/7208 2166/3704/7268
s 20
f 2460/1542/7211 2459/1545/7210 1699/1547/7269 2094/1546/7270
f 1548/1543/7212 2460/1542/7211 2094/1546/7270 1909/1544/7271
f 1547/1535/7213 1548/1543/7212 1909/1544/7271 1889/1539/7272
f 2461/1536/7214 1547/1535/7213 1889/1539/7272 1679/1540/7273
s 109
f 1679/3442/7274 2203/3443/7275 2462/3441/7216 2461/3440/7215
s 13
f 2463/1340/7218 2462/1339/7217 2203/1341/7276 1684/1342/7277
s 15
f 2464/3196/7220 2463/3195/7219 1684/3197/7278 1688/3198/7279
s 17
f 2465/1391/7223 2464/1395/7222 1688/1398/7280 1890/1396/7281
f 2466/1392/7224 2465/1391/7223 1890/1396/7281 1692/1397/7282
s 112
f 2467/3259/7226 2466/3258/7225 1692/3262/7283 1701/3263/7284
s 113
f 2468/1450/7228 2467/1449/7227 1701/1452/7285 1694/1453/7286
s 114
f 2469/1454/7230 2468/1450/7229 1694/1453/7287 1696/1455/7288
s 115
f 1696/1482/7289 1695/1480/7290 2470/1476/7232 2469/1481/7231
s 116
f 1702/1479/7291 2471/1477/7234 2470/1476/7233 1695/1480/7292
s 117
f 1693/3291/7293 2472/3290/7236 2471/3289/7235 1702/3292/7294
s 18
f 1898/1426/7295 2473/1422/7238 2472/1427/7237 1693/1428/7296
f 1689/1425/7297 2474/1423/7239 2473/1422/7238 1898/1426/7295
s 16
f 1685/3218/7298 2475/3217/7241 2474/3216/7240 1689/3219/7299
s 14
f 1678/1360/7300 2476/1359/7243 2475/1358/7242 1685/1361/7301
s 23
f 1678/3361/7302 2251/3349/7303 2477/3340/7245 2476/3351/7244
f 2478/6912/7246 2477/3340/7245 2251/3349/7303 1676/3337/7304
s 22
f 1676/6919/7305 2129/3338/7306 2479/3329/7248 2478/3328/7247
f 2480/3339/7249 2479/3329/7248 2129/3338/7306 1750/3348/7307
f 2481/3350/7250 2480/3339/7249 1750/3348/7307 1870/3360/7308
f 2482/3362/7251 2481/3350/7250 1870/3360/7308 1724/3369/7309
f 2483/3370/7252 2482/3362/7251 1724/3369/7309 1746/3380/7310
f 2484/3371/7253 2483/3370/7252 1746/3380/7310 1966/3381/7311
f 2485/3382/7254 2484/3371/7253 1966/3381/7311 1985/3389/7312
f 1935/3399/7313 2486/3390/7255 2485/3382/7254 1985/3389/7312
f 2487/3391/7256 2486/3390/7255 1935/3399/7313 1716/3400/7314
f 2488/3401/7257 2487/3391/7256 1716/3400/7314 1741/3407/7315
f 2489/3408/7258 2488/3401/7257 1741/3407/7315 1957/3415/7316
f 2490/3416/7189 2489/3408/7258 1957/3415/7316 1859/3417/7190
s 8
f 1549/3038/4655 1517/3037/4654 1511/3039/7317
s off
f 2215/1366/7318 2273/1372/7319 1507/1373/7320 1508/1370/7321
f 2303/1379/7322 2336/1385/7323 1467/1386/7324 1468/1382/7325
f 2374/1387/7326 2427/1393/7327 1427/1394/7328 1428/1390/7329
f 1469/1367/7330 2215/1366/7331 1508/1370/7332
f 2273/1372/7333 1506/1374/7334 2491/1376/7335 1507/1373/7336
f 1429/1377/7337 2303/1379/7338 1468/1382/7339
f 2336/1385/7340 1466/1380/7341 1467/1386/7342
f 1389/1383/7343 2374/1387/7344 1428/1390/7345
f 2427/1393/7346 1426/1388/7347 1427/1394/7348
f 2497/1848/7349 2496/1849/7350 2492/1850/7351 2495/1851/7352
f 2499/1858/7353 2498/1859/7354 2494/1860/7355 2493/1861/7356
f 2496/5676/7357 2499/5677/7358 2493/5678/7359 2492/5679/7360
f 2509/1852/7361 2508/1853/7362 2496/1849/7363 2497/1848/7364
f 2511/1862/7365 2510/1863/7366 2498/1859/7367 2499/1858/7368
f 2508/5680/7369 2511/5681/7370 2499/5677/7371 2496/5676/7372
f 2512/5682/7373 2513/5684/7374 2518/5685/7375 2519/5683/7376
f 2513/1856/7377 2512/1855/7378 2515/1854/7379 2514/1857/7380
f 2516/1866/7381 2517/1865/7382 2519/1864/7383 2518/1867/7384
f 2505/1887/7385 2504/1886/7386 2513/1888/7387 2514/1889/7388
f 2507/1893/7389 2506/1892/7390 2516/1896/7391 2518/1897/7392
f 2504/5686/7393 2507/5687/7394 2518/5685/7395 2513/5684/7396
f 2509/1852/7397 2515/1854/7398 2512/1855/7399 2508/1853/7400
f 2511/1862/7401 2519/1864/7402 2517/1865/7403 2510/1863/7404
f 2508/5680/7405 2512/5682/7406 2519/5683/7407 2511/5681/7408
f 2501/1868/7409 2500/1869/7410 2521/1870/7411 2523/1871/7412
f 2503/1902/7413 2502/1903/7414 2525/1900/7415 2527/1901/7416
f 2500/5695/7417 2503/5696/7418 2527/5694/7419 2521/5693/7420
f 2520/5691/7421 2521/5693/7422 2527/5694/7423 2526/5692/7424
f 2521/1870/7425 2520/1874/7426 2522/1875/7427 2523/1871/7428
f 2525/1900/7429 2524/1898/7430 2526/1899/7431 2527/1901/7432
f 2528/1878/7433 2529/1882/7434 2533/1883/7435 2532/1879/7436
f 4040/7157/7437 2528/5689/7438 2530/5690/7439 2531/7372/7440
f 2531/1890/7441 2530/1894/7442 2534/1895/7443 2535/1891/7444
f 4045/7161/7445 4038/7152/7446 2504/1886/7447 2505/1887/7448
f 2531/1890/7449 2535/1891/7450 2506/1892/7451 2507/1893/7452
f 4041/7158/7453 2531/5688/7454 2507/5687/7455 2504/5686/7456
f 2528/5689/7457 2520/5691/7458 2526/5692/7459 2530/5690/7460
f 2520/1874/7461 2528/1878/7462 2532/1879/7463 2522/1875/7464
f 2524/1898/7465 2534/1895/7466 2530/1894/7467 2526/1899/7468
f 2541/1906/7469 2539/1907/7470 2536/1908/7471 2540/1909/7472
f 2543/1918/7473 2537/1919/7474 2538/1920/7475 2542/1921/7476
f 2540/5712/7477 2536/5714/7478 2537/5715/7479 2543/5713/7480
f 2549/1910/7481 2541/1906/7482 2540/1909/7483 2548/1911/7484
f 2551/1922/7485 2543/1918/7486 2542/1921/7487 2550/1923/7488
f 2548/5710/7489 2540/5712/7490 2543/5713/7491 2551/5711/7492
f 2552/5708/7493 2559/5709/7494 2558/5707/7495 2553/5706/7496
f 2553/1914/7497 2554/1915/7498 2555/1913/7499 2552/1912/7500
f 2556/1926/7501 2558/1927/7502 2559/1925/7503 2557/1924/7504
f 2545/1916/7505 2554/1915/7506 2553/1914/7507 2544/1917/7508
f 2547/1929/7509 2558/1932/7510 2556/1933/7511 2546/1930/7512
f 2544/5704/7513 2553/5706/7514 2558/5707/7515 2547/5705/7516
f 2549/1910/7517 2548/1911/7518 2552/1912/7519 2555/1913/7520
f 2551/1922/7521 2550/1923/7522 2557/1924/7523 2559/1925/7524
f 2548/5710/7525 2551/5711/7526 2559/5709/7527 2552/5708/7528
f 2501/1868/7529 2563/1872/7530 2561/1873/7531 2500/1869/7532
f 2503/1902/7533 2567/1904/7534 2565/1905/7535 2502/1903/7536
f 2500/5695/7537 2561/5697/7538 2567/5698/7539 2503/5696/7540
f 2560/5699/7541 2566/5700/7542 2567/5698/7543 2561/5697/7544
f 2561/1873/7545 2563/1872/7546 2562/1876/7547 2560/1877/7548
f 2565/1938/7549 2567/1939/7550 2566/1937/7551 2564/1936/7552
f 2568/1881/7553 2572/1880/7554 2573/1884/7555 2569/1885/7556
f 4050/7167/7557 2571/5703/7558 2570/5702/7559 2568/5701/7560
f 2571/1928/7561 2575/1931/7562 2574/1934/7563 2570/1935/7564
f 4055/7171/7565 2545/1916/7566 2544/1917/7567 4048/7162/7568
f 2571/1928/7569 2547/1929/7570 2546/1930/7571 2575/1931/7572
f 4051/7168/7573 2544/5704/7574 2547/5705/7575 2571/7370/7576
f 2568/5701/7577 2570/5702/7578 2566/5700/7579 2560/5699/7580
f 2560/1877/7581 2562/1876/7582 2572/1880/7583 2568/1881/7584
f 2564/1936/7585 2566/1937/7586 2570/1935/7587 2574/1934/7588
f 2579/1940/7589 2578/1941/7590 2576/1942/7591 2577/1943/7592
f 2581/1968/7593 2580/1969/7594 2495/1970/7595 2492/1971/7596
f 2578/5716/7597 2581/5717/7598 2492/5718/7599 2576/5719/7600
f 2591/1944/7601 2590/1945/7602 2578/1941/7603 2579/1940/7604
f 2593/1972/7605 2592/1973/7606 2580/1969/7607 2581/1968/7608
f 2590/5720/7609 2593/5721/7610 2581/5717/7611 2578/5716/7612
f 2594/5722/7613 2595/5724/7614 2600/5725/7615 2601/5723/7616
f 2595/1948/7617 2594/1947/7618 2597/1946/7619 2596/1949/7620
f 2598/1974/7621 2599/1975/7622 2601/1976/7623 2600/1977/7624
f 2587/1950/7625 2586/1951/7626 2595/1948/7627 2596/1949/7628
f 2589/1980/7629 2588/1981/7630 2598/1974/7631 2600/1977/7632
f 2586/5726/7633 2589/5727/7634 2600/5725/7635 2595/5724/7636
f 2591/1944/7637 2597/1946/7638 2594/1947/7639 2590/1945/7640
f 2593/1978/7641 2601/1976/7642 2599/1975/7643 2592/1979/7644
f 2590/5720/7645 2594/5722/7646 2601/5723/7647 2593/5721/7648
f 2583/1960/7649 2582/1961/7650 2603/1958/7651 2605/1959/7652
f 2585/1982/7653 2584/1983/7654 2607/1984/7655 2609/1985/7656
f 2582/5735/7657 2585/5736/7658 2609/5734/7659 2603/5733/7660
f 2602/5731/7661 2603/5733/7662 2609/5734/7663 2608/5732/7664
f 2603/1958/7665 2602/1956/7666 2604/1957/7667 2605/1959/7668
f 2607/1984/7669 2606/1988/7670 2608/1989/7671 2609/1985/7672
f 2610/1954/7673 2611/1953/7674 2614/1952/7675 2613/1955/7676
f 2611/5728/7677 2610/5729/7678 2612/5730/7679 4042/7155/7680
f 4039/7156/7681 2612/1993/7682 2615/1992/7683 4046/7160/7684
f 2614/1952/7685 2611/1953/7686 2586/1951/7687 2587/1950/7688
f 4037/7153/7689 4044/7159/7690 2588/1981/7691 2589/1980/7692
f 2611/7373/7693 4043/7154/7694 2589/5727/7695 2586/5726/7696
f 2610/5729/7697 2602/5731/7698 2608/5732/7699 2612/5730/7700
f 2602/1956/7701 2610/1954/7702 2613/1955/7703 2604/1957/7704
f 2606/1988/7705 2615/1992/7706 2612/1993/7707 2608/1989/7708
f 2619/1996/7709 2617/1997/7710 2616/1998/7711 2618/1999/7712
f 2621/2006/7713 2536/2007/7714 2539/2008/7715 2620/2009/7716
f 2618/5752/7717 2616/5754/7718 2536/5755/7719 2621/5753/7720
f 2627/2000/7721 2619/1996/7722 2618/1999/7723 2626/2001/7724
f 2629/2010/7725 2621/2006/7726 2620/2009/7727 2628/2011/7728
f 2626/5750/7729 2618/5752/7730 2621/5753/7731 2629/5751/7732
f 2630/5748/7733 2637/5749/7734 2636/5747/7735 2631/5746/7736
f 2631/2004/7737 2632/2005/7738 2633/2003/7739 2630/2002/7740
f 2634/2012/7741 2636/2013/7742 2637/2014/7743 2635/2015/7744
f 2623/2024/7745 2632/2026/7746 2631/2027/7747 2622/2025/7748
f 2625/2016/7749 2636/2013/7750 2634/2012/7751 2624/2017/7752
f 2622/5744/7753 2631/5746/7754 2636/5747/7755 2625/5745/7756
f 2627/2000/7757 2626/2001/7758 2630/2002/7759 2633/2003/7760
f 2629/2018/7761 2628/2019/7762 2635/2015/7763 2637/2014/7764
f 2626/5750/7765 2629/5751/7766 2637/5749/7767 2630/5748/7768
f 2583/1960/7769 2641/1962/7770 2639/1963/7771 2582/1961/7772
f 2585/1982/7773 2645/1986/7774 2643/1987/7775 2584/1983/7776
f 2582/5735/7777 2639/5737/7778 2645/5738/7779 2585/5736/7780
f 2638/5739/7781 2644/5740/7782 2645/5738/7783 2639/5737/7784
f 2639/1963/7785 2641/1962/7786 2640/1964/7787 2638/1965/7788
f 2643/1987/7789 2645/1986/7790 2644/1990/7791 2642/1991/7792
f 2646/2020/7793 2649/2021/7794 2650/2022/7795 2647/2023/7796
f 2647/7371/7797 4052/7165/7798 2648/5742/7799 2646/5741/7800
f 4049/7166/7801 4056/7170/7802 2651/1995/7803 2648/1994/7804
f 2650/2022/7805 2623/2024/7806 2622/2025/7807 2647/2023/7808
f 4047/7163/7809 2625/2016/7810 2624/2017/7811 4054/7169/7812
f 2647/5743/7813 2622/5744/7814 2625/5745/7815 4053/7164/7816
f 2646/5741/7817 2648/5742/7818 2644/5740/7819 2638/5739/7820
f 2638/1965/7821 2640/1964/7822 2649/1966/7823 2646/1967/7824
f 2642/1991/7825 2644/1990/7826 2648/1994/7827 2651/1995/7828
f 2655/2028/7829 2654/2029/7830 2652/2030/7831 2653/2031/7832
f 2657/2070/7833 2656/2071/7834 2577/2072/7835 2576/2073/7836
f 2654/5756/7837 2657/5757/7838 2576/5758/7839 2652/5759/7840
f 2667/2032/7841 2666/2033/7842 2654/2029/7843 2655/2028/7844
f 2669/2074/7845 2668/2075/7846 2656/2071/7847 2657/2070/7848
f 2666/5760/7849 2669/5761/7850 2657/5757/7851 2654/5756/7852
f 2670/5762/7853 2671/5764/7854 2676/5765/7855 2677/5763/7856
f 2671/2036/7857 2670/2035/7858 2673/2034/7859 2672/2037/7860
f 2674/2078/7861 2675/2077/7862 2677/2076/7863 2676/2079/7864
f 2663/2038/7865 2662/2039/7866 2671/2036/7867 2672/2037/7868
f 2665/2099/7869 2664/2098/7870 2674/2102/7871 2676/2103/7872
f 2662/5766/7873 2665/5767/7874 2676/5765/7875 2671/5764/7876
f 2667/2032/7877 2673/2034/7878 2670/2035/7879 2666/2033/7880
f 2669/2074/7881 2677/2076/7882 2675/2077/7883 2668/2075/7884
f 2666/5760/7885 2670/5762/7886 2677/5763/7887 2669/5761/7888
f 2659/2048/7889 2658/2049/7890 2679/2046/7891 2681/2047/7892
f 2661/2080/7893 2660/2081/7894 2683/2082/7895 2685/2083/7896
f 2658/5776/7897 2661/5777/7898 2685/5775/7899 2679/5774/7900
f 2678/5772/7901 2679/5774/7902 2685/5775/7903 2684/5773/7904
f 2679/2046/7905 2678/2044/7906 2680/2045/7907 2681/2047/7908
f 2683/2082/7909 2682/2086/7910 2684/2087/7911 2685/2083/7912
f 2686/2042/7913 2687/2041/7914 2691/2040/7915 2690/2043/7916
f 2687/5768/7917 2686/5770/7918 2688/5771/7919 2689/5769/7920
f 2689/2094/7921 2688/2091/7922 2692/2090/7923 2693/2095/7924
f 2691/2040/7925 2687/2041/7926 2662/2039/7927 2663/2038/7928
f 2689/2094/7929 2693/2095/7930 2664/2098/7931 2665/2099/7932
f 2687/5768/7933 2689/5769/7934 2665/5767/7935 2662/5766/7936
f 2686/5770/7937 2678/5772/7938 2684/5773/7939 2688/5771/7940
f 2678/2044/7941 2686/2042/7942 2690/2043/7943 2680/2045/7944
f 2682/2086/7945 2692/2090/7946 2688/2091/7947 2684/2087/7948
f 2697/2066/7949 2695/2068/7950 2694/2069/7951 2696/2067/7952
f 2699/2112/7953 2616/2113/7954 2617/2114/7955 2698/2115/7956
f 2696/5794/7957 2694/5796/7958 2616/5797/7959 2699/5795/7960
f 2705/2064/7961 2697/2066/7962 2696/2067/7963 2704/2065/7964
f 2707/2108/7965 2699/2110/7966 2698/2111/7967 2706/2109/7968
f 2704/5792/7969 2696/5794/7970 2699/5795/7971 2707/5793/7972
f 2708/5790/7973 2715/5791/7974 2714/5789/7975 2709/5788/7976
f 2709/2061/7977 2710/2060/7978 2711/2062/7979 2708/2063/7980
f 2712/2105/7981 2714/2104/7982 2715/2106/7983 2713/2107/7984
f 2701/2058/7985 2710/2060/7986 2709/2061/7987 2700/2059/7988
f 2703/2100/7989 2714/2104/7990 2712/2105/7991 2702/2101/7992
f 2700/5786/7993 2709/5788/7994 2714/5789/7995 2703/5787/7996
f 2705/2064/7997 2704/2065/7998 2708/2063/7999 2711/2062/8000
f 2707/2108/8001 2706/2109/8002 2713/2107/8003 2715/2106/8004
f 2704/5792/8005 2707/5793/8006 2715/5791/8007 2708/5790/8008
f 2659/2048/8009 2719/2050/8010 2717/2051/8011 2658/2049/8012
f 2661/2080/8013 2723/2084/8014 2721/2085/8015 2660/2081/8016
f 2658/5776/8017 2717/5778/8018 2723/5779/8019 2661/5777/8020
f 2716/5780/8021 2722/5781/8022 2723/5779/8023 2717/5778/8024
f 2717/2051/8025 2719/2050/8026 2718/2052/8027 2716/2053/8028
f 2721/2085/8029 2723/2084/8030 2722/2088/8031 2720/2089/8032
f 2724/2055/8033 2728/2054/8034 2729/2056/8035 2725/2057/8036
f 2725/5784/8037 2727/5785/8038 2726/5783/8039 2724/5782/8040
f 2727/2096/8041 2731/2097/8042 2730/2093/8043 2726/2092/8044
f 2729/2056/8045 2701/2058/8046 2700/2059/8047 2725/2057/8048
f 2727/2096/8049 2703/2100/8050 2702/2101/8051 2731/2097/8052
f 2725/5784/8053 2700/5786/8054 2703/5787/8055 2727/5785/8056
f 2724/5782/8057 2726/5783/8058 2722/5781/8059 2716/5780/8060
f 2716/2053/8061 2718/2052/8062 2728/2054/8063 2724/2055/8064
f 2720/2089/8065 2722/2088/8066 2726/2092/8067 2730/2093/8068
f 2737/2116/8069 2736/2117/8070 2732/2118/8071 2735/2119/8072
f 2739/2126/8073 2738/2127/8074 2734/2128/8075 2733/2129/8076
f 2736/5798/8077 2739/5799/8078 2733/5800/8079 2732/5801/8080
f 2749/2120/8081 2748/2121/8082 2736/2117/8083 2737/2116/8084
f 2751/2130/8085 2750/2131/8086 2738/2127/8087 2739/2126/8088
f 2748/5802/8089 2751/5803/8090 2739/5799/8091 2736/5798/8092
f 2752/5804/8093 2753/5806/8094 2758/5807/8095 2759/5805/8096
f 2753/2124/8097 2752/2123/8098 2755/2122/8099 2754/2125/8100
f 2756/2134/8101 2757/2133/8102 2759/2132/8103 2758/2135/8104
f 2745/2155/8105 2744/2154/8106 2753/2156/8107 2754/2157/8108
f 2747/2161/8109 2746/2160/8110 2756/2164/8111 2758/2165/8112
f 2744/5808/8113 2747/5809/8114 2758/5807/8115 2753/5806/8116
f 2749/2120/8117 2755/2122/8118 2752/2123/8119 2748/2121/8120
f 2751/2130/8121 2759/2132/8122 2757/2133/8123 2750/2131/8124
f 2748/5802/8125 2752/5804/8126 2759/5805/8127 2751/5803/8128
f 2741/2136/8129 2740/2137/8130 2761/2138/8131 2763/2139/8132
f 2743/2170/8133 2742/2171/8134 2765/2168/8135 2767/2169/8136
f 2740/5817/8137 2743/5818/8138 2767/5816/8139 2761/5815/8140
f 2760/5813/8141 2761/5815/8142 2767/5816/8143 2766/5814/8144
f 2761/2138/8145 2760/2142/8146 2762/2143/8147 2763/2139/8148
f 2765/2168/8149 2764/2166/8150 2766/2167/8151 2767/2169/8152
f 2768/2146/8153 2769/2150/8154 2773/2151/8155 2772/2147/8156
f 4060/7177/8157 2768/5811/8158 2770/5812/8159 2771/7368/8160
f 2771/2158/8161 2770/2162/8162 2774/2163/8163 2775/2159/8164
f 4065/7181/8165 4058/7172/8166 2744/2154/8167 2745/2155/8168
f 2771/2158/8169 2775/2159/8170 2746/2160/8171 2747/2161/8172
f 4061/7178/8173 2771/5810/8174 2747/5809/8175 2744/5808/8176
f 2768/5811/8177 2760/5813/8178 2766/5814/8179 2770/5812/8180
f 2760/2142/8181 2768/2146/8182 2772/2147/8183 2762/2143/8184
f 2764/2166/8185 2774/2163/8186 2770/2162/8187 2766/2167/8188
f 2781/2174/8189 2779/2175/8190 2776/2176/8191 2780/2177/8192
f 2783/2186/8193 2777/2187/8194 2778/2188/8195 2782/2189/8196
f 2780/5834/8197 2776/5836/8198 2777/5837/8199 2783/5835/8200
f 2789/2178/8201 2781/2174/8202 2780/2177/8203 2788/2179/8204
f 2791/2190/8205 2783/2186/8206 2782/2189/8207 2790/2191/8208
f 2788/5832/8209 2780/5834/8210 2783/5835/8211 2791/5833/8212
f 2792/5830/8213 2799/5831/8214 2798/5829/8215 2793/5828/8216
f 2793/2182/8217 2794/2183/8218 2795/2181/8219 2792/2180/8220
f 2796/2194/8221 2798/2195/8222 2799/2193/8223 2797/2192/8224
f 2785/2184/8225 2794/2183/8226 2793/2182/8227 2784/2185/8228
f 2787/2197/8229 2798/2200/8230 2796/2201/8231 2786/2198/8232
f 2784/5826/8233 2793/5828/8234 2798/5829/8235 2787/5827/8236
f 2789/2178/8237 2788/2179/8238 2792/2180/8239 2795/2181/8240
f 2791/2190/8241 2790/2191/8242 2797/2192/8243 2799/2193/8244
f 2788/5832/8245 2791/5833/8246 2799/5831/8247 2792/5830/8248
f 2741/2136/8249 2803/2140/8250 2801/2141/8251 2740/2137/8252
f 2743/2170/8253 2807/2172/8254 2805/2173/8255 2742/2171/8256
f 2740/5817/8257 2801/5819/8258 2807/5820/8259 2743/5818/8260
f 2800/5821/8261 2806/5822/8262 2807/5820/8263 2801/5819/8264
f 2801/2141/8265 2803/2140/8266 2802/2144/8267 2800/2145/8268
f 2805/2206/8269 2807/2207/8270 2806/2205/8271 2804/2204/8272
f 2808/2149/8273 2812/2148/8274 2813/2152/8275 2809/2153/8276
f 4070/7187/8277 2811/5825/8278 2810/5824/8279 2808/5823/8280
f 2811/2196/8281 2815/2199/8282 2814/2202/8283 2810/2203/8284
f 4075/7191/8285 2785/2184/8286 2784/2185/8287 4068/7182/8288
f 2811/2196/8289 2787/2197/8290 2786/2198/8291 2815/2199/8292
f 4071/7188/8293 2784/5826/8294 2787/5827/8295 2811/7366/8296
f 2808/5823/8297 2810/5824/8298 2806/5822/8299 2800/5821/8300
f 2800/2145/8301 2802/2144/8302 2812/2148/8303 2808/2149/8304
f 2804/2204/8305 2806/2205/8306 2810/2203/8307 2814/2202/8308
f 2819/2208/8309 2818/2209/8310 2816/2210/8311 2817/2211/8312
f 2821/2236/8313 2820/2237/8314 2735/2238/8315 2732/2239/8316
f 2818/5838/8317 2821/5839/8318 2732/5840/8319 2816/5841/8320
f 2831/2212/8321 2830/2213/8322 2818/2209/8323 2819/2208/8324
f 2833/2240/8325 2832/2241/8326 2820/2237/8327 2821/2236/8328
f 2830/5842/8329 2833/5843/8330 2821/5839/8331 2818/5838/8332
f 2834/5844/8333 2835/5846/8334 2840/5847/8335 2841/5845/8336
f 2835/2216/8337 2834/2215/8338 2837/2214/8339 2836/2217/8340
f 2838/2242/8341 2839/2243/8342 2841/2244/8343 2840/2245/8344
f 2827/2218/8345 2826/2219/8346 2835/2216/8347 2836/2217/8348
f 2829/2248/8349 2828/2249/8350 2838/2242/8351 2840/2245/8352
f 2826/5848/8353 2829/5849/8354 2840/5847/8355 2835/5846/8356
f 2831/2212/8357 2837/2214/8358 2834/2215/8359 2830/2213/8360
f 2833/2246/8361 2841/2244/8362 2839/2243/8363 2832/2247/8364
f 2830/5842/8365 2834/5844/8366 2841/5845/8367 2833/5843/8368
f 2823/2228/8369 2822/2229/8370 2843/2226/8371 2845/2227/8372
f 2825/2250/8373 2824/2251/8374 2847/2252/8375 2849/2253/8376
f 2822/5857/8377 2825/5858/8378 2849/5856/8379 2843/5855/8380
f 2842/5853/8381 2843/5855/8382 2849/5856/8383 2848/5854/8384
f 2843/2226/8385 2842/2224/8386 2844/2225/8387 2845/2227/8388
f 2847/2252/8389 2846/2256/8390 2848/2257/8391 2849/2253/8392
f 2850/2222/8393 2851/2221/8394 2854/2220/8395 2853/2223/8396
f 2851/5850/8397 2850/5851/8398 2852/5852/8399 4062/7175/8400
f 4059/7176/8401 2852/2261/8402 2855/2260/8403 4066/7180/8404
f 2854/2220/8405 2851/2221/8406 2826/2219/8407 2827/2218/8408
f 4057/7173/8409 4064/7179/8410 2828/2249/8411 2829/2248/8412
f 2851/7369/8413 4063/7174/8414 2829/5849/8415 2826/5848/8416
f 2850/5851/8417 2842/5853/8418 2848/5854/8419 2852/5852/8420
f 2842/2224/8421 2850/2222/8422 2853/2223/8423 2844/2225/8424
f 2846/2256/8425 2855/2260/8426 2852/2261/8427 2848/2257/8428
f 2859/2264/8429 2857/2265/8430 2856/2266/8431 2858/2267/8432
f 2861/2274/8433 2776/2275/8434 2779/2276/8435 2860/2277/8436
f 2858/5874/8437 2856/5876/8438 2776/5877/8439 2861/5875/8440
f 2867/2268/8441 2859/2264/8442 2858/2267/8443 2866/2269/8444
f 2869/2278/8445 2861/2274/8446 2860/2277/8447 2868/2279/8448
f 2866/5872/8449 2858/5874/8450 2861/5875/8451 2869/5873/8452
f 2870/5870/8453 2877/5871/8454 2876/5869/8455 2871/5868/8456
f 2871/2272/8457 2872/2273/8458 2873/2271/8459 2870/2270/8460
f 2874/2280/8461 2876/2281/8462 2877/2282/8463 2875/2283/8464
f 2863/2292/8465 2872/2294/8466 2871/2295/8467 2862/2293/8468
f 2865/2284/8469 2876/2281/8470 2874/2280/8471 2864/2285/8472
f 2862/5866/8473 2871/5868/8474 2876/5869/8475 2865/5867/8476
f 2867/2268/8477 2866/2269/8478 2870/2270/8479 2873/2271/8480
f 2869/2286/8481 2868/2287/8482 2875/2283/8483 2877/2282/8484
f 2866/5872/8485 2869/5873/8486 2877/5871/8487 2870/5870/8488
f 2823/2228/8489 2881/2230/8490 2879/2231/8491 2822/2229/8492
f 2825/2250/8493 2885/2254/8494 2883/2255/8495 2824/2251/8496
f 2822/5857/8497 2879/5859/8498 2885/5860/8499 2825/5858/8500
f 2878/5861/8501 2884/5862/8502 2885/5860/8503 2879/5859/8504
f 2879/2231/8505 2881/2230/8506 2880/2232/8507 2878/2233/8508
f 2883/2255/8509 2885/2254/8510 2884/2258/8511 2882/2259/8512
f 2886/2288/8513 2889/2289/8514 2890/2290/8515 2887/2291/8516
f 2887/7367/8517 4072/7185/8518 2888/5864/8519 2886/5863/8520
f 4069/7186/8521 4076/7190/8522 2891/2263/8523 2888/2262/8524
f 2890/2290/8525 2863/2292/8526 2862/2293/8527 2887/2291/8528
f 4067/7183/8529 2865/2284/8530 2864/2285/8531 4074/7189/8532
f 2887/5865/8533 2862/5866/8534 2865/5867/8535 4073/7184/8536
f 2886/5863/8537 2888/5864/8538 2884/5862/8539 2878/5861/8540
f 2878/2233/8541 2880/2232/8542 2889/2234/8543 2886/2235/8544
f 2882/2259/8545 2884/2258/8546 2888/2262/8547 2891/2263/8548
f 2895/2296/8549 2894/2297/8550 2892/2298/8551 2893/2299/8552
f 2897/2338/8553 2896/2339/8554 2817/2340/8555 2816/2341/8556
f 2894/5878/8557 2897/5879/8558 2816/5880/8559 2892/5881/8560
f 2907/2300/8561 2906/2301/8562 2894/2297/8563 2895/2296/8564
f 2909/2342/8565 2908/2343/8566 2896/2339/8567 2897/2338/8568
f 2906/5882/8569 2909/5883/8570 2897/5879/8571 2894/5878/8572
f 2910/5884/8573 2911/5886/8574 2916/5887/8575 2917/5885/8576
f 2911/2304/8577 2910/2303/8578 2913/2302/8579 2912/2305/8580
f 2914/2346/8581 2915/2345/8582 2917/2344/8583 2916/2347/8584
f 2903/2306/8585 2902/2307/8586 2911/2304/8587 2912/2305/8588
f 2905/2367/8589 2904/2366/8590 2914/2370/8591 2916/2371/8592
f 2902/5888/8593 2905/5889/8594 2916/5887/8595 2911/5886/8596
f 2907/2300/8597 2913/2302/8598 2910/2303/8599 2906/2301/8600
f 2909/2342/8601 2917/2344/8602 2915/2345/8603 2908/2343/8604
f 2906/5882/8605 2910/5884/8606 2917/5885/8607 2909/5883/8608
f 2899/2316/8609 2898/2317/8610 2919/2314/8611 2921/2315/8612
f 2901/2348/8613 2900/2349/8614 2923/2350/8615 2925/2351/8616
f 2898/5898/8617 2901/5899/8618 2925/5897/8619 2919/5896/8620
f 2918/5894/8621 2919/5896/8622 2925/5897/8623 2924/5895/8624
f 2919/2314/8625 2918/2312/8626 2920/2313/8627 2921/2315/8628
f 2923/2350/8629 2922/2354/8630 2924/2355/8631 2925/2351/8632
f 2926/2310/8633 2927/2309/8634 2931/2308/8635 2930/2311/8636
f 2927/5890/8637 2926/5892/8638 2928/5893/8639 2929/5891/8640
f 2929/2362/8641 2928/2359/8642 2932/2358/8643 2933/2363/8644
f 2931/2308/8645 2927/2309/8646 2902/2307/8647 2903/2306/8648
f 2929/2362/8649 2933/2363/8650 2904/2366/8651 2905/2367/8652
f 2927/5890/8653 2929/5891/8654 2905/5889/8655 2902/5888/8656
f 2926/5892/8657 2918/5894/8658 2924/5895/8659 2928/5893/8660
f 2918/2312/8661 2926/2310/8662 2930/2311/8663 2920/2313/8664
f 2922/2354/8665 2932/2358/8666 2928/2359/8667 2924/2355/8668
f 2937/2334/8669 2935/2336/8670 2934/2337/8671 2936/2335/8672
f 2939/2380/8673 2856/2381/8674 2857/2382/8675 2938/2383/8676
f 2936/5916/8677 2934/5918/8678 2856/5919/8679 2939/5917/8680
f 2945/2332/8681 2937/2334/8682 2936/2335/8683 2944/2333/8684
f 2947/2376/8685 2939/2378/8686 2938/2379/8687 2946/2377/8688
f 2944/5914/8689 2936/5916/8690 2939/5917/8691 2947/5915/8692
f 2948/5912/8693 2955/5913/8694 2954/5911/8695 2949/5910/8696
f 2949/2329/8697 2950/2328/8698 2951/2330/8699 2948/2331/8700
f 2952/2373/8701 2954/2372/8702 2955/2374/8703 2953/2375/8704
f 2941/2326/8705 2950/2328/8706 2949/2329/8707 2940/2327/8708
f 2943/2368/8709 2954/2372/8710 2952/2373/8711 2942/2369/8712
f 2940/5908/8713 2949/5910/8714 2954/5911/8715 2943/5909/8716
f 2945/2332/8717 2944/2333/8718 2948/2331/8719 2951/2330/8720
f 2947/2376/8721 2946/2377/8722 2953/2375/8723 2955/2374/8724
f 2944/5914/8725 2947/5915/8726 2955/5913/8727 2948/5912/8728
f 2899/2316/8729 2959/2318/8730 2957/2319/8731 2898/2317/8732
f 2901/2348/8733 2963/2352/8734 2961/2353/8735 2900/2349/8736
f 2898/5898/8737 2957/5900/8738 2963/5901/8739 2901/5899/8740
f 2956/5902/8741 2962/5903/8742 2963/5901/8743 2957/5900/8744
f 2957/2319/8745 2959/2318/8746 2958/2320/8747 2956/2321/8748
f 2961/2353/8749 2963/2352/8750 2962/2356/8751 2960/2357/8752
f 2964/2323/8753 2968/2322/8754 2969/2324/8755 2965/2325/8756
f 2965/5906/8757 2967/5907/8758 2966/5905/8759 2964/5904/8760
f 2967/2364/8761 2971/2365/8762 2970/2361/8763 2966/2360/8764
f 2969/2324/8765 2941/2326/8766 2940/2327/8767 2965/2325/8768
f 2967/2364/8769 2943/2368/8770 2942/2369/8771 2971/2365/8772
f 2965/5906/8773 2940/5908/8774 2943/5909/8775 2967/5907/8776
f 2964/5904/8777 2966/5905/8778 2962/5903/8779 2956/5902/8780
f 2956/2321/8781 2958/2320/8782 2968/2322/8783 2964/2323/8784
f 2960/2357/8785 2962/2356/8786 2966/2360/8787 2970/2361/8788
f 2977/5920/8789 2976/5921/8790 2972/5922/8791 2975/5923/8792
f 2979/5930/8793 2978/5931/8794 2974/5932/8795 2973/5933/8796
f 2976/2384/8797 2979/2385/8798 2973/2386/8799 2972/2387/8800
f 2989/5924/8801 2988/5925/8802 2976/5921/8803 2977/5920/8804
f 2991/5934/8805 2990/5935/8806 2978/5931/8807 2979/5930/8808
f 2988/2388/8809 2991/2389/8810 2979/2385/8811 2976/2384/8812
f 2992/2390/8813 2993/2392/8814 2998/2393/8815 2999/2391/8816
f 2993/5928/8817 2992/5927/8818 2995/5926/8819 2994/5929/8820
f 2996/5938/8821 2997/5937/8822 2999/5936/8823 2998/5939/8824
f 2985/3729/8825 2984/3730/8826 2993/3731/8827 2994/3732/8828
f 2987/3733/8829 2986/3734/8830 2996/3735/8831 2998/3736/8832
f 2984/2394/8833 2987/2395/8834 2998/2393/8835 2993/2392/8836
f 2989/5924/8837 2995/5926/8838 2992/5927/8839 2988/5925/8840
f 2991/5934/8841 2999/5936/8842 2997/5937/8843 2990/5935/8844
f 2988/2388/8845 2992/2390/8846 2999/2391/8847 2991/2389/8848
f 2981/5940/8849 2980/5941/8850 3001/5942/8851 3003/5943/8852
f 2983/5950/8853 2982/5951/8854 3005/5952/8855 3007/5953/8856
f 2980/2404/8857 2983/2405/8858 3007/2403/8859 3001/2402/8860
f 3000/2400/8861 3001/2402/8862 3007/2403/8863 3006/2401/8864
f 3001/5942/8865 3000/5946/8866 3002/5947/8867 3003/5943/8868
f 3005/5952/8869 3004/5956/8870 3006/5957/8871 3007/5953/8872
f 3008/5960/8873 3009/5961/8874 3013/5962/8875 3012/5963/8876
f 3009/2396/8877 3008/2398/8878 3010/2399/8879 3011/2397/8880
f 3011/5966/8881 3010/5967/8882 3014/5968/8883 3015/5969/8884
f 3013/5962/8885 3009/5961/8886 2984/5964/8887 2985/5965/8888
f 3011/5966/8889 3015/5969/8890 2986/5970/8891 2987/5971/8892
f 3009/2396/8893 3011/2397/8894 2987/2395/8895 2984/2394/8896
f 3008/2398/8897 3000/2400/8898 3006/2401/8899 3010/2399/8900
f 3000/3737/8901 3008/3738/8902 3012/3739/8903 3002/3740/8904
f 3004/3741/8905 3014/3742/8906 3010/3743/8907 3006/3744/8908
f 3021/5972/8909 3019/5973/8910 3016/5974/8911 3020/5975/8912
f 3023/5982/8913 3017/5983/8914 3018/5984/8915 3022/5985/8916
f 3020/2422/8917 3016/2424/8918 3017/2425/8919 3023/2423/8920
f 3029/5976/8921 3021/5972/8922 3020/5975/8923 3028/5977/8924
f 3031/5986/8925 3023/5982/8926 3022/5985/8927 3030/5987/8928
f 3028/2420/8929 3020/2422/8930 3023/2423/8931 3031/2421/8932
f 3032/2418/8933 3039/2419/8934 3038/2417/8935 3033/2416/8936
f 3033/5980/8937 3034/5981/8938 3035/5979/8939 3032/5978/8940
f 3036/5990/8941 3038/5991/8942 3039/5989/8943 3037/5988/8944
f 3025/3745/8945 3034/3746/8946 3033/3747/8947 3024/3748/8948
f 3027/3749/8949 3038/3750/8950 3036/3751/8951 3026/3752/8952
f 3024/2414/8953 3033/2416/8954 3038/2417/8955 3027/2415/8956
f 3029/5976/8957 3028/5977/8958 3032/5978/8959 3035/5979/8960
f 3031/5986/8961 3030/5987/8962 3037/5988/8963 3039/5989/8964
f 3028/2420/8965 3031/2421/8966 3039/2419/8967 3032/2418/8968
f 2981/5940/8969 3043/5944/8970 3041/5945/8971 2980/5941/8972
f 2983/5950/8973 3047/5954/8974 3045/5955/8975 2982/5951/8976
f 2980/2404/8977 3041/2406/8978 3047/2407/8979 2983/2405/8980
f 3040/2408/8981 3046/2409/8982 3047/2407/8983 3041/2406/8984
f 3041/5945/8985 3043/5944/8986 3042/5948/8987 3040/5949/8988
f 3045/5955/8989 3047/5954/8990 3046/5958/8991 3044/5959/8992
f 3048/5992/8993 3052/5993/8994 3053/5994/8995 3049/5995/8996
f 3049/2412/8997 3051/2413/8998 3050/2411/8999 3048/2410/9000
f 3051/5998/9001 3055/5999/9002 3054/6000/9003 3050/6001/9004
f 3053/5994/9005 3025/5996/9006 3024/5997/9007 3049/5995/9008
f 3051/5998/9009 3027/6002/9010 3026/6003/9011 3055/5999/9012
f 3049/2412/9013 3024/2414/9014 3027/2415/9015 3051/2413/9016
f 3048/2410/9017 3050/2411/9018 3046/2409/9019 3040/2408/9020
f 3040/3753/9021 3042/3754/9022 3052/3755/9023 3048/3756/9024
f 3044/3757/9025 3046/3758/9026 3050/3759/9027 3054/3760/9028
f 3061/6004/9029 3060/6005/9030 3056/6006/9031 3059/6007/9032
f 3063/6014/9033 3062/6015/9034 3058/6016/9035 3057/6017/9036
f 3060/2426/9037 3063/2427/9038 3057/2428/9039 3056/2429/9040
f 3073/6008/9041 3072/6009/9042 3060/6005/9043 3061/6004/9044
f 3075/6018/9045 3074/6019/9046 3062/6015/9047 3063/6014/9048
f 3072/2430/9049 3075/2431/9050 3063/2427/9051 3060/2426/9052
f 3076/2432/9053 3077/2434/9054 3082/2435/9055 3083/2433/9056
f 3077/6012/9057 3076/6011/9058 3079/6010/9059 3078/6013/9060
f 3080/6022/9061 3081/6021/9062 3083/6020/9063 3082/6023/9064
f 3069/3761/9065 3068/3762/9066 3077/3763/9067 3078/3764/9068
f 3071/3765/9069 3070/3766/9070 3080/3767/9071 3082/3768/9072
f 3068/2436/9073 3071/2437/9074 3082/2435/9075 3077/2434/9076
f 3073/6008/9077 3079/6010/9078 3076/6011/9079 3072/6009/9080
f 3075/6018/9081 3083/6020/9082 3081/6021/9083 3074/6019/9084
f 3072/2430/9085 3076/2432/9086 3083/2433/9087 3075/2431/9088
f 3065/6024/9089 3064/6025/9090 3085/6026/9091 3087/6027/9092
f 3067/6034/9093 3066/6035/9094 3089/6036/9095 3091/6037/9096
f 3064/2446/9097 3067/2447/9098 3091/2445/9099 3085/2444/9100
f 3084/2442/9101 3085/2444/9102 3091/2445/9103 3090/2443/9104
f 3085/6026/9105 3084/6030/9106 3086/6031/9107 3087/6027/9108
f 3089/6036/9109 3088/6040/9110 3090/6041/9111 3091/6037/9112
f 3092/6044/9113 3093/6045/9114 3097/6046/9115 3096/6047/9116
f 3093/2438/9117 3092/2440/9118 3094/2441/9119 3095/2439/9120
f 3095/6050/9121 3094/6051/9122 3098/6052/9123 3099/6053/9124
f 3097/6046/9125 3093/6045/9126 3068/6048/9127 3069/6049/9128
f 3095/6050/9129 3099/6053/9130 3070/6054/9131 3071/6055/9132
f 3093/2438/9133 3095/2439/9134 3071/2437/9135 3068/2436/9136
f 3092/2440/9137 3084/2442/9138 3090/2443/9139 3094/2441/9140
f 3084/3769/9141 3092/3770/9142 3096/3771/9143 3086/3772/9144
f 3088/3773/9145 3098/3774/9146 3094/3775/9147 3090/3776/9148
f 3105/6056/9149 3103/6057/9150 3100/6058/9151 3104/6059/9152
f 3107/6066/9153 3101/6067/9154 3102/6068/9155 3106/6069/9156
f 3104/2464/9157 3100/2466/9158 3101/2467/9159 3107/2465/9160
f 3113/6060/9161 3105/6056/9162 3104/6059/9163 3112/6061/9164
f 3115/6070/9165 3107/6066/9166 3106/6069/9167 3114/6071/9168
f 3112/2462/9169 3104/2464/9170 3107/2465/9171 3115/2463/9172
f 3116/2460/9173 3123/2461/9174 3122/2459/9175 3117/2458/9176
f 3117/6064/9177 3118/6065/9178 3119/6063/9179 3116/6062/9180
f 3120/6074/9181 3122/6075/9182 3123/6073/9183 3121/6072/9184
f 3109/3777/9185 3118/3778/9186 3117/3779/9187 3108/3780/9188
f 3111/3781/9189 3122/3782/9190 3120/3783/9191 3110/3784/9192
f 3108/2456/9193 3117/2458/9194 3122/2459/9195 3111/2457/9196
f 3113/6060/9197 3112/6061/9198 3116/6062/9199 3119/6063/9200
f 3115/6070/9201 3114/6071/9202 3121/6072/9203 3123/6073/9204
f 3112/2462/9205 3115/2463/9206 3123/2461/9207 3116/2460/9208
f 3065/6024/9209 3127/6028/9210 3125/6029/9211 3064/6025/9212
f 3067/6034/9213 3131/6038/9214 3129/6039/9215 3066/6035/9216
f 3064/2446/9217 3125/2448/9218 3131/2449/9219 3067/2447/9220
f 3124/2450/9221 3130/2451/9222 3131/2449/9223 3125/2448/9224
f 3125/6029/9225 3127/6028/9226 3126/6032/9227 3124/6033/9228
f 3129/6039/9229 3131/6038/9230 3130/6042/9231 3128/6043/9232
f 3132/6076/9233 3136/6077/9234 3137/6078/9235 3133/6079/9236
f 3133/2454/9237 3135/2455/9238 3134/2453/9239 3132/2452/9240
f 3135/6082/9241 3139/6083/9242 3138/6084/9243 3134/6085/9244
f 3137/6078/9245 3109/6080/9246 3108/6081/9247 3133/6079/9248
f 3135/6082/9249 3111/6086/9250 3110/6087/9251 3139/6083/9252
f 3133/2454/9253 3108/2456/9254 3111/2457/9255 3135/2455/9256
f 3132/2452/9257 3134/2453/9258 3130/2451/9259 3124/2450/9260
f 3124/3785/9261 3126/3786/9262 3136/3787/9263 3132/3788/9264
f 3128/3789/9265 3130/3790/9266 3134/3791/9267 3138/3792/9268
f 3145/6088/9269 3144/6089/9270 3140/6090/9271 3143/6091/9272
f 3147/6100/9273 3146/6101/9274 3142/6102/9275 3141/6103/9276
f 3144/2468/9277 3147/2469/9278 3141/2470/9279 3140/2471/9280
f 3157/6092/9281 3156/6093/9282 3144/6089/9283 3145/6088/9284
f 3159/6104/9285 3158/6105/9286 3146/6101/9287 3147/6100/9288
f 3156/2472/9289 3159/2473/9290 3147/2469/9291 3144/2468/9292
f 3160/2474/9293 3161/2476/9294 3166/2477/9295 3167/2475/9296
f 3161/6096/9297 3160/6095/9298 3163/6094/9299 3162/6097/9300
f 3164/6108/9301 3165/6107/9302 3167/6106/9303 3166/6109/9304
f 3153/6098/9305 3152/6099/9306 3161/6096/9307 3162/6097/9308
f 3155/6110/9309 3154/6111/9310 3164/6108/9311 3166/6109/9312
f 3152/2478/9313 3155/2479/9314 3166/2477/9315 3161/2476/9316
f 3157/6092/9317 3163/6094/9318 3160/6095/9319 3156/6093/9320
f 3159/6104/9321 3167/6106/9322 3165/6107/9323 3158/6105/9324
f 3156/2472/9325 3160/2474/9326 3167/2475/9327 3159/2473/9328
f 3149/6120/9329 3148/6121/9330 3169/6122/9331 3171/6123/9332
f 3151/6168/9333 3150/6169/9334 3173/6170/9335 3175/6171/9336
f 3148/2487/9337 3151/2488/9338 3175/2486/9339 3169/2485/9340
f 3168/2483/9341 3169/2485/9342 3175/2486/9343 3174/2484/9344
f 3169/6122/9345 3168/6126/9346 3170/6127/9347 3171/6123/9348
f 3173/6118/9349 3172/6116/9350 3174/6117/9351 3175/6119/9352
f 3176/6896/9353 3177/6897/9354 3181/6898/9355 3180/6899/9356
f 4080/7197/9357 3176/2481/9358 3178/2482/9359 3179/7364/9360
f 3179/6112/9361 3178/6114/9362 3182/6115/9363 3183/6113/9364
f 4085/7201/9365 4078/7192/9366 3152/6099/9367 3153/6098/9368
f 3179/6112/9369 3183/6113/9370 3154/6111/9371 3155/6110/9372
f 4081/7198/9373 3179/2480/9374 3155/2479/9375 3152/2478/9376
f 3176/2481/9377 3168/2483/9378 3174/2484/9379 3178/2482/9380
f 3168/6126/9381 3176/6130/9382 3180/6131/9383 3170/6127/9384
f 3172/6116/9385 3182/6115/9386 3178/6114/9387 3174/6117/9388
f 3189/6136/9389 3187/6137/9390 3184/6138/9391 3188/6139/9392
f 3191/6148/9393 3185/6149/9394 3186/6150/9395 3190/6151/9396
f 3188/2504/9397 3184/2506/9398 3185/2507/9399 3191/2505/9400
f 3197/6140/9401 3189/6136/9402 3188/6139/9403 3196/6141/9404
f 3199/6152/9405 3191/6148/9406 3190/6151/9407 3198/6153/9408
f 3196/2502/9409 3188/2504/9410 3191/2505/9411 3199/2503/9412
f 3200/2500/9413 3207/2501/9414 3206/2499/9415 3201/2498/9416
f 3201/6144/9417 3202/6145/9418 3203/6143/9419 3200/6142/9420
f 3204/6156/9421 3206/6157/9422 3207/6155/9423 3205/6154/9424
f 3193/6146/9425 3202/6145/9426 3201/6144/9427 3192/6147/9428
f 3195/6158/9429 3206/6157/9430 3204/6156/9431 3194/6159/9432
f 3192/2496/9433 3201/2498/9434 3206/2499/9435 3195/2497/9436
f 3197/6140/9437 3196/6141/9438 3200/6142/9439 3203/6143/9440
f 3199/6152/9441 3198/6153/9442 3205/6154/9443 3207/6155/9444
f 3196/2502/9445 3199/2503/9446 3207/2501/9447 3200/2500/9448
f 3149/6120/9449 3211/6124/9450 3209/6125/9451 3148/6121/9452
f 3151/6168/9453 3215/6167/9454 3213/6166/9455 3150/6169/9456
f 3148/2487/9457 3209/2489/9458 3215/2490/9459 3151/2488/9460
f 3208/2491/9461 3214/2492/9462 3215/2490/9463 3209/2489/9464
f 3209/6125/9465 3211/6124/9466 3210/6128/9467 3208/6129/9468
f 3213/6166/9469 3215/6167/9470 3214/6165/9471 3212/6164/9472
f 3216/6133/9473 3220/6132/9474 3221/6134/9475 3217/6135/9476
f 4090/7207/9477 3219/2495/9478 3218/2494/9479 3216/2493/9480
f 3219/6160/9481 3223/6161/9482 3222/6162/9483 3218/6163/9484
f 4095/7211/9485 3193/6146/9486 3192/6147/9487 4088/7202/9488
f 3219/6160/9489 3195/6158/9490 3194/6159/9491 3223/6161/9492
f 4091/7208/9493 3192/2496/9494 3195/2497/9495 3219/7362/9496
f 3216/2493/9497 3218/2494/9498 3214/2492/9499 3208/2491/9500
f 3208/6129/9501 3210/6128/9502 3220/6132/9503 3216/6133/9504
f 3212/6164/9505 3214/6165/9506 3218/6163/9507 3222/6162/9508
f 3227/6172/9509 3226/6173/9510 3224/6174/9511 3225/6175/9512
f 3229/6214/9513 3228/6215/9514 3143/6216/9515 3140/6217/9516
f 3226/2508/9517 3229/2509/9518 3140/2510/9519 3224/2511/9520
f 3239/6176/9521 3238/6177/9522 3226/6173/9523 3227/6172/9524
f 3241/6218/9525 3240/6219/9526 3228/6215/9527 3229/6214/9528
f 3238/2512/9529 3241/2513/9530 3229/2509/9531 3226/2508/9532
f 3242/2514/9533 3243/2516/9534 3248/2517/9535 3249/2515/9536
f 3243/6180/9537 3242/6179/9538 3245/6178/9539 3244/6181/9540
f 3246/6222/9541 3247/6221/9542 3249/6220/9543 3248/6223/9544
f 3235/6182/9545 3234/6183/9546 3243/6180/9547 3244/6181/9548
f 3237/6224/9549 3236/6225/9550 3246/6222/9551 3248/6223/9552
f 3234/2518/9553 3237/2519/9554 3248/2517/9555 3243/2516/9556
f 3239/6176/9557 3245/6178/9558 3242/6179/9559 3238/6177/9560
f 3241/6218/9561 3249/6220/9562 3247/6221/9563 3240/6219/9564
f 3238/2512/9565 3242/2514/9566 3249/2515/9567 3241/2513/9568
f 3231/6192/9569 3230/6193/9570 3251/6190/9571 3253/6191/9572
f 3233/6226/9573 3232/6227/9574 3255/6228/9575 3257/6229/9576
f 3230/2527/9577 3233/2528/9578 3257/2526/9579 3251/2525/9580
f 3250/2523/9581 3251/2525/9582 3257/2526/9583 3256/2524/9584
f 3251/6190/9585 3250/6188/9586 3252/6189/9587 3253/6191/9588
f 3255/6228/9589 3254/6232/9590 3256/6233/9591 3257/6229/9592
f 3258/6186/9593 3259/6185/9594 3262/6184/9595 3261/6187/9596
f 3259/2520/9597 3258/2521/9598 3260/2522/9599 4082/7195/9600
f 4079/7196/9601 3260/6237/9602 3263/6236/9603 4086/7200/9604
f 3262/6184/9605 3259/6185/9606 3234/6183/9607 3235/6182/9608
f 4077/7193/9609 4084/7199/9610 3236/6225/9611 3237/6224/9612
f 3259/7365/9613 4083/7194/9614 3237/2519/9615 3234/2518/9616
f 3258/2521/9617 3250/2523/9618 3256/2524/9619 3260/2522/9620
f 3250/6188/9621 3258/6186/9622 3261/6187/9623 3252/6189/9624
f 3254/6232/9625 3263/6236/9626 3260/6237/9627 3256/6233/9628
f 3267/6210/9629 3265/6212/9630 3264/6213/9631 3266/6211/9632
f 3269/6240/9633 3184/6241/9634 3187/6242/9635 3268/6243/9636
f 3266/2544/9637 3264/2546/9638 3184/2547/9639 3269/2545/9640
f 3275/6208/9641 3267/6210/9642 3266/6211/9643 3274/6209/9644
f 3277/6244/9645 3269/6240/9646 3268/6243/9647 3276/6245/9648
f 3274/2542/9649 3266/2544/9650 3269/2545/9651 3277/2543/9652
f 3278/2540/9653 3285/2541/9654 3284/2539/9655 3279/2538/9656
f 3279/6205/9657 3280/6204/9658 3281/6206/9659 3278/6207/9660
f 3282/6248/9661 3284/6249/9662 3285/6247/9663 3283/6246/9664
f 3271/6202/9665 3280/6204/9666 3279/6205/9667 3270/6203/9668
f 3273/6250/9669 3284/6249/9670 3282/6248/9671 3272/6251/9672
f 3270/2536/9673 3279/2538/9674 3284/2539/9675 3273/2537/9676
f 3275/6208/9677 3274/6209/9678 3278/6207/9679 3281/6206/9680
f 3277/6244/9681 3276/6245/9682 3283/6246/9683 3285/6247/9684
f 3274/2542/9685 3277/2543/9686 3285/2541/9687 3278/2540/9688
f 3231/6192/9689 3289/6194/9690 3287/6195/9691 3230/6193/9692
f 3233/6226/9693 3293/6230/9694 3291/6231/9695 3232/6227/9696
f 3230/2527/9697 3287/2529/9698 3293/2530/9699 3233/2528/9700
f 3286/2531/9701 3292/2532/9702 3293/2530/9703 3287/2529/9704
f 3287/6195/9705 3289/6194/9706 3288/6196/9707 3286/6197/9708
f 3291/6231/9709 3293/6230/9710 3292/6234/9711 3290/6235/9712
f 3294/6199/9713 3297/6198/9714 3298/6200/9715 3295/6201/9716
f 3295/7363/9717 4092/7205/9718 3296/2534/9719 3294/2533/9720
f 4089/7206/9721 4096/7210/9722 3299/6239/9723 3296/6238/9724
f 3298/6200/9725 3271/6202/9726 3270/6203/9727 3295/6201/9728
f 4087/7203/9729 3273/6250/9730 3272/6251/9731 4094/7209/9732
f 3295/2535/9733 3270/2536/9734 3273/2537/9735 4093/7204/9736
f 3294/2533/9737 3296/2534/9738 3292/2532/9739 3286/2531/9740
f 3286/6197/9741 3288/6196/9742 3297/6198/9743 3294/6199/9744
f 3290/6235/9745 3292/6234/9746 3296/6238/9747 3299/6239/9748
f 3303/6252/9749 3302/6253/9750 3300/6254/9751 3301/6255/9752
f 3305/6294/9753 3304/6295/9754 3225/6296/9755 3224/6297/9756
f 3302/2548/9757 3305/2549/9758 3224/2550/9759 3300/2551/9760
f 3315/6256/9761 3314/6257/9762 3302/6253/9763 3303/6252/9764
f 3317/6298/9765 3316/6299/9766 3304/6295/9767 3305/6294/9768
f 3314/2552/9769 3317/2553/9770 3305/2549/9771 3302/2548/9772
f 3318/2554/9773 3319/2556/9774 3324/2557/9775 3325/2555/9776
f 3319/6260/9777 3318/6259/9778 3321/6258/9779 3320/6261/9780
f 3322/6302/9781 3323/6301/9782 3325/6300/9783 3324/6303/9784
f 3311/6262/9785 3310/6263/9786 3319/6260/9787 3320/6261/9788
f 3313/6304/9789 3312/6305/9790 3322/6302/9791 3324/6303/9792
f 3310/2558/9793 3313/2559/9794 3324/2557/9795 3319/2556/9796
f 3315/6256/9797 3321/6258/9798 3318/6259/9799 3314/6257/9800
f 3317/6298/9801 3325/6300/9802 3323/6301/9803 3316/6299/9804
f 3314/2552/9805 3318/2554/9806 3325/2555/9807 3317/2553/9808
f 3307/6272/9809 3306/6273/9810 3327/6270/9811 3329/6271/9812
f 3309/6314/9813 3308/6315/9814 3331/6312/9815 3333/6313/9816
f 3306/2568/9817 3309/2569/9818 3333/2567/9819 3327/2566/9820
f 3326/2564/9821 3327/2566/9822 3333/2567/9823 3332/2565/9824
f 3327/6270/9825 3326/6268/9826 3328/6269/9827 3329/6271/9828
f 3331/6312/9829 3330/6310/9830 3332/6311/9831 3333/6313/9832
f 3334/6266/9833 3335/6265/9834 3339/6264/9835 3338/6267/9836
f 3335/2560/9837 3334/2562/9838 3336/2563/9839 3337/2561/9840
f 3337/6306/9841 3336/6308/9842 3340/6309/9843 3341/6307/9844
f 3339/6264/9845 3335/6265/9846 3310/6263/9847 3311/6262/9848
f 3337/6306/9849 3341/6307/9850 3312/6305/9851 3313/6304/9852
f 3335/2560/9853 3337/2561/9854 3313/2559/9855 3310/2558/9856
f 3334/2562/9857 3326/2564/9858 3332/2565/9859 3336/2563/9860
f 3326/6268/9861 3334/6266/9862 3338/6267/9863 3328/6269/9864
f 3330/6310/9865 3340/6309/9866 3336/6308/9867 3332/6311/9868
f 3345/6290/9869 3343/6292/9870 3342/6293/9871 3344/6291/9872
f 3347/6334/9873 3264/6335/9874 3265/6336/9875 3346/6337/9876
f 3344/2586/9877 3342/2588/9878 3264/2589/9879 3347/2587/9880
f 3353/6288/9881 3345/6290/9882 3344/6291/9883 3352/6289/9884
f 3355/6330/9885 3347/6332/9886 3346/6333/9887 3354/6331/9888
f 3352/2584/9889 3344/2586/9890 3347/2587/9891 3355/2585/9892
f 3356/2582/9893 3363/2583/9894 3362/2581/9895 3357/2580/9896
f 3357/6285/9897 3358/6284/9898 3359/6286/9899 3356/6287/9900
f 3360/6327/9901 3362/6326/9902 3363/6328/9903 3361/6329/9904
f 3349/6282/9905 3358/6284/9906 3357/6285/9907 3348/6283/9908
f 3351/6324/9909 3362/6326/9910 3360/6327/9911 3350/6325/9912
f 3348/2578/9913 3357/2580/9914 3362/2581/9915 3351/2579/9916
f 3353/6288/9917 3352/6289/9918 3356/6287/9919 3359/6286/9920
f 3355/6330/9921 3354/6331/9922 3361/6329/9923 3363/6328/9924
f 3352/2584/9925 3355/2585/9926 3363/2583/9927 3356/2582/9928
f 3307/6272/9929 3367/6274/9930 3365/6275/9931 3306/6273/9932
f 3309/6314/9933 3371/6316/9934 3369/6317/9935 3308/6315/9936
f 3306/2568/9937 3365/2570/9938 3371/2571/9939 3309/2569/9940
f 3364/2572/9941 3370/2573/9942 3371/2571/9943 3365/2570/9944
f 3365/6275/9945 3367/6274/9946 3366/6276/9947 3364/6277/9948
f 3369/6317/9949 3371/6316/9950 3370/6318/9951 3368/6319/9952
f 3372/6279/9953 3376/6278/9954 3377/6280/9955 3373/6281/9956
f 3373/2576/9957 3375/2577/9958 3374/2575/9959 3372/2574/9960
f 3375/6322/9961 3379/6323/9962 3378/6321/9963 3374/6320/9964
f 3377/6280/9965 3349/6282/9966 3348/6283/9967 3373/6281/9968
f 3375/6322/9969 3351/6324/9970 3350/6325/9971 3379/6323/9972
f 3373/2576/9973 3348/2578/9974 3351/2579/9975 3375/2577/9976
f 3372/2574/9977 3374/2575/9978 3370/2573/9979 3364/2572/9980
f 3364/6277/9981 3366/6276/9982 3376/6278/9983 3372/6279/9984
f 3368/6319/9985 3370/6318/9986 3374/6320/9987 3378/6321/9988
f 3385/6338/9989 3384/6339/9990 3380/6340/9991 3383/6341/9992
f 3387/6350/9993 3386/6351/9994 3382/6352/9995 3381/6353/9996
f 3384/2590/9997 3387/2591/9998 3381/2592/9999 3380/2593/10000
f 3397/6342/10001 3396/6343/10002 3384/6339/10003 3385/6338/10004
f 3399/6354/10005 3398/6355/10006 3386/6351/10007 3387/6350/10008
f 3396/2594/10009 3399/2595/10010 3387/2591/10011 3384/2590/10012
f 3400/2596/10013 3401/2598/10014 3406/2599/10015 3407/2597/10016
f 3401/6346/10017 3400/6345/10018 3403/6344/10019 3402/6347/10020
f 3404/6358/10021 3405/6357/10022 3407/6356/10023 3406/6359/10024
f 3393/6348/10025 3392/6349/10026 3401/6346/10027 3402/6347/10028
f 3395/6360/10029 3394/6361/10030 3404/6358/10031 3406/6359/10032
f 3392/2600/10033 3395/2601/10034 3406/2599/10035 3401/2598/10036
f 3397/6342/10037 3403/6344/10038 3400/6345/10039 3396/6343/10040
f 3399/6354/10041 3407/6356/10042 3405/6357/10043 3398/6355/10044
f 3396/2594/10045 3400/2596/10046 3407/2597/10047 3399/2595/10048
f 3389/6370/10049 3388/6371/10050 3409/6372/10051 3411/6373/10052
f 3391/6418/10053 3390/6419/10054 3413/6420/10055 3415/6421/10056
f 3388/2609/10057 3391/2610/10058 3415/2608/10059 3409/2607/10060
f 3408/2605/10061 3409/2607/10062 3415/2608/10063 3414/2606/10064
f 3409/6372/10065 3408/6376/10066 3410/6377/10067 3411/6373/10068
f 3413/6368/10069 3412/6366/10070 3414/6367/10071 3415/6369/10072
f 3416/6900/10073 3417/6901/10074 3421/6902/10075 3420/6903/10076
f 4100/7217/10077 3416/2603/10078 3418/2604/10079 3419/7360/10080
f 3419/6362/10081 3418/6364/10082 3422/6365/10083 3423/6363/10084
f 4105/7221/10085 4098/7212/10086 3392/6349/10087 3393/6348/10088
f 3419/6362/10089 3423/6363/10090 3394/6361/10091 3395/6360/10092
f 4101/7218/10093 3419/2602/10094 3395/2601/10095 3392/2600/10096
f 3416/2603/10097 3408/2605/10098 3414/2606/10099 3418/2604/10100
f 3408/6376/10101 3416/6380/10102 3420/6381/10103 3410/6377/10104
f 3412/6366/10105 3422/6365/10106 3418/6364/10107 3414/6367/10108
f 3429/6386/10109 3427/6387/10110 3424/6388/10111 3428/6389/10112
f 3431/6398/10113 3425/6399/10114 3426/6400/10115 3430/6401/10116
f 3428/2626/10117 3424/2628/10118 3425/2629/10119 3431/2627/10120
f 3437/6390/10121 3429/6386/10122 3428/6389/10123 3436/6391/10124
f 3439/6402/10125 3431/6398/10126 3430/6401/10127 3438/6403/10128
f 3436/2624/10129 3428/2626/10130 3431/2627/10131 3439/2625/10132
f 3440/2622/10133 3447/2623/10134 3446/2621/10135 3441/2620/10136
f 3441/6394/10137 3442/6395/10138 3443/6393/10139 3440/6392/10140
f 3444/6406/10141 3446/6407/10142 3447/6405/10143 3445/6404/10144
f 3433/6396/10145 3442/6395/10146 3441/6394/10147 3432/6397/10148
f 3435/6408/10149 3446/6407/10150 3444/6406/10151 3434/6409/10152
f 3432/2618/10153 3441/2620/10154 3446/2621/10155 3435/2619/10156
f 3437/6390/10157 3436/6391/10158 3440/6392/10159 3443/6393/10160
f 3439/6402/10161 3438/6403/10162 3445/6404/10163 3447/6405/10164
f 3436/2624/10165 3439/2625/10166 3447/2623/10167 3440/2622/10168
f 3389/6370/10169 3451/6374/10170 3449/6375/10171 3388/6371/10172
f 3391/6418/10173 3455/6417/10174 3453/6416/10175 3390/6419/10176
f 3388/2609/10177 3449/2611/10178 3455/2612/10179 3391/2610/10180
f 3448/2613/10181 3454/2614/10182 3455/2612/10183 3449/2611/10184
f 3449/6375/10185 3451/6374/10186 3450/6378/10187 3448/6379/10188
f 3453/6416/10189 3455/6417/10190 3454/6415/10191 3452/6414/10192
f 3456/6383/10193 3460/6382/10194 3461/6384/10195 3457/6385/10196
f 4110/7227/10197 3459/2617/10198 3458/2616/10199 3456/2615/10200
f 3459/6410/10201 3463/6411/10202 3462/6412/10203 3458/6413/10204
f 4115/7231/10205 3433/6396/10206 3432/6397/10207 4108/7222/10208
f 3459/6410/10209 3435/6408/10210 3434/6409/10211 3463/6411/10212
f 4111/7228/10213 3432/2618/10214 3435/2619/10215 3459/7358/10216
f 3456/2615/10217 3458/2616/10218 3454/2614/10219 3448/2613/10220
f 3448/6379/10221 3450/6378/10222 3460/6382/10223 3456/6383/10224
f 3452/6414/10225 3454/6415/10226 3458/6413/10227 3462/6412/10228
f 3467/6422/10229 3466/6423/10230 3464/6424/10231 3465/6425/10232
f 3469/6464/10233 3468/6465/10234 3383/6466/10235 3380/6467/10236
f 3466/2630/10237 3469/2631/10238 3380/2632/10239 3464/2633/10240
f 3479/6426/10241 3478/6427/10242 3466/6423/10243 3467/6422/10244
f 3481/6468/10245 3480/6469/10246 3468/6465/10247 3469/6464/10248
f 3478/2634/10249 3481/2635/10250 3469/2631/10251 3466/2630/10252
f 3482/2636/10253 3483/2638/10254 3488/2639/10255 3489/2637/10256
f 3483/6430/10257 3482/6429/10258 3485/6428/10259 3484/6431/10260
f 3486/6472/10261 3487/6471/10262 3489/6470/10263 3488/6473/10264
f 3475/6432/10265 3474/6433/10266 3483/6430/10267 3484/6431/10268
f 3477/6474/10269 3476/6475/10270 3486/6472/10271 3488/6473/10272
f 3474/2640/10273 3477/2641/10274 3488/2639/10275 3483/2638/10276
f 3479/6426/10277 3485/6428/10278 3482/6429/10279 3478/6427/10280
f 3481/6468/10281 3489/6470/10282 3487/6471/10283 3480/6469/10284
f 3478/2634/10285 3482/2636/10286 3489/2637/10287 3481/2635/10288
f 3471/6442/10289 3470/6443/10290 3491/6440/10291 3493/6441/10292
f 3473/6476/10293 3472/6477/10294 3495/6478/10295 3497/6479/10296
f 3470/2649/10297 3473/2650/10298 3497/2648/10299 3491/2647/10300
f 3490/2645/10301 3491/2647/10302 3497/2648/10303 3496/2646/10304
f 3491/6440/10305 3490/6438/10306 3492/6439/10307 3493/6441/10308
f 3495/6478/10309 3494/6482/10310 3496/6483/10311 3497/6479/10312
f 3498/6436/10313 3499/6435/10314 3502/6434/10315 3501/6437/10316
f 3499/2642/10317 3498/2643/10318 3500/2644/10319 4102/7215/10320
f 4099/7216/10321 3500/6487/10322 3503/6486/10323 4106/7220/10324
f 3502/6434/10325 3499/6435/10326 3474/6433/10327 3475/6432/10328
f 4097/7213/10329 4104/7219/10330 3476/6475/10331 3477/6474/10332
f 3499/7361/10333 4103/7214/10334 3477/2641/10335 3474/2640/10336
f 3498/2643/10337 3490/2645/10338 3496/2646/10339 3500/2644/10340
f 3490/6438/10341 3498/6436/10342 3501/6437/10343 3492/6439/10344
f 3494/6482/10345 3503/6486/10346 3500/6487/10347 3496/6483/10348
f 3507/6460/10349 3505/6462/10350 3504/6463/10351 3506/6461/10352
f 3509/6490/10353 3424/6491/10354 3427/6492/10355 3508/6493/10356
f 3506/2666/10357 3504/2668/10358 3424/2669/10359 3509/2667/10360
f 3515/6458/10361 3507/6460/10362 3506/6461/10363 3514/6459/10364
f 3517/6494/10365 3509/6490/10366 3508/6493/10367 3516/6495/10368
f 3514/2664/10369 3506/2666/10370 3509/2667/10371 3517/2665/10372
f 3518/2662/10373 3525/2663/10374 3524/2661/10375 3519/2660/10376
f 3519/6455/10377 3520/6454/10378 3521/6456/10379 3518/6457/10380
f 3522/6498/10381 3524/6499/10382 3525/6497/10383 3523/6496/10384
f 3511/6452/10385 3520/6454/10386 3519/6455/10387 3510/6453/10388
f 3513/6500/10389 3524/6499/10390 3522/6498/10391 3512/6501/10392
f 3510/2658/10393 3519/2660/10394 3524/2661/10395 3513/2659/10396
f 3515/6458/10397 3514/6459/10398 3518/6457/10399 3521/6456/10400
f 3517/6494/10401 3516/6495/10402 3523/6496/10403 3525/6497/10404
f 3514/2664/10405 3517/2665/10406 3525/2663/10407 3518/2662/10408
f 3471/6442/10409 3529/6444/10410 3527/6445/10411 3470/6443/10412
f 3473/6476/10413 3533/6480/10414 3531/6481/10415 3472/6477/10416
f 3470/2649/10417 3527/2651/10418 3533/2652/10419 3473/2650/10420
f 3526/2653/10421 3532/2654/10422 3533/2652/10423 3527/2651/10424
f 3527/6445/10425 3529/6444/10426 3528/6446/10427 3526/6447/10428
f 3531/6481/10429 3533/6480/10430 3532/6484/10431 3530/6485/10432
f 3534/6449/10433 3537/6448/10434 3538/6450/10435 3535/6451/10436
f 3535/7359/10437 4112/7225/10438 3536/2656/10439 3534/2655/10440
f 4109/7226/10441 4116/7230/10442 3539/6489/10443 3536/6488/10444
f 3538/6450/10445 3511/6452/10446 3510/6453/10447 3535/6451/10448
f 4107/7223/10449 3513/6500/10450 3512/6501/10451 4114/7229/10452
f 3535/2657/10453 3510/2658/10454 3513/2659/10455 4113/7224/10456
f 3534/2655/10457 3536/2656/10458 3532/2654/10459 3526/2653/10460
f 3526/6447/10461 3528/6446/10462 3537/6448/10463 3534/6449/10464
f 3530/6485/10465 3532/6484/10466 3536/6488/10467 3539/6489/10468
f 3543/6502/10469 3542/6503/10470 3540/6504/10471 3541/6505/10472
f 3545/6544/10473 3544/6545/10474 3465/6546/10475 3464/6547/10476
f 3542/2670/10477 3545/2671/10478 3464/2672/10479 3540/2673/10480
f 3555/6506/10481 3554/6507/10482 3542/6503/10483 3543/6502/10484
f 3557/6548/10485 3556/6549/10486 3544/6545/10487 3545/6544/10488
f 3554/2674/10489 3557/2675/10490 3545/2671/10491 3542/2670/10492
f 3558/2676/10493 3559/2678/10494 3564/2679/10495 3565/2677/10496
f 3559/6510/10497 3558/6509/10498 3561/6508/10499 3560/6511/10500
f 3562/6552/10501 3563/6551/10502 3565/6550/10503 3564/6553/10504
f 3551/6512/10505 3550/6513/10506 3559/6510/10507 3560/6511/10508
f 3553/6554/10509 3552/6555/10510 3562/6552/10511 3564/6553/10512
f 3550/2680/10513 3553/2681/10514 3564/2679/10515 3559/2678/10516
f 3555/6506/10517 3561/6508/10518 3558/6509/10519 3554/6507/10520
f 3557/6548/10521 3565/6550/10522 3563/6551/10523 3556/6549/10524
f 3554/2674/10525 3558/2676/10526 3565/2677/10527 3557/2675/10528
f 3547/6522/10529 3546/6523/10530 3567/6520/10531 3569/6521/10532
f 3549/6564/10533 3548/6565/10534 3571/6562/10535 3573/6563/10536
f 3546/2690/10537 3549/2691/10538 3573/2689/10539 3567/2688/10540
f 3566/2686/10541 3567/2688/10542 3573/2689/10543 3572/2687/10544
f 3567/6520/10545 3566/6518/10546 3568/6519/10547 3569/6521/10548
f 3571/6562/10549 3570/6560/10550 3572/6561/10551 3573/6563/10552
f 3574/6516/10553 3575/6515/10554 3579/6514/10555 3578/6517/10556
f 3575/2682/10557 3574/2684/10558 3576/2685/10559 3577/2683/10560
f 3577/6556/10561 3576/6558/10562 3580/6559/10563 3581/6557/10564
f 3579/6514/10565 3575/6515/10566 3550/6513/10567 3551/6512/10568
f 3577/6556/10569 3581/6557/10570 3552/6555/10571 3553/6554/10572
f 3575/2682/10573 3577/2683/10574 3553/2681/10575 3550/2680/10576
f 3574/2684/10577 3566/2686/10578 3572/2687/10579 3576/2685/10580
f 3566/6518/10581 3574/6516/10582 3578/6517/10583 3568/6519/10584
f 3570/6560/10585 3580/6559/10586 3576/6558/10587 3572/6561/10588
f 3585/6540/10589 3583/6542/10590 3582/6543/10591 3584/6541/10592
f 3587/6584/10593 3504/6585/10594 3505/6586/10595 3586/6587/10596
f 3584/2708/10597 3582/2710/10598 3504/2711/10599 3587/2709/10600
f 3593/6538/10601 3585/6540/10602 3584/6541/10603 3592/6539/10604
f 3595/6580/10605 3587/6582/10606 3586/6583/10607 3594/6581/10608
f 3592/2706/10609 3584/2708/10610 3587/2709/10611 3595/2707/10612
f 3596/2704/10613 3603/2705/10614 3602/2703/10615 3597/2702/10616
f 3597/6535/10617 3598/6534/10618 3599/6536/10619 3596/6537/10620
f 3600/6577/10621 3602/6576/10622 3603/6578/10623 3601/6579/10624
f 3589/6532/10625 3598/6534/10626 3597/6535/10627 3588/6533/10628
f 3591/6574/10629 3602/6576/10630 3600/6577/10631 3590/6575/10632
f 3588/2700/10633 3597/2702/10634 3602/2703/10635 3591/2701/10636
f 3593/6538/10637 3592/6539/10638 3596/6537/10639 3599/6536/10640
f 3595/6580/10641 3594/6581/10642 3601/6579/10643 3603/6578/10644
f 3592/2706/10645 3595/2707/10646 3603/2705/10647 3596/2704/10648
f 3547/6522/10649 3607/6524/10650 3605/6525/10651 3546/6523/10652
f 3549/6564/10653 3611/6566/10654 3609/6567/10655 3548/6565/10656
f 3546/2690/10657 3605/2692/10658 3611/2693/10659 3549/2691/10660
f 3604/2694/10661 3610/2695/10662 3611/2693/10663 3605/2692/10664
f 3605/6525/10665 3607/6524/10666 3606/6526/10667 3604/6527/10668
f 3609/6567/10669 3611/6566/10670 3610/6568/10671 3608/6569/10672
f 3612/6529/10673 3616/6528/10674 3617/6530/10675 3613/6531/10676
f 3613/2698/10677 3615/2699/10678 3614/2697/10679 3612/2696/10680
f 3615/6572/10681 3619/6573/10682 3618/6571/10683 3614/6570/10684
f 3617/6530/10685 3589/6532/10686 3588/6533/10687 3613/6531/10688
f 3615/6572/10689 3591/6574/10690 3590/6575/10691 3619/6573/10692
f 3613/2698/10693 3588/2700/10694 3591/2701/10695 3615/2699/10696
f 3612/2696/10697 3614/2697/10698 3610/2695/10699 3604/2694/10700
f 3604/6527/10701 3606/6526/10702 3616/6528/10703 3612/6529/10704
f 3608/6569/10705 3610/6568/10706 3614/6570/10707 3618/6571/10708
f 3625/6588/10709 3624/6589/10710 3620/6590/10711 3623/6591/10712
f 3627/6600/10713 3626/6601/10714 3622/6602/10715 3621/6603/10716
f 3624/2712/10717 3627/2713/10718 3621/2714/10719 3620/2715/10720
f 3637/6592/10721 3636/6593/10722 3624/6589/10723 3625/6588/10724
f 3639/6604/10725 3638/6605/10726 3626/6601/10727 3627/6600/10728
f 3636/2716/10729 3639/2717/10730 3627/2713/10731 3624/2712/10732
f 3640/2718/10733 3641/2720/10734 3646/2721/10735 3647/2719/10736
f 3641/6596/10737 3640/6595/10738 3643/6594/10739 3642/6597/10740
f 3644/6608/10741 3645/6607/10742 3647/6606/10743 3646/6609/10744
f 3633/6598/10745 3632/6599/10746 3641/6596/10747 3642/6597/10748
f 3635/6610/10749 3634/6611/10750 3644/6608/10751 3646/6609/10752
f 3632/2722/10753 3635/2723/10754 3646/2721/10755 3641/2720/10756
f 3637/6592/10757 3643/6594/10758 3640/6595/10759 3636/6593/10760
f 3639/6604/10761 3647/6606/10762 3645/6607/10763 3638/6605/10764
f 3636/2716/10765 3640/2718/10766 3647/2719/10767 3639/2717/10768
f 3629/6620/10769 3628/6621/10770 3649/6622/10771 3651/6623/10772
f 3631/6668/10773 3630/6669/10774 3653/6670/10775 3655/6671/10776
f 3628/2731/10777 3631/2732/10778 3655/2730/10779 3649/2729/10780
f 3648/2727/10781 3649/2729/10782 3655/2730/10783 3654/2728/10784
f 3649/6622/10785 3648/6626/10786 3650/6627/10787 3651/6623/10788
f 3653/6618/10789 3652/6616/10790 3654/6617/10791 3655/6619/10792
f 3656/6904/10793 3657/6905/10794 3661/6906/10795 3660/6907/10796
f 4120/7237/10797 3656/2725/10798 3658/2726/10799 3659/7356/10800
f 3659/6612/10801 3658/6614/10802 3662/6615/10803 3663/6613/10804
f 4125/7241/10805 4118/7232/10806 3632/6599/10807 3633/6598/10808
f 3659/6612/10809 3663/6613/10810 3634/6611/10811 3635/6610/10812
f 4121/7238/10813 3659/2724/10814 3635/2723/10815 3632/2722/10816
f 3656/2725/10817 3648/2727/10818 3654/2728/10819 3658/2726/10820
f 3648/6626/10821 3656/6630/10822 3660/6631/10823 3650/6627/10824
f 3652/6616/10825 3662/6615/10826 3658/6614/10827 3654/6617/10828
f 3669/6636/10829 3667/6637/10830 3664/6638/10831 3668/6639/10832
f 3671/6648/10833 3665/6649/10834 3666/6650/10835 3670/6651/10836
f 3668/2748/10837 3664/2750/10838 3665/2751/10839 3671/2749/10840
f 3677/6640/10841 3669/6636/10842 3668/6639/10843 3676/6641/10844
f 3679/6652/10845 3671/6648/10846 3670/6651/10847 3678/6653/10848
f 3676/2746/10849 3668/2748/10850 3671/2749/10851 3679/2747/10852
f 3680/2744/10853 3687/2745/10854 3686/2743/10855 3681/2742/10856
f 3681/6644/10857 3682/6645/10858 3683/6643/10859 3680/6642/10860
f 3684/6656/10861 3686/6657/10862 3687/6655/10863 3685/6654/10864
f 3673/6646/10865 3682/6645/10866 3681/6644/10867 3672/6647/10868
f 3675/6658/10869 3686/6657/10870 3684/6656/10871 3674/6659/10872
f 3672/2740/10873 3681/2742/10874 3686/2743/10875 3675/2741/10876
f 3677/6640/10877 3676/6641/10878 3680/6642/10879 3683/6643/10880
f 3679/6652/10881 3678/6653/10882 3685/6654/10883 3687/6655/10884
f 3676/2746/10885 3679/2747/10886 3687/2745/10887 3680/2744/10888
f 3629/6620/10889 3691/6624/10890 3689/6625/10891 3628/6621/10892
f 3631/6668/10893 3695/6667/10894 3693/6666/10895 3630/6669/10896
f 3628/2731/10897 3689/2733/10898 3695/2734/10899 3631/2732/10900
f 3688/2735/10901 3694/2736/10902 3695/2734/10903 3689/2733/10904
f 3689/6625/10905 3691/6624/10906 3690/6628/10907 3688/6629/10908
f 3693/6666/10909 3695/6667/10910 3694/6665/10911 3692/6664/10912
f 3696/6633/10913 3700/6632/10914 3701/6634/10915 3697/6635/10916
f 4130/7247/10917 3699/2739/10918 3698/2738/10919 3696/2737/10920
f 3699/6660/10921 3703/6661/10922 3702/6662/10923 3698/6663/10924
f 4135/7251/10925 3673/6646/10926 3672/6647/10927 4128/7242/10928
f 3699/6660/10929 3675/6658/10930 3674/6659/10931 3703/6661/10932
f 4131/7248/10933 3672/2740/10934 3675/2741/10935 3699/7354/10936
f 3696/2737/10937 3698/2738/10938 3694/2736/10939 3688/2735/10940
f 3688/6629/10941 3690/6628/10942 3700/6632/10943 3696/6633/10944
f 3692/6664/10945 3694/6665/10946 3698/6663/10947 3702/6662/10948
f 3707/6672/10949 3706/6673/10950 3704/6674/10951 3705/6675/10952
f 3709/6714/10953 3708/6715/10954 3623/6716/10955 3620/6717/10956
f 3706/2752/10957 3709/2753/10958 3620/2754/10959 3704/2755/10960
f 3719/6676/10961 3718/6677/10962 3706/6673/10963 3707/6672/10964
f 3721/6718/10965 3720/6719/10966 3708/6715/10967 3709/6714/10968
f 3718/2756/10969 3721/2757/10970 3709/2753/10971 3706/2752/10972
f 3722/2758/10973 3723/2760/10974 3728/2761/10975 3729/2759/10976
f 3723/6680/10977 3722/6679/10978 3725/6678/10979 3724/6681/10980
f 3726/6722/10981 3727/6721/10982 3729/6720/10983 3728/6723/10984
f 3715/6682/10985 3714/6683/10986 3723/6680/10987 3724/6681/10988
f 3717/6724/10989 3716/6725/10990 3726/6722/10991 3728/6723/10992
f 3714/2762/10993 3717/2763/10994 3728/2761/10995 3723/2760/10996
f 3719/6676/10997 3725/6678/10998 3722/6679/10999 3718/6677/11000
f 3721/6718/11001 3729/6720/11002 3727/6721/11003 3720/6719/11004
f 3718/2756/11005 3722/2758/11006 3729/2759/11007 3721/2757/11008
f 3711/6692/11009 3710/6693/11010 3731/6690/11011 3733/6691/11012
f 3713/6726/11013 3712/6727/11014 3735/6728/11015 3737/6729/11016
f 3710/2771/11017 3713/2772/11018 3737/2770/11019 3731/2769/11020
f 3730/2767/11021 3731/2769/11022 3737/2770/11023 3736/2768/11024
f 3731/6690/11025 3730/6688/11026 3732/6689/11027 3733/6691/11028
f 3735/6728/11029 3734/6732/11030 3736/6733/11031 3737/6729/11032
f 3738/6686/11033 3739/6685/11034 3742/6684/11035 3741/6687/11036
f 3739/2764/11037 3738/2765/11038 3740/2766/11039 4122/7235/11040
f 4119/7236/11041 3740/6737/11042 3743/6736/11043 4126/7240/11044
f 3742/6684/11045 3739/6685/11046 3714/6683/11047 3715/6682/11048
f 4117/7233/11049 4124/7239/11050 3716/6725/11051 3717/6724/11052
f 3739/7357/11053 4123/7234/11054 3717/2763/11055 3714/2762/11056
f 3738/2765/11057 3730/2767/11058 3736/2768/11059 3740/2766/11060
f 3730/6688/11061 3738/6686/11062 3741/6687/11063 3732/6689/11064
f 3734/6732/11065 3743/6736/11066 3740/6737/11067 3736/6733/11068
f 3747/6710/11069 3745/6712/11070 3744/6713/11071 3746/6711/11072
f 3749/6740/11073 3664/6741/11074 3667/6742/11075 3748/6743/11076
f 3746/2788/11077 3744/2790/11078 3664/2791/11079 3749/2789/11080
f 3755/6708/11081 3747/6710/11082 3746/6711/11083 3754/6709/11084
f 3757/6744/11085 3749/6740/11086 3748/6743/11087 3756/6745/11088
f 3754/2786/11089 3746/2788/11090 3749/2789/11091 3757/2787/11092
f 3758/2784/11093 3765/2785/11094 3764/2783/11095 3759/2782/11096
f 3759/6705/11097 3760/6704/11098 3761/6706/11099 3758/6707/11100
f 3762/6748/11101 3764/6749/11102 3765/6747/11103 3763/6746/11104
f 3751/6702/11105 3760/6704/11106 3759/6705/11107 3750/6703/11108
f 3753/6750/11109 3764/6749/11110 3762/6748/11111 3752/6751/11112
f 3750/2780/11113 3759/2782/11114 3764/2783/11115 3753/2781/11116
f 3755/6708/11117 3754/6709/11118 3758/6707/11119 3761/6706/11120
f 3757/6744/11121 3756/6745/11122 3763/6746/11123 3765/6747/11124
f 3754/2786/11125 3757/2787/11126 3765/2785/11127 3758/2784/11128
f 3711/6692/11129 3769/6694/11130 3767/6695/11131 3710/6693/11132
f 3713/6726/11133 3773/6730/11134 3771/6731/11135 3712/6727/11136
f 3710/2771/11137 3767/2773/11138 3773/2774/11139 3713/2772/11140
f 3766/2775/11141 3772/2776/11142 3773/2774/11143 3767/2773/11144
f 3767/6695/11145 3769/6694/11146 3768/6696/11147 3766/6697/11148
f 3771/6731/11149 3773/6730/11150 3772/6734/11151 3770/6735/11152
f 3774/6699/11153 3777/6698/11154 3778/6700/11155 3775/6701/11156
f 3775/7355/11157 4132/7245/11158 3776/2778/11159 3774/2777/11160
f 4129/7246/11161 4136/7250/11162 3779/6739/11163 3776/6738/11164
f 3778/6700/11165 3751/6702/11166 3750/6703/11167 3775/6701/11168
f 4127/7243/11169 3753/6750/11170 3752/6751/11171 4134/7249/11172
f 3775/2779/11173 3750/2780/11174 3753/2781/11175 4133/7244/11176
f 3774/2777/11177 3776/2778/11178 3772/2776/11179 3766/2775/11180
f 3766/6697/11181 3768/6696/11182 3777/6698/11183 3774/6699/11184
f 3770/6735/11185 3772/6734/11186 3776/6738/11187 3779/6739/11188
f 3783/6752/11189 3782/6753/11190 3780/6754/11191 3781/6755/11192
f 3785/6794/11193 3784/6795/11194 3705/6796/11195 3704/6797/11196
f 3782/2792/11197 3785/2793/11198 3704/2794/11199 3780/2795/11200
f 3795/6756/11201 3794/6757/11202 3782/6753/11203 3783/6752/11204
f 3797/6798/11205 3796/6799/11206 3784/6795/11207 3785/6794/11208
f 3794/2796/11209 3797/2797/11210 3785/2793/11211 3782/2792/11212
f 3798/2798/11213 3799/2800/11214 3804/2801/11215 3805/2799/11216
f 3799/6760/11217 3798/6759/11218 3801/6758/11219 3800/6761/11220
f 3802/6802/11221 3803/6801/11222 3805/6800/11223 3804/6803/11224
f 3791/6762/11225 3790/6763/11226 3799/6760/11227 3800/6761/11228
f 3793/6804/11229 3792/6805/11230 3802/6802/11231 3804/6803/11232
f 3790/2802/11233 3793/2803/11234 3804/2801/11235 3799/2800/11236
f 3795/6756/11237 3801/6758/11238 3798/6759/11239 3794/6757/11240
f 3797/6798/11241 3805/6800/11242 3803/6801/11243 3796/6799/11244
f 3794/2796/11245 3798/2798/11246 3805/2799/11247 3797/2797/11248
f 3787/6772/11249 3786/6773/11250 3807/6770/11251 3809/6771/11252
f 3789/6814/11253 3788/6815/11254 3811/6812/11255 3813/6813/11256
f 3786/2812/11257 3789/2813/11258 3813/2811/11259 3807/2810/11260
f 3806/2808/11261 3807/2810/11262 3813/2811/11263 3812/2809/11264
f 3807/6770/11265 3806/6768/11266 3808/6769/11267 3809/6771/11268
f 3811/6812/11269 3810/6810/11270 3812/6811/11271 3813/6813/11272
f 3814/6766/11273 3815/6765/11274 3819/6764/11275 3818/6767/11276
f 3815/2804/11277 3814/2806/11278 3816/2807/11279 3817/2805/11280
f 3817/6806/11281 3816/6808/11282 3820/6809/11283 3821/6807/11284
f 3819/6764/11285 3815/6765/11286 3790/6763/11287 3791/6762/11288
f 3817/6806/11289 3821/6807/11290 3792/6805/11291 3793/6804/11292
f 3815/2804/11293 3817/2805/11294 3793/2803/11295 3790/2802/11296
f 3814/2806/11297 3806/2808/11298 3812/2809/11299 3816/2807/11300
f 3806/6768/11301 3814/6766/11302 3818/6767/11303 3808/6769/11304
f 3810/6810/11305 3820/6809/11306 3816/6808/11307 3812/6811/11308
f 3825/6790/11309 3823/6792/11310 3822/6793/11311 3824/6791/11312
f 3827/6834/11313 3744/6835/11314 3745/6836/11315 3826/6837/11316
f 3824/2830/11317 3822/2832/11318 3744/2833/11319 3827/2831/11320
f 3833/6788/11321 3825/6790/11322 3824/6791/11323 3832/6789/11324
f 3835/6830/11325 3827/6832/11326 3826/6833/11327 3834/6831/11328
f 3832/2828/11329 3824/2830/11330 3827/2831/11331 3835/2829/11332
f 3836/2826/11333 3843/2827/11334 3842/2825/11335 3837/2824/11336
f 3837/6785/11337 3838/6784/11338 3839/6786/11339 3836/6787/11340
f 3840/6827/11341 3842/6826/11342 3843/6828/11343 3841/6829/11344
f 3829/6782/11345 3838/6784/11346 3837/6785/11347 3828/6783/11348
f 3831/6824/11349 3842/6826/11350 3840/6827/11351 3830/6825/11352
f 3828/2822/11353 3837/2824/11354 3842/2825/11355 3831/2823/11356
f 3833/6788/11357 3832/6789/11358 3836/6787/11359 3839/6786/11360
f 3835/6830/11361 3834/6831/11362 3841/6829/11363 3843/6828/11364
f 3832/2828/11365 3835/2829/11366 3843/2827/11367 3836/2826/11368
f 3787/6772/11369 3847/6774/11370 3845/6775/11371 3786/6773/11372
f 3789/6814/11373 3851/6816/11374 3849/6817/11375 3788/6815/11376
f 3786/2812/11377 3845/2814/11378 3851/2815/11379 3789/2813/11380
f 3844/2816/11381 3850/2817/11382 3851/2815/11383 3845/2814/11384
f 3845/6775/11385 3847/6774/11386 3846/6776/11387 3844/6777/11388
f 3849/6817/11389 3851/6816/11390 3850/6818/11391 3848/6819/11392
f 3852/6779/11393 3856/6778/11394 3857/6780/11395 3853/6781/11396
f 3853/2820/11397 3855/2821/11398 3854/2819/11399 3852/2818/11400
f 3855/6822/11401 3859/6823/11402 3858/6821/11403 3854/6820/11404
f 3857/6780/11405 3829/6782/11406 3828/6783/11407 3853/6781/11408
f 3855/6822/11409 3831/6824/11410 3830/6825/11411 3859/6823/11412
f 3853/2820/11413 3828/2822/11414 3831/2823/11415 3855/2821/11416
f 3852/2818/11417 3854/2819/11418 3850/2817/11419 3844/2816/11420
f 3844/6777/11421 3846/6776/11422 3856/6778/11423 3852/6779/11424
f 3848/6819/11425 3850/6818/11426 3854/6820/11427 3858/6821/11428
f 3879/6838/11429 3877/6839/11430 3878/6840/11431
f 3860/7353/11432 4138/7254/11433 3881/6845/11434 3882/6846/11435 3883/6847/11436 3861/6848/11437
f 3893/6852/11438 3894/6853/11439 3895/6854/11440 3896/6855/11441
f 3877/3793/11442 3864/3794/11443 4147/7262/11444 4144/7258/11445 4142/7257/11446 4137/7252/11447
f 3885/6849/11448 3860/7352/11449 3865/6850/11450 3884/6851/11451
f 3894/6853/11452 3893/6852/11453 3897/6856/11454
f 3898/6860/11455 3894/6853/11456 3897/6856/11457 3899/6861/11458
f 4145/7259/11459 4139/7253/11460 4141/7256/11461
f 3868/6841/11462 3864/6842/11463 3877/6839/11464 3879/6838/11465
f 3869/2834/11466 3864/2835/11467 3868/2836/11468 3871/2837/11469
f 3869/3795/11470 3886/3797/11471 3887/3798/11472 3870/3796/11473
f 3886/6864/11474 3869/6865/11475 3871/6866/11476 3888/6867/11477
f 3886/6864/11478 3888/6867/11479 3889/6868/11480
f 3868/3799/11481 3879/3800/11482 3888/3801/11483 3871/3802/11484
f 4225/7340/11485 4226/7341/11486 4227/7342/11487 4228/7343/11488
f 3890/6869/11489 3870/6870/11490 3887/6871/11491 3891/6872/11492
f 3891/6872/11493 3887/6871/11494 3892/6873/11495
f 3864/6931/11496 3869/6930/11497 3870/6929/11498 4148/7263/11499
f 3860/6843/11500 3885/7396/11501 3880/6844/11502
f 4229/7344/11503 4230/7345/11504 4231/7346/11505 4232/7347/11506
f 4146/7261/11507 4140/7255/11508 4143/7260/11509
f 4233/7348/11510 4234/7349/11511 4235/7350/11512 4236/7351/11513
f 3863/6874/11514 3873/6875/11515 3874/6876/11516
f 3863/6874/11517 3875/6877/11518 3873/6875/11519
f 3862/6878/11520 3867/6879/11521 3866/6880/11522
f 3862/6878/11523 3876/6881/11524 3867/6879/11525
f 3895/6854/11526 3900/6862/11527 3901/6863/11528 3902/6857/11529
f 3900/6862/11530 3903/6858/11531 3901/6863/11532
f 3903/6858/11533 3900/6862/11534 3898/6860/11535 3904/6859/11536
f 3904/6859/11537 3898/6860/11538 3899/6861/11539
f 3896/6855/11540 3895/6854/11541 3902/6857/11542
f 3903/6858/11543 3904/6859/11544 3893/6852/11545 3896/6855/11546
f 3860/3803/11547 3861/3804/11548 3895/3805/11549 3894/3806/11550
f 3862/3807/11551 3866/3808/11552 3897/3809/11553 3893/3810/11554
f 3865/2838/11555 3860/2839/11556 3894/2840/11557 3898/2841/11558
f 3866/2842/11559 3867/2843/11560 3899/2844/11561 3897/2845/11562
f 3861/2846/11563 3872/2847/11564 3900/2848/11565 3895/2849/11566
f 3873/2850/11567 3875/2851/11568 3902/2852/11569 3901/2853/11570
f 3874/3811/11571 3873/3812/11572 3901/3813/11573 3903/3814/11574
f 3872/3815/11575 3865/3816/11576 3898/3817/11577 3900/3818/11578
f 3867/3819/11579 3876/3820/11580 3904/3821/11581 3899/3822/11582
f 3875/3823/11583 3863/3824/11584 3896/3825/11585 3902/3826/11586
f 3876/2854/11587 3862/2855/11588 3893/2856/11589 3904/2857/11590
f 3863/2858/11591 3874/2859/11592 3903/2860/11593 3896/2861/11594
