# This file uses meters as units for non-parametric coordinates.

mtllib Building_22.mtl
g default
v 11936.309570 154.827118 2136.000000
v 11936.309570 188.987122 2136.000000
v 11901.890625 188.987122 2138.850586
v 11901.890625 154.827118 2138.850586
v 11901.890625 248.747086 2138.850586
v 11936.308594 248.747086 2135.998047
v 11936.308594 276.198517 2135.998047
v 11901.890625 276.198517 2138.850586
v 11901.890625 201.787109 2138.850586
v 11936.309570 201.787109 2136.000000
v 11936.308594 235.947083 2135.998047
v 11901.890625 235.947083 2138.850586
v 11983.482422 154.827118 2132.084961
v 11983.482422 188.987122 2132.084961
v 11949.063477 188.987122 2134.941406
v 11949.063477 154.827118 2134.941406
v 11949.062500 235.947083 2134.939453
v 11949.063477 201.787109 2134.941406
v 11983.482422 201.787109 2132.084961
v 11983.481445 235.947083 2132.083008
v 11949.062500 276.198517 2134.939453
v 11949.062500 248.747086 2134.939453
v 11983.481445 248.747086 2132.083008
v 11983.481445 276.198517 2132.083008
v 11937.444336 154.827118 2149.701172
v 11943.826172 148.427124 2149.171875
v 11943.826172 195.387131 2149.171875
v 11937.444336 188.987122 2149.701172
v 11896.647461 195.387131 2153.084961
v 11903.026367 188.987122 2152.557617
v 11896.647461 148.427124 2153.084961
v 11903.026367 154.827118 2152.557617
v 11903.026367 248.747086 2152.557617
v 11896.647461 242.347092 2153.084961
v 11943.826172 242.347092 2149.171875
v 11937.444336 248.747086 2149.701172
v 11943.826172 282.598480 2149.171875
v 11937.444336 276.198517 2149.701172
v 11896.647461 282.598480 2153.084961
v 11903.026367 276.198517 2152.557617
v 11903.026367 201.787109 2152.557617
v 11937.444336 201.787109 2149.701172
v 11937.444336 235.947083 2149.701172
v 11903.026367 235.947083 2152.557617
v 11984.629883 154.827118 2145.786133
v 11990.999023 148.427124 2145.255859
v 11990.999023 195.387131 2145.255859
v 11984.629883 188.987122 2145.786133
v 11950.200195 188.987122 2148.643555
v 11950.200195 154.827118 2148.643555
v 11950.200195 235.947083 2148.643555
v 11950.200195 201.787109 2148.643555
v 11984.629883 201.787109 2145.786133
v 11990.999023 242.347092 2145.255859
v 11984.629883 235.947083 2145.786133
v 11950.200195 276.198517 2148.643555
v 11950.200195 248.747086 2148.643555
v 11984.629883 248.747086 2145.786133
v 11990.999023 282.598480 2145.255859
v 11984.629883 276.198517 2145.786133
v 11936.916016 154.827118 2143.305664
v 11936.916016 188.987122 2143.305664
v 11902.495117 188.987122 2146.156250
v 11902.495117 154.827118 2146.156250
v 11902.495117 248.747086 2146.156250
v 11936.913086 248.747086 2143.302734
v 11936.913086 276.198517 2143.302734
v 11902.495117 276.198517 2146.156250
v 11902.495117 201.787109 2146.156250
v 11936.916016 201.787109 2143.305664
v 11936.913086 235.947083 2143.302734
v 11902.495117 235.947083 2146.156250
v 11984.085938 154.827118 2139.390625
v 11984.085938 188.987122 2139.390625
v 11949.669922 188.987122 2142.246094
v 11949.669922 154.827118 2142.246094
v 11949.669922 235.947083 2142.244141
v 11949.669922 201.787109 2142.246094
v 11984.085938 201.787109 2139.390625
v 11984.086914 235.947083 2139.388672
v 11949.669922 276.198517 2142.244141
v 11949.669922 248.747086 2142.244141
v 11984.086914 248.747086 2139.388672
v 11984.086914 276.198517 2139.388672
v 11896.041016 148.427124 2145.782227
v 11990.391602 148.427124 2137.954102
v 11990.391602 282.598480 2137.954102
v 11896.041016 282.598480 2145.782227
v 12377.791992 154.827118 2099.357422
v 12377.791992 188.987122 2099.357422
v 12343.373047 188.987122 2102.208008
v 12343.373047 154.827118 2102.208008
v 12343.373047 248.747086 2102.208008
v 12377.791016 248.747086 2099.355469
v 12377.791016 276.198517 2099.355469
v 12343.373047 276.198517 2102.208008
v 12343.373047 201.787109 2102.208008
v 12377.791992 201.787109 2099.357422
v 12377.791016 235.947083 2099.355469
v 12343.373047 235.947083 2102.208008
v 12424.964844 154.827118 2095.442383
v 12424.964844 188.987122 2095.442383
v 12390.545898 188.987122 2098.298828
v 12390.545898 154.827118 2098.298828
v 12390.544922 235.947083 2098.296875
v 12390.545898 201.787109 2098.298828
v 12424.964844 201.787109 2095.442383
v 12424.963867 235.947083 2095.440430
v 12390.544922 276.198517 2098.296875
v 12390.544922 248.747086 2098.296875
v 12424.963867 248.747086 2095.440430
v 12424.963867 276.198517 2095.440430
v 12378.926758 154.827118 2113.058594
v 12385.308594 148.427124 2112.529297
v 12385.308594 195.387131 2112.529297
v 12378.926758 188.987122 2113.058594
v 12338.129883 195.387131 2116.442383
v 12344.508789 188.987122 2115.915039
v 12338.129883 148.427124 2116.442383
v 12344.508789 154.827118 2115.915039
v 12344.508789 248.747086 2115.915039
v 12338.129883 242.347092 2116.442383
v 12385.308594 242.347092 2112.529297
v 12378.926758 248.747086 2113.058594
v 12385.308594 282.598480 2112.529297
v 12378.926758 276.198517 2113.058594
v 12338.129883 282.598480 2116.442383
v 12344.508789 276.198517 2115.915039
v 12344.508789 201.787109 2115.915039
v 12378.926758 201.787109 2113.058594
v 12378.926758 235.947083 2113.058594
v 12344.508789 235.947083 2115.915039
v 12426.112305 154.827118 2109.143555
v 12432.481445 148.427124 2108.613281
v 12432.481445 195.387131 2108.613281
v 12426.112305 188.987122 2109.143555
v 12391.682617 188.987122 2112.000977
v 12391.682617 154.827118 2112.000977
v 12391.682617 235.947083 2112.000977
v 12391.682617 201.787109 2112.000977
v 12426.112305 201.787109 2109.143555
v 12432.481445 242.347092 2108.613281
v 12426.112305 235.947083 2109.143555
v 12391.682617 276.198517 2112.000977
v 12391.682617 248.747086 2112.000977
v 12426.112305 248.747086 2109.143555
v 12432.481445 282.598480 2108.613281
v 12426.112305 276.198517 2109.143555
v 12378.398438 154.827118 2106.663086
v 12378.398438 188.987122 2106.663086
v 12343.977539 188.987122 2109.513672
v 12343.977539 154.827118 2109.513672
v 12343.977539 248.747086 2109.513672
v 12378.395508 248.747086 2106.660156
v 12378.395508 276.198517 2106.660156
v 12343.977539 276.198517 2109.513672
v 12343.977539 201.787109 2109.513672
v 12378.398438 201.787109 2106.663086
v 12378.395508 235.947083 2106.660156
v 12343.977539 235.947083 2109.513672
v 12425.568359 154.827118 2102.748047
v 12425.568359 188.987122 2102.748047
v 12391.152344 188.987122 2105.603516
v 12391.152344 154.827118 2105.603516
v 12391.152344 235.947083 2105.601562
v 12391.152344 201.787109 2105.603516
v 12425.568359 201.787109 2102.748047
v 12425.569336 235.947083 2102.746094
v 12391.152344 276.198517 2105.601562
v 12391.152344 248.747086 2105.601562
v 12425.569336 248.747086 2102.746094
v 12425.569336 276.198517 2102.746094
v 12337.523438 148.427124 2109.139648
v 12431.874023 282.598480 2101.311523
v 12337.523438 282.598480 2109.139648
v 12431.874023 148.427124 2101.311523
v 12156.382812 154.827118 2117.734375
v 12156.382812 188.987122 2117.734375
v 12121.962891 188.987122 2120.584961
v 12121.962891 154.827118 2120.584961
v 12121.962891 248.747086 2120.584961
v 12156.380859 248.747086 2117.732422
v 12156.380859 276.198517 2117.732422
v 12121.962891 276.198517 2120.584961
v 12121.962891 201.787109 2120.584961
v 12156.382812 201.787109 2117.734375
v 12156.380859 235.947083 2117.732422
v 12121.962891 235.947083 2120.584961
v 12203.554688 154.827118 2113.819336
v 12203.554688 188.987122 2113.819336
v 12169.136719 188.987122 2116.675781
v 12169.136719 154.827118 2116.675781
v 12169.136719 235.947083 2116.673828
v 12169.136719 201.787109 2116.675781
v 12203.554688 201.787109 2113.819336
v 12203.554688 235.947083 2113.817383
v 12169.136719 276.198517 2116.673828
v 12169.136719 248.747086 2116.673828
v 12203.554688 248.747086 2113.817383
v 12203.554688 276.198517 2113.817383
v 12157.517578 154.827118 2131.435547
v 12163.899414 148.427124 2130.906250
v 12163.899414 195.387131 2130.906250
v 12157.517578 188.987122 2131.435547
v 12116.720703 195.387131 2134.819336
v 12123.099609 188.987122 2134.291992
v 12116.720703 148.427124 2134.819336
v 12123.099609 154.827118 2134.291992
v 12123.099609 248.747086 2134.291992
v 12116.720703 242.347092 2134.819336
v 12163.899414 242.347092 2130.906250
v 12157.517578 248.747086 2131.435547
v 12163.899414 282.598480 2130.906250
v 12157.517578 276.198517 2131.435547
v 12116.720703 282.598480 2134.819336
v 12123.099609 276.198517 2134.291992
v 12123.099609 201.787109 2134.291992
v 12157.517578 201.787109 2131.435547
v 12157.517578 235.947083 2131.435547
v 12123.099609 235.947083 2134.291992
v 12204.703125 154.827118 2127.520508
v 12211.072266 148.427124 2126.990234
v 12211.072266 195.387131 2126.990234
v 12204.703125 188.987122 2127.520508
v 12170.273438 188.987122 2130.377930
v 12170.273438 154.827118 2130.377930
v 12170.273438 235.947083 2130.377930
v 12170.273438 201.787109 2130.377930
v 12204.703125 201.787109 2127.520508
v 12211.072266 242.347092 2126.990234
v 12204.703125 235.947083 2127.520508
v 12170.273438 276.198517 2130.377930
v 12170.273438 248.747086 2130.377930
v 12204.703125 248.747086 2127.520508
v 12211.072266 282.598480 2126.990234
v 12204.703125 276.198517 2127.520508
v 12156.988281 154.827118 2125.040039
v 12156.988281 188.987122 2125.040039
v 12122.568359 188.987122 2127.890625
v 12122.568359 154.827118 2127.890625
v 12122.568359 248.747086 2127.890625
v 12156.986328 248.747086 2125.037109
v 12156.986328 276.198517 2125.037109
v 12122.568359 276.198517 2127.890625
v 12122.568359 201.787109 2127.890625
v 12156.988281 201.787109 2125.040039
v 12156.986328 235.947083 2125.037109
v 12122.568359 235.947083 2127.890625
v 12204.159180 154.827118 2121.125000
v 12204.159180 188.987122 2121.125000
v 12169.742188 188.987122 2123.980469
v 12169.742188 154.827118 2123.980469
v 12169.743164 235.947083 2123.978516
v 12169.742188 201.787109 2123.980469
v 12204.159180 201.787109 2121.125000
v 12204.160156 235.947083 2121.123047
v 12169.743164 276.198517 2123.978516
v 12169.743164 248.747086 2123.978516
v 12204.160156 248.747086 2121.123047
v 12204.160156 276.198517 2121.123047
v 12116.114258 148.427124 2127.516602
v 12116.114258 282.598480 2127.516602
v 12210.464844 148.427124 2119.688477
v 12210.464844 282.598480 2119.688477
v 11422.865234 528.388306 1943.956055
v 11421.835938 544.913696 1931.563477
v 11420.866211 528.631104 1919.406250
v 11421.856445 512.105591 1931.806641
v 11757.618164 154.827118 2150.829102
v 11757.618164 188.987122 2150.829102
v 11723.199219 188.987122 2153.680664
v 11723.199219 154.827118 2153.680664
v 12587.151367 145.849915 2081.968750
v 12587.151367 180.009918 2081.968750
v 12552.729492 180.009918 2084.835938
v 12552.729492 145.849915 2084.835938
v 11811.701172 148.427124 2152.782227
v 11764.528320 282.598480 2156.697266
v 11805.905273 332.130646 2153.262695
v 11432.970703 332.130646 2184.215820
v 11717.350586 282.598480 2160.611328
v 11717.350586 195.387131 2160.611328
v 11432.970703 0.000000 2184.215820
v 11717.350586 148.427124 2160.611328
v 11805.905273 -0.000002 2153.262695
v 11764.528320 148.427124 2156.697266
v 12909.529297 0.000000 2060.403320
v 12641.231445 186.409927 2083.931641
v 12641.231445 139.449921 2083.931641
v 12594.056641 273.621246 2087.845703
v 12551.774414 332.130646 2091.356445
v 12178.839844 332.130646 2122.309570
v 12546.882812 273.621246 2091.763672
v 12546.882812 139.449921 2091.763672
v 12546.882812 0.000000 2091.763672
v 12594.056641 139.449921 2087.845703
v 12634.323242 145.849915 2078.063477
v 12634.323242 180.009918 2078.063477
v 12599.905273 180.009918 2080.908203
v 12599.905273 145.849915 2080.908203
v 12909.530273 332.130646 2060.403320
v 12641.231445 273.621246 2083.931641
v 12641.231445 233.369888 2083.931641
v 12599.905273 239.769882 2080.908203
v 12634.323242 239.769882 2078.061523
v 12634.323242 267.221283 2078.061523
v 12599.905273 267.221283 2080.908203
v 12552.729492 239.769882 2084.834961
v 12587.151367 239.769882 2081.966797
v 12587.151367 267.221283 2081.966797
v 12552.729492 267.221283 2084.834961
v 11811.701172 282.598480 2152.782227
v 11723.199219 248.747086 2153.680664
v 11757.617188 248.747086 2150.827148
v 11757.617188 276.198517 2150.827148
v 11723.199219 276.198517 2153.680664
v 11717.350586 242.347092 2160.611328
v 12599.905273 192.809906 2080.908203
v 12634.323242 192.809906 2078.063477
v 12634.323242 226.969879 2078.061523
v 12599.905273 226.969879 2080.908203
v 12552.729492 192.809906 2084.835938
v 12587.151367 192.809906 2081.968750
v 12587.151367 226.969879 2081.966797
v 12552.729492 226.969879 2084.834961
v 11723.199219 201.787109 2153.680664
v 11757.618164 201.787109 2150.829102
v 11757.617188 235.947083 2150.827148
v 11723.199219 235.947083 2153.680664
v 11804.791016 154.827118 2146.914062
v 11804.791016 188.987122 2146.914062
v 11770.373047 188.987122 2149.770508
v 11770.373047 154.827118 2149.770508
v 11770.373047 235.947083 2149.768555
v 11770.373047 201.787109 2149.770508
v 11804.791016 201.787109 2146.914062
v 11804.791016 235.947083 2146.913086
v 11770.373047 276.198517 2149.768555
v 11770.373047 248.747086 2149.768555
v 11804.791016 248.747086 2146.913086
v 11804.791016 276.198517 2146.913086
v 11361.477539 0.000000 1322.701172
v 11366.130859 211.152954 1378.915039
v 11366.130859 263.298492 1378.915039
v 11391.484375 332.130615 1684.372070
v 11361.476562 332.130646 1322.701172
v 11426.941406 267.627289 2111.584961
v 11426.941406 214.642365 2111.584961
v 11383.817383 83.322266 1591.859375
v 11387.244141 0.000000 1633.334961
v 11388.236328 83.322266 1645.245117
v 11391.333984 255.346939 1591.227539
v 11391.333984 214.415955 1591.227539
v 11394.827148 214.415955 1633.325195
v 11394.827148 255.346939 1633.325195
v 11383.817383 267.885193 1591.859375
v 11374.386719 89.480164 1478.241211
v 11379.306641 83.322266 1537.662109
v 11374.386719 263.298431 1478.241211
v 11374.386719 211.152954 1478.241211
v 11379.306641 212.516266 1537.662109
v 11379.306641 267.885193 1537.662109
v 11370.253906 89.480164 1428.570312
v 11377.787109 251.490173 1427.943359
v 11377.787109 212.942047 1427.943359
v 11380.981445 212.942047 1466.511719
v 11380.981445 251.490173 1466.511719
v 11370.253906 263.298492 1428.570312
v 11417.806641 214.642365 2001.523438
v 11417.806641 267.627289 2001.523438
v 11417.806641 91.011024 2001.523438
v 11426.060547 255.628906 2009.628906
v 11426.060547 216.460266 2009.628906
v 11429.914062 216.460266 2055.924805
v 11429.914062 255.628906 2055.924805
v 11422.374023 91.011024 2056.547852
v 11422.374023 267.627289 2056.547852
v 11379.916016 209.476746 1544.994141
v 11379.916016 260.286224 1544.994141
v 11383.817383 90.921158 1591.859375
v 11387.697266 90.921158 1638.712891
v 11387.697266 209.476746 1638.712891
v 11388.236328 267.885223 1645.245117
v 11383.817383 260.286224 1591.859375
v 11366.689453 208.290390 1385.645508
v 11366.689453 256.141907 1385.645508
v 11370.253906 96.636688 1428.570312
v 11373.828125 96.636688 1471.505859
v 11373.828125 208.290329 1471.505859
v 11373.828125 256.141907 1471.505859
v 11370.253906 256.141907 1428.570312
v 11418.251953 211.733734 2006.814453
v 11418.251953 260.355499 2006.814453
v 11422.374023 98.282745 2056.547852
v 11418.251953 98.282745 2006.814453
v 11426.501953 211.733734 2106.287109
v 11426.501953 260.355499 2106.287109
v 11422.374023 260.355499 2056.547852
v 11366.130859 89.480164 1378.915039
v 11374.582031 251.490173 1389.394531
v 11374.582031 212.942123 1389.394531
v 11366.689453 96.636688 1385.645508
v 11387.839844 255.346939 1549.154297
v 11387.839844 214.415955 1549.154297
v 11379.916016 90.921158 1544.994141
v 11426.941406 91.011024 2111.584961
v 11426.501953 98.282745 2106.287109
v 11433.744141 216.460266 2102.216797
v 11433.744141 255.628906 2102.216797
v 11377.390625 203.280807 1423.241211
v 11374.609375 203.280807 1389.731445
v 11374.609375 101.646278 1389.731445
v 11377.390625 101.646278 1423.241211
v 11380.964844 203.280807 1466.174805
v 11378.171875 203.280807 1432.664062
v 11378.171875 101.646278 1432.664062
v 11380.964844 101.646194 1466.174805
v 11390.908203 204.157486 1586.099609
v 11387.870117 204.157486 1549.508789
v 11387.870117 96.240326 1549.508789
v 11390.908203 96.240326 1586.099609
v 11394.796875 204.157486 1632.959961
v 11391.769531 204.157486 1596.375977
v 11391.769531 96.240326 1596.375977
v 11394.796875 96.240326 1632.959961
v 11429.595703 206.643494 2052.218750
v 11426.083008 206.643494 2009.899414
v 11426.083008 103.372894 2009.899414
v 11429.595703 103.372894 2052.218750
v 11433.720703 206.643494 2101.942383
v 11430.210938 206.643494 2059.638672
v 11430.210938 103.372894 2059.638672
v 11433.720703 103.372894 2101.942383
v 11370.253906 208.290390 1428.570312
v 11367.080078 203.280807 1390.356445
v 11369.862305 203.280807 1423.867188
v 11367.080078 101.646278 1390.356445
v 11369.862305 101.646278 1423.867188
v 11370.644531 203.280807 1433.289062
v 11373.425781 203.280807 1466.799805
v 11370.644531 101.646278 1433.289062
v 11373.425781 101.646194 1466.799805
v 11383.817383 209.476746 1591.859375
v 11380.342773 204.157486 1550.144531
v 11383.378906 204.157486 1586.724609
v 11380.342773 96.240326 1550.144531
v 11383.378906 96.240326 1586.724609
v 11384.232422 204.157486 1597.004883
v 11387.268555 204.157486 1633.584961
v 11384.232422 96.240326 1597.004883
v 11387.268555 96.240326 1633.584961
v 11422.374023 211.733734 2056.547852
v 11418.564453 206.643494 2010.525391
v 11422.066406 206.643494 2052.845703
v 11418.564453 103.372894 2010.525391
v 11422.066406 103.372894 2052.845703
v 11422.681641 206.643494 2060.263672
v 11426.194336 206.643494 2102.579102
v 11422.681641 103.372894 2060.263672
v 11426.194336 103.372894 2102.579102
v 11387.298828 214.415955 1633.950195
v 11383.817383 214.415955 1591.859375
v 11387.298828 255.346939 1633.950195
v 11383.817383 255.346939 1591.859375
v 11380.312500 214.415955 1549.779297
v 11380.312500 255.346939 1549.779297
v 11373.453125 212.942047 1467.136719
v 11370.253906 212.942047 1428.570312
v 11373.453125 251.490173 1467.136719
v 11370.253906 251.490173 1428.570312
v 11367.052734 212.942123 1390.019531
v 11367.052734 251.490173 1390.019531
v 11418.532227 216.460266 2010.265625
v 11418.532227 255.628906 2010.265625
v 11422.374023 216.460266 2056.547852
v 11422.374023 255.628906 2056.547852
v 11426.216797 216.460266 2102.843750
v 11426.216797 255.628906 2102.843750
v 11361.132812 357.706604 1318.801758
v 11383.892578 439.475098 1595.130859
v 11383.835938 480.012329 1595.134766
v 11410.864258 484.312225 1829.385742
v 11412.576172 484.312225 1850.008789
v 11412.533203 507.458466 1850.016602
v 11410.832031 507.458466 1829.386719
v 11388.474609 480.012329 1651.003906
v 11402.947266 480.012299 1825.401367
v 11402.911133 514.758423 1825.405273
v 11388.425781 514.758423 1651.020508
v 11391.740234 484.312256 1599.117188
v 11393.453125 484.312256 1619.738281
v 11393.431641 507.458496 1619.738281
v 11391.708984 507.458496 1599.120117
v 11407.644531 439.475067 1881.294922
v 11432.471680 358.388489 2178.327148
v 11407.587891 480.012299 1881.287109
v 11393.902344 484.312256 1625.165039
v 11395.613281 484.312256 1645.776367
v 11395.582031 507.458496 1645.788086
v 11393.871094 507.458496 1625.167969
v 11413.015625 484.312225 1855.439453
v 11414.727539 484.312225 1876.069336
v 11414.695312 507.458466 1876.072266
v 11412.983398 507.458466 1855.443359
v 11405.207031 514.758423 1853.358398
v 11395.523438 714.735474 1736.531250
v 11383.787109 514.758423 1595.139648
v 11386.106445 514.758423 1623.081055
v 11407.539062 514.758423 1881.303711
v 11392.657227 358.007141 1698.811523
v 11383.950195 398.937988 1595.125977
v 11386.269531 398.937988 1623.067383
v 11388.587891 398.937988 1651.006836
v 11403.062500 398.937958 1825.394531
v 11405.393555 398.937958 1853.342773
v 11407.710938 398.937958 1881.283203
v 11391.797852 442.714233 1599.112305
v 11393.507812 442.714233 1619.721680
v 11393.464844 476.773193 1619.737305
v 11391.758789 476.773193 1599.117188
v 11393.966797 442.714233 1625.160156
v 11395.675781 442.714233 1645.771484
v 11395.626953 476.773193 1645.775391
v 11393.915039 476.773193 1625.164062
v 11388.531250 439.475098 1651.011719
v 11403.004883 439.475067 1825.399414
v 11410.910156 442.714203 1829.379883
v 11412.620117 442.714203 1849.997070
v 11412.587891 476.773163 1850.006836
v 11410.876953 476.773163 1829.384766
v 11413.072266 442.714203 1855.434570
v 11414.784180 442.714203 1876.064453
v 11414.739258 476.773163 1876.068359
v 11413.027344 476.773163 1855.438477
v 11391.850586 406.237915 1599.108398
v 11393.561523 406.237915 1619.729492
v 11393.517578 435.175171 1619.730469
v 11391.809570 435.175171 1599.111328
v 11394.011719 406.237915 1625.156250
v 11395.723633 406.237915 1645.776367
v 11395.685547 435.175171 1645.770508
v 11393.970703 435.175171 1625.159180
v 11410.962891 406.237885 1829.376953
v 11412.674805 406.237885 1850.004883
v 11412.626953 435.175140 1850.003906
v 11410.916016 435.175140 1829.379883
v 11413.136719 406.237885 1855.427734
v 11414.836914 406.237885 1876.061523
v 11414.795898 435.175140 1876.063477
v 11413.094727 435.175140 1855.431641
v 11403.061523 511.758392 1827.300781
v 11405.223633 511.758392 1853.355469
v 11403.105469 480.012299 1827.296875
v 11407.398438 511.758392 1879.408203
v 11407.430664 480.012299 1879.405273
v 11403.164062 439.475067 1827.293945
v 11407.486328 439.475067 1879.402344
v 11405.388672 401.937958 1853.342773
v 11403.208984 401.937958 1827.295898
v 11407.539062 401.937958 1879.396484
v 11383.949219 511.758423 1597.030273
v 11386.111328 511.758423 1623.080078
v 11383.996094 480.012329 1597.022461
v 11388.285156 511.758423 1649.125977
v 11388.318359 480.012329 1649.123047
v 11384.054688 439.475098 1597.012695
v 11388.375000 439.475098 1649.118164
v 11386.265625 401.937988 1623.067383
v 11384.103516 401.937988 1597.017578
v 11388.425781 401.937988 1649.114258
v 11405.267578 480.012299 1853.350586
v 11405.037109 484.312225 1850.637695
v 11403.325195 484.312225 1830.010742
v 11405.004883 507.458466 1850.641602
v 11403.292969 507.458466 1830.013672
v 11386.155273 480.012329 1623.076172
v 11385.923828 484.312256 1620.363281
v 11384.212891 484.312256 1599.742188
v 11385.891602 507.458496 1620.366211
v 11384.180664 507.458496 1599.746094
v 11388.091797 484.312256 1646.403320
v 11386.375000 484.312256 1625.790039
v 11388.053711 507.458496 1646.413086
v 11386.341797 507.458496 1625.792969
v 11407.199219 484.312225 1876.694336
v 11405.487305 484.312225 1856.065430
v 11407.167969 507.458466 1876.698242
v 11405.466797 507.458466 1856.064453
v 11386.211914 439.475098 1623.072266
v 11385.980469 442.714233 1620.358398
v 11384.269531 442.714233 1599.737305
v 11385.935547 476.773193 1620.362305
v 11384.224609 476.773193 1599.741211
v 11388.142578 442.714233 1646.396484
v 11386.431641 442.714233 1625.785156
v 11388.097656 476.773193 1646.409180
v 11386.381836 476.773193 1625.789062
v 11405.324219 439.475067 1853.348633
v 11405.093750 442.714203 1850.630859
v 11403.381836 442.714203 1830.005859
v 11405.048828 476.773163 1850.636719
v 11403.336914 476.773163 1830.009766
v 11407.255859 442.714203 1876.689453
v 11405.542969 442.714203 1856.059570
v 11407.210938 476.773163 1876.693359
v 11405.499023 476.773163 1856.064453
v 11386.044922 406.237915 1620.351562
v 11384.322266 406.237915 1599.734375
v 11385.992188 435.175171 1620.357422
v 11384.281250 435.175171 1599.736328
v 11388.195312 406.237915 1646.401367
v 11386.483398 406.237915 1625.781250
v 11388.152344 435.175171 1646.395508
v 11386.443359 435.175171 1625.784180
v 11405.145508 406.237885 1850.629883
v 11403.445312 406.237885 1830.001953
v 11405.105469 435.175140 1850.629883
v 11403.392578 435.175140 1830.004883
v 11407.309570 406.237885 1876.686523
v 11405.596680 406.237885 1856.056641
v 11407.267578 435.175140 1876.688477
v 11405.555664 435.175140 1856.058594
v 12514.316406 733.655334 1643.400879
v 12872.049805 733.656372 1612.448608
v 12552.872070 351.419861 2104.730713
v 12910.628906 351.419952 2073.777588
v 11333.888672 350.680084 1310.984375
v 11334.589844 350.701569 1319.527344
v 11369.101562 714.735474 1738.722656
v 11369.079102 733.653564 1738.453125
v 12872.072266 714.735474 1612.706055
v 11406.166992 351.383453 2181.994141
v 11407.658203 351.417267 2199.782227
v 11366.233398 351.002045 1700.833984
v 11395.500000 733.653198 1736.260498
v 11434.080078 351.417664 2197.588135
v 11768.435547 733.653809 1705.307739
v 12141.370117 733.654297 1674.355103
v 11807.019531 351.417603 2166.635986
v 12179.960938 351.417877 2135.683105
v 12299.758789 803.941406 1670.801758
v 12302.915039 803.941162 1723.721680
v 12361.992188 803.941162 1716.599609
v 12358.830078 803.941406 1663.687500
v 12302.201172 685.775024 1719.194824
v 12299.302734 729.856018 1665.863525
v 12361.351562 686.860107 1712.966797
v 12358.448242 730.938110 1659.639771
v 12302.915039 783.898865 1723.721680
v 12299.758789 783.898926 1670.801758
v 12361.992188 783.898865 1716.599609
v 12358.830078 783.898926 1663.687500
v 12362.808594 783.898926 1659.420898
v 12295.335938 783.898926 1667.548828
v 12295.335938 803.941406 1667.548828
v 12362.808594 803.941406 1659.420898
v 12366.409180 783.898865 1719.859375
v 12366.409180 803.941162 1719.859375
v 12298.944336 783.898865 1727.984375
v 12298.944336 803.941162 1727.984375
v 11381.474609 512.105591 1565.741211
v 11382.482422 528.388184 1577.892578
v 11380.473633 528.631104 1553.347656
v 11381.455078 544.913696 1565.499023
v 11395.550781 633.734375 1737.469727
v 11396.560547 617.208862 1749.533203
v 11394.607422 617.451782 1725.634766
v 11395.570312 600.926270 1737.707031
v 11391.765625 512.105591 1564.881836
v 11392.769531 528.388184 1577.040039
v 11391.746094 544.913696 1564.635742
v 11390.759766 528.631104 1552.492188
v 11411.548828 544.913696 1932.416992
v 11412.577148 528.388306 1944.809570
v 11410.568359 528.631104 1920.264648
v 11411.568359 512.105591 1932.660156
v 11406.845703 617.208862 1748.677734
v 11405.837891 633.734375 1736.615234
v 11404.882812 617.451782 1724.779297
v 11405.857422 600.926270 1736.852539
v 11566.421875 -0.000000 2173.141602
v 11566.421875 279.783447 2173.138672
v 11684.965820 279.783447 2163.299805
v 11685.462891 -0.000001 2163.260742
v 12683.061523 0.000001 2080.460938
v 12808.424805 0.000001 2068.794922
v 12683.059570 273.383484 2080.459961
v 12808.422852 273.383484 2068.793945
v 11566.421875 69.377075 2173.138672
v 11684.965820 69.377083 2163.299805
v 12808.422852 69.377083 2068.793945
v 12683.059570 69.377068 2080.459961
v 12810.101562 69.377083 2089.037109
v 12684.747070 69.377068 2100.708984
v 11568.103516 69.377075 2193.388672
v 11686.646484 69.377083 2183.549805
v 12810.102539 43.746197 2089.038086
v 12684.747070 43.746189 2100.707031
v 11568.103516 43.746193 2193.388672
v 11687.207031 43.746197 2183.497070
v 12811.460938 43.746197 2105.325195
v 12686.098633 43.746189 2116.990234
v 11569.455078 43.746193 2209.670898
v 11688.556641 43.746197 2199.785156
v 12811.460938 24.603909 2105.325195
v 12686.098633 24.603905 2116.990234
v 11569.455078 24.603905 2209.670898
v 11688.556641 24.603909 2199.785156
v 12812.832031 24.603909 2121.894531
v 12687.469727 24.603905 2133.561523
v 11570.826172 24.603905 2226.240234
v 11689.931641 24.603909 2216.353516
v 12812.832031 13.285598 2121.894531
v 12687.469727 13.285595 2133.561523
v 11570.826172 13.285595 2226.240234
v 11689.931641 13.285598 2216.353516
v 12814.364258 13.285598 2140.352539
v 12814.364258 0.000001 2140.352539
v 12689.003906 13.285595 2152.019531
v 12689.003906 0.000001 2152.019531
v 11572.360352 13.285595 2244.698242
v 11691.463867 13.285598 2234.811523
v 11572.359375 -0.000000 2244.700195
v 11691.463867 -0.000001 2234.811523
v 11566.421875 69.377075 2173.138672
v 11566.421875 279.783447 2173.138672
v 11684.965820 69.377083 2163.299805
v 11684.965820 279.783447 2163.299805
v 12808.422852 69.377083 2068.793945
v 12683.059570 69.377068 2080.459961
v 12808.422852 273.383484 2068.793945
v 12683.059570 273.383484 2080.459961
v 11758.753906 154.827118 2164.530273
v 11765.134766 148.427124 2164.000977
v 11765.134766 195.387131 2164.000977
v 11758.753906 188.987122 2164.530273
v 11717.957031 195.387131 2167.915039
v 11724.335938 188.987122 2167.386719
v 11717.957031 148.427124 2167.915039
v 11724.335938 154.827118 2167.386719
v 11724.335938 248.747086 2167.386719
v 11717.957031 242.347092 2167.915039
v 11765.134766 242.347092 2164.000977
v 11758.753906 248.747086 2164.530273
v 11765.134766 282.598480 2164.000977
v 11758.753906 276.198517 2164.530273
v 11717.957031 282.598480 2167.915039
v 11724.335938 276.198517 2167.386719
v 11724.335938 201.787109 2167.386719
v 11758.753906 201.787109 2164.530273
v 11758.753906 235.947083 2164.530273
v 11724.335938 235.947083 2167.386719
v 11805.938477 154.827118 2160.615234
v 11812.307617 148.427124 2160.085938
v 11812.307617 195.387131 2160.085938
v 11805.938477 188.987122 2160.615234
v 11771.509766 188.987122 2163.472656
v 11771.509766 154.827118 2163.472656
v 11771.509766 235.947083 2163.472656
v 11771.509766 201.787109 2163.472656
v 11805.938477 201.787109 2160.615234
v 11812.307617 242.347092 2160.085938
v 11805.938477 235.947083 2160.615234
v 11771.509766 276.198517 2163.472656
v 11771.509766 248.747086 2163.472656
v 11805.938477 248.747086 2160.615234
v 11812.307617 282.598480 2160.085938
v 11805.938477 276.198517 2160.615234
v 11758.224609 154.827118 2158.133789
v 11758.224609 188.987122 2158.133789
v 11723.804688 188.987122 2160.985352
v 11723.804688 154.827118 2160.985352
v 11723.804688 248.747086 2160.985352
v 11758.222656 248.747086 2158.131836
v 11758.222656 276.198517 2158.131836
v 11723.804688 276.198517 2160.985352
v 11723.804688 201.787109 2160.985352
v 11758.224609 201.787109 2158.133789
v 11758.222656 235.947083 2158.131836
v 11723.804688 235.947083 2160.985352
v 11805.396484 154.827118 2154.218750
v 11805.396484 188.987122 2154.218750
v 11770.978516 188.987122 2157.075195
v 11770.978516 154.827118 2157.075195
v 11770.979492 235.947083 2157.073242
v 11770.978516 201.787109 2157.075195
v 11805.396484 201.787109 2154.218750
v 11805.396484 235.947083 2154.217773
v 11770.979492 276.198517 2157.073242
v 11770.979492 248.747086 2157.073242
v 11805.396484 248.747086 2154.217773
v 11805.396484 276.198517 2154.217773
v 12588.284180 145.849915 2095.681641
v 12594.663086 139.449921 2095.149414
v 12594.663086 186.409927 2095.149414
v 12588.284180 180.009918 2095.681641
v 12547.489258 186.409927 2099.067383
v 12553.867188 180.009918 2098.538086
v 12547.489258 139.449921 2099.067383
v 12553.867188 145.849915 2098.538086
v 12635.459961 145.849915 2091.764648
v 12641.837891 139.449921 2091.235352
v 12641.837891 186.409927 2091.235352
v 12635.459961 180.009918 2091.764648
v 12601.041016 180.009918 2094.621094
v 12601.041016 145.849915 2094.621094
v 12601.041016 239.769882 2094.621094
v 12594.663086 233.369888 2095.149414
v 12641.837891 233.369888 2091.235352
v 12635.459961 239.769882 2091.764648
v 12641.837891 273.621246 2091.235352
v 12635.459961 267.221283 2091.764648
v 12594.663086 273.621246 2095.149414
v 12601.041016 267.221283 2094.621094
v 12553.867188 239.769882 2098.538086
v 12547.489258 233.369888 2099.067383
v 12588.284180 239.769882 2095.681641
v 12588.284180 267.221283 2095.681641
v 12547.489258 273.621246 2099.067383
v 12553.867188 267.221283 2098.538086
v 12601.041016 192.809906 2094.621094
v 12635.459961 192.809906 2091.764648
v 12635.459961 226.969879 2091.764648
v 12601.041016 226.969879 2094.621094
v 12553.867188 192.809906 2098.538086
v 12588.284180 192.809906 2095.681641
v 12588.284180 226.969879 2095.681641
v 12553.867188 226.969879 2098.538086
v 12587.757812 145.849915 2089.273438
v 12587.757812 180.009918 2089.273438
v 12553.335938 180.009918 2092.140625
v 12553.335938 145.849915 2092.140625
v 12634.929688 145.849915 2085.368164
v 12634.929688 180.009918 2085.368164
v 12600.511719 180.009918 2088.212891
v 12600.511719 145.849915 2088.212891
v 12600.511719 239.769882 2088.212891
v 12634.928711 239.769882 2085.366211
v 12634.928711 267.221283 2085.366211
v 12600.511719 267.221283 2088.212891
v 12553.335938 239.769882 2092.139648
v 12587.757812 239.769882 2089.271484
v 12587.757812 267.221283 2089.271484
v 12553.335938 267.221283 2092.139648
v 12600.511719 192.809906 2088.212891
v 12634.929688 192.809906 2085.368164
v 12634.928711 226.969879 2085.366211
v 12600.511719 226.969879 2088.212891
v 12553.335938 192.809906 2092.140625
v 12587.757812 192.809906 2089.273438
v 12587.757812 226.969879 2089.271484
v 12553.335938 226.969879 2092.139648
v 11990.391602 0.000000 2137.954102
v 11896.041016 0.000000 2145.782227
v 12431.874023 0.000000 2101.311523
v 12337.523438 0.000000 2109.139648
v 12210.464844 0.000000 2119.688477
v 12116.114258 0.000000 2127.516602
vt 0.103459 0.344547
vt 0.004891 0.387528
vt 0.426189 0.456603
vt 0.325146 0.410221
vt 0.351374 0.353051
vt 0.452469 0.399503
vt 0.057436 0.436606
vt 0.157212 0.394449
vt 0.004883 0.387522
vt 0.057441 0.436610
vt 0.157222 0.394449
vt 0.103604 0.344481
vt 0.426189 0.456610
vt 0.325145 0.410225
vt 0.452473 0.399502
vt 0.351371 0.353044
vt 0.667216 0.823452
vt 0.667216 0.826844
vt 0.649160 0.826841
vt 0.649160 0.823449
vt 0.649161 0.819574
vt 0.667217 0.819577
vt 0.094958 0.807644
vt 0.094959 0.804249
vt 0.113015 0.804255
vt 0.113014 0.807650
vt 0.113012 0.811525
vt 0.094956 0.811519
vt 0.834435 0.826812
vt 0.834434 0.830205
vt 0.819924 0.830202
vt 0.819925 0.826809
vt 0.819926 0.822934
vt 0.834436 0.822937
vt 0.328272 0.829286
vt 0.328272 0.825890
vt 0.342782 0.825890
vt 0.342782 0.829286
vt 0.342782 0.833160
vt 0.328272 0.833160
vt 0.868715 0.826318
vt 0.868714 0.822926
vt 0.886770 0.822924
vt 0.886771 0.826317
vt 0.886771 0.830192
vt 0.868715 0.830193
vt 0.768634 0.808046
vt 0.768635 0.804651
vt 0.786691 0.804657
vt 0.786690 0.808052
vt 0.786688 0.811927
vt 0.768632 0.811921
vt 0.981849 0.812734
vt 0.981848 0.816126
vt 0.963792 0.816120
vt 0.963793 0.812728
vt 0.963794 0.808853
vt 0.981850 0.808859
vt 0.677429 0.816783
vt 0.680822 0.816783
vt 0.680825 0.834839
vt 0.677431 0.834839
vt 0.673557 0.834840
vt 0.673555 0.816784
vt 0.404083 0.811979
vt 0.407477 0.811980
vt 0.407474 0.830036
vt 0.404080 0.830035
vt 0.400206 0.830034
vt 0.400208 0.811978
vt 0.928138 0.826298
vt 0.928138 0.822905
vt 0.946194 0.822902
vt 0.946194 0.826296
vt 0.946195 0.830171
vt 0.928139 0.830172
vt 0.745613 0.664729
vt 0.749007 0.664730
vt 0.749004 0.679240
vt 0.745610 0.679239
vt 0.741735 0.679238
vt 0.741738 0.664728
vt 0.339798 0.690874
vt 0.336404 0.690874
vt 0.336407 0.676364
vt 0.339801 0.676364
vt 0.343676 0.676365
vt 0.343672 0.690875
vt 0.459766 0.615105
vt 0.455892 0.615106
vt 0.455887 0.590284
vt 0.459750 0.544186
vt 0.455881 0.565462
vt 0.455877 0.544187
vt 0.778015 0.738420
vt 0.781893 0.713600
vt 0.781888 0.738421
vt 0.778029 0.667502
vt 0.781898 0.688778
vt 0.781902 0.667502
vt 0.924928 0.813257
vt 0.924926 0.816649
vt 0.906870 0.816643
vt 0.906871 0.813251
vt 0.906873 0.809377
vt 0.924929 0.809382
vt 0.819925 0.812803
vt 0.819926 0.809408
vt 0.837982 0.809411
vt 0.837981 0.812806
vt 0.837980 0.816681
vt 0.819924 0.816678
vt 0.782034 0.832693
vt 0.778641 0.832692
vt 0.778644 0.818182
vt 0.782037 0.818183
vt 0.785912 0.818183
vt 0.785908 0.832693
vt 0.070562 0.582086
vt 0.070563 0.578691
vt 0.085073 0.578694
vt 0.085072 0.582089
vt 0.085072 0.585964
vt 0.070562 0.585961
vt 0.361341 0.816245
vt 0.361341 0.819637
vt 0.343285 0.819634
vt 0.343285 0.816240
vt 0.343286 0.812366
vt 0.361342 0.812370
vt 0.844320 0.812797
vt 0.844320 0.809402
vt 0.862376 0.809405
vt 0.862376 0.812800
vt 0.862375 0.816675
vt 0.844319 0.816671
vt 0.081112 0.821357
vt 0.081111 0.824750
vt 0.063055 0.824746
vt 0.063056 0.821354
vt 0.063057 0.817479
vt 0.081113 0.817482
vt 0.248749 0.816882
vt 0.248748 0.820275
vt 0.230692 0.820272
vt 0.230693 0.816879
vt 0.230694 0.813004
vt 0.248750 0.813008
vt 0.706707 0.820666
vt 0.706708 0.817272
vt 0.724764 0.817275
vt 0.724763 0.820668
vt 0.724763 0.824543
vt 0.706707 0.824541
vt 0.696338 0.824080
vt 0.692945 0.824080
vt 0.692949 0.806024
vt 0.696342 0.806024
vt 0.700217 0.806025
vt 0.700213 0.824081
vt 0.373576 0.652696
vt 0.370182 0.652696
vt 0.370185 0.638186
vt 0.373579 0.638187
vt 0.377453 0.638187
vt 0.377450 0.652697
vt 0.910890 0.712757
vt 0.907496 0.712756
vt 0.907499 0.698246
vt 0.910893 0.698247
vt 0.914768 0.698248
vt 0.914764 0.712758
vt 0.720079 0.746611
vt 0.720079 0.750484
vt 0.695257 0.750483
vt 0.649160 0.746607
vt 0.670435 0.750481
vt 0.649160 0.750480
vt 0.225924 0.750437
vt 0.201103 0.746563
vt 0.225925 0.746564
vt 0.155006 0.750432
vt 0.176281 0.746561
vt 0.155006 0.746559
vt 0.862375 0.826805
vt 0.862375 0.830197
vt 0.844319 0.830197
vt 0.844319 0.826805
vt 0.844319 0.822930
vt 0.862375 0.822930
vt 0.297539 0.814752
vt 0.297539 0.818147
vt 0.279483 0.818150
vt 0.279483 0.814755
vt 0.279482 0.810880
vt 0.297538 0.810877
vt 0.393449 0.828467
vt 0.393450 0.831861
vt 0.378940 0.831863
vt 0.378939 0.828469
vt 0.378939 0.824595
vt 0.393449 0.824593
vt 0.435235 0.828690
vt 0.435235 0.825294
vt 0.449745 0.825294
vt 0.449745 0.828690
vt 0.449745 0.832564
vt 0.435235 0.832564
vt 0.436402 0.815644
vt 0.436402 0.819036
vt 0.418346 0.819033
vt 0.418347 0.815639
vt 0.418347 0.811765
vt 0.436403 0.811769
vt 0.891149 0.813273
vt 0.891149 0.816669
vt 0.873093 0.816666
vt 0.873093 0.813270
vt 0.873094 0.809395
vt 0.891150 0.809399
vt 0.255088 0.816400
vt 0.255089 0.813007
vt 0.273145 0.813010
vt 0.273144 0.816403
vt 0.273143 0.820278
vt 0.255087 0.820275
vt 0.004883 0.824468
vt 0.004883 0.821075
vt 0.022939 0.821072
vt 0.022939 0.824465
vt 0.022940 0.828340
vt 0.004884 0.828342
vt 0.321934 0.816861
vt 0.321934 0.820256
vt 0.303878 0.820258
vt 0.303878 0.816865
vt 0.303877 0.812991
vt 0.321933 0.812987
vt 0.976928 0.825776
vt 0.976928 0.822383
vt 0.994984 0.822381
vt 0.994984 0.825774
vt 0.994985 0.829649
vt 0.976929 0.829651
vt 0.052690 0.835118
vt 0.049296 0.835118
vt 0.049294 0.820608
vt 0.052688 0.820608
vt 0.056563 0.820607
vt 0.056565 0.835117
vt 0.173146 0.827178
vt 0.173145 0.823785
vt 0.187655 0.823782
vt 0.187656 0.827176
vt 0.187657 0.831051
vt 0.173147 0.831053
vt 0.383943 0.756255
vt 0.383943 0.752382
vt 0.408765 0.752383
vt 0.454861 0.756259
vt 0.433586 0.752384
vt 0.454862 0.752385
vt 0.744863 0.658472
vt 0.748741 0.633651
vt 0.748736 0.658473
vt 0.744877 0.587553
vt 0.748746 0.608830
vt 0.748750 0.587554
vt 0.858270 0.196697
vt 0.851825 0.188091
vt 0.858398 0.179356
vt 0.864845 0.187962
vt 0.033781 0.814130
vt 0.037173 0.814130
vt 0.037170 0.832186
vt 0.033778 0.832186
vt 0.029903 0.832185
vt 0.029906 0.814129
vt 0.173146 0.813650
vt 0.173147 0.810255
vt 0.191203 0.810258
vt 0.191202 0.813653
vt 0.191201 0.817527
vt 0.173145 0.817524
vt 0.667216 0.809922
vt 0.667216 0.813321
vt 0.649160 0.813318
vt 0.649160 0.809919
vt 0.649161 0.806045
vt 0.667217 0.806048
vt 0.124356 0.823187
vt 0.124355 0.819793
vt 0.142411 0.819791
vt 0.142412 0.823184
vt 0.142413 0.827058
vt 0.124357 0.827061
vt 0.950574 0.813250
vt 0.950572 0.816643
vt 0.932516 0.816637
vt 0.932517 0.813244
vt 0.932519 0.809370
vt 0.950575 0.809376
vt 0.148751 0.808881
vt 0.148752 0.805482
vt 0.166808 0.805485
vt 0.166807 0.808884
vt 0.166806 0.812758
vt 0.148750 0.812755
vt 0.428478 0.829165
vt 0.428478 0.832559
vt 0.413968 0.832561
vt 0.413968 0.829167
vt 0.413967 0.825293
vt 0.428477 0.825291
vt 0.686691 0.848127
vt 0.686692 0.844728
vt 0.701202 0.844731
vt 0.701201 0.848130
vt 0.701200 0.852004
vt 0.686690 0.852001
vt 0.756246 0.412071
vt 0.756247 0.415471
vt 0.741736 0.415473
vt 0.741736 0.412074
vt 0.741735 0.408199
vt 0.756245 0.408197
vt 0.282610 0.827799
vt 0.282610 0.824406
vt 0.297120 0.824403
vt 0.297120 0.827797
vt 0.297121 0.831671
vt 0.282611 0.831674
vt 0.745612 0.824101
vt 0.745612 0.827494
vt 0.731102 0.827491
vt 0.731102 0.824098
vt 0.731103 0.820223
vt 0.745613 0.820226
vt 0.349540 0.829288
vt 0.349540 0.825892
vt 0.364050 0.825892
vt 0.364050 0.829288
vt 0.364050 0.833162
vt 0.349540 0.833162
vt 0.215597 0.815484
vt 0.215596 0.818877
vt 0.197540 0.818874
vt 0.197541 0.815480
vt 0.197542 0.811606
vt 0.215598 0.811610
vt 0.142412 0.810136
vt 0.142412 0.813535
vt 0.124357 0.813537
vt 0.124356 0.810139
vt 0.124356 0.806264
vt 0.142411 0.806262
vt 0.589382 0.767585
vt 0.585983 0.767584
vt 0.585986 0.749528
vt 0.589386 0.749529
vt 0.593260 0.749530
vt 0.593256 0.767586
vt 0.166807 0.822888
vt 0.166807 0.826281
vt 0.148751 0.826284
vt 0.148751 0.822891
vt 0.148750 0.819016
vt 0.166806 0.819013
vt 0.897488 0.826299
vt 0.897488 0.822906
vt 0.915544 0.822903
vt 0.915544 0.826297
vt 0.915545 0.830171
vt 0.897489 0.830173
vt 0.375812 0.814465
vt 0.375811 0.811070
vt 0.393867 0.811067
vt 0.393868 0.814462
vt 0.393868 0.818337
vt 0.375812 0.818339
vt 0.970589 0.826770
vt 0.970590 0.830163
vt 0.952534 0.830166
vt 0.952533 0.826773
vt 0.952533 0.822898
vt 0.970589 0.822896
vt 0.087451 0.821170
vt 0.087452 0.817777
vt 0.105508 0.817780
vt 0.105507 0.821173
vt 0.105506 0.825047
vt 0.087450 0.825044
vt 0.754246 0.821571
vt 0.754247 0.818176
vt 0.772303 0.818180
vt 0.772302 0.821573
vt 0.772302 0.825447
vt 0.754246 0.825445
vt 0.460797 0.815647
vt 0.460797 0.819040
vt 0.442741 0.819037
vt 0.442741 0.815643
vt 0.442742 0.811769
vt 0.460798 0.811773
vt 0.294136 0.757606
vt 0.290742 0.757605
vt 0.290745 0.743095
vt 0.294139 0.743096
vt 0.298013 0.743097
vt 0.298010 0.757607
vt 0.223936 0.829006
vt 0.223936 0.832400
vt 0.209426 0.832402
vt 0.209426 0.829008
vt 0.209425 0.825134
vt 0.223935 0.825132
vt 0.467157 0.819885
vt 0.578765 0.790065
vt 0.606327 0.790064
vt 0.514452 0.790068
vt 0.602544 0.786494
vt 0.796002 0.827197
vt 0.514451 0.763731
vt 0.518235 0.786498
vt 0.606326 0.763727
vt 0.577251 0.786495
vt 0.642702 0.628051
vt 0.514450 0.737386
vt 0.602543 0.763727
vt 0.600085 0.784174
vt 0.813167 0.829745
vt 0.518233 0.740958
vt 0.467149 0.655129
vt 0.518234 0.763731
vt 0.574603 0.783997
vt 0.606325 0.737382
vt 0.600085 0.763727
vt 0.602542 0.740954
vt 0.579710 0.784175
vt 0.116224 0.543938
vt 0.809728 0.627534
vt 0.578762 0.737383
vt 0.511193 0.705871
vt 0.520882 0.783999
vt 0.574603 0.766223
vt 0.608748 0.705866
vt 0.600084 0.743272
vt 0.577250 0.763728
vt 0.094331 0.543922
vt 0.642690 0.362940
vt 0.577249 0.740956
vt 0.520881 0.761228
vt 0.511192 0.677125
vt 0.520882 0.766226
vt 0.608746 0.677120
vt 0.579708 0.743273
vt 0.579709 0.763728
vt 0.342922 0.736552
vt 0.608600 0.459840
vt 0.296594 0.779005
vt 0.579481 0.705867
vt 0.520881 0.743455
vt 0.574602 0.761226
vt 0.511191 0.648810
vt 0.515210 0.701982
vt 0.604731 0.701977
vt 0.608745 0.648805
vt 0.608599 0.430655
vt 0.805226 0.362936
vt 0.574602 0.743452
vt 0.515207 0.652274
vt 0.515209 0.677124
vt 0.604730 0.677120
vt 0.604756 0.457033
vt 0.608597 0.401464
vt 0.577875 0.701979
vt 0.580594 0.459841
vt 0.577872 0.652271
vt 0.518021 0.699250
vt 0.602119 0.677120
vt 0.602118 0.654796
vt 0.604755 0.430656
vt 0.604754 0.404275
vt 0.467136 0.362948
vt 0.575063 0.699247
vt 0.515246 0.459844
vt 0.518019 0.654994
vt 0.518020 0.674396
vt 0.518020 0.679848
vt 0.602120 0.699440
vt 0.580483 0.654797
vt 0.579056 0.457034
vt 0.602257 0.430656
vt 0.580591 0.401466
vt 0.575062 0.679846
vt 0.519090 0.457037
vt 0.575061 0.654991
vt 0.575062 0.674393
vt 0.577874 0.677121
vt 0.580485 0.699441
vt 0.580484 0.677121
vt 0.602258 0.455203
vt 0.602256 0.406101
vt 0.579054 0.404276
vt 0.515243 0.401469
vt 0.515245 0.430660
vt 0.576366 0.455066
vt 0.581555 0.455204
vt 0.581552 0.406102
vt 0.519087 0.404278
vt 0.519088 0.430660
vt 0.576365 0.432620
vt 0.521780 0.455069
vt 0.579055 0.430657
vt 0.581553 0.430657
vt 0.521778 0.406245
vt 0.521779 0.428689
vt 0.576363 0.406242
vt 0.521779 0.432623
vt 0.576364 0.428686
vt 0.909604 0.512584
vt 0.887276 0.512584
vt 0.887276 0.490949
vt 0.864961 0.490949
vt 0.909604 0.490949
vt 0.864961 0.512584
vt 0.649160 0.725136
vt 0.649160 0.704680
vt 0.669535 0.704680
vt 0.669535 0.684234
vt 0.669535 0.725136
vt 0.649160 0.684234
vt 0.439613 0.471833
vt 0.439613 0.447278
vt 0.460317 0.447278
vt 0.460317 0.471833
vt 0.439613 0.496385
vt 0.460317 0.496385
vt 0.863710 0.674218
vt 0.917431 0.674218
vt 0.917431 0.691991
vt 0.863710 0.691991
vt 0.914929 0.619766
vt 0.861208 0.619766
vt 0.861208 0.601992
vt 0.914929 0.601992
vt 0.004883 0.475361
vt 0.004883 0.418319
vt 0.024290 0.418319
vt 0.024290 0.475361
vt 0.088196 0.462269
vt 0.031154 0.462269
vt 0.031154 0.442866
vt 0.088196 0.442866
vt 0.400372 0.407555
vt 0.345787 0.407555
vt 0.345787 0.385109
vt 0.400372 0.385109
vt 0.678559 0.459791
vt 0.678559 0.405205
vt 0.700996 0.405205
vt 0.700996 0.459791
vt 0.460765 0.537931
vt 0.314208 0.494719
vt 0.314207 0.473292
vt 0.314210 0.516145
vt 0.313206 0.473292
vt 0.314206 0.454926
vt 0.259213 0.537783
vt 0.313210 0.494719
vt 0.313203 0.456512
vt 0.329793 0.456327
vt 0.299390 0.516146
vt 0.313206 0.514560
vt 0.311763 0.458785
vt 0.311764 0.475004
vt 0.299387 0.456513
vt 0.323348 0.447721
vt 0.336365 0.447592
vt 0.284571 0.516147
vt 0.311765 0.496992
vt 0.300826 0.458785
vt 0.311764 0.471019
vt 0.300827 0.475005
vt 0.311765 0.493007
vt 0.299386 0.454927
vt 0.239208 0.349228
vt 0.329921 0.438986
vt 0.192078 0.516152
vt 0.299390 0.514560
vt 0.300828 0.496992
vt 0.311765 0.512287
vt 0.299388 0.473293
vt 0.299388 0.494719
vt 0.300827 0.471020
vt 0.285572 0.456513
vt 0.177254 0.516153
vt 0.284570 0.494720
vt 0.285575 0.514561
vt 0.300828 0.493007
vt 0.287011 0.458786
vt 0.284568 0.454928
vt 0.162435 0.516154
vt 0.191070 0.514567
vt 0.192077 0.494725
vt 0.297951 0.512288
vt 0.300830 0.512288
vt 0.297948 0.458786
vt 0.287015 0.471021
vt 0.285573 0.473293
vt 0.244991 0.400649
vt 0.004883 0.537596
vt 0.177254 0.514567
vt 0.191072 0.494725
vt 0.285574 0.494720
vt 0.284575 0.473294
vt 0.297950 0.496992
vt 0.287014 0.512288
vt 0.297949 0.475005
vt 0.297948 0.471020
vt 0.238715 0.392043
vt 0.238590 0.409385
vt 0.162430 0.494727
vt 0.163436 0.514568
vt 0.189634 0.496998
vt 0.189634 0.512294
vt 0.191071 0.473299
vt 0.192077 0.473299
vt 0.287012 0.475005
vt 0.297950 0.493007
vt 0.232316 0.400778
vt 0.192075 0.454933
vt 0.162436 0.473300
vt 0.175815 0.512295
vt 0.178694 0.496999
vt 0.178694 0.512294
vt 0.287018 0.496993
vt 0.189632 0.475011
vt 0.287018 0.493008
vt 0.162428 0.454934
vt 0.163434 0.494727
vt 0.175815 0.496999
vt 0.164873 0.512295
vt 0.177253 0.494726
vt 0.178692 0.475011
vt 0.189633 0.493013
vt 0.191070 0.456519
vt 0.177250 0.454934
vt 0.135199 0.456337
vt 0.163434 0.473300
vt 0.177253 0.473299
vt 0.189631 0.458791
vt 0.177251 0.456519
vt 0.141772 0.447602
vt 0.128754 0.447731
vt 0.163433 0.456520
vt 0.164873 0.493015
vt 0.164873 0.497000
vt 0.178694 0.493014
vt 0.189632 0.471026
vt 0.178691 0.458792
vt 0.135327 0.438996
vt 0.164872 0.471027
vt 0.175815 0.493014
vt 0.178692 0.471027
vt 0.164870 0.458793
vt 0.175813 0.471027
vt 0.175813 0.475012
vt 0.175814 0.458792
vt 0.164872 0.475012
vt 0.747716 0.813968
vt 0.735481 0.813968
vt 0.735480 0.803030
vt 0.747715 0.803027
vt 0.011138 0.803881
vt 0.023372 0.803880
vt 0.023373 0.814817
vt 0.011138 0.814817
vt 0.056525 0.814352
vt 0.044291 0.814352
vt 0.044290 0.803420
vt 0.056524 0.803415
vt 0.151253 0.642062
vt 0.163487 0.642061
vt 0.163488 0.653003
vt 0.151253 0.653004
vt 0.649161 0.599193
vt 0.649160 0.581191
vt 0.660091 0.581190
vt 0.660098 0.599193
vt 0.233058 0.610298
vt 0.215055 0.610299
vt 0.215055 0.599367
vt 0.233057 0.599366
vt 0.430719 0.485156
vt 0.412717 0.485158
vt 0.412716 0.474223
vt 0.430719 0.474218
vt 0.028652 0.386147
vt 0.046655 0.386146
vt 0.046655 0.397088
vt 0.028653 0.397089
vt 0.231318 0.616553
vt 0.246613 0.616553
vt 0.246614 0.627490
vt 0.231319 0.627489
vt 0.134990 0.635808
vt 0.134989 0.620512
vt 0.145926 0.620512
vt 0.145922 0.635807
vt 0.460562 0.425532
vt 0.460562 0.440827
vt 0.449621 0.440828
vt 0.449623 0.425532
vt 0.883101 0.385450
vt 0.898396 0.385448
vt 0.898397 0.396392
vt 0.883102 0.396392
vt 0.246028 0.844728
vt 0.244316 0.846166
vt 0.226314 0.846168
vt 0.620710 0.844728
vt 0.618998 0.846166
vt 0.600995 0.846168
vt 0.005002 0.553854
vt 0.004883 0.543852
vt 0.249233 0.746310
vt 0.909951 0.190023
vt 0.881386 0.192648
vt 0.858081 0.164422
vt 0.909946 0.162002
vt 0.909372 0.286958
vt 0.858081 0.285010
vt 0.881385 0.256786
vt 0.909378 0.258940
vt 0.128210 0.429126
vt 0.128210 0.439720
vt 0.096207 0.439720
vt 0.096208 0.429126
vt 0.199517 0.558206
vt 0.199517 0.568800
vt 0.167516 0.568800
vt 0.167516 0.558207
vt 0.701680 0.377955
vt 0.692945 0.371385
vt 0.701552 0.364936
vt 0.710287 0.371515
vt 0.780723 0.462571
vt 0.676986 0.372637
vt 0.670427 0.363892
vt 0.298730 0.654283
vt 0.388796 0.778009
vt 0.200042 0.543994
vt 0.193614 0.371564
vt 0.185008 0.377837
vt 0.176273 0.371439
vt 0.184879 0.365162
vt 0.089720 0.400641
vt 0.053050 0.400651
vt 0.053047 0.389914
vt 0.066595 0.389910
vt 0.066593 0.381272
vt 0.076711 0.381269
vt 0.076709 0.372481
vt 0.082691 0.372480
vt 0.082689 0.362690
vt 0.089711 0.362688
vt 0.132878 0.394883
vt 0.096207 0.394873
vt 0.132881 0.384143
vt 0.119333 0.384140
vt 0.119335 0.375504
vt 0.109217 0.375501
vt 0.109219 0.366712
vt 0.103237 0.366711
vt 0.096217 0.356919
vt 0.103239 0.356921
vt 0.270728 0.351543
vt 0.307398 0.351553
vt 0.270725 0.362283
vt 0.284273 0.362287
vt 0.284271 0.370923
vt 0.294389 0.370925
vt 0.294387 0.379713
vt 0.300369 0.379714
vt 0.307389 0.389507
vt 0.300367 0.389504
vt 0.169819 0.346838
vt 0.169804 0.383510
vt 0.159063 0.383505
vt 0.159068 0.369954
vt 0.150429 0.369948
vt 0.150435 0.359830
vt 0.141648 0.359825
vt 0.141652 0.353842
vt 0.131862 0.353836
vt 0.131866 0.346813
vt 0.673981 0.740349
vt 0.649160 0.740345
vt 0.649160 0.736471
vt 0.673982 0.736475
vt 0.698803 0.740352
vt 0.698803 0.736478
vt 0.720079 0.740355
vt 0.720079 0.736481
vt 0.125217 0.748156
vt 0.100396 0.744280
vt 0.125218 0.744282
vt 0.054298 0.748149
vt 0.075574 0.744277
vt 0.054299 0.744275
vt 0.376437 0.746120
vt 0.376437 0.742247
vt 0.401259 0.742250
vt 0.447356 0.746130
vt 0.426081 0.742253
vt 0.447356 0.742256
vt 0.054299 0.734141
vt 0.079121 0.734145
vt 0.079120 0.738019
vt 0.054298 0.738015
vt 0.103942 0.734149
vt 0.103942 0.738023
vt 0.125218 0.734152
vt 0.125217 0.738026
vt 0.240449 0.801971
vt 0.240728 0.805351
vt 0.222536 0.806861
vt 0.222255 0.803477
vt 0.221935 0.799616
vt 0.240128 0.798109
vt 0.069630 0.805863
vt 0.069911 0.802479
vt 0.088103 0.803989
vt 0.087824 0.807369
vt 0.087503 0.811231
vt 0.069311 0.809724
vt 0.170337 0.795108
vt 0.170618 0.791725
vt 0.188811 0.793235
vt 0.188530 0.796617
vt 0.188210 0.800478
vt 0.170018 0.798970
vt 0.950937 0.799258
vt 0.950656 0.795876
vt 0.968849 0.794366
vt 0.969129 0.797749
vt 0.969449 0.801611
vt 0.951257 0.803119
vt 0.304197 0.801364
vt 0.304478 0.797981
vt 0.322670 0.799491
vt 0.322391 0.802871
vt 0.322070 0.806733
vt 0.303877 0.805226
vt 0.943522 0.798234
vt 0.943803 0.801616
vt 0.925611 0.803125
vt 0.925330 0.799742
vt 0.925010 0.795880
vt 0.943203 0.794373
vt 0.441777 0.787534
vt 0.441490 0.784154
vt 0.459688 0.782643
vt 0.459969 0.786025
vt 0.460289 0.789886
vt 0.442096 0.791395
vt 0.413681 0.788382
vt 0.413401 0.791763
vt 0.395202 0.790253
vt 0.395490 0.786872
vt 0.395809 0.783010
vt 0.414001 0.784521
vt 0.693284 0.782601
vt 0.693004 0.785982
vt 0.674806 0.784472
vt 0.675093 0.781091
vt 0.675412 0.777230
vt 0.693605 0.778740
vt 0.743359 0.778026
vt 0.743646 0.781407
vt 0.725448 0.782917
vt 0.725168 0.779535
vt 0.724847 0.775674
vt 0.743039 0.774164
vt 0.713842 0.775217
vt 0.710460 0.774937
vt 0.711970 0.756738
vt 0.715352 0.757025
vt 0.719213 0.757345
vt 0.717703 0.775538
vt 0.047791 0.777937
vt 0.048078 0.781319
vt 0.029879 0.782829
vt 0.029599 0.779447
vt 0.029278 0.775586
vt 0.047471 0.774076
vt 0.014891 0.482966
vt 0.064762 0.478828
vt 0.040149 0.484758
vt 0.015212 0.486826
vt 0.065083 0.482688
vt 0.852772 0.518346
vt 0.902643 0.522484
vt 0.902322 0.526344
vt 0.877385 0.524275
vt 0.852451 0.522206
vt 0.353572 0.802251
vt 0.353293 0.798870
vt 0.371485 0.797360
vt 0.371766 0.800744
vt 0.372085 0.804605
vt 0.353893 0.806112
vt 0.393645 0.800357
vt 0.393926 0.796973
vt 0.412118 0.798483
vt 0.411839 0.801863
vt 0.411518 0.805725
vt 0.393325 0.804218
vt 0.080264 0.792624
vt 0.080545 0.789241
vt 0.098737 0.790751
vt 0.098456 0.794133
vt 0.098137 0.797994
vt 0.079944 0.796486
vt 0.107122 0.794135
vt 0.106841 0.790753
vt 0.125033 0.789243
vt 0.125314 0.792626
vt 0.125634 0.796488
vt 0.107442 0.797996
vt 0.334266 0.798324
vt 0.337649 0.798605
vt 0.336140 0.816797
vt 0.332759 0.816518
vt 0.328898 0.816198
vt 0.330404 0.798005
vt 0.132768 0.796146
vt 0.132487 0.792764
vt 0.150679 0.791254
vt 0.150960 0.794638
vt 0.151280 0.798499
vt 0.133088 0.800007
vt 0.667672 0.781091
vt 0.667959 0.784471
vt 0.649761 0.785982
vt 0.649480 0.782601
vt 0.649160 0.778740
vt 0.667352 0.777229
vt 0.252924 0.788945
vt 0.252644 0.792326
vt 0.234446 0.790816
vt 0.234733 0.787436
vt 0.235052 0.783574
vt 0.253245 0.785084
vt 0.008264 0.797305
vt 0.004883 0.797025
vt 0.006393 0.778826
vt 0.009773 0.779114
vt 0.013635 0.779433
vt 0.012125 0.797625
vt 0.243716 0.690666
vt 0.240335 0.690953
vt 0.238824 0.672754
vt 0.242207 0.672474
vt 0.246068 0.672153
vt 0.247578 0.690346
vt 0.750814 0.777649
vt 0.751094 0.774266
vt 0.769292 0.775776
vt 0.769005 0.779158
vt 0.768685 0.783019
vt 0.750493 0.781510
vt 0.018127 0.754303
vt 0.021509 0.754016
vt 0.023019 0.772214
vt 0.019636 0.772494
vt 0.015775 0.772815
vt 0.014265 0.754623
vt 0.653020 0.499370
vt 0.651227 0.524628
vt 0.649160 0.499690
vt 0.657156 0.549241
vt 0.653297 0.549562
vt 0.315137 0.401830
vt 0.319274 0.351959
vt 0.323134 0.352280
vt 0.321066 0.377217
vt 0.318996 0.402151
vt 0.441770 0.801652
vt 0.441490 0.798272
vt 0.459682 0.796762
vt 0.459963 0.800146
vt 0.460283 0.804007
vt 0.442090 0.805514
vt 0.866545 0.799766
vt 0.866265 0.803150
vt 0.848072 0.801640
vt 0.848352 0.798259
vt 0.848672 0.794398
vt 0.866865 0.795905
vt 0.044610 0.791791
vt 0.044891 0.788408
vt 0.063083 0.789917
vt 0.062802 0.793299
vt 0.062482 0.797161
vt 0.044290 0.795653
vt 0.425740 0.801523
vt 0.422358 0.801803
vt 0.420848 0.783611
vt 0.424232 0.783330
vt 0.428093 0.783010
vt 0.429601 0.801203
vt 0.892191 0.799760
vt 0.891911 0.803143
vt 0.873718 0.801633
vt 0.873998 0.798253
vt 0.874318 0.794391
vt 0.892511 0.795898
vt 0.728881 0.792916
vt 0.728600 0.789534
vt 0.746792 0.788024
vt 0.747073 0.791407
vt 0.747393 0.795269
vt 0.729201 0.796777
vt 0.262256 0.787993
vt 0.261968 0.784613
vt 0.280167 0.783103
vt 0.280447 0.786484
vt 0.280767 0.790345
vt 0.262575 0.791855
vt 0.227279 0.788945
vt 0.226998 0.792326
vt 0.208800 0.790816
vt 0.209087 0.787436
vt 0.209407 0.783574
vt 0.227599 0.785084
vt 0.347377 0.789182
vt 0.347096 0.792563
vt 0.328898 0.791053
vt 0.329185 0.787672
vt 0.329505 0.783811
vt 0.347697 0.785320
vt 0.150374 0.781048
vt 0.150661 0.784430
vt 0.132462 0.785940
vt 0.132182 0.782557
vt 0.131862 0.778696
vt 0.150054 0.777187
vt 0.073403 0.780542
vt 0.073122 0.783924
vt 0.054924 0.782414
vt 0.055211 0.779033
vt 0.055531 0.775171
vt 0.073723 0.776681
vt 0.368193 0.788235
vt 0.364811 0.788522
vt 0.363301 0.770323
vt 0.366683 0.770043
vt 0.370545 0.769723
vt 0.372054 0.787915
vt 0.779373 0.468821
vt 0.777581 0.494079
vt 0.775513 0.469142
vt 0.783511 0.518692
vt 0.779651 0.519013
vt 0.138742 0.547814
vt 0.139063 0.543954
vt 0.164000 0.546022
vt 0.188613 0.551952
vt 0.188934 0.548092
vt 0.252865 0.802891
vt 0.252585 0.799510
vt 0.270778 0.798000
vt 0.271058 0.801384
vt 0.271378 0.805245
vt 0.253186 0.806752
vt 0.195984 0.799986
vt 0.196265 0.796602
vt 0.214457 0.798112
vt 0.214177 0.801493
vt 0.213857 0.805354
vt 0.195664 0.803847
vt 0.228709 0.677242
vt 0.225322 0.677520
vt 0.223812 0.659328
vt 0.227193 0.659047
vt 0.231054 0.658727
vt 0.232570 0.676921
vt 0.679438 0.680927
vt 0.676057 0.680646
vt 0.677567 0.662454
vt 0.680954 0.662733
vt 0.684815 0.663053
vt 0.683299 0.681248
vt 0.278512 0.800763
vt 0.278231 0.797382
vt 0.296424 0.795872
vt 0.296704 0.799259
vt 0.297024 0.803120
vt 0.278832 0.804624
vt 0.683923 0.792056
vt 0.687310 0.792335
vt 0.685801 0.810528
vt 0.682420 0.810248
vt 0.678559 0.809927
vt 0.680062 0.791735
vt 0.757633 0.807245
vt 0.754246 0.806965
vt 0.755755 0.788772
vt 0.759137 0.789053
vt 0.762998 0.789373
vt 0.761494 0.807566
vt 0.033139 0.789362
vt 0.036521 0.789081
vt 0.038031 0.807274
vt 0.034643 0.807554
vt 0.030782 0.807875
vt 0.029278 0.789682
vt 0.441810 0.506021
vt 0.442091 0.502639
vt 0.460283 0.504149
vt 0.460005 0.507537
vt 0.459684 0.511398
vt 0.441490 0.509882
vt 0.287267 0.621911
vt 0.286988 0.618523
vt 0.305180 0.617013
vt 0.305461 0.620395
vt 0.305782 0.624257
vt 0.287587 0.625772
vt 0.994775 0.799734
vt 0.994494 0.803117
vt 0.976302 0.801608
vt 0.976583 0.798226
vt 0.976903 0.794365
vt 0.995095 0.795873
vt 0.917877 0.798240
vt 0.918157 0.801622
vt 0.899965 0.803132
vt 0.899684 0.799748
vt 0.899364 0.795887
vt 0.917557 0.794379
vt 0.819619 0.797791
vt 0.819899 0.794404
vt 0.838092 0.795914
vt 0.837812 0.799295
vt 0.837491 0.803156
vt 0.819299 0.801652
vt 0.653194 0.795929
vt 0.652913 0.792547
vt 0.671106 0.791037
vt 0.671385 0.794424
vt 0.671706 0.798285
vt 0.653514 0.799790
vt 0.028347 0.547254
vt 0.028628 0.543873
vt 0.046820 0.545383
vt 0.046542 0.548770
vt 0.046221 0.552631
vt 0.028027 0.551115
vt 0.654058 0.574331
vt 0.650670 0.574610
vt 0.649160 0.556418
vt 0.652542 0.556137
vt 0.656403 0.555816
vt 0.657919 0.574011
vt 0.716971 0.810699
vt 0.713587 0.810418
vt 0.715097 0.792226
vt 0.718478 0.792506
vt 0.722339 0.792826
vt 0.720832 0.811019
vt 0.383205 0.802776
vt 0.379823 0.803056
vt 0.378313 0.784864
vt 0.381697 0.784583
vt 0.385558 0.784263
vt 0.387066 0.802456
vt 0.124728 0.779036
vt 0.125015 0.782417
vt 0.106817 0.783929
vt 0.106536 0.780547
vt 0.106216 0.776686
vt 0.124408 0.775175
vt 0.321731 0.789182
vt 0.321450 0.792563
vt 0.303252 0.791053
vt 0.303538 0.787672
vt 0.303858 0.783811
vt 0.322051 0.785321
vt 0.703208 0.799479
vt 0.699826 0.799199
vt 0.701336 0.781001
vt 0.704717 0.781287
vt 0.708578 0.781607
vt 0.707069 0.799799
vt 0.176020 0.781048
vt 0.176306 0.784429
vt 0.158109 0.785940
vt 0.157828 0.782557
vt 0.157508 0.778696
vt 0.175700 0.777187
vt 0.099048 0.780544
vt 0.098768 0.783927
vt 0.080570 0.782416
vt 0.080856 0.779035
vt 0.081176 0.775174
vt 0.099369 0.776683
vt 0.201666 0.781048
vt 0.201952 0.784429
vt 0.183755 0.785940
vt 0.183474 0.782557
vt 0.183154 0.778696
vt 0.201346 0.777187
vt 0.410560 0.466117
vt 0.410894 0.462144
vt 0.433142 0.463984
vt 0.388321 0.464270
vt 0.432812 0.467964
vt 0.388652 0.460291
vt 0.007715 0.361374
vt 0.007385 0.357394
vt 0.029633 0.355554
vt 0.029967 0.359527
vt 0.051875 0.353702
vt 0.052206 0.357680
vt 0.548812 0.418173
vt 0.549143 0.414191
vt 0.569528 0.415882
vt 0.528436 0.416479
vt 0.569198 0.419861
vt 0.528766 0.412500
vt 0.426334 0.436016
vt 0.422355 0.436346
vt 0.420664 0.415961
vt 0.424645 0.415630
vt 0.418971 0.395584
vt 0.422951 0.395254
vt 0.264951 0.548072
vt 0.264614 0.552052
vt 0.240151 0.550021
vt 0.240480 0.546035
vt 0.215680 0.547990
vt 0.216012 0.544011
vt 0.071888 0.408909
vt 0.072218 0.412895
vt 0.047754 0.414925
vt 0.096357 0.406885
vt 0.047418 0.410946
vt 0.096688 0.410863
vt 0.258661 0.647069
vt 0.254682 0.647400
vt 0.253211 0.629687
vt 0.257191 0.629356
vt 0.203795 0.738540
vt 0.204126 0.734560
vt 0.221839 0.736030
vt 0.221508 0.740010
vt 0.048242 0.490912
vt 0.048572 0.494897
vt 0.030859 0.496367
vt 0.030529 0.492388
vt 0.854553 0.490952
vt 0.858531 0.491283
vt 0.857061 0.508995
vt 0.853076 0.508665
vt 0.853702 0.082298
vt 0.857682 0.081968
vt 0.859286 0.101303
vt 0.855308 0.101639
vt 0.810767 0.864399
vt 0.806789 0.864063
vt 0.808394 0.844728
vt 0.812373 0.845058
vt 0.124060 0.421528
vt 0.123730 0.417549
vt 0.143065 0.415944
vt 0.143398 0.419928
vt 0.332882 0.372332
vt 0.328898 0.371999
vt 0.330503 0.352664
vt 0.334482 0.352995
vt 0.589111 0.661383
vt 0.593090 0.661052
vt 0.594941 0.683421
vt 0.590967 0.683752
vt 0.545325 0.665222
vt 0.545656 0.661248
vt 0.568025 0.663099
vt 0.567694 0.667078
vt 0.031491 0.474358
vt 0.031154 0.470380
vt 0.053521 0.468523
vt 0.053851 0.472503
vt 0.591591 0.412356
vt 0.595571 0.412687
vt 0.593714 0.435053
vt 0.589736 0.434717
vt 0.435467 0.412233
vt 0.431482 0.411903
vt 0.432386 0.401000
vt 0.436371 0.401332
vt 0.170018 0.654872
vt 0.173997 0.654541
vt 0.174902 0.665444
vt 0.170917 0.665776
vt 0.539041 0.662154
vt 0.538710 0.666133
vt 0.527810 0.665228
vt 0.528141 0.661248
vt 0.391155 0.431182
vt 0.390823 0.427197
vt 0.401723 0.426292
vt 0.402053 0.430271
vt 0.248207 0.830508
vt 0.248537 0.826530
vt 0.259433 0.827437
vt 0.259101 0.831412
vt 0.361755 0.722819
vt 0.361424 0.718840
vt 0.372324 0.717935
vt 0.372654 0.721915
vt 0.097434 0.637947
vt 0.097103 0.641927
vt 0.086199 0.641022
vt 0.086530 0.637043
vt 0.194413 0.825461
vt 0.198391 0.825130
vt 0.199291 0.836036
vt 0.195318 0.836365
vt 0.529061 0.776459
vt 0.529392 0.772480
vt 0.540292 0.773385
vt 0.539955 0.777363
vt 0.529392 0.754593
vt 0.529061 0.750613
vt 0.539961 0.749709
vt 0.540291 0.753691
vt 0.304503 0.766099
vt 0.304833 0.762116
vt 0.315728 0.763021
vt 0.315397 0.767002
vt 0.199300 0.640530
vt 0.195320 0.640865
vt 0.194413 0.629966
vt 0.198395 0.629636
vt 0.354770 0.762051
vt 0.350791 0.761720
vt 0.351695 0.750818
vt 0.355673 0.751153
vt 0.072705 0.343393
vt 0.073038 0.347378
vt 0.062135 0.348283
vt 0.061804 0.344298
vt 0.176898 0.579035
vt 0.177229 0.575055
vt 0.188133 0.575960
vt 0.187803 0.579940
vt 0.269980 0.654995
vt 0.266001 0.655326
vt 0.265096 0.644422
vt 0.269075 0.644091
vt 0.189378 0.672853
vt 0.189047 0.676832
vt 0.178150 0.675922
vt 0.178478 0.671949
vt 0.311089 0.831393
vt 0.310758 0.827415
vt 0.321658 0.826511
vt 0.321988 0.830490
vt 0.456156 0.762513
vt 0.460135 0.762843
vt 0.459230 0.773743
vt 0.455251 0.773412
vt 0.496170 0.826139
vt 0.496501 0.830121
vt 0.485606 0.831024
vt 0.485276 0.827045
vt 0.266626 0.826532
vt 0.270599 0.826862
vt 0.269701 0.837766
vt 0.265721 0.837435
vt 0.231023 0.831410
vt 0.230693 0.827435
vt 0.241594 0.826529
vt 0.241925 0.830506
vt 0.540924 0.439776
vt 0.540591 0.443762
vt 0.529687 0.442856
vt 0.530017 0.438877
vt 0.040183 0.593043
vt 0.040514 0.597022
vt 0.029609 0.597927
vt 0.029278 0.593942
vt 0.707391 0.683057
vt 0.733101 0.648405
vt 0.718591 0.647997
vt 0.692945 0.681936
vt 0.714313 0.427631
vt 0.728694 0.429620
vt 0.725725 0.367956
vt 0.756949 0.371717
vt 0.755280 0.399689
vt 0.759287 0.369998
vt 0.757379 0.401942
vt 0.724054 0.395924
vt 0.723623 0.365701
vt 0.721719 0.397647
vt 0.907506 0.373501
vt 0.905403 0.375756
vt 0.874180 0.379516
vt 0.909408 0.405447
vt 0.871842 0.377797
vt 0.907074 0.403724
vt 0.875847 0.407488
vt 0.873748 0.409741
vt 0.708845 0.844728
vt 0.775108 0.850894
vt 0.774216 0.861597
vt 0.707958 0.855428
vt 0.684188 0.528705
vt 0.689389 0.466046
vt 0.700093 0.466935
vt 0.694892 0.529593
vt 0.459585 0.369289
vt 0.393325 0.363121
vt 0.394040 0.354514
vt 0.460303 0.360680
vt 0.459078 0.662365
vt 0.453849 0.725320
vt 0.445243 0.724605
vt 0.450469 0.661652
vt 0.378897 0.631931
vt 0.312634 0.625765
vt 0.313359 0.617006
vt 0.379622 0.623173
vt 0.428980 0.724599
vt 0.434205 0.661646
vt 0.442963 0.662370
vt 0.437737 0.725326
vt 0.762377 0.433486
vt 0.768544 0.367224
vt 0.778300 0.368034
vt 0.772134 0.434296
vt 0.750463 0.724054
vt 0.684200 0.730220
vt 0.681061 0.692397
vt 0.747322 0.686230
vt 0.363080 0.647181
vt 0.300124 0.641955
vt 0.300935 0.632199
vt 0.363890 0.637424
vt 0.042707 0.682046
vt 0.047929 0.744968
vt 0.010109 0.748140
vt 0.004883 0.685185
vt 0.410947 0.389793
vt 0.413016 0.414730
vt 0.409155 0.415050
vt 0.407087 0.390114
vt 0.415085 0.439664
vt 0.411224 0.439985
vt 0.655024 0.846798
vt 0.679960 0.848867
vt 0.679640 0.852728
vt 0.654703 0.850658
vt 0.630089 0.844728
vt 0.629769 0.848588
vt 0.055073 0.346609
vt 0.030139 0.348681
vt 0.029818 0.344820
vt 0.054753 0.342749
vt 0.005203 0.350750
vt 0.004883 0.346890
vt 0.487607 0.852729
vt 0.462671 0.850660
vt 0.462992 0.846799
vt 0.487927 0.848869
vt 0.437737 0.848588
vt 0.438057 0.844728
vt 0.273769 0.696768
vt 0.273769 0.715023
vt 0.255713 0.715023
vt 0.255713 0.696768
vt 0.054298 0.768916
vt 0.054298 0.754406
vt 0.072553 0.754406
vt 0.072553 0.768916
vt 0.857455 0.716302
vt 0.857455 0.698246
vt 0.875710 0.698246
vt 0.875710 0.716302
vt 0.109969 0.601161
vt 0.128224 0.601161
vt 0.128224 0.619217
vt 0.109969 0.619217
vt 0.023138 0.511137
vt 0.004883 0.511136
vt 0.004884 0.493080
vt 0.023139 0.493081
vt 0.304503 0.755862
vt 0.304503 0.737606
vt 0.319013 0.737606
vt 0.319013 0.755862
vt 0.927142 0.702602
vt 0.923759 0.699217
vt 0.948581 0.699217
vt 0.927142 0.720857
vt 0.945198 0.695836
vt 0.945198 0.702602
vt 0.923759 0.724240
vt 0.945198 0.677575
vt 0.927142 0.695836
vt 0.948581 0.724240
vt 0.945198 0.720857
vt 0.948581 0.674197
vt 0.923759 0.674197
vt 0.951964 0.720857
vt 0.927142 0.677575
vt 0.951964 0.695836
vt 0.970020 0.720857
vt 0.951964 0.702602
vt 0.970020 0.695836
vt 0.951964 0.677575
vt 0.973403 0.724240
vt 0.973403 0.699217
vt 0.973403 0.674197
vt 0.970020 0.702602
vt 0.970020 0.677575
vt 0.976785 0.720857
vt 0.976785 0.695836
vt 0.991295 0.720857
vt 0.976785 0.702602
vt 0.991296 0.695837
vt 0.976786 0.677575
vt 0.994678 0.724240
vt 0.994678 0.699217
vt 0.994678 0.674197
vt 0.991295 0.702602
vt 0.991296 0.677575
vt 0.716715 0.654660
vt 0.734970 0.654660
vt 0.734970 0.672716
vt 0.716715 0.672716
vt 0.726723 0.767910
vt 0.726723 0.753400
vt 0.744978 0.753400
vt 0.744978 0.767910
vt 0.173062 0.715795
vt 0.155006 0.715795
vt 0.155006 0.697540
vt 0.173062 0.697540
vt 0.022939 0.579242
vt 0.022939 0.597497
vt 0.004883 0.597497
vt 0.004883 0.579242
vt 0.259582 0.576362
vt 0.241326 0.576362
vt 0.241327 0.558306
vt 0.259582 0.558307
vt 0.250824 0.767071
vt 0.232569 0.767071
vt 0.232569 0.752561
vt 0.250824 0.752561
vt 0.927146 0.110350
vt 0.923763 0.106966
vt 0.948584 0.106963
vt 0.927148 0.128605
vt 0.945201 0.103583
vt 0.945202 0.110348
vt 0.923766 0.131989
vt 0.945198 0.085321
vt 0.927145 0.103585
vt 0.948587 0.131986
vt 0.945204 0.128603
vt 0.948581 0.081943
vt 0.923759 0.081946
vt 0.951970 0.128602
vt 0.927143 0.085324
vt 0.951967 0.103582
vt 0.970026 0.128600
vt 0.951967 0.110347
vt 0.970023 0.103579
vt 0.951964 0.085321
vt 0.973409 0.131982
vt 0.973406 0.106959
vt 0.973403 0.081940
vt 0.970023 0.110345
vt 0.970020 0.085318
vt 0.976792 0.128599
vt 0.976788 0.103578
vt 0.991302 0.128597
vt 0.976789 0.110344
vt 0.991298 0.103576
vt 0.976786 0.085317
vt 0.994685 0.131980
vt 0.994682 0.106957
vt 0.994678 0.081937
vt 0.991299 0.110342
vt 0.991296 0.085315
vt 0.212668 0.593111
vt 0.194413 0.593111
vt 0.194413 0.575055
vt 0.212668 0.575055
vt 0.079319 0.768919
vt 0.079319 0.754409
vt 0.097573 0.754409
vt 0.097573 0.768919
vt 0.109885 0.594906
vt 0.091829 0.594906
vt 0.091829 0.576650
vt 0.109885 0.576651
vt 0.397194 0.735991
vt 0.378939 0.735991
vt 0.378939 0.717936
vt 0.397194 0.717936
vt 0.900730 0.716302
vt 0.882476 0.716302
vt 0.882475 0.698246
vt 0.900730 0.698246
vt 0.344025 0.767308
vt 0.325770 0.767308
vt 0.325770 0.752798
vt 0.344025 0.752798
vt 0.082817 0.652126
vt 0.086202 0.648743
vt 0.086203 0.673565
vt 0.064562 0.652127
vt 0.089583 0.670182
vt 0.082818 0.670182
vt 0.061179 0.648744
vt 0.107845 0.670181
vt 0.089583 0.652126
vt 0.061180 0.673566
vt 0.064563 0.670183
vt 0.111223 0.673564
vt 0.111222 0.648742
vt 0.064563 0.676949
vt 0.107844 0.652125
vt 0.089584 0.676948
vt 0.064564 0.695005
vt 0.082818 0.676948
vt 0.089585 0.695004
vt 0.107845 0.676947
vt 0.061181 0.698388
vt 0.086204 0.698387
vt 0.111224 0.698385
vt 0.082819 0.695004
vt 0.107846 0.695003
vt 0.064565 0.701770
vt 0.089585 0.701769
vt 0.064565 0.716280
vt 0.082820 0.701770
vt 0.089586 0.716279
vt 0.107846 0.701768
vt 0.061182 0.719663
vt 0.086205 0.719662
vt 0.111225 0.719661
vt 0.082820 0.716280
vt 0.107847 0.716278
vt 0.321392 0.652053
vt 0.339647 0.652053
vt 0.339647 0.670109
vt 0.321392 0.670109
vt 0.313176 0.858011
vt 0.313176 0.876269
vt 0.295120 0.876269
vt 0.295120 0.858011
vt 0.845532 0.155766
vt 0.845540 0.180789
vt 0.595320 0.335073
vt 0.845549 0.205809
vt 0.819299 0.004943
vt 0.819434 0.400543
vt 0.793115 0.322618
vt 0.847014 0.138589
vt 0.845564 0.250541
vt 0.845581 0.300584
vt 0.397522 0.322697
vt 0.807129 0.322616
vt 0.595315 0.322654
vt 0.846992 0.075715
vt 0.866807 0.155759
vt 0.845604 0.367265
vt 0.916483 0.250517
vt 0.916468 0.205784
vt 0.199782 0.322712
vt 0.793207 0.005293
vt 0.595403 0.005326
vt 0.994853 0.004883
vt 0.958207 0.075677
vt 0.891629 0.155750
vt 0.916500 0.300559
vt 0.916523 0.367241
vt 0.845621 0.417308
vt 0.994921 0.202683
vt 0.994937 0.250490
vt 0.917506 0.081948
vt 0.199756 0.335132
vt 0.397592 0.005360
vt 0.807220 0.005290
vt 0.994877 0.075664
vt 0.958228 0.138551
vt 0.994899 0.138802
vt 0.994954 0.300533
vt 0.994977 0.367214
vt 0.845644 0.484698
vt 0.916459 0.180764
vt 0.314020 0.008532
vt 0.283395 0.044240
vt 0.850427 0.595738
vt 0.010024 0.322450
vt 0.916451 0.155742
vt 0.916540 0.417284
vt 0.994994 0.417257
vt 0.916563 0.484674
vt 0.845661 0.534741
vt 0.199731 0.005435
vt 0.865587 0.082430
vt 0.850436 0.620759
vt 0.009887 0.005070
vt 0.819563 0.788149
vt 0.995017 0.484647
vt 0.916580 0.534716
vt 0.921346 0.595714
vt 0.282568 0.007647
vt 0.850444 0.645780
vt 0.995034 0.534689
vt 0.995055 0.595689
vt 0.850578 0.667965
vt 0.850601 0.734515
vt 0.921355 0.620735
vt 0.871720 0.645773
vt 0.958433 0.734487
vt 0.995117 0.788103
vt 0.921363 0.645755
vt 0.995080 0.667916
vt 0.958410 0.667928
vt 0.995103 0.734478
vt 0.896542 0.645764
vt 0.173062 0.722050
vt 0.173062 0.740304
vt 0.155006 0.740304
vt 0.155006 0.722050
vt 0.104339 0.768921
vt 0.104339 0.754411
vt 0.122594 0.754411
vt 0.122594 0.768921
vt 0.731727 0.747145
vt 0.731727 0.732634
vt 0.749985 0.732634
vt 0.749985 0.747145
vt 0.029278 0.767821
vt 0.029278 0.753311
vt 0.047532 0.753311
vt 0.047532 0.767821
vt 0.280108 0.718586
vt 0.298164 0.718586
vt 0.298164 0.736840
vt 0.280108 0.736840
vt 0.781768 0.862784
vt 0.781768 0.844728
vt 0.800026 0.844728
vt 0.800026 0.862784
vt 0.079860 0.642351
vt 0.061804 0.642351
vt 0.061804 0.624096
vt 0.079860 0.624097
vt 0.403959 0.717935
vt 0.422214 0.717935
vt 0.422214 0.735991
vt 0.403959 0.735991
vt 0.179401 0.735018
vt 0.179401 0.716764
vt 0.197456 0.716763
vt 0.197456 0.735018
vt 0.131862 0.769376
vt 0.131862 0.751121
vt 0.146372 0.751121
vt 0.146372 0.769376
vt 0.026525 0.608254
vt 0.029910 0.604871
vt 0.029908 0.629693
vt 0.008271 0.608253
vt 0.033290 0.626310
vt 0.026524 0.626310
vt 0.004888 0.604870
vt 0.051550 0.626312
vt 0.033291 0.608254
vt 0.004886 0.629691
vt 0.008269 0.626309
vt 0.054928 0.629695
vt 0.054930 0.604873
vt 0.008269 0.633074
vt 0.051552 0.608256
vt 0.033289 0.633076
vt 0.008268 0.651130
vt 0.026524 0.633076
vt 0.033288 0.651132
vt 0.051550 0.633077
vt 0.004884 0.654513
vt 0.029907 0.654515
vt 0.054927 0.654516
vt 0.026523 0.651132
vt 0.051549 0.651133
vt 0.008267 0.657896
vt 0.033288 0.657898
vt 0.008266 0.672406
vt 0.026522 0.657897
vt 0.033287 0.672408
vt 0.051548 0.657899
vt 0.004883 0.675789
vt 0.029905 0.675790
vt 0.054925 0.675792
vt 0.026521 0.672407
vt 0.051547 0.672409
vt 0.418953 0.683275
vt 0.422336 0.686658
vt 0.397514 0.686659
vt 0.418952 0.665020
vt 0.400897 0.690041
vt 0.400897 0.683275
vt 0.422335 0.661637
vt 0.400898 0.708297
vt 0.418953 0.690041
vt 0.397514 0.661638
vt 0.400896 0.665021
vt 0.397515 0.711680
vt 0.422337 0.711679
vt 0.394131 0.665021
vt 0.418954 0.708296
vt 0.394132 0.690042
vt 0.376075 0.665022
vt 0.394131 0.683275
vt 0.376076 0.690042
vt 0.394132 0.708297
vt 0.372692 0.661639
vt 0.372693 0.686659
vt 0.372693 0.711680
vt 0.376075 0.683276
vt 0.376076 0.708298
vt 0.369309 0.665022
vt 0.369310 0.690042
vt 0.354799 0.665022
vt 0.369310 0.683276
vt 0.354800 0.690043
vt 0.369310 0.708298
vt 0.351416 0.661640
vt 0.351417 0.686660
vt 0.351418 0.711681
vt 0.354800 0.683277
vt 0.354800 0.708298
vt 0.455877 0.621361
vt 0.459870 0.621361
vt 0.459870 0.642996
vt 0.455877 0.642996
vt 0.428980 0.735573
vt 0.428980 0.731581
vt 0.450615 0.731581
vt 0.450615 0.735573
vt 0.111845 0.817780
vt 0.115838 0.817780
vt 0.115838 0.838156
vt 0.111845 0.838156
vt 0.268223 0.848722
vt 0.268223 0.844728
vt 0.288599 0.844728
vt 0.288599 0.848722
vt 0.546576 0.753702
vt 0.546576 0.749709
vt 0.567279 0.749709
vt 0.567279 0.753702
vt 0.546576 0.776472
vt 0.546576 0.772480
vt 0.567279 0.772480
vt 0.567279 0.776472
vt 0.395202 0.776756
vt 0.395202 0.772762
vt 0.448923 0.772762
vt 0.448923 0.776756
vt 0.214429 0.777319
vt 0.214429 0.773326
vt 0.268150 0.773326
vt 0.268150 0.777319
vt 0.303252 0.777556
vt 0.303252 0.773564
vt 0.356973 0.773564
vt 0.356973 0.777556
vt 0.778015 0.744676
vt 0.782014 0.744676
vt 0.782014 0.798397
vt 0.778015 0.798397
vt 0.153129 0.760685
vt 0.153129 0.756692
vt 0.210171 0.756692
vt 0.210171 0.760685
vt 0.856830 0.630015
vt 0.856830 0.626021
vt 0.913872 0.626021
vt 0.913872 0.630015
vt 0.689192 0.535848
vt 0.693190 0.535848
vt 0.693190 0.592890
vt 0.689192 0.592890
vt 0.857455 0.726550
vt 0.857455 0.722557
vt 0.914497 0.722557
vt 0.914497 0.726550
vt 0.649160 0.770975
vt 0.649160 0.766987
vt 0.703746 0.766987
vt 0.703746 0.770975
vt 0.649160 0.760732
vt 0.649160 0.756738
vt 0.703745 0.756738
vt 0.703745 0.760732
vt 0.391449 0.766507
vt 0.391449 0.762514
vt 0.446035 0.762514
vt 0.446035 0.766507
vt 0.153129 0.770932
vt 0.153129 0.766940
vt 0.207715 0.766940
vt 0.207715 0.770932
vt 0.808665 0.343201
vt 0.812664 0.343201
vt 0.812681 0.355436
vt 0.808688 0.355436
vt 0.050562 0.682047
vt 0.054561 0.682047
vt 0.054544 0.694282
vt 0.050545 0.694282
vt 0.687316 0.834347
vt 0.687316 0.830353
vt 0.699550 0.830336
vt 0.699550 0.834335
vt 0.081821 0.835293
vt 0.081821 0.831299
vt 0.094055 0.831317
vt 0.094055 0.835309
vt 0.063055 0.835015
vt 0.063055 0.831025
vt 0.075290 0.831005
vt 0.075290 0.834998
vt 0.706081 0.834790
vt 0.706081 0.830796
vt 0.718316 0.830814
vt 0.718316 0.834807
vt 0.764604 0.831702
vt 0.764603 0.835695
vt 0.752369 0.835711
vt 0.752369 0.831719
vt 0.160985 0.832556
vt 0.160985 0.836543
vt 0.148750 0.836532
vt 0.148750 0.832539
vt 0.575975 0.830151
vt 0.575975 0.826158
vt 0.593977 0.826134
vt 0.593977 0.830128
vt 0.551580 0.830132
vt 0.551580 0.826136
vt 0.569582 0.826160
vt 0.569582 0.830153
vt 0.642767 0.826132
vt 0.642767 0.830128
vt 0.624765 0.830151
vt 0.624765 0.826158
vt 0.078556 0.468551
vt 0.078556 0.472547
vt 0.060553 0.472520
vt 0.060553 0.468524
vt 0.502790 0.830154
vt 0.502790 0.826161
vt 0.520793 0.826138
vt 0.520793 0.830137
vt 0.456502 0.830133
vt 0.456502 0.826134
vt 0.474505 0.826158
vt 0.474505 0.830151
vt 0.600370 0.830150
vt 0.600370 0.826157
vt 0.618372 0.826133
vt 0.618372 0.830126
vt 0.545188 0.826161
vt 0.545188 0.830154
vt 0.527185 0.830131
vt 0.527185 0.826137
vt 0.250083 0.586632
vt 0.250083 0.582646
vt 0.265379 0.582618
vt 0.265379 0.586609
vt 0.110252 0.445997
vt 0.110252 0.449990
vt 0.094956 0.449968
vt 0.094956 0.445975
vt 0.856466 0.272092
vt 0.852473 0.272092
vt 0.852451 0.256796
vt 0.856446 0.256796
vt 0.539978 0.686125
vt 0.539978 0.690117
vt 0.524683 0.690096
vt 0.524683 0.686103
vt 0.212814 0.657799
vt 0.208821 0.657799
vt 0.208800 0.642503
vt 0.212789 0.642503
vt 0.673555 0.398865
vt 0.673555 0.394875
vt 0.688850 0.394903
vt 0.688850 0.398890
vt 0.375811 0.453806
vt 0.375811 0.449813
vt 0.391106 0.449791
vt 0.391106 0.453784
vt 0.310416 0.882546
vt 0.310416 0.886545
vt 0.295120 0.886523
vt 0.295120 0.882524
vt 0.917150 0.113389
vt 0.865823 0.113882
vt 0.085222 0.544082
vt 0.085110 0.572158
vt 0.053673 0.572578
vt 0.053773 0.543892
vt 0.212195 0.348314
vt 0.212195 0.358907
vt 0.176273 0.358907
vt 0.176273 0.348314
vt 0.854953 0.373520
vt 0.865547 0.373520
vt 0.865547 0.409437
vt 0.854953 0.409437
vt 0.449401 0.544183
vt 0.449319 0.655397
vt 0.386445 0.655351
vt 0.386526 0.544137
vt 0.361670 0.844743
vt 0.361668 0.851766
vt 0.295120 0.851751
vt 0.295122 0.844728
vt 0.431478 0.851751
vt 0.368307 0.851763
vt 0.368305 0.844740
vt 0.431477 0.844728
vt 0.379808 0.544132
vt 0.379872 0.610681
vt 0.272040 0.610785
vt 0.271976 0.544235
vt 0.662735 0.611434
vt 0.662707 0.677979
vt 0.649160 0.677973
vt 0.649188 0.611427
vt 0.131648 0.665017
vt 0.131670 0.727891
vt 0.118123 0.727895
vt 0.118100 0.664724
vt 0.148256 0.678317
vt 0.148235 0.744866
vt 0.138117 0.744862
vt 0.138138 0.678313
vt 0.916872 0.130271
vt 0.853702 0.130254
vt 0.853705 0.120136
vt 0.916875 0.120153
vt 0.776764 0.591817
vt 0.776777 0.525268
vt 0.782759 0.525269
vt 0.782747 0.591818
vt 0.777390 0.661245
vt 0.777400 0.598073
vt 0.783382 0.598074
vt 0.783372 0.661246
vt 0.649160 0.363173
vt 0.663561 0.364988
vt 0.687367 0.655038
vt 0.771687 0.767890
vt 0.754871 0.467376
vt 0.769063 0.464313
vt 0.588848 0.854181
vt 0.506543 0.844728
vt 0.703599 0.861940
vt 0.620078 0.857810
vt 0.459834 0.375542
vt 0.460601 0.380945
vt 0.449778 0.382481
vt 0.449011 0.377079
vt 0.439131 0.383978
vt 0.438362 0.378570
vt 0.352667 0.376810
vt 0.353118 0.371367
vt 0.364014 0.372251
vt 0.363565 0.377690
vt 0.374729 0.373137
vt 0.374280 0.378575
vt 0.385797 0.414199
vt 0.385596 0.419654
vt 0.374851 0.419262
vt 0.396720 0.414586
vt 0.375050 0.413810
vt 0.396521 0.420038
vt 0.363926 0.418865
vt 0.016674 0.372936
vt 0.016222 0.367496
vt 0.027120 0.366599
vt 0.005958 0.373806
vt 0.005508 0.368369
vt 0.547982 0.447328
vt 0.547201 0.441929
vt 0.557917 0.440377
vt 0.558697 0.445777
vt 0.568462 0.438875
vt 0.569242 0.444269
vt 0.568171 0.686563
vt 0.568050 0.692011
vt 0.557223 0.691794
vt 0.557343 0.686339
vt 0.546576 0.691556
vt 0.546696 0.686102
vt 0.104331 0.544056
vt 0.342771 0.746552
vt 0.757674 0.768013
vt 0.673402 0.656200
vt 0.735152 0.446436
vt 0.749600 0.447530
vt 0.397527 0.335118
vt 0.819367 0.202743
vt 0.009981 0.334870
vt 0.819502 0.598343
vt 0.793117 0.335037
vt 0.792655 0.635401
vt 0.788023 0.370331
vt 0.642711 0.819877
vt 0.813236 0.834275
vt 0.120755 0.543953
vt 0.805387 0.372370
vt 0.296585 0.788440
vt 0.314836 0.045128
vn 0.082537 0.000000 0.996588
vn 0.082537 0.000000 0.996588
vn 0.082537 0.000000 0.996588
vn 0.082537 0.000000 0.996588
vn 0.082537 0.000000 0.996588
vn 0.082537 0.000000 0.996588
vn 0.082603 0.000000 0.996583
vn 0.082603 0.000000 0.996583
vn 0.082603 0.000000 0.996583
vn 0.082595 0.000000 0.996583
vn 0.082595 0.000000 0.996583
vn 0.082595 0.000000 0.996583
vn 0.082537 0.000000 0.996588
vn 0.082537 0.000000 0.996588
vn 0.082537 0.000000 0.996588
vn 0.082592 0.000060 0.996583
vn 0.082592 0.000060 0.996583
vn 0.082592 0.000060 0.996583
vn 0.082708 0.000000 0.996574
vn 0.082708 0.000000 0.996574
vn 0.082708 0.000000 0.996574
vn 0.082708 0.000000 0.996574
vn 0.082708 0.000000 0.996574
vn 0.082708 0.000000 0.996574
vn 0.082708 0.000060 0.996574
vn 0.082708 0.000060 0.996574
vn 0.082708 0.000060 0.996574
vn 0.082708 0.000060 0.996574
vn 0.082708 0.000060 0.996574
vn 0.082708 0.000060 0.996574
vn 0.082707 0.000000 0.996574
vn 0.082707 0.000000 0.996574
vn 0.082707 0.000000 0.996574
vn 0.082707 0.000000 0.996574
vn 0.082707 0.000000 0.996574
vn 0.082707 0.000000 0.996574
vn 0.082666 0.000000 0.996577
vn 0.082666 0.000000 0.996577
vn 0.082666 0.000000 0.996577
vn 0.082642 0.000000 0.996579
vn 0.082642 0.000000 0.996579
vn 0.082642 0.000000 0.996579
vn 0.082662 0.000000 0.996578
vn 0.082662 0.000000 0.996578
vn 0.082662 0.000000 0.996578
vn 0.082708 0.000318 0.996574
vn 0.082708 0.000318 0.996574
vn 0.082708 0.000318 0.996574
vn 0.082342 0.000000 0.996604
vn 0.082342 0.000000 0.996604
vn 0.082342 0.000000 0.996604
vn 0.082396 0.000000 0.996600
vn 0.082396 0.000000 0.996600
vn 0.082396 0.000000 0.996600
vn 0.082655 -0.000258 0.996578
vn 0.082655 -0.000258 0.996578
vn 0.082655 -0.000258 0.996578
vn 0.082709 0.000035 0.996574
vn 0.082709 0.000035 0.996574
vn 0.082709 0.000035 0.996574
vn 0.082655 -0.000258 0.996578
vn 0.082655 -0.000258 0.996578
vn 0.082655 -0.000258 0.996578
vn 0.082709 0.000035 0.996574
vn 0.082709 0.000035 0.996574
vn 0.082709 0.000035 0.996574
vn 0.082683 0.000000 0.996576
vn 0.082683 0.000000 0.996576
vn 0.082683 0.000000 0.996576
vn 0.082661 0.000000 0.996578
vn 0.082661 0.000000 0.996578
vn 0.082661 0.000000 0.996578
vn 0.082656 0.000000 0.996578
vn 0.082656 0.000000 0.996578
vn 0.082656 0.000000 0.996578
vn 0.082709 0.000318 0.996574
vn 0.082709 0.000318 0.996574
vn 0.082709 0.000318 0.996574
vn 0.082360 0.000000 0.996603
vn 0.082360 0.000000 0.996603
vn 0.082360 0.000000 0.996603
vn 0.082434 0.000000 0.996597
vn 0.082434 0.000000 0.996597
vn 0.082434 0.000000 0.996597
vn 0.082662 -0.000258 0.996578
vn 0.082662 -0.000258 0.996578
vn 0.082662 -0.000258 0.996578
vn 0.082709 0.000035 0.996574
vn 0.082709 0.000035 0.996574
vn 0.082709 0.000035 0.996574
vn 0.082718 0.000000 0.996573
vn 0.082718 0.000000 0.996573
vn 0.082718 0.000000 0.996573
vn 0.082642 0.000000 0.996579
vn 0.082642 0.000000 0.996579
vn 0.082642 0.000000 0.996579
vn 0.082662 0.000000 0.996578
vn 0.082662 0.000000 0.996578
vn 0.082662 0.000000 0.996578
vn 0.082708 0.000318 0.996574
vn 0.082708 0.000318 0.996574
vn 0.082708 0.000318 0.996574
vn 0.082394 0.000000 0.996600
vn 0.082394 0.000000 0.996600
vn 0.082394 0.000000 0.996600
vn 0.082396 0.000000 0.996600
vn 0.082396 0.000000 0.996600
vn 0.082396 0.000000 0.996600
vn 0.082985 0.000000 0.996551
vn 0.082985 0.000000 0.996551
vn 0.082985 0.000000 0.996551
vn 0.082948 0.000000 0.996554
vn 0.082948 0.000000 0.996554
vn 0.082948 0.000000 0.996554
vn 0.082730 0.000258 0.996572
vn 0.082730 0.000258 0.996572
vn 0.082730 0.000258 0.996572
vn 0.082707 0.000106 0.996574
vn 0.082707 0.000106 0.996574
vn 0.082707 0.000106 0.996574
vn 0.082560 0.000000 0.996586
vn 0.082560 0.000000 0.996586
vn 0.082560 0.000000 0.996586
vn 0.082601 0.000000 0.996583
vn 0.082601 0.000000 0.996583
vn 0.082601 0.000000 0.996583
vn 0.082730 -0.000155 0.996572
vn 0.082730 -0.000155 0.996572
vn 0.082730 -0.000155 0.996572
vn 0.082707 -0.000247 0.996574
vn 0.082707 -0.000247 0.996574
vn 0.082707 -0.000247 0.996574
vn 0.082560 0.000000 0.996586
vn 0.082560 0.000000 0.996586
vn 0.082560 0.000000 0.996586
vn 0.082601 0.000000 0.996583
vn 0.082601 0.000000 0.996583
vn 0.082601 0.000000 0.996583
vn 0.082730 -0.000155 0.996572
vn 0.082730 -0.000155 0.996572
vn 0.082730 -0.000155 0.996572
vn 0.082716 -0.000247 0.996573
vn 0.082716 -0.000247 0.996573
vn 0.082716 -0.000247 0.996573
vn 0.082985 0.000000 0.996551
vn 0.082985 0.000000 0.996551
vn 0.082985 0.000000 0.996551
vn 0.082948 0.000000 0.996554
vn 0.082948 0.000000 0.996554
vn 0.082948 0.000000 0.996554
vn 0.082730 0.000258 0.996572
vn 0.082730 0.000258 0.996572
vn 0.082730 0.000258 0.996572
vn 0.082707 0.000106 0.996574
vn 0.082707 0.000106 0.996574
vn 0.082707 0.000106 0.996574
vn 0.082603 0.000000 0.996583
vn 0.082603 0.000000 0.996583
vn 0.082603 0.000000 0.996583
vn 0.082586 0.000000 0.996584
vn 0.082586 0.000000 0.996584
vn 0.082586 0.000000 0.996584
vn 0.082730 -0.000155 0.996572
vn 0.082730 -0.000155 0.996572
vn 0.082730 -0.000155 0.996572
vn 0.082707 -0.000247 0.996574
vn 0.082707 -0.000247 0.996574
vn 0.082707 -0.000247 0.996574
vn 0.082968 0.000000 0.996552
vn 0.082968 0.000000 0.996552
vn 0.082968 0.000000 0.996552
vn 0.083002 0.000000 0.996549
vn 0.083002 0.000000 0.996549
vn 0.083002 0.000000 0.996549
vn 0.082730 0.000258 0.996572
vn 0.082730 0.000258 0.996572
vn 0.082730 0.000258 0.996572
vn 0.082708 0.000106 0.996574
vn 0.082708 0.000106 0.996574
vn 0.082708 0.000106 0.996574
vn -0.996605 0.000000 0.082328
vn -0.996605 0.000000 0.082328
vn -0.996605 0.000000 0.082328
vn -0.996605 0.000000 0.082328
vn -0.996605 0.000000 0.082328
vn -0.996605 0.000000 0.082328
vn 0.000000 -1.000000 0.000000
vn 0.000000 -1.000000 0.000000
vn 0.000000 -1.000000 0.000000
vn 0.000000 -1.000000 0.000000
vn 0.000000 -1.000000 0.000000
vn 0.000000 -1.000000 0.000000
vn 0.996574 0.000000 -0.082705
vn 0.996574 0.000000 -0.082705
vn 0.996574 0.000000 -0.082705
vn 0.996574 0.000000 -0.082705
vn 0.996574 0.000000 -0.082705
vn 0.996574 0.000000 -0.082705
vn 0.000000 1.000000 0.000000
vn 0.000000 1.000000 0.000000
vn 0.000000 1.000000 0.000000
vn 0.000000 1.000000 0.000000
vn 0.000000 1.000000 0.000000
vn 0.000000 1.000000 0.000000
vn 0.000000 1.000000 0.000009
vn 0.000000 1.000000 0.000009
vn 0.000000 1.000000 0.000009
vn 0.000000 1.000000 -0.000009
vn 0.000000 1.000000 -0.000009
vn 0.000000 1.000000 -0.000009
vn -0.996571 0.000000 0.082742
vn -0.996571 0.000000 0.082742
vn -0.996571 0.000000 0.082742
vn -0.996571 0.000000 0.082742
vn -0.996571 0.000000 0.082742
vn -0.996571 0.000000 0.082742
vn 0.000000 -1.000000 0.000000
vn 0.000000 -1.000000 0.000000
vn 0.000000 -1.000000 0.000000
vn 0.000000 -1.000000 0.000000
vn 0.000000 -1.000000 0.000000
vn 0.000000 -1.000000 0.000000
vn 0.996574 0.000000 -0.082706
vn 0.996574 0.000000 -0.082706
vn 0.996574 0.000000 -0.082706
vn 0.996574 0.000000 -0.082706
vn 0.996574 0.000000 -0.082706
vn 0.996574 0.000000 -0.082706
vn 0.000000 1.000000 0.000000
vn 0.000000 1.000000 0.000000
vn 0.000000 1.000000 0.000000
vn 0.000000 1.000000 0.000000
vn 0.000000 1.000000 0.000000
vn 0.000000 1.000000 0.000000
vn -0.996605 0.000000 0.082328
vn -0.996605 0.000000 0.082328
vn -0.996605 0.000000 0.082328
vn -0.996571 -0.000071 0.082740
vn -0.996571 -0.000071 0.082740
vn -0.996571 -0.000071 0.082740
vn 0.000000 -1.000000 0.000000
vn 0.000000 -1.000000 0.000000
vn 0.000000 -1.000000 0.000000
vn 0.000000 -1.000000 0.000000
vn 0.000000 -1.000000 0.000000
vn 0.000000 -1.000000 0.000000
vn 0.996574 0.000000 -0.082705
vn 0.996574 0.000000 -0.082705
vn 0.996574 0.000000 -0.082705
vn 0.996574 0.000000 -0.082705
vn 0.996574 0.000000 -0.082705
vn 0.996574 0.000000 -0.082705
vn -0.996403 0.000000 0.084746
vn -0.996403 0.000000 0.084746
vn -0.996403 0.000000 0.084746
vn -0.996403 0.000000 0.084746
vn -0.996403 0.000000 0.084746
vn -0.996403 0.000000 0.084746
vn 0.000000 -1.000000 0.000000
vn 0.000000 -1.000000 0.000000
vn 0.000000 -1.000000 0.000000
vn 0.000000 -1.000000 0.000000
vn 0.000000 -1.000000 0.000000
vn 0.000000 -1.000000 0.000000
vn 0.996582 0.000000 -0.082607
vn 0.996582 0.000000 -0.082607
vn 0.996582 0.000000 -0.082607
vn 0.996583 0.000000 -0.082601
vn 0.996583 0.000000 -0.082601
vn 0.996583 0.000000 -0.082601
vn 0.000000 1.000000 0.000000
vn 0.000000 1.000000 0.000000
vn 0.000000 1.000000 0.000000
vn 0.000000 1.000000 0.000000
vn 0.000000 1.000000 0.000000
vn 0.000000 1.000000 0.000000
vn 0.996585 0.000000 -0.082578
vn 0.996585 0.000000 -0.082578
vn 0.996585 0.000000 -0.082578
vn 0.996582 -0.000071 -0.082607
vn 0.996582 -0.000071 -0.082607
vn 0.996582 -0.000071 -0.082607
vn 0.000000 1.000000 -0.000004
vn 0.000000 1.000000 -0.000004
vn 0.000000 1.000000 -0.000004
vn 0.000000 1.000000 0.000004
vn 0.000000 1.000000 0.000004
vn 0.000000 1.000000 0.000004
vn -0.996403 0.000000 0.084740
vn -0.996403 0.000000 0.084740
vn -0.996403 0.000000 0.084740
vn -0.996418 0.000000 0.084571
vn -0.996418 0.000000 0.084571
vn -0.996418 0.000000 0.084571
vn 0.000000 -1.000000 0.000000
vn 0.000000 -1.000000 0.000000
vn 0.000000 -1.000000 0.000000
vn 0.000000 -1.000000 0.000004
vn 0.000000 -1.000000 0.000004
vn 0.000000 -1.000000 0.000004
vn 0.996584 0.000000 -0.082580
vn 0.996584 0.000000 -0.082580
vn 0.996584 0.000000 -0.082580
vn 0.996584 0.000000 -0.082580
vn 0.996584 0.000000 -0.082580
vn 0.996584 0.000000 -0.082580
vn 0.000000 1.000000 0.000000
vn 0.000000 1.000000 0.000000
vn 0.000000 1.000000 0.000000
vn 0.000000 1.000000 0.000000
vn 0.000000 1.000000 0.000000
vn 0.000000 1.000000 0.000000
vn -0.996418 0.000000 0.084566
vn -0.996418 0.000000 0.084566
vn -0.996418 0.000000 0.084566
vn -0.996418 0.000000 0.084570
vn -0.996418 0.000000 0.084570
vn -0.996418 0.000000 0.084570
vn 0.000000 -1.000000 0.000000
vn 0.000000 -1.000000 0.000000
vn 0.000000 -1.000000 0.000000
vn 0.000000 -1.000000 0.000009
vn 0.000000 -1.000000 0.000009
vn 0.000000 -1.000000 0.000009
vn -0.996570 0.000000 0.082758
vn -0.996570 0.000000 0.082758
vn -0.996570 0.000000 0.082758
vn 0.000000 -1.000000 -0.000000
vn 0.000000 -1.000000 -0.000000
vn 0.000000 -1.000000 -0.000000
vn 0.000000 -1.000000 -0.000000
vn 0.000000 1.000000 0.000000
vn 0.000000 1.000000 0.000000
vn 0.000000 1.000000 0.000000
vn 0.000000 1.000000 0.000000
vn -0.996570 0.000000 0.082761
vn -0.996570 0.000000 0.082761
vn -0.996570 0.000000 0.082761
vn -0.996570 0.000000 0.082758
vn -0.996570 0.000000 0.082758
vn -0.996570 0.000000 0.082758
vn -0.996570 0.000000 0.082758
vn 0.996558 0.000000 -0.082902
vn 0.996558 0.000000 -0.082902
vn 0.996558 0.000000 -0.082902
vn 0.000000 -1.000000 0.000000
vn 0.000000 -1.000000 0.000000
vn 0.000000 -1.000000 0.000000
vn 0.996558 0.000000 -0.082902
vn 0.996558 0.000000 -0.082902
vn 0.996558 0.000000 -0.082902
vn 0.996558 0.000000 -0.082902
vn 0.996558 0.000000 -0.082902
vn 0.996558 0.000000 -0.082902
vn 0.996558 0.000000 -0.082902
vn 0.000000 1.000000 -0.000004
vn 0.000000 1.000000 -0.000004
vn 0.000000 1.000000 -0.000004
vn -0.996572 0.000000 0.082725
vn -0.996572 0.000000 0.082725
vn -0.996572 0.000000 0.082725
vn -0.996572 0.000000 0.082725
vn 0.000000 -1.000000 0.000000
vn 0.000000 -1.000000 0.000000
vn 0.000000 -1.000000 0.000000
vn 0.000000 -1.000000 0.000000
vn 0.996594 0.000000 -0.082461
vn 0.996594 0.000000 -0.082461
vn 0.996594 0.000000 -0.082461
vn 0.996594 0.000000 -0.082461
vn 0.000000 1.000000 0.000001
vn 0.000000 1.000000 0.000001
vn 0.000000 1.000000 0.000001
vn 0.000000 1.000000 0.000001
vn 0.000000 1.000000 0.000002
vn 0.000000 1.000000 0.000002
vn 0.000000 1.000000 0.000002
vn 0.000000 1.000000 0.000002
vn -0.996593 0.000000 0.082472
vn -0.996593 0.000000 0.082472
vn -0.996593 0.000000 0.082472
vn -0.996593 0.000000 0.082472
vn 0.000000 -1.000000 -0.000000
vn 0.000000 -1.000000 -0.000000
vn 0.000000 -1.000000 -0.000000
vn 0.000000 -1.000000 -0.000000
vn 0.996594 0.000000 -0.082461
vn 0.996594 0.000000 -0.082461
vn 0.996594 0.000000 -0.082461
vn 0.996594 0.000000 -0.082461
vn 0.000000 1.000000 0.000001
vn 0.000000 1.000000 0.000001
vn 0.000000 1.000000 0.000001
vn 0.000000 1.000000 0.000001
vn -0.996583 -0.000031 0.082601
vn -0.996583 -0.000031 0.082601
vn -0.996583 -0.000031 0.082601
vn -0.996583 -0.000031 0.082601
vn 0.000000 -1.000000 0.000001
vn 0.000000 -1.000000 0.000001
vn 0.000000 -1.000000 0.000001
vn 0.000000 -1.000000 0.000001
vn 0.996594 0.000000 -0.082461
vn 0.996594 0.000000 -0.082461
vn 0.996594 0.000000 -0.082461
vn 0.996594 0.000000 -0.082461
vn -0.996605 0.000000 0.082329
vn -0.996605 0.000000 0.082329
vn -0.996605 0.000000 0.082329
vn -0.996605 0.000000 0.082329
vn 0.000000 -1.000000 0.000000
vn 0.000000 -1.000000 0.000000
vn 0.000000 -1.000000 0.000000
vn 0.000000 -1.000000 0.000000
vn 0.996571 0.000000 -0.082738
vn 0.996571 0.000000 -0.082738
vn 0.996571 0.000000 -0.082738
vn 0.996571 0.000000 -0.082738
vn 0.000000 1.000000 0.000001
vn 0.000000 1.000000 0.000001
vn 0.000000 1.000000 0.000001
vn 0.000000 1.000000 0.000001
vn 0.996566 0.000031 -0.082802
vn 0.996566 0.000031 -0.082802
vn 0.996566 0.000031 -0.082802
vn 0.996566 0.000031 -0.082802
vn 0.000000 1.000000 -0.000002
vn 0.000000 1.000000 -0.000002
vn 0.000000 1.000000 -0.000002
vn 0.000000 1.000000 -0.000002
vn -0.996594 0.000000 0.082461
vn -0.996594 0.000000 0.082461
vn -0.996594 0.000000 0.082461
vn -0.996594 0.000000 0.082461
vn 0.000000 -1.000000 0.000000
vn 0.000000 -1.000000 0.000000
vn 0.000000 -1.000000 0.000000
vn 0.000000 -1.000000 0.000000
vn 0.996561 0.000000 -0.082869
vn 0.996561 0.000000 -0.082869
vn 0.996561 0.000000 -0.082869
vn 0.996561 0.000000 -0.082869
vn 0.000000 1.000000 -0.000003
vn 0.000000 1.000000 -0.000003
vn 0.000000 1.000000 -0.000003
vn 0.000000 1.000000 -0.000003
vn -0.996583 0.000000 0.082594
vn -0.996583 0.000000 0.082594
vn -0.996583 0.000000 0.082594
vn -0.996583 0.000000 0.082594
vn 0.000000 -1.000000 -0.000002
vn 0.000000 -1.000000 -0.000002
vn 0.000000 -1.000000 -0.000002
vn 0.000000 -1.000000 -0.000002
vn 0.082537 0.000000 0.996588
vn 0.082537 0.000000 0.996588
vn 0.082537 0.000000 0.996588
vn 0.082537 0.000000 0.996588
vn 0.082537 0.000000 0.996588
vn 0.082537 0.000000 0.996588
vn 0.082594 0.000000 0.996583
vn 0.082594 0.000000 0.996583
vn 0.082594 0.000000 0.996583
vn 0.082595 0.000000 0.996583
vn 0.082595 0.000000 0.996583
vn 0.082595 0.000000 0.996583
vn 0.082537 0.000000 0.996588
vn 0.082537 0.000000 0.996588
vn 0.082537 0.000000 0.996588
vn 0.082592 0.000060 0.996583
vn 0.082592 0.000060 0.996583
vn 0.082592 0.000060 0.996583
vn 0.082708 0.000000 0.996574
vn 0.082708 0.000000 0.996574
vn 0.082708 0.000000 0.996574
vn 0.082708 0.000000 0.996574
vn 0.082708 0.000000 0.996574
vn 0.082708 0.000000 0.996574
vn 0.082708 0.000066 0.996574
vn 0.082708 0.000066 0.996574
vn 0.082708 0.000066 0.996574
vn 0.082708 0.000053 0.996574
vn 0.082708 0.000053 0.996574
vn 0.082708 0.000053 0.996574
vn 0.082707 0.000000 0.996574
vn 0.082707 0.000000 0.996574
vn 0.082707 0.000000 0.996574
vn 0.082707 0.000000 0.996574
vn 0.082707 0.000000 0.996574
vn 0.082707 0.000000 0.996574
vn 0.082666 0.000000 0.996577
vn 0.082666 0.000000 0.996577
vn 0.082666 0.000000 0.996577
vn 0.082571 0.000000 0.996585
vn 0.082571 0.000000 0.996585
vn 0.082571 0.000000 0.996585
vn 0.082662 0.000000 0.996578
vn 0.082662 0.000000 0.996578
vn 0.082662 0.000000 0.996578
vn 0.082708 0.000318 0.996574
vn 0.082708 0.000318 0.996574
vn 0.082708 0.000318 0.996574
vn 0.082394 0.000000 0.996600
vn 0.082394 0.000000 0.996600
vn 0.082394 0.000000 0.996600
vn 0.082396 0.000000 0.996600
vn 0.082396 0.000000 0.996600
vn 0.082396 0.000000 0.996600
vn 0.082662 -0.000258 0.996578
vn 0.082662 -0.000258 0.996578
vn 0.082662 -0.000258 0.996578
vn 0.082709 0.000035 0.996574
vn 0.082709 0.000035 0.996574
vn 0.082709 0.000035 0.996574
vn 0.082661 -0.000258 0.996578
vn 0.082661 -0.000258 0.996578
vn 0.082661 -0.000258 0.996578
vn 0.082709 0.000035 0.996574
vn 0.082709 0.000035 0.996574
vn 0.082709 0.000035 0.996574
vn 0.082683 0.000000 0.996576
vn 0.082683 0.000000 0.996576
vn 0.082683 0.000000 0.996576
vn 0.082661 0.000000 0.996578
vn 0.082661 0.000000 0.996578
vn 0.082661 0.000000 0.996578
vn 0.082656 0.000000 0.996578
vn 0.082656 0.000000 0.996578
vn 0.082656 0.000000 0.996578
vn 0.082709 0.000318 0.996574
vn 0.082709 0.000318 0.996574
vn 0.082709 0.000318 0.996574
vn 0.082360 0.000000 0.996603
vn 0.082360 0.000000 0.996603
vn 0.082360 0.000000 0.996603
vn 0.082434 0.000000 0.996597
vn 0.082434 0.000000 0.996597
vn 0.082434 0.000000 0.996597
vn 0.082662 -0.000258 0.996578
vn 0.082662 -0.000258 0.996578
vn 0.082662 -0.000258 0.996578
vn 0.082709 0.000035 0.996574
vn 0.082709 0.000035 0.996574
vn 0.082709 0.000035 0.996574
vn 0.082615 0.000000 0.996582
vn 0.082615 0.000000 0.996582
vn 0.082615 0.000000 0.996582
vn 0.082642 0.000000 0.996579
vn 0.082642 0.000000 0.996579
vn 0.082642 0.000000 0.996579
vn 0.082662 0.000000 0.996578
vn 0.082662 0.000000 0.996578
vn 0.082662 0.000000 0.996578
vn 0.082708 0.000318 0.996574
vn 0.082708 0.000318 0.996574
vn 0.082708 0.000318 0.996574
vn 0.082394 0.000000 0.996600
vn 0.082394 0.000000 0.996600
vn 0.082394 0.000000 0.996600
vn 0.082396 0.000000 0.996600
vn 0.082396 0.000000 0.996600
vn 0.082396 0.000000 0.996600
vn 0.082933 0.000000 0.996555
vn 0.082933 0.000000 0.996555
vn 0.082933 0.000000 0.996555
vn 0.083019 0.000000 0.996548
vn 0.083019 0.000000 0.996548
vn 0.083019 0.000000 0.996548
vn 0.082730 0.000258 0.996572
vn 0.082730 0.000258 0.996572
vn 0.082730 0.000258 0.996572
vn 0.082715 0.000071 0.996573
vn 0.082715 0.000071 0.996573
vn 0.082715 0.000071 0.996573
vn 0.082612 0.000000 0.996582
vn 0.082612 0.000000 0.996582
vn 0.082612 0.000000 0.996582
vn 0.082601 0.000000 0.996583
vn 0.082601 0.000000 0.996583
vn 0.082601 0.000000 0.996583
vn 0.082730 -0.000129 0.996572
vn 0.082730 -0.000129 0.996572
vn 0.082730 -0.000129 0.996572
vn 0.082716 -0.000247 0.996573
vn 0.082716 -0.000247 0.996573
vn 0.082716 -0.000247 0.996573
vn 0.082612 0.000000 0.996582
vn 0.082612 0.000000 0.996582
vn 0.082612 0.000000 0.996582
vn 0.082601 0.000000 0.996583
vn 0.082601 0.000000 0.996583
vn 0.082601 0.000000 0.996583
vn 0.082730 -0.000129 0.996572
vn 0.082730 -0.000129 0.996572
vn 0.082730 -0.000129 0.996572
vn 0.082716 -0.000247 0.996573
vn 0.082716 -0.000247 0.996573
vn 0.082716 -0.000247 0.996573
vn 0.082933 0.000000 0.996555
vn 0.082933 0.000000 0.996555
vn 0.082933 0.000000 0.996555
vn 0.083019 0.000000 0.996548
vn 0.083019 0.000000 0.996548
vn 0.083019 0.000000 0.996548
vn 0.082730 0.000258 0.996572
vn 0.082730 0.000258 0.996572
vn 0.082730 0.000258 0.996572
vn 0.082716 0.000071 0.996573
vn 0.082716 0.000071 0.996573
vn 0.082716 0.000071 0.996573
vn 0.082543 0.000000 0.996588
vn 0.082543 0.000000 0.996588
vn 0.082543 0.000000 0.996588
vn 0.082586 0.000000 0.996584
vn 0.082586 0.000000 0.996584
vn 0.082586 0.000000 0.996584
vn 0.082730 -0.000129 0.996572
vn 0.082730 -0.000129 0.996572
vn 0.082730 -0.000129 0.996572
vn 0.082716 -0.000247 0.996573
vn 0.082716 -0.000247 0.996573
vn 0.082716 -0.000247 0.996573
vn 0.083028 0.000000 0.996547
vn 0.083028 0.000000 0.996547
vn 0.083028 0.000000 0.996547
vn 0.082914 0.000000 0.996557
vn 0.082914 0.000000 0.996557
vn 0.082914 0.000000 0.996557
vn 0.082723 0.000258 0.996573
vn 0.082723 0.000258 0.996573
vn 0.082723 0.000258 0.996573
vn 0.082717 0.000071 0.996573
vn 0.082717 0.000071 0.996573
vn 0.082717 0.000071 0.996573
vn -0.996605 0.000000 0.082328
vn -0.996605 0.000000 0.082328
vn -0.996605 0.000000 0.082328
vn -0.996605 0.000000 0.082328
vn -0.996605 0.000000 0.082328
vn -0.996605 0.000000 0.082328
vn 0.000000 -1.000000 0.000000
vn 0.000000 -1.000000 0.000000
vn 0.000000 -1.000000 0.000000
vn 0.000000 -1.000000 0.000000
vn 0.000000 -1.000000 0.000000
vn 0.000000 -1.000000 0.000000
vn 0.996574 0.000000 -0.082705
vn 0.996574 0.000000 -0.082705
vn 0.996574 0.000000 -0.082705
vn 0.996574 0.000000 -0.082705
vn 0.996574 0.000000 -0.082705
vn 0.996574 0.000000 -0.082705
vn 0.000000 1.000000 0.000000
vn 0.000000 1.000000 0.000000
vn 0.000000 1.000000 0.000000
vn 0.000000 1.000000 0.000000
vn 0.000000 1.000000 0.000000
vn 0.000000 1.000000 0.000000
vn 0.000000 1.000000 0.000009
vn 0.000000 1.000000 0.000009
vn 0.000000 1.000000 0.000009
vn 0.000000 1.000000 -0.000009
vn 0.000000 1.000000 -0.000009
vn 0.000000 1.000000 -0.000009
vn -0.996571 0.000000 0.082742
vn -0.996571 0.000000 0.082742
vn -0.996571 0.000000 0.082742
vn -0.996571 0.000000 0.082742
vn -0.996571 0.000000 0.082742
vn -0.996571 0.000000 0.082742
vn 0.000000 -1.000000 0.000000
vn 0.000000 -1.000000 0.000000
vn 0.000000 -1.000000 0.000000
vn 0.000000 -1.000000 0.000000
vn 0.000000 -1.000000 0.000000
vn 0.000000 -1.000000 0.000000
vn 0.996574 0.000000 -0.082706
vn 0.996574 0.000000 -0.082706
vn 0.996574 0.000000 -0.082706
vn 0.996574 0.000000 -0.082706
vn 0.996574 0.000000 -0.082706
vn 0.996574 0.000000 -0.082706
vn 0.000000 1.000000 0.000000
vn 0.000000 1.000000 0.000000
vn 0.000000 1.000000 0.000000
vn 0.000000 1.000000 0.000000
vn 0.000000 1.000000 0.000000
vn 0.000000 1.000000 0.000000
vn -0.996605 0.000000 0.082328
vn -0.996605 0.000000 0.082328
vn -0.996605 0.000000 0.082328
vn -0.996571 -0.000071 0.082746
vn -0.996571 -0.000071 0.082746
vn -0.996571 -0.000071 0.082746
vn 0.000000 -1.000000 0.000000
vn 0.000000 -1.000000 0.000000
vn 0.000000 -1.000000 0.000000
vn 0.000000 -1.000000 0.000000
vn 0.000000 -1.000000 0.000000
vn 0.000000 -1.000000 0.000000
vn 0.996574 0.000000 -0.082705
vn 0.996574 0.000000 -0.082705
vn 0.996574 0.000000 -0.082705
vn 0.996574 0.000000 -0.082705
vn 0.996574 0.000000 -0.082705
vn 0.996574 0.000000 -0.082705
vn -0.996403 0.000000 0.084746
vn -0.996403 0.000000 0.084746
vn -0.996403 0.000000 0.084746
vn -0.996403 0.000000 0.084746
vn -0.996403 0.000000 0.084746
vn -0.996403 0.000000 0.084746
vn 0.000000 -1.000000 0.000000
vn 0.000000 -1.000000 0.000000
vn 0.000000 -1.000000 0.000000
vn 0.000000 -1.000000 0.000000
vn 0.000000 -1.000000 0.000000
vn 0.000000 -1.000000 0.000000
vn 0.996582 0.000000 -0.082607
vn 0.996582 0.000000 -0.082607
vn 0.996582 0.000000 -0.082607
vn 0.996583 0.000000 -0.082601
vn 0.996583 0.000000 -0.082601
vn 0.996583 0.000000 -0.082601
vn 0.000000 1.000000 0.000000
vn 0.000000 1.000000 0.000000
vn 0.000000 1.000000 0.000000
vn 0.000000 1.000000 0.000000
vn 0.000000 1.000000 0.000000
vn 0.000000 1.000000 0.000000
vn 0.996585 0.000000 -0.082578
vn 0.996585 0.000000 -0.082578
vn 0.996585 0.000000 -0.082578
vn 0.996582 0.000000 -0.082607
vn 0.996582 0.000000 -0.082607
vn 0.996582 0.000000 -0.082607
vn 0.000000 1.000000 -0.000004
vn 0.000000 1.000000 -0.000004
vn 0.000000 1.000000 -0.000004
vn 0.000000 1.000000 0.000004
vn 0.000000 1.000000 0.000004
vn 0.000000 1.000000 0.000004
vn -0.996403 0.000000 0.084746
vn -0.996403 0.000000 0.084746
vn -0.996403 0.000000 0.084746
vn -0.996418 0.000071 0.084565
vn -0.996418 0.000071 0.084565
vn -0.996418 0.000071 0.084565
vn 0.000000 -1.000000 0.000000
vn 0.000000 -1.000000 0.000000
vn 0.000000 -1.000000 0.000000
vn 0.000000 -1.000000 0.000004
vn 0.000000 -1.000000 0.000004
vn 0.000000 -1.000000 0.000004
vn 0.996584 0.000000 -0.082580
vn 0.996584 0.000000 -0.082580
vn 0.996584 0.000000 -0.082580
vn 0.996584 0.000000 -0.082580
vn 0.996584 0.000000 -0.082580
vn 0.996584 0.000000 -0.082580
vn 0.000000 1.000000 0.000000
vn 0.000000 1.000000 0.000000
vn 0.000000 1.000000 0.000000
vn 0.000000 1.000000 0.000000
vn 0.000000 1.000000 0.000000
vn 0.000000 1.000000 0.000000
vn -0.996418 0.000000 0.084570
vn -0.996418 0.000000 0.084570
vn -0.996418 0.000000 0.084570
vn -0.996418 0.000000 0.084570
vn -0.996418 0.000000 0.084570
vn -0.996418 0.000000 0.084570
vn 0.000000 -1.000000 0.000000
vn 0.000000 -1.000000 0.000000
vn 0.000000 -1.000000 0.000000
vn 0.000000 -1.000000 0.000009
vn 0.000000 -1.000000 0.000009
vn 0.000000 -1.000000 0.000009
vn -0.996570 0.000000 0.082758
vn -0.996570 0.000000 0.082758
vn -0.996570 0.000000 0.082758
vn 0.000000 -1.000000 0.000001
vn 0.000000 -1.000000 0.000001
vn 0.000000 -1.000000 0.000001
vn 0.000000 1.000000 0.000000
vn 0.000000 1.000000 0.000000
vn 0.000000 1.000000 0.000000
vn 0.000000 1.000000 0.000000
vn -0.996570 0.000000 0.082761
vn -0.996570 0.000000 0.082761
vn -0.996570 0.000000 0.082761
vn -0.996570 0.000000 0.082757
vn -0.996570 0.000000 0.082757
vn -0.996570 0.000000 0.082757
vn -0.996570 0.000000 0.082757
vn 0.996558 0.000000 -0.082902
vn 0.996558 0.000000 -0.082902
vn 0.996558 0.000000 -0.082902
vn 0.000000 -1.000000 -0.000002
vn 0.000000 -1.000000 -0.000002
vn 0.000000 -1.000000 -0.000002
vn 0.000000 -1.000000 -0.000002
vn 0.996558 0.000000 -0.082902
vn 0.996558 0.000000 -0.082902
vn 0.996558 0.000000 -0.082902
vn 0.996558 0.000000 -0.082902
vn 0.996558 0.000000 -0.082902
vn 0.996558 0.000000 -0.082902
vn 0.996558 0.000000 -0.082902
vn 0.000000 1.000000 -0.000004
vn 0.000000 1.000000 -0.000004
vn 0.000000 1.000000 -0.000004
vn -0.996572 0.000000 0.082725
vn -0.996572 0.000000 0.082725
vn -0.996572 0.000000 0.082725
vn -0.996572 0.000000 0.082725
vn 0.000000 -1.000000 0.000000
vn 0.000000 -1.000000 0.000000
vn 0.000000 -1.000000 0.000000
vn 0.000000 -1.000000 0.000000
vn 0.996594 0.000000 -0.082461
vn 0.996594 0.000000 -0.082461
vn 0.996594 0.000000 -0.082461
vn 0.996594 0.000000 -0.082461
vn 0.000000 1.000000 0.000001
vn 0.000000 1.000000 0.000001
vn 0.000000 1.000000 0.000001
vn 0.000000 1.000000 0.000001
vn 0.000000 1.000000 0.000002
vn 0.000000 1.000000 0.000002
vn 0.000000 1.000000 0.000002
vn 0.000000 1.000000 0.000002
vn -0.996593 0.000000 0.082472
vn -0.996593 0.000000 0.082472
vn -0.996593 0.000000 0.082472
vn -0.996593 0.000000 0.082472
vn 0.000000 -1.000000 -0.000000
vn 0.000000 -1.000000 -0.000000
vn 0.000000 -1.000000 -0.000000
vn 0.000000 -1.000000 -0.000000
vn 0.996594 0.000000 -0.082461
vn 0.996594 0.000000 -0.082461
vn 0.996594 0.000000 -0.082461
vn 0.996594 0.000000 -0.082461
vn 0.000000 1.000000 0.000001
vn 0.000000 1.000000 0.000001
vn 0.000000 1.000000 0.000001
vn 0.000000 1.000000 0.000001
vn -0.996583 -0.000031 0.082598
vn -0.996583 -0.000031 0.082598
vn -0.996583 -0.000031 0.082598
vn -0.996583 -0.000031 0.082598
vn 0.000000 -1.000000 0.000001
vn 0.000000 -1.000000 0.000001
vn 0.000000 -1.000000 0.000001
vn 0.000000 -1.000000 0.000001
vn 0.996594 0.000000 -0.082461
vn 0.996594 0.000000 -0.082461
vn 0.996594 0.000000 -0.082461
vn 0.996594 0.000000 -0.082461
vn -0.996605 0.000000 0.082329
vn -0.996605 0.000000 0.082329
vn -0.996605 0.000000 0.082329
vn -0.996605 0.000000 0.082329
vn 0.000000 -1.000000 0.000000
vn 0.000000 -1.000000 0.000000
vn 0.000000 -1.000000 0.000000
vn 0.000000 -1.000000 0.000000
vn 0.996571 0.000000 -0.082738
vn 0.996571 0.000000 -0.082738
vn 0.996571 0.000000 -0.082738
vn 0.996571 0.000000 -0.082738
vn 0.000000 1.000000 0.000001
vn 0.000000 1.000000 0.000001
vn 0.000000 1.000000 0.000001
vn 0.000000 1.000000 0.000001
vn 0.996566 0.000031 -0.082802
vn 0.996566 0.000031 -0.082802
vn 0.996566 0.000031 -0.082802
vn 0.996566 0.000031 -0.082802
vn 0.000000 1.000000 -0.000002
vn 0.000000 1.000000 -0.000002
vn 0.000000 1.000000 -0.000002
vn 0.000000 1.000000 -0.000002
vn -0.996594 0.000000 0.082461
vn -0.996594 0.000000 0.082461
vn -0.996594 0.000000 0.082461
vn -0.996594 0.000000 0.082461
vn 0.000000 -1.000000 0.000000
vn 0.000000 -1.000000 0.000000
vn 0.000000 -1.000000 0.000000
vn 0.000000 -1.000000 0.000000
vn 0.996561 0.000000 -0.082869
vn 0.996561 0.000000 -0.082869
vn 0.996561 0.000000 -0.082869
vn 0.996561 0.000000 -0.082869
vn 0.000000 1.000000 -0.000003
vn 0.000000 1.000000 -0.000003
vn 0.000000 1.000000 -0.000003
vn 0.000000 1.000000 -0.000003
vn -0.996583 0.000000 0.082594
vn -0.996583 0.000000 0.082594
vn -0.996583 0.000000 0.082594
vn -0.996583 0.000000 0.082594
vn 0.000000 -1.000000 -0.000002
vn 0.000000 -1.000000 -0.000002
vn 0.000000 -1.000000 -0.000002
vn 0.000000 -1.000000 -0.000002
vn 0.082534 0.000000 0.996588
vn 0.082534 0.000000 0.996588
vn 0.082534 0.000000 0.996588
vn 0.082535 0.000000 0.996588
vn 0.082535 0.000000 0.996588
vn 0.082535 0.000000 0.996588
vn 0.082603 0.000000 0.996583
vn 0.082603 0.000000 0.996583
vn 0.082603 0.000000 0.996583
vn 0.082595 0.000000 0.996583
vn 0.082595 0.000000 0.996583
vn 0.082595 0.000000 0.996583
vn 0.082535 0.000000 0.996588
vn 0.082535 0.000000 0.996588
vn 0.082535 0.000000 0.996588
vn 0.082592 0.000060 0.996583
vn 0.082592 0.000060 0.996583
vn 0.082592 0.000060 0.996583
vn 0.082710 0.000000 0.996574
vn 0.082710 0.000000 0.996574
vn 0.082710 0.000000 0.996574
vn 0.082710 0.000000 0.996574
vn 0.082710 0.000000 0.996574
vn 0.082710 0.000000 0.996574
vn 0.082710 0.000053 0.996574
vn 0.082710 0.000053 0.996574
vn 0.082710 0.000053 0.996574
vn 0.082710 0.000060 0.996574
vn 0.082710 0.000060 0.996574
vn 0.082710 0.000060 0.996574
vn 0.082709 0.000000 0.996574
vn 0.082709 0.000000 0.996574
vn 0.082709 0.000000 0.996574
vn 0.082709 0.000000 0.996574
vn 0.082709 0.000000 0.996574
vn 0.082709 0.000000 0.996574
vn 0.082666 0.000000 0.996577
vn 0.082666 0.000000 0.996577
vn 0.082666 0.000000 0.996577
vn 0.082642 0.000000 0.996579
vn 0.082642 0.000000 0.996579
vn 0.082642 0.000000 0.996579
vn 0.082655 -0.000026 0.996578
vn 0.082655 -0.000026 0.996578
vn 0.082655 -0.000026 0.996578
vn 0.082708 0.000353 0.996574
vn 0.082708 0.000353 0.996574
vn 0.082708 0.000353 0.996574
vn 0.082394 0.000000 0.996600
vn 0.082394 0.000000 0.996600
vn 0.082394 0.000000 0.996600
vn 0.082396 0.000000 0.996600
vn 0.082396 0.000000 0.996600
vn 0.082396 0.000000 0.996600
vn 0.082662 -0.000284 0.996578
vn 0.082662 -0.000284 0.996578
vn 0.082662 -0.000284 0.996578
vn 0.082709 0.000071 0.996574
vn 0.082709 0.000071 0.996574
vn 0.082709 0.000071 0.996574
vn 0.082661 -0.000284 0.996578
vn 0.082661 -0.000284 0.996578
vn 0.082661 -0.000284 0.996578
vn 0.082709 0.000071 0.996574
vn 0.082709 0.000071 0.996574
vn 0.082709 0.000071 0.996574
vn 0.082683 0.000000 0.996576
vn 0.082683 0.000000 0.996576
vn 0.082683 0.000000 0.996576
vn 0.082661 0.000000 0.996578
vn 0.082661 0.000000 0.996578
vn 0.082661 0.000000 0.996578
vn 0.082656 -0.000026 0.996578
vn 0.082656 -0.000026 0.996578
vn 0.082656 -0.000026 0.996578
vn 0.082709 0.000353 0.996574
vn 0.082709 0.000353 0.996574
vn 0.082709 0.000353 0.996574
vn 0.082420 0.000000 0.996598
vn 0.082420 0.000000 0.996598
vn 0.082420 0.000000 0.996598
vn 0.082346 0.000000 0.996604
vn 0.082346 0.000000 0.996604
vn 0.082346 0.000000 0.996604
vn 0.082656 -0.000284 0.996578
vn 0.082656 -0.000284 0.996578
vn 0.082656 -0.000284 0.996578
vn 0.082709 0.000071 0.996574
vn 0.082709 0.000071 0.996574
vn 0.082709 0.000071 0.996574
vn 0.082666 0.000000 0.996577
vn 0.082666 0.000000 0.996577
vn 0.082666 0.000000 0.996577
vn 0.082642 0.000000 0.996579
vn 0.082642 0.000000 0.996579
vn 0.082642 0.000000 0.996579
vn 0.082655 -0.000026 0.996578
vn 0.082655 -0.000026 0.996578
vn 0.082655 -0.000026 0.996578
vn 0.082708 0.000353 0.996574
vn 0.082708 0.000353 0.996574
vn 0.082708 0.000353 0.996574
vn 0.082394 0.000000 0.996600
vn 0.082394 0.000000 0.996600
vn 0.082394 0.000000 0.996600
vn 0.082396 0.000000 0.996600
vn 0.082396 0.000000 0.996600
vn 0.082396 0.000000 0.996600
vn 0.082985 0.000000 0.996551
vn 0.082985 0.000000 0.996551
vn 0.082985 0.000000 0.996551
vn 0.082948 0.000000 0.996554
vn 0.082948 0.000000 0.996554
vn 0.082948 0.000000 0.996554
vn 0.082730 0.000232 0.996572
vn 0.082730 0.000232 0.996572
vn 0.082730 0.000232 0.996572
vn 0.082707 0.000106 0.996574
vn 0.082707 0.000106 0.996574
vn 0.082707 0.000106 0.996574
vn 0.082663 0.000000 0.996578
vn 0.082663 0.000000 0.996578
vn 0.082663 0.000000 0.996578
vn 0.082601 0.000000 0.996583
vn 0.082601 0.000000 0.996583
vn 0.082601 0.000000 0.996583
vn 0.082730 -0.000103 0.996572
vn 0.082730 -0.000103 0.996572
vn 0.082730 -0.000103 0.996572
vn 0.082707 -0.000283 0.996574
vn 0.082707 -0.000283 0.996574
vn 0.082707 -0.000283 0.996574
vn 0.082560 0.000000 0.996586
vn 0.082560 0.000000 0.996586
vn 0.082560 0.000000 0.996586
vn 0.082601 0.000000 0.996583
vn 0.082601 0.000000 0.996583
vn 0.082601 0.000000 0.996583
vn 0.082730 -0.000103 0.996572
vn 0.082730 -0.000103 0.996572
vn 0.082730 -0.000103 0.996572
vn 0.082707 -0.000283 0.996574
vn 0.082707 -0.000283 0.996574
vn 0.082707 -0.000283 0.996574
vn 0.082985 0.000000 0.996551
vn 0.082985 0.000000 0.996551
vn 0.082985 0.000000 0.996551
vn 0.083019 0.000000 0.996548
vn 0.083019 0.000000 0.996548
vn 0.083019 0.000000 0.996548
vn 0.082730 0.000232 0.996572
vn 0.082730 0.000232 0.996572
vn 0.082730 0.000232 0.996572
vn 0.082707 0.000106 0.996574
vn 0.082707 0.000106 0.996574
vn 0.082707 0.000106 0.996574
vn 0.082603 0.000000 0.996583
vn 0.082603 0.000000 0.996583
vn 0.082603 0.000000 0.996583
vn 0.082674 0.000000 0.996577
vn 0.082674 0.000000 0.996577
vn 0.082674 0.000000 0.996577
vn 0.082730 -0.000103 0.996572
vn 0.082730 -0.000103 0.996572
vn 0.082730 -0.000103 0.996572
vn 0.082707 -0.000283 0.996574
vn 0.082707 -0.000283 0.996574
vn 0.082707 -0.000283 0.996574
vn 0.082968 0.000000 0.996552
vn 0.082968 0.000000 0.996552
vn 0.082968 0.000000 0.996552
vn 0.083002 0.000000 0.996549
vn 0.083002 0.000000 0.996549
vn 0.083002 0.000000 0.996549
vn 0.082730 0.000232 0.996572
vn 0.082730 0.000232 0.996572
vn 0.082730 0.000232 0.996572
vn 0.082708 0.000106 0.996574
vn 0.082708 0.000106 0.996574
vn 0.082708 0.000106 0.996574
vn -0.996593 0.000000 0.082479
vn -0.996593 0.000000 0.082479
vn -0.996593 0.000000 0.082479
vn -0.996593 0.000000 0.082479
vn -0.996593 0.000000 0.082479
vn -0.996593 0.000000 0.082479
vn 0.000000 -1.000000 0.000000
vn 0.000000 -1.000000 0.000000
vn 0.000000 -1.000000 0.000000
vn 0.000000 -1.000000 0.000000
vn 0.000000 -1.000000 0.000000
vn 0.000000 -1.000000 0.000000
vn 0.996574 0.000000 -0.082705
vn 0.996574 0.000000 -0.082705
vn 0.996574 0.000000 -0.082705
vn 0.996574 0.000000 -0.082705
vn 0.996574 0.000000 -0.082705
vn 0.996574 0.000000 -0.082705
vn 0.000000 1.000000 0.000000
vn 0.000000 1.000000 0.000000
vn 0.000000 1.000000 0.000000
vn 0.000000 1.000000 0.000000
vn 0.000000 1.000000 0.000000
vn 0.000000 1.000000 0.000000
vn 0.000000 1.000000 0.000009
vn 0.000000 1.000000 0.000009
vn 0.000000 1.000000 0.000009
vn 0.000000 1.000000 -0.000009
vn 0.000000 1.000000 -0.000009
vn 0.000000 1.000000 -0.000009
vn -0.996571 0.000000 0.082742
vn -0.996571 0.000000 0.082742
vn -0.996571 0.000000 0.082742
vn -0.996571 0.000000 0.082742
vn -0.996571 0.000000 0.082742
vn -0.996571 0.000000 0.082742
vn 0.000000 -1.000000 0.000000
vn 0.000000 -1.000000 0.000000
vn 0.000000 -1.000000 0.000000
vn 0.000000 -1.000000 0.000000
vn 0.000000 -1.000000 0.000000
vn 0.000000 -1.000000 0.000000
vn 0.996574 0.000000 -0.082706
vn 0.996574 0.000000 -0.082706
vn 0.996574 0.000000 -0.082706
vn 0.996574 0.000000 -0.082706
vn 0.996574 0.000000 -0.082706
vn 0.996574 0.000000 -0.082706
vn 0.000000 1.000000 0.000000
vn 0.000000 1.000000 0.000000
vn 0.000000 1.000000 0.000000
vn 0.000000 1.000000 0.000000
vn 0.000000 1.000000 0.000000
vn 0.000000 1.000000 0.000000
vn -0.996593 0.000000 0.082479
vn -0.996593 0.000000 0.082479
vn -0.996593 0.000000 0.082479
vn -0.996571 -0.000071 0.082740
vn -0.996571 -0.000071 0.082740
vn -0.996571 -0.000071 0.082740
vn 0.000000 -1.000000 0.000000
vn 0.000000 -1.000000 0.000000
vn 0.000000 -1.000000 0.000000
vn 0.000000 -1.000000 0.000000
vn 0.000000 -1.000000 0.000000
vn 0.000000 -1.000000 0.000000
vn 0.996574 0.000000 -0.082705
vn 0.996574 0.000000 -0.082705
vn 0.996574 0.000000 -0.082705
vn 0.996574 0.000000 -0.082705
vn 0.996574 0.000000 -0.082705
vn 0.996574 0.000000 -0.082705
vn -0.996403 0.000000 0.084746
vn -0.996403 0.000000 0.084746
vn -0.996403 0.000000 0.084746
vn -0.996403 0.000000 0.084746
vn -0.996403 0.000000 0.084746
vn -0.996403 0.000000 0.084746
vn 0.000000 -1.000000 0.000000
vn 0.000000 -1.000000 0.000000
vn 0.000000 -1.000000 0.000000
vn 0.000000 -1.000000 0.000000
vn 0.000000 -1.000000 0.000000
vn 0.000000 -1.000000 0.000000
vn 0.996570 0.000000 -0.082758
vn 0.996570 0.000000 -0.082758
vn 0.996570 0.000000 -0.082758
vn 0.996570 0.000000 -0.082752
vn 0.996570 0.000000 -0.082752
vn 0.996570 0.000000 -0.082752
vn 0.000000 1.000000 0.000000
vn 0.000000 1.000000 0.000000
vn 0.000000 1.000000 0.000000
vn 0.000000 1.000000 -0.000004
vn 0.000000 1.000000 -0.000004
vn 0.000000 1.000000 -0.000004
vn 0.996585 0.000000 -0.082578
vn 0.996585 0.000000 -0.082578
vn 0.996585 0.000000 -0.082578
vn 0.996570 -0.000071 -0.082758
vn 0.996570 -0.000071 -0.082758
vn 0.996570 -0.000071 -0.082758
vn 0.000000 1.000000 0.000000
vn 0.000000 1.000000 0.000000
vn 0.000000 1.000000 0.000000
vn 0.000000 1.000000 0.000000
vn 0.000000 1.000000 0.000000
vn 0.000000 1.000000 0.000000
vn -0.996403 0.000000 0.084740
vn -0.996403 0.000000 0.084740
vn -0.996403 0.000000 0.084740
vn -0.996418 0.000000 0.084571
vn -0.996418 0.000000 0.084571
vn -0.996418 0.000000 0.084571
vn 0.000000 -1.000000 0.000000
vn 0.000000 -1.000000 0.000000
vn 0.000000 -1.000000 0.000000
vn 0.000000 -1.000000 0.000004
vn 0.000000 -1.000000 0.000004
vn 0.000000 -1.000000 0.000004
vn 0.996584 0.000000 -0.082580
vn 0.996584 0.000000 -0.082580
vn 0.996584 0.000000 -0.082580
vn 0.996584 0.000000 -0.082580
vn 0.996584 0.000000 -0.082580
vn 0.996584 0.000000 -0.082580
vn 0.000000 1.000000 0.000000
vn 0.000000 1.000000 0.000000
vn 0.000000 1.000000 0.000000
vn 0.000000 1.000000 0.000000
vn 0.000000 1.000000 0.000000
vn 0.000000 1.000000 0.000000
vn -0.996418 0.000000 0.084566
vn -0.996418 0.000000 0.084566
vn -0.996418 0.000000 0.084566
vn -0.996418 0.000000 0.084570
vn -0.996418 0.000000 0.084570
vn -0.996418 0.000000 0.084570
vn 0.000000 -1.000000 0.000000
vn 0.000000 -1.000000 0.000000
vn 0.000000 -1.000000 0.000000
vn 0.000000 -1.000000 0.000009
vn 0.000000 -1.000000 0.000009
vn 0.000000 -1.000000 0.000009
vn -0.996570 0.000000 0.082758
vn -0.996570 0.000000 0.082758
vn -0.996570 0.000000 0.082758
vn 0.000000 -1.000000 0.000001
vn 0.000000 -1.000000 0.000001
vn 0.000000 -1.000000 0.000001
vn 0.000000 1.000000 0.000000
vn 0.000000 1.000000 0.000000
vn 0.000000 1.000000 0.000000
vn -0.996570 0.000000 0.082757
vn -0.996570 0.000000 0.082757
vn -0.996570 0.000000 0.082757
vn -0.996570 0.000000 0.082759
vn -0.996570 0.000000 0.082759
vn -0.996570 0.000000 0.082759
vn -0.996570 0.000000 0.082759
vn 0.996558 0.000000 -0.082902
vn 0.996558 0.000000 -0.082902
vn 0.996558 0.000000 -0.082902
vn 0.000000 -1.000000 -0.000002
vn 0.000000 -1.000000 -0.000002
vn 0.000000 -1.000000 -0.000002
vn 0.000000 -1.000000 -0.000002
vn 0.996558 0.000000 -0.082901
vn 0.996558 0.000000 -0.082901
vn 0.996558 0.000000 -0.082901
vn 0.996558 0.000000 -0.082901
vn 0.996558 0.000000 -0.082902
vn 0.996558 0.000000 -0.082902
vn 0.996558 0.000000 -0.082902
vn 0.000000 1.000000 -0.000001
vn 0.000000 1.000000 -0.000001
vn 0.000000 1.000000 -0.000001
vn 0.000000 1.000000 -0.000001
vn -0.996583 0.000000 0.082593
vn -0.996583 0.000000 0.082593
vn -0.996583 0.000000 0.082593
vn -0.996583 0.000000 0.082593
vn 0.000000 -1.000000 0.000000
vn 0.000000 -1.000000 0.000000
vn 0.000000 -1.000000 0.000000
vn 0.000000 -1.000000 0.000000
vn 0.996583 0.000000 -0.082593
vn 0.996583 0.000000 -0.082593
vn 0.996583 0.000000 -0.082593
vn 0.996583 0.000000 -0.082593
vn 0.000000 1.000000 -0.000001
vn 0.000000 1.000000 -0.000001
vn 0.000000 1.000000 -0.000001
vn 0.000000 1.000000 -0.000001
vn 0.000000 1.000000 0.000001
vn 0.000000 1.000000 0.000001
vn 0.000000 1.000000 0.000001
vn 0.000000 1.000000 0.000001
vn -0.996582 0.000000 0.082605
vn -0.996582 0.000000 0.082605
vn -0.996582 0.000000 0.082605
vn -0.996582 0.000000 0.082605
vn 0.000000 -1.000000 0.000000
vn 0.000000 -1.000000 0.000000
vn 0.000000 -1.000000 0.000000
vn 0.000000 -1.000000 0.000000
vn 0.996583 0.000000 -0.082594
vn 0.996583 0.000000 -0.082594
vn 0.996583 0.000000 -0.082594
vn 0.996583 0.000000 -0.082594
vn 0.000000 1.000000 0.000000
vn 0.000000 1.000000 0.000000
vn 0.000000 1.000000 0.000000
vn 0.000000 1.000000 0.000000
vn -0.996583 -0.000062 0.082601
vn -0.996583 -0.000062 0.082601
vn -0.996583 -0.000062 0.082601
vn -0.996583 -0.000062 0.082601
vn 0.000000 -1.000000 0.000001
vn 0.000000 -1.000000 0.000001
vn 0.000000 -1.000000 0.000001
vn 0.000000 -1.000000 0.000001
vn 0.996583 0.000000 -0.082593
vn 0.996583 0.000000 -0.082593
vn 0.996583 0.000000 -0.082593
vn 0.996583 0.000000 -0.082593
vn -0.996594 0.000000 0.082461
vn -0.996594 0.000000 0.082461
vn -0.996594 0.000000 0.082461
vn -0.996594 0.000000 0.082461
vn 0.000000 -1.000000 0.000000
vn 0.000000 -1.000000 0.000000
vn 0.000000 -1.000000 0.000000
vn 0.000000 -1.000000 0.000000
vn 0.996582 0.000000 -0.082606
vn 0.996582 0.000000 -0.082606
vn 0.996582 0.000000 -0.082606
vn 0.996582 0.000000 -0.082606
vn 0.000000 1.000000 -0.000000
vn 0.000000 1.000000 -0.000000
vn 0.000000 1.000000 -0.000000
vn 0.000000 1.000000 -0.000000
vn 0.996577 0.000000 -0.082670
vn 0.996577 0.000000 -0.082670
vn 0.996577 0.000000 -0.082670
vn 0.996577 0.000000 -0.082670
vn 0.000000 1.000000 0.000001
vn 0.000000 1.000000 0.000001
vn 0.000000 1.000000 0.000001
vn 0.000000 1.000000 0.000001
vn -0.996589 0.000000 0.082527
vn -0.996589 0.000000 0.082527
vn -0.996589 0.000000 0.082527
vn -0.996589 0.000000 0.082527
vn 0.000000 -1.000000 0.000001
vn 0.000000 -1.000000 0.000001
vn 0.000000 -1.000000 0.000001
vn 0.000000 -1.000000 0.000001
vn 0.996571 0.000000 -0.082737
vn 0.996571 0.000000 -0.082737
vn 0.996571 0.000000 -0.082737
vn 0.996571 0.000000 -0.082737
vn 0.000000 1.000000 -0.000003
vn 0.000000 1.000000 -0.000003
vn 0.000000 1.000000 -0.000003
vn 0.000000 1.000000 -0.000003
vn -0.996583 0.000000 0.082594
vn -0.996583 0.000000 0.082594
vn -0.996583 0.000000 0.082594
vn -0.996583 0.000000 0.082594
vn 0.000000 -1.000000 -0.000003
vn 0.000000 -1.000000 -0.000003
vn 0.000000 -1.000000 -0.000003
vn 0.000000 -1.000000 -0.000003
vn -0.996570 -0.000036 0.082760
vn -0.996570 -0.000036 0.082760
vn -0.996570 -0.000036 0.082760
vn -0.996830 -0.000041 0.079558
vn -0.996830 -0.000041 0.079558
vn -0.996830 -0.000041 0.079558
vn 0.082563 0.000000 0.996586
vn 0.082563 0.000000 0.996586
vn 0.082563 0.000000 0.996586
vn 0.082576 0.000000 0.996585
vn 0.082576 0.000000 0.996585
vn 0.082576 0.000000 0.996585
vn 0.083003 0.000000 0.996549
vn 0.083003 0.000000 0.996549
vn 0.083003 0.000000 0.996549
vn 0.083003 0.000000 0.996549
vn 0.083003 0.000000 0.996549
vn 0.083003 0.000000 0.996549
vn 0.082675 0.000033 0.996577
vn 0.082675 0.000033 0.996577
vn 0.082675 0.000033 0.996577
vn 0.082715 -0.000026 0.996573
vn 0.082715 -0.000026 0.996573
vn 0.082715 -0.000026 0.996573
vn 0.082687 -0.000011 0.996576
vn 0.082687 -0.000011 0.996576
vn 0.082687 -0.000011 0.996576
vn 0.082664 0.000000 0.996578
vn 0.082664 0.000000 0.996578
vn 0.082664 0.000000 0.996578
vn 0.082768 0.000016 0.996569
vn 0.082768 0.000016 0.996569
vn 0.082768 0.000016 0.996569
vn 0.082714 0.000024 0.996573
vn 0.082714 0.000024 0.996573
vn 0.082714 0.000024 0.996573
vn 0.082771 0.000000 0.996569
vn 0.082771 0.000000 0.996569
vn 0.082771 0.000000 0.996569
vn 0.082685 0.000028 0.996576
vn 0.082685 0.000028 0.996576
vn 0.082685 0.000028 0.996576
vn 0.082716 0.000010 0.996573
vn 0.082716 0.000010 0.996573
vn 0.082716 0.000010 0.996573
vn 0.082368 0.000000 0.996602
vn 0.082368 0.000000 0.996602
vn 0.082368 0.000000 0.996602
vn 0.082368 0.000000 0.996602
vn 0.082368 0.000000 0.996602
vn 0.082368 0.000000 0.996602
vn 0.086197 0.005364 0.996264
vn 0.086197 0.005364 0.996264
vn 0.086197 0.005364 0.996264
vn 0.082688 -0.000039 0.996576
vn 0.082688 -0.000039 0.996576
vn 0.082687 -0.000039 0.996576
vn 0.082711 0.000000 0.996574
vn 0.089860 -0.007254 0.995928
vn 0.086076 -0.003413 0.996283
vn 0.082423 0.000000 0.996598
vn 0.082423 0.000000 0.996598
vn 0.082423 0.000000 0.996598
vn 0.082431 0.000000 0.996597
vn 0.082431 0.000000 0.996597
vn 0.082431 0.000000 0.996597
vn 0.083035 0.000000 0.996547
vn 0.083035 0.000000 0.996547
vn 0.083035 0.000000 0.996547
vn 0.083035 0.000000 0.996547
vn 0.083035 0.000000 0.996547
vn 0.083035 0.000000 0.996547
vn 0.082627 0.000000 0.996581
vn 0.082627 0.000000 0.996581
vn 0.082627 0.000000 0.996581
vn 0.082619 0.000000 0.996581
vn 0.082619 0.000000 0.996581
vn 0.082619 0.000000 0.996581
vn 0.082695 0.000000 0.996575
vn 0.082695 0.000000 0.996575
vn 0.082695 0.000000 0.996575
vn 0.082735 0.000004 0.996572
vn 0.082735 0.000004 0.996572
vn 0.082735 0.000004 0.996572
vn 0.082735 0.000004 0.996572
vn 0.082368 0.000000 0.996602
vn 0.082368 0.000000 0.996602
vn 0.082368 0.000000 0.996602
vn 0.082421 0.000053 0.996598
vn 0.082421 0.000053 0.996598
vn 0.082421 0.000053 0.996598
vn 0.083003 0.000026 0.996549
vn 0.083003 0.000026 0.996549
vn 0.083003 0.000026 0.996549
vn 0.083043 0.000060 0.996546
vn 0.083043 0.000060 0.996546
vn 0.083043 0.000060 0.996546
vn 0.082563 0.000000 0.996586
vn 0.082563 0.000000 0.996586
vn 0.082563 0.000000 0.996586
vn 0.082618 0.000060 0.996581
vn 0.082618 0.000060 0.996581
vn 0.082618 0.000060 0.996581
vn 0.082721 0.000000 0.996573
vn 0.082720 0.000002 0.996573
vn 0.082719 0.000003 0.996573
vn 0.082721 0.000000 0.996573
vn 0.082704 -0.000004 0.996574
vn 0.082704 -0.000004 0.996574
vn 0.082704 -0.000004 0.996574
vn 0.082710 0.000000 0.996574
vn 0.082710 0.000000 0.996574
vn 0.082710 0.000000 0.996574
vn 0.082710 0.000000 0.996574
vn 0.082710 0.000000 0.996574
vn 0.082710 0.000000 0.996574
vn 0.082684 0.000060 0.996576
vn 0.082684 0.000060 0.996576
vn 0.082684 0.000060 0.996576
vn 0.082710 0.000026 0.996574
vn 0.082710 0.000026 0.996574
vn 0.082710 0.000026 0.996574
vn 0.082676 0.000000 0.996576
vn 0.082676 0.000000 0.996576
vn 0.082676 0.000000 0.996576
vn 0.082684 0.000000 0.996576
vn 0.082684 0.000000 0.996576
vn 0.082684 0.000000 0.996576
vn 0.082715 0.000008 0.996573
vn 0.082715 0.000008 0.996573
vn 0.082715 0.000008 0.996573
vn 0.082710 0.000011 0.996574
vn 0.082710 0.000011 0.996574
vn 0.082710 0.000011 0.996574
vn 0.082679 0.000000 0.996576
vn 0.082679 0.000000 0.996576
vn 0.082679 0.000000 0.996576
vn 0.082655 0.000000 0.996578
vn 0.082655 0.000000 0.996578
vn 0.082655 0.000000 0.996578
vn 0.082683 -0.000026 0.996576
vn 0.082683 -0.000026 0.996576
vn 0.082683 -0.000026 0.996576
vn 0.082708 0.000177 0.996574
vn 0.082708 0.000177 0.996574
vn 0.082708 0.000177 0.996574
vn 0.082549 0.000000 0.996587
vn 0.082549 0.000000 0.996587
vn 0.082549 0.000000 0.996587
vn 0.082538 0.000000 0.996588
vn 0.082538 0.000000 0.996588
vn 0.082538 0.000000 0.996588
vn 0.082676 -0.000129 0.996576
vn 0.082676 -0.000129 0.996576
vn 0.082676 -0.000129 0.996576
vn 0.082709 0.000035 0.996574
vn 0.082709 0.000035 0.996574
vn 0.082709 0.000035 0.996574
vn 0.083117 0.000000 0.996540
vn 0.083117 0.000000 0.996540
vn 0.083117 0.000000 0.996540
vn 0.083177 0.000000 0.996535
vn 0.083177 0.000000 0.996535
vn 0.083177 0.000000 0.996535
vn 0.082766 0.000387 0.996569
vn 0.082766 0.000387 0.996569
vn 0.082766 0.000387 0.996569
vn 0.082711 0.000000 0.996574
vn 0.082711 0.000000 0.996574
vn 0.082711 0.000000 0.996574
vn 0.082665 0.000000 0.996578
vn 0.082665 0.000000 0.996578
vn 0.082665 0.000000 0.996577
vn 0.082763 0.000000 0.996569
vn 0.082763 0.000000 0.996569
vn 0.082763 0.000000 0.996569
vn 0.082766 -0.000077 0.996569
vn 0.082766 -0.000077 0.996569
vn 0.082766 -0.000077 0.996569
vn 0.082711 -0.000424 0.996574
vn 0.082711 -0.000424 0.996574
vn 0.082711 -0.000424 0.996574
vn 0.082665 0.000000 0.996578
vn 0.082665 0.000000 0.996578
vn 0.082665 0.000000 0.996577
vn 0.082692 0.000000 0.996575
vn 0.082692 0.000000 0.996575
vn 0.082692 0.000000 0.996575
vn 0.082688 0.000052 0.996575
vn 0.082688 0.000052 0.996576
vn 0.082688 0.000052 0.996576
vn 0.082706 0.000106 0.996574
vn 0.082706 0.000106 0.996574
vn 0.082706 0.000106 0.996574
vn 0.082613 0.000000 0.996582
vn 0.082613 0.000000 0.996582
vn 0.082613 0.000000 0.996582
vn 0.082550 0.000000 0.996587
vn 0.082550 0.000000 0.996587
vn 0.082550 0.000000 0.996587
vn 0.082688 -0.000155 0.996575
vn 0.082688 -0.000155 0.996575
vn 0.082688 -0.000155 0.996575
vn 0.082707 0.000035 0.996574
vn 0.082707 0.000035 0.996574
vn 0.082707 0.000035 0.996574
vn 0.082687 -0.000155 0.996576
vn 0.082687 -0.000155 0.996576
vn 0.082687 -0.000155 0.996576
vn 0.082707 0.000035 0.996574
vn 0.082707 0.000035 0.996574
vn 0.082707 0.000035 0.996574
vn 0.082674 0.000000 0.996577
vn 0.082674 0.000000 0.996577
vn 0.082674 0.000000 0.996577
vn 0.082712 0.000000 0.996574
vn 0.082712 0.000000 0.996574
vn 0.082712 0.000000 0.996574
vn 0.082682 0.000052 0.996576
vn 0.082682 0.000052 0.996576
vn 0.082682 0.000052 0.996576
vn 0.082706 0.000106 0.996574
vn 0.082706 0.000106 0.996574
vn 0.082706 0.000106 0.996574
vn 0.082553 0.000000 0.996587
vn 0.082553 0.000000 0.996587
vn 0.082553 0.000000 0.996587
vn 0.082624 0.000000 0.996581
vn 0.082624 0.000000 0.996581
vn 0.082624 0.000000 0.996581
vn 0.082766 -0.000077 0.996569
vn 0.082766 -0.000077 0.996569
vn 0.082766 -0.000077 0.996569
vn 0.082711 -0.000424 0.996574
vn 0.082711 -0.000424 0.996573
vn 0.082711 -0.000424 0.996574
vn 0.083143 0.000000 0.996538
vn 0.083143 0.000000 0.996538
vn 0.083143 0.000000 0.996538
vn 0.083229 0.000000 0.996530
vn 0.083229 0.000000 0.996530
vn 0.083229 0.000000 0.996530
vn 0.082767 0.000387 0.996569
vn 0.082767 0.000387 0.996569
vn 0.082767 0.000387 0.996569
vn 0.082711 0.000000 0.996574
vn 0.082711 0.000000 0.996574
vn 0.082711 0.000000 0.996574
vn 0.082734 0.000000 0.996572
vn 0.082734 0.000000 0.996572
vn 0.082734 0.000000 0.996572
vn 0.082712 0.000000 0.996574
vn 0.082712 0.000000 0.996574
vn 0.082712 0.000000 0.996574
vn 0.082676 -0.000129 0.996576
vn 0.082676 -0.000129 0.996576
vn 0.082676 -0.000129 0.996576
vn 0.082708 0.000035 0.996574
vn 0.082708 0.000035 0.996574
vn 0.082708 0.000035 0.996574
vn 0.082636 0.000000 0.996580
vn 0.082636 0.000000 0.996580
vn 0.082636 0.000000 0.996580
vn 0.082674 0.000000 0.996577
vn 0.082674 0.000000 0.996577
vn 0.082674 0.000000 0.996577
vn 0.082683 -0.000026 0.996576
vn 0.082683 -0.000026 0.996576
vn 0.082683 -0.000026 0.996576
vn 0.082709 0.000177 0.996574
vn 0.082709 0.000177 0.996574
vn 0.082709 0.000177 0.996574
vn 0.082540 0.000000 0.996588
vn 0.082540 0.000000 0.996588
vn 0.082540 0.000000 0.996588
vn 0.082523 0.000000 0.996589
vn 0.082523 0.000000 0.996589
vn 0.082523 0.000000 0.996589
vn 0.082681 -0.000155 0.996576
vn 0.082681 -0.000155 0.996576
vn 0.082681 -0.000155 0.996576
vn 0.082707 0.000035 0.996574
vn 0.082707 0.000035 0.996574
vn 0.082707 0.000035 0.996574
vn 0.082716 0.000000 0.996573
vn 0.082716 0.000000 0.996573
vn 0.082716 0.000000 0.996573
vn 0.082693 0.000000 0.996575
vn 0.082693 0.000000 0.996575
vn 0.082693 0.000000 0.996575
vn 0.082687 0.000052 0.996576
vn 0.082687 0.000052 0.996576
vn 0.082687 0.000052 0.996576
vn 0.082706 0.000106 0.996574
vn 0.082706 0.000106 0.996574
vn 0.082706 0.000106 0.996574
vn 0.082510 0.000000 0.996590
vn 0.082510 0.000000 0.996590
vn 0.082510 0.000000 0.996590
vn 0.082551 0.000000 0.996587
vn 0.082551 0.000000 0.996587
vn 0.082551 0.000000 0.996587
vn 0.082773 -0.000077 0.996568
vn 0.082773 -0.000077 0.996569
vn 0.082773 -0.000077 0.996569
vn 0.082711 -0.000424 0.996573
vn 0.082711 -0.000424 0.996573
vn 0.082711 -0.000424 0.996573
vn 0.083168 0.000000 0.996536
vn 0.083168 0.000000 0.996536
vn 0.083168 0.000000 0.996536
vn 0.083177 0.000000 0.996535
vn 0.083177 0.000000 0.996535
vn 0.083177 0.000000 0.996535
vn 0.082766 0.000387 0.996569
vn 0.082766 0.000387 0.996569
vn 0.082766 0.000387 0.996569
vn 0.082711 0.000000 0.996574
vn 0.082711 0.000000 0.996574
vn 0.082711 0.000000 0.996574
vn 0.082716 0.000000 0.996573
vn 0.082716 0.000000 0.996573
vn 0.082716 0.000000 0.996573
vn 0.082693 0.000000 0.996575
vn 0.082693 0.000000 0.996575
vn 0.082693 0.000000 0.996575
vn 0.082676 -0.000129 0.996576
vn 0.082676 -0.000129 0.996576
vn 0.082676 -0.000129 0.996576
vn 0.082709 0.000035 0.996574
vn 0.082709 0.000035 0.996574
vn 0.082709 0.000035 0.996574
vn 0.082730 0.000000 0.996572
vn 0.082730 0.000000 0.996572
vn 0.082730 0.000000 0.996572
vn 0.082655 0.000000 0.996578
vn 0.082655 0.000000 0.996578
vn 0.082655 0.000000 0.996578
vn 0.082683 -0.000026 0.996576
vn 0.082683 -0.000026 0.996576
vn 0.082683 -0.000026 0.996576
vn 0.082708 0.000177 0.996574
vn 0.082708 0.000177 0.996574
vn 0.082708 0.000177 0.996574
vn 0.082549 0.000000 0.996587
vn 0.082549 0.000000 0.996587
vn 0.082549 0.000000 0.996587
vn 0.082467 0.000000 0.996594
vn 0.082467 0.000000 0.996594
vn 0.082467 0.000000 0.996594
vn 0.082778 0.000000 0.996568
vn 0.082778 0.000000 0.996568
vn 0.082778 0.000000 0.996568
vn 0.082877 0.000000 0.996560
vn 0.082877 0.000000 0.996560
vn 0.082877 0.000000 0.996560
vn 0.082711 0.000129 0.996574
vn 0.082711 0.000129 0.996574
vn 0.082711 0.000129 0.996574
vn 0.082709 0.000141 0.996574
vn 0.082709 0.000141 0.996574
vn 0.082709 0.000141 0.996574
vn 0.082599 0.000000 0.996583
vn 0.082599 0.000000 0.996583
vn 0.082599 0.000000 0.996583
vn 0.082517 0.000000 0.996590
vn 0.082517 0.000000 0.996590
vn 0.082517 0.000000 0.996590
vn 0.082710 -0.000129 0.996574
vn 0.082710 -0.000129 0.996574
vn 0.082710 -0.000129 0.996574
vn 0.082709 -0.000141 0.996574
vn 0.082709 -0.000141 0.996574
vn 0.082709 -0.000141 0.996574
vn 0.082548 0.000000 0.996587
vn 0.082548 0.000000 0.996587
vn 0.082548 0.000000 0.996587
vn 0.082659 0.000000 0.996578
vn 0.082659 0.000000 0.996578
vn 0.082659 0.000000 0.996578
vn 0.082704 -0.000129 0.996574
vn 0.082704 -0.000129 0.996574
vn 0.082704 -0.000129 0.996574
vn 0.082718 -0.000141 0.996573
vn 0.082718 -0.000141 0.996573
vn 0.082718 -0.000141 0.996573
vn 0.082778 0.000000 0.996568
vn 0.082778 0.000000 0.996568
vn 0.082778 0.000000 0.996568
vn 0.082806 0.000000 0.996566
vn 0.082806 0.000000 0.996566
vn 0.082806 0.000000 0.996566
vn 0.082710 0.000129 0.996574
vn 0.082710 0.000129 0.996574
vn 0.082710 0.000129 0.996574
vn 0.082709 0.000141 0.996574
vn 0.082709 0.000141 0.996574
vn 0.082709 0.000141 0.996574
vn 0.082591 0.000000 0.996584
vn 0.082591 0.000000 0.996584
vn 0.082591 0.000000 0.996584
vn 0.082573 0.000000 0.996585
vn 0.082573 0.000000 0.996585
vn 0.082573 0.000000 0.996585
vn 0.082710 -0.000129 0.996574
vn 0.082710 -0.000129 0.996574
vn 0.082710 -0.000129 0.996574
vn 0.082709 -0.000141 0.996574
vn 0.082709 -0.000141 0.996574
vn 0.082709 -0.000141 0.996574
vn 0.082787 0.000000 0.996567
vn 0.082787 0.000000 0.996567
vn 0.082787 0.000000 0.996567
vn 0.082825 0.000000 0.996564
vn 0.082825 0.000000 0.996564
vn 0.082825 0.000000 0.996564
vn 0.082704 0.000129 0.996574
vn 0.082704 0.000129 0.996574
vn 0.082704 0.000129 0.996574
vn 0.082710 0.000141 0.996574
vn 0.082710 0.000141 0.996574
vn 0.082710 0.000141 0.996574
vn -0.996594 0.000000 0.082468
vn -0.996594 0.000000 0.082468
vn -0.996594 0.000000 0.082468
vn -0.996594 0.000000 0.082468
vn -0.996594 0.000000 0.082468
vn -0.996594 0.000000 0.082468
vn 0.000000 -1.000000 0.000000
vn 0.000000 -1.000000 0.000000
vn 0.000000 -1.000000 0.000000
vn 0.000000 -1.000000 0.000000
vn 0.000000 -1.000000 0.000000
vn 0.000000 -1.000000 0.000000
vn 0.996574 0.000000 -0.082705
vn 0.996574 0.000000 -0.082705
vn 0.996574 0.000000 -0.082705
vn 0.996574 0.000000 -0.082705
vn 0.996574 0.000000 -0.082705
vn 0.996574 0.000000 -0.082705
vn 0.000000 1.000000 0.000000
vn 0.000000 1.000000 0.000000
vn 0.000000 1.000000 0.000000
vn 0.000000 1.000000 0.000000
vn 0.000000 1.000000 0.000000
vn 0.000000 1.000000 0.000000
vn -0.996644 0.000000 0.081863
vn -0.996644 0.000000 0.081863
vn -0.996644 0.000000 0.081863
vn -0.996644 0.000000 0.081863
vn -0.996644 0.000000 0.081863
vn -0.996644 0.000000 0.081863
vn 0.000000 -1.000000 0.000000
vn 0.000000 -1.000000 0.000000
vn 0.000000 -1.000000 0.000000
vn 0.000000 -1.000000 0.000000
vn 0.000000 -1.000000 0.000000
vn 0.000000 -1.000000 0.000000
vn 0.996570 0.000000 -0.082752
vn 0.996570 0.000000 -0.082752
vn 0.996570 0.000000 -0.082752
vn 0.996570 0.000000 -0.082758
vn 0.996570 0.000000 -0.082758
vn 0.996570 0.000000 -0.082758
vn 0.000000 1.000000 0.000000
vn 0.000000 1.000000 0.000000
vn 0.000000 1.000000 0.000000
vn 0.000000 1.000000 0.000000
vn 0.000000 1.000000 0.000000
vn 0.000000 1.000000 0.000000
vn -0.996581 0.000000 0.082619
vn -0.996581 0.000000 0.082619
vn -0.996581 0.000000 0.082619
vn -0.996581 0.000000 0.082619
vn -0.996581 0.000000 0.082619
vn -0.996581 0.000000 0.082619
vn 0.000000 -1.000000 0.000000
vn 0.000000 -1.000000 0.000000
vn 0.000000 -1.000000 0.000000
vn 0.000000 -1.000000 0.000000
vn 0.000000 -1.000000 0.000000
vn 0.000000 -1.000000 0.000000
vn 0.996606 0.000000 -0.082316
vn 0.996606 0.000000 -0.082316
vn 0.996606 0.000000 -0.082316
vn 0.996606 0.000000 -0.082316
vn 0.996606 0.000000 -0.082316
vn 0.996606 0.000000 -0.082316
vn 0.000000 1.000000 0.000004
vn 0.000000 1.000000 0.000004
vn 0.000000 1.000000 0.000004
vn 0.000000 1.000000 0.000000
vn 0.000000 1.000000 0.000000
vn 0.000000 1.000000 0.000000
vn 0.000000 1.000000 0.000009
vn 0.000000 1.000000 0.000009
vn 0.000000 1.000000 0.000009
vn 0.000000 1.000000 0.000000
vn 0.000000 1.000000 0.000000
vn 0.000000 1.000000 0.000000
vn -0.996571 0.000000 0.082742
vn -0.996571 0.000000 0.082742
vn -0.996571 0.000000 0.082742
vn -0.996571 0.000000 0.082742
vn -0.996571 0.000000 0.082742
vn -0.996571 0.000000 0.082742
vn 0.000000 -1.000000 0.000000
vn 0.000000 -1.000000 0.000000
vn 0.000000 -1.000000 0.000000
vn 0.000000 -1.000000 0.000000
vn 0.000000 -1.000000 0.000000
vn 0.000000 -1.000000 0.000000
vn 0.996606 0.000000 -0.082316
vn 0.996606 0.000000 -0.082316
vn 0.996606 0.000000 -0.082316
vn 0.996606 0.000000 -0.082317
vn 0.996606 0.000000 -0.082317
vn 0.996606 0.000000 -0.082317
vn 0.000000 1.000000 0.000000
vn 0.000000 1.000000 0.000000
vn 0.000000 1.000000 0.000000
vn 0.000000 1.000000 0.000000
vn 0.000000 1.000000 0.000000
vn 0.000000 1.000000 0.000000
vn -0.996646 0.000000 0.081839
vn -0.996646 0.000000 0.081839
vn -0.996646 0.000000 0.081839
vn -0.996646 0.000000 0.081839
vn -0.996646 0.000000 0.081839
vn -0.996646 0.000000 0.081839
vn 0.000000 -1.000000 0.000009
vn 0.000000 -1.000000 0.000009
vn 0.000000 -1.000000 0.000009
vn 0.000000 -1.000000 -0.000009
vn 0.000000 -1.000000 -0.000009
vn 0.000000 -1.000000 -0.000009
vn 0.996571 0.000000 -0.082746
vn 0.996571 0.000000 -0.082746
vn 0.996571 0.000000 -0.082746
vn 0.996571 0.000000 -0.082742
vn 0.996571 0.000000 -0.082742
vn 0.996571 0.000000 -0.082742
vn 0.000000 1.000000 0.000009
vn 0.000000 1.000000 0.000009
vn 0.000000 1.000000 0.000009
vn 0.000000 1.000000 -0.000009
vn 0.000000 1.000000 -0.000009
vn 0.000000 1.000000 -0.000009
vn -0.996571 0.000000 0.082746
vn -0.996571 0.000000 0.082746
vn -0.996571 0.000000 0.082746
vn -0.996571 0.000000 0.082742
vn -0.996571 0.000000 0.082742
vn -0.996571 0.000000 0.082742
vn 0.000000 -1.000000 0.000000
vn 0.000000 -1.000000 0.000000
vn 0.000000 -1.000000 0.000000
vn 0.000000 -1.000000 0.000000
vn 0.000000 -1.000000 0.000000
vn 0.000000 -1.000000 0.000000
vn 0.996574 0.000000 -0.082706
vn 0.996574 0.000000 -0.082706
vn 0.996574 0.000000 -0.082706
vn 0.996574 0.000000 -0.082706
vn 0.996574 0.000000 -0.082706
vn 0.996574 0.000000 -0.082706
vn 0.000000 1.000000 0.000000
vn 0.000000 1.000000 0.000000
vn 0.000000 1.000000 0.000000
vn 0.000000 1.000000 0.000004
vn 0.000000 1.000000 0.000004
vn 0.000000 1.000000 0.000004
vn -0.996581 0.000000 0.082619
vn -0.996581 0.000000 0.082619
vn -0.996581 0.000000 0.082619
vn -0.996571 -0.000071 0.082741
vn -0.996571 -0.000071 0.082741
vn -0.996571 -0.000071 0.082741
vn 0.000000 -1.000000 0.000000
vn 0.000000 -1.000000 0.000000
vn 0.000000 -1.000000 0.000000
vn 0.000000 -1.000000 0.000000
vn 0.000000 -1.000000 0.000000
vn 0.000000 -1.000000 0.000000
vn 0.996606 0.000000 -0.082316
vn 0.996606 0.000000 -0.082316
vn 0.996606 0.000000 -0.082316
vn 0.996606 0.000000 -0.082316
vn 0.996606 0.000000 -0.082316
vn 0.996606 0.000000 -0.082316
vn 0.000000 1.000000 0.000000
vn 0.000000 1.000000 0.000000
vn 0.000000 1.000000 0.000000
vn 0.000000 1.000000 0.000000
vn 0.000000 1.000000 0.000000
vn 0.000000 1.000000 0.000000
vn -0.996644 0.000000 0.081863
vn -0.996644 0.000000 0.081863
vn -0.996644 0.000000 0.081863
vn -0.996646 0.000000 0.081840
vn -0.996646 0.000000 0.081840
vn -0.996646 0.000000 0.081840
vn 0.000000 -1.000000 0.000000
vn 0.000000 -1.000000 0.000000
vn 0.000000 -1.000000 0.000000
vn 0.000000 -1.000000 -0.000004
vn 0.000000 -1.000000 -0.000004
vn 0.000000 -1.000000 -0.000004
vn 0.996571 0.000000 -0.082741
vn 0.996571 0.000000 -0.082741
vn 0.996571 0.000000 -0.082741
vn 0.996570 -0.000071 -0.082758
vn 0.996570 -0.000071 -0.082758
vn 0.996570 -0.000071 -0.082758
vn 0.000000 1.000000 0.000000
vn 0.000000 1.000000 0.000000
vn 0.000000 1.000000 0.000000
vn 0.000000 1.000000 0.000000
vn 0.000000 1.000000 0.000000
vn 0.000000 1.000000 0.000000
vn -0.996594 0.000000 0.082468
vn -0.996594 0.000000 0.082468
vn -0.996594 0.000000 0.082468
vn -0.996571 -0.000071 0.082740
vn -0.996571 -0.000071 0.082740
vn -0.996571 -0.000071 0.082740
vn 0.000000 -1.000000 0.000000
vn 0.000000 -1.000000 0.000000
vn 0.000000 -1.000000 0.000000
vn 0.000000 -1.000000 0.000000
vn 0.000000 -1.000000 0.000000
vn 0.000000 -1.000000 0.000000
vn 0.996574 0.000000 -0.082705
vn 0.996574 0.000000 -0.082705
vn 0.996574 0.000000 -0.082705
vn 0.996574 0.000000 -0.082705
vn 0.996574 0.000000 -0.082705
vn 0.996574 0.000000 -0.082705
vn -0.996429 0.000000 0.084432
vn -0.996429 0.000000 0.084432
vn -0.996429 0.000000 0.084432
vn -0.996430 0.000000 0.084426
vn -0.996430 0.000000 0.084426
vn -0.996430 0.000000 0.084426
vn 0.000000 -1.000000 0.000000
vn 0.000000 -1.000000 0.000000
vn 0.000000 -1.000000 0.000000
vn 0.000000 -1.000000 0.000000
vn 0.000000 -1.000000 0.000000
vn 0.000000 -1.000000 0.000000
vn 0.996570 0.000000 -0.082758
vn 0.996570 0.000000 -0.082758
vn 0.996570 0.000000 -0.082758
vn 0.996570 0.000000 -0.082752
vn 0.996570 0.000000 -0.082752
vn 0.996570 0.000000 -0.082752
vn 0.000000 1.000000 0.000000
vn 0.000000 1.000000 0.000000
vn 0.000000 1.000000 0.000000
vn 0.000000 1.000000 0.000000
vn 0.000000 1.000000 0.000000
vn 0.000000 1.000000 0.000000
vn 0.996584 0.000000 -0.082584
vn 0.996584 0.000000 -0.082584
vn 0.996584 0.000000 -0.082584
vn 0.996570 0.000071 -0.082752
vn 0.996570 0.000071 -0.082752
vn 0.996570 0.000071 -0.082752
vn 0.000000 1.000000 0.000000
vn 0.000000 1.000000 0.000000
vn 0.000000 1.000000 0.000000
vn 0.000000 1.000000 0.000004
vn 0.000000 1.000000 0.000004
vn 0.000000 1.000000 0.000004
vn -0.996429 0.000000 0.084432
vn -0.996429 0.000000 0.084432
vn -0.996429 0.000000 0.084432
vn -0.996430 -0.000071 0.084420
vn -0.996430 -0.000071 0.084420
vn -0.996430 -0.000071 0.084420
vn 0.000000 -1.000000 0.000000
vn 0.000000 -1.000000 0.000000
vn 0.000000 -1.000000 0.000000
vn 0.000000 -1.000000 0.000004
vn 0.000000 -1.000000 0.000004
vn 0.000000 -1.000000 0.000004
vn 0.996584 0.000000 -0.082580
vn 0.996584 0.000000 -0.082580
vn 0.996584 0.000000 -0.082580
vn 0.996585 0.000000 -0.082577
vn 0.996585 0.000000 -0.082577
vn 0.996585 0.000000 -0.082577
vn 0.000000 1.000000 -0.000009
vn 0.000000 1.000000 -0.000009
vn 0.000000 1.000000 -0.000009
vn 0.000000 1.000000 0.000009
vn 0.000000 1.000000 0.000009
vn 0.000000 1.000000 0.000009
vn -0.996430 0.000000 0.084419
vn -0.996430 0.000000 0.084419
vn -0.996430 0.000000 0.084419
vn -0.996431 0.000000 0.084415
vn -0.996431 0.000000 0.084415
vn -0.996431 0.000000 0.084415
vn 0.000000 -1.000000 0.000000
vn 0.000000 -1.000000 0.000000
vn 0.000000 -1.000000 0.000000
vn 0.000000 -1.000000 0.000009
vn 0.000000 -1.000000 0.000009
vn 0.000000 -1.000000 0.000009
vn -0.996591 0.000000 0.082498
vn -0.996591 0.000000 0.082498
vn -0.996591 0.000000 0.082498
vn -0.996590 -0.000007 0.082510
vn -0.996590 -0.000007 0.082510
vn -0.996590 -0.000007 0.082510
vn -0.996576 0.000150 0.082686
vn -0.996576 0.000150 0.082686
vn -0.996576 0.000150 0.082686
vn -0.996572 0.000000 0.082728
vn -0.996572 0.000000 0.082728
vn -0.996572 0.000000 0.082728
vn -0.996572 0.000000 0.082728
vn -0.996572 0.000000 0.082728
vn -0.996572 0.000000 0.082728
vn -0.996592 0.000056 0.082492
vn -0.996592 0.000056 0.082492
vn -0.996592 0.000056 0.082492
vn -0.996575 0.000000 0.082693
vn -0.996575 0.000000 0.082693
vn -0.996575 0.000000 0.082693
vn -0.996575 0.000000 0.082694
vn -0.996575 0.000000 0.082694
vn -0.996575 0.000000 0.082694
vn -0.996592 -0.000257 0.082493
vn -0.996592 -0.000257 0.082493
vn -0.996592 -0.000257 0.082493
vn -0.996590 0.000000 0.082515
vn -0.996590 0.000000 0.082515
vn -0.996590 0.000000 0.082515
vn -0.996590 0.000000 0.082516
vn -0.996590 0.000000 0.082516
vn -0.996590 0.000000 0.082516
vn -0.996593 0.000555 0.082471
vn -0.996593 0.000555 0.082471
vn -0.996593 0.000555 0.082471
vn -0.996556 -0.000336 0.082917
vn -0.996556 -0.000336 0.082917
vn -0.996556 -0.000336 0.082917
vn -0.996578 0.000063 0.082665
vn -0.996578 0.000063 0.082665
vn -0.996577 0.000063 0.082665
vn -0.996588 0.000000 0.082540
vn -0.996588 0.000000 0.082540
vn -0.996588 0.000000 0.082540
vn -0.996588 0.000000 0.082540
vn -0.996588 0.000000 0.082540
vn -0.996588 0.000000 0.082540
vn -0.996556 -0.000729 0.082917
vn -0.996556 -0.000729 0.082917
vn -0.996556 -0.000729 0.082917
vn -0.996575 0.000036 0.082689
vn -0.996575 0.000036 0.082689
vn -0.996575 0.000036 0.082689
vn -0.996573 0.000000 0.082723
vn -0.996573 0.000000 0.082723
vn -0.996573 0.000000 0.082723
vn -0.996573 0.000000 0.082722
vn -0.996573 0.000000 0.082722
vn -0.996573 0.000000 0.082722
vn -0.996554 0.000000 0.082950
vn -0.996554 0.000000 0.082950
vn -0.996554 0.000000 0.082950
vn -0.996554 0.000000 0.082949
vn -0.996554 0.000000 0.082949
vn -0.996554 0.000000 0.082949
vn -0.996573 -0.000050 0.082722
vn -0.996573 -0.000050 0.082722
vn -0.996573 -0.000050 0.082722
vn -0.996573 0.000070 0.082721
vn -0.996573 0.000070 0.082721
vn -0.996573 0.000070 0.082721
vn -0.996564 0.000000 0.082828
vn -0.996564 0.000000 0.082828
vn -0.996564 0.000000 0.082828
vn -0.996564 0.000000 0.082827
vn -0.996564 0.000000 0.082827
vn -0.996564 0.000000 0.082827
vn -0.996589 0.000000 0.082527
vn -0.996589 0.000000 0.082527
vn -0.996589 0.000000 0.082527
vn -0.996592 0.000307 0.082492
vn -0.996592 0.000307 0.082492
vn -0.996592 0.000307 0.082492
vn -0.996612 0.000000 0.082243
vn -0.996612 0.000000 0.082243
vn -0.996612 0.000000 0.082243
vn -0.996592 0.000000 0.082492
vn -0.996592 0.000000 0.082492
vn -0.996592 0.000000 0.082492
vn -0.996574 0.000000 0.082711
vn -0.996574 0.000000 0.082711
vn -0.996574 0.000000 0.082711
vn -0.996574 0.000000 0.082709
vn -0.996574 0.000000 0.082709
vn -0.996574 0.000000 0.082709
vn -0.996553 0.000000 0.082959
vn -0.996553 0.000000 0.082959
vn -0.996553 0.000000 0.082959
vn -0.996556 0.000350 0.082917
vn -0.996556 0.000350 0.082917
vn -0.996556 0.000350 0.082917
vn -0.996579 0.000000 0.082651
vn -0.996579 0.000000 0.082651
vn -0.996579 0.000000 0.082651
vn -0.996579 0.000000 0.082651
vn -0.996579 0.000000 0.082651
vn -0.996579 0.000000 0.082651
vn -0.996556 -0.000350 0.082917
vn -0.996556 -0.000350 0.082917
vn -0.996556 -0.000350 0.082917
vn -0.996553 0.000000 0.082959
vn -0.996553 0.000000 0.082959
vn -0.996553 0.000000 0.082959
vn -0.996477 0.000000 0.083867
vn -0.996477 0.000000 0.083867
vn -0.996477 0.000000 0.083867
vn -0.996477 0.000000 0.083870
vn -0.996477 0.000000 0.083870
vn -0.996477 0.000000 0.083870
vn -0.996572 0.000934 0.082722
vn -0.996572 0.000934 0.082722
vn -0.996572 0.000934 0.082722
vn -0.996583 0.000000 0.082600
vn -0.996583 0.000000 0.082600
vn -0.996583 0.000000 0.082600
vn -0.996577 0.000000 0.082664
vn -0.996578 0.000000 0.082664
vn -0.996577 0.000000 0.082664
vn -0.996577 0.000000 0.082666
vn -0.996577 0.000000 0.082666
vn -0.996577 0.000000 0.082666
vn -0.996583 0.000000 0.082600
vn -0.996583 0.000000 0.082600
vn -0.996583 0.000000 0.082600
vn -0.996572 -0.000934 0.082722
vn -0.996572 -0.000934 0.082722
vn -0.996572 -0.000934 0.082722
vn -0.996570 -0.000112 0.082749
vn -0.996570 -0.000112 0.082749
vn -0.996570 -0.000112 0.082749
vn -0.996570 -0.000146 0.082749
vn -0.996571 -0.000146 0.082749
vn -0.996570 -0.000146 0.082749
vn -0.996570 0.000000 0.082755
vn -0.996570 0.000000 0.082755
vn -0.996570 0.000000 0.082755
vn -0.996571 0.000000 0.082748
vn -0.996571 0.000000 0.082748
vn -0.996571 0.000000 0.082748
vn -0.996561 0.000000 0.082857
vn -0.996562 0.000000 0.082857
vn -0.996562 0.000000 0.082857
vn -0.996561 0.000000 0.082858
vn -0.996561 0.000000 0.082858
vn -0.996561 0.000000 0.082858
vn -0.996570 0.000000 0.082749
vn -0.996570 0.000000 0.082749
vn -0.996571 0.000000 0.082749
vn -0.996570 0.000000 0.082755
vn -0.996570 0.000000 0.082755
vn -0.996570 0.000000 0.082755
vn -0.996554 0.000359 0.082941
vn -0.996554 0.000359 0.082941
vn -0.996554 0.000359 0.082941
vn -0.996554 -0.000572 0.082942
vn -0.996554 -0.000572 0.082942
vn -0.996554 -0.000572 0.082942
vn -0.996553 0.000000 0.082960
vn -0.996553 0.000000 0.082960
vn -0.996553 0.000000 0.082960
vn -0.996554 0.000000 0.082942
vn -0.996554 0.000000 0.082942
vn -0.996554 0.000000 0.082942
vn -0.996569 0.000000 0.082764
vn -0.996569 0.000000 0.082764
vn -0.996569 0.000000 0.082764
vn -0.996569 0.000000 0.082764
vn -0.996569 0.000000 0.082764
vn -0.996569 0.000000 0.082764
vn -0.996554 0.000000 0.082942
vn -0.996554 0.000000 0.082942
vn -0.996554 0.000000 0.082942
vn -0.996553 0.000000 0.082959
vn -0.996553 0.000000 0.082959
vn -0.996553 0.000000 0.082959
vn -0.996574 0.000025 0.082703
vn -0.996574 0.000025 0.082703
vn -0.996574 0.000025 0.082703
vn -0.996574 0.000000 0.082707
vn -0.996574 0.000000 0.082707
vn -0.996574 0.000000 0.082707
vn -0.996574 -0.000311 0.082703
vn -0.996574 -0.000311 0.082703
vn -0.996574 -0.000311 0.082703
vn -0.996595 0.000000 0.082456
vn -0.996595 0.000000 0.082456
vn -0.996595 0.000000 0.082456
vn -0.996595 0.000000 0.082455
vn -0.996595 0.000000 0.082455
vn -0.996595 0.000000 0.082455
vn -0.996574 0.000311 0.082703
vn -0.996574 0.000311 0.082703
vn -0.996574 0.000311 0.082703
vn -0.996574 0.000000 0.082707
vn -0.996574 0.000000 0.082707
vn -0.996574 0.000000 0.082707
vn -0.996574 -0.000070 0.082703
vn -0.996574 -0.000070 0.082703
vn -0.996574 -0.000070 0.082704
vn -0.996591 0.000000 0.082497
vn -0.996591 0.000000 0.082497
vn -0.996591 0.000000 0.082497
vn -0.996574 0.000000 0.082712
vn -0.996574 0.000000 0.082712
vn -0.996574 0.000000 0.082712
vn -0.996574 0.000000 0.082708
vn -0.996574 0.000000 0.082708
vn -0.996574 0.000000 0.082708
vn -0.996573 0.000000 0.082714
vn -0.996573 0.000000 0.082714
vn -0.996573 0.000000 0.082714
vn -0.996573 0.000000 0.082714
vn -0.996573 0.000000 0.082714
vn -0.996573 0.000000 0.082714
vn -0.996545 0.000000 0.083058
vn -0.996545 0.000000 0.083058
vn -0.996545 0.000000 0.083058
vn -0.996545 0.000000 0.083058
vn -0.996545 0.000000 0.083058
vn -0.996545 0.000000 0.083058
vn -0.996579 0.000000 0.082652
vn -0.996579 0.000000 0.082652
vn -0.996579 0.000000 0.082652
vn -0.996579 0.000000 0.082650
vn -0.996579 0.000000 0.082650
vn -0.996579 0.000000 0.082650
vn -0.996590 0.000000 0.082516
vn -0.996590 0.000000 0.082516
vn -0.996590 0.000000 0.082516
vn -0.996590 0.000000 0.082515
vn -0.996590 0.000000 0.082515
vn -0.996590 0.000000 0.082515
vn -0.996564 0.000000 0.082826
vn -0.996564 0.000000 0.082826
vn -0.996564 0.000000 0.082826
vn -0.996564 0.000000 0.082826
vn -0.996564 0.000000 0.082826
vn -0.996564 0.000000 0.082826
vn -0.996571 0.000000 0.082744
vn -0.996571 0.000000 0.082744
vn -0.996571 0.000000 0.082744
vn -0.996571 0.000000 0.082744
vn -0.996571 0.000000 0.082744
vn -0.996571 0.000000 0.082744
vn -0.996594 0.000000 0.082468
vn -0.996594 0.000000 0.082468
vn -0.996594 0.000000 0.082468
vn -0.996594 0.000000 0.082469
vn -0.996594 0.000000 0.082469
vn -0.996594 0.000000 0.082469
vn -0.996612 0.000000 0.082244
vn -0.996612 0.000000 0.082244
vn -0.996612 0.000000 0.082244
vn -0.996573 0.000000 0.082723
vn -0.996573 0.000000 0.082723
vn -0.996573 0.000000 0.082723
vn -0.996477 0.000000 0.083866
vn -0.996477 0.000000 0.083866
vn -0.996477 0.000000 0.083866
vn -0.996477 0.000000 0.083873
vn -0.996477 0.000000 0.083873
vn -0.996477 0.000000 0.083873
vn -0.996573 0.000000 0.082720
vn -0.996573 0.000000 0.082720
vn -0.996573 0.000000 0.082720
vn -0.996573 0.000000 0.082720
vn -0.996573 0.000000 0.082720
vn -0.996573 0.000000 0.082720
vn -0.996576 0.000000 0.082682
vn -0.996576 0.000000 0.082682
vn -0.996576 0.000000 0.082682
vn -0.996576 0.000000 0.082682
vn -0.996576 0.000000 0.082682
vn -0.996576 0.000000 0.082682
vn -0.996577 0.000000 0.082667
vn -0.996577 0.000000 0.082667
vn -0.996577 0.000000 0.082667
vn -0.996578 0.000000 0.082663
vn -0.996578 0.000000 0.082663
vn -0.996578 0.000000 0.082663
vn -0.996572 0.000000 0.082728
vn -0.996572 0.000000 0.082728
vn -0.996572 0.000000 0.082728
vn -0.996570 0.000290 0.082754
vn -0.996570 0.000290 0.082754
vn -0.996570 0.000290 0.082754
vn -0.996571 0.000000 0.082741
vn -0.996571 0.000000 0.082741
vn -0.996571 0.000000 0.082741
vn -0.996580 0.000000 0.082634
vn -0.996580 0.000000 0.082634
vn -0.996580 0.000000 0.082634
vn -0.996580 0.000000 0.082637
vn -0.996580 0.000000 0.082637
vn -0.996580 0.000000 0.082637
vn -0.996570 -0.000290 0.082754
vn -0.996570 -0.000290 0.082754
vn -0.996570 -0.000290 0.082754
vn -0.996571 0.000000 0.082741
vn -0.996571 0.000000 0.082741
vn -0.996571 0.000000 0.082741
vn -0.996552 0.000000 0.082976
vn -0.996552 0.000000 0.082976
vn -0.996552 0.000000 0.082976
vn -0.996551 0.000000 0.082982
vn -0.996551 0.000000 0.082982
vn -0.996551 0.000000 0.082982
vn -0.996550 0.002317 0.082959
vn -0.996550 0.002317 0.082959
vn -0.996550 0.002317 0.082959
vn -0.996574 0.000000 0.082711
vn -0.996574 0.000000 0.082711
vn -0.996574 0.000000 0.082711
vn -0.996591 0.000000 0.082498
vn -0.996591 0.000000 0.082498
vn -0.996591 0.000000 0.082498
vn -0.996591 0.000000 0.082498
vn -0.996591 0.000000 0.082498
vn -0.996591 0.000000 0.082498
vn -0.996553 -0.000579 0.082959
vn -0.996553 -0.000579 0.082959
vn -0.996553 -0.000579 0.082959
vn -0.996571 -0.002226 0.082712
vn -0.996571 -0.002226 0.082712
vn -0.996571 -0.002226 0.082712
vn -0.996365 0.000000 0.085186
vn -0.996365 0.000000 0.085186
vn -0.996365 0.000000 0.085186
vn -0.996365 0.000000 0.085182
vn -0.996365 0.000000 0.085182
vn -0.996365 0.000000 0.085182
vn -0.996550 0.002498 0.082960
vn -0.996550 0.002498 0.082960
vn -0.996550 0.002498 0.082960
vn -0.996573 -0.000320 0.082714
vn -0.996573 -0.000320 0.082714
vn -0.996573 -0.000320 0.082714
vn -0.996585 0.000000 0.082578
vn -0.996585 0.000000 0.082578
vn -0.996585 0.000000 0.082578
vn -0.996585 0.000000 0.082572
vn -0.996585 0.000000 0.082572
vn -0.996585 0.000000 0.082572
vn -0.996553 -0.000500 0.082959
vn -0.996553 -0.000500 0.082959
vn -0.996553 -0.000500 0.082959
vn -0.996571 -0.002241 0.082716
vn -0.996571 -0.002241 0.082716
vn -0.996571 -0.002241 0.082716
vn -0.996374 0.000000 0.085080
vn -0.996374 0.000000 0.085080
vn -0.996374 0.000000 0.085080
vn -0.996374 0.000000 0.085085
vn -0.996374 0.000000 0.085085
vn -0.996374 0.000000 0.085085
vn -0.996588 0.001250 0.082527
vn -0.996588 0.001250 0.082527
vn -0.996588 0.001250 0.082527
vn -0.996571 0.002241 0.082715
vn -0.996571 0.002241 0.082715
vn -0.996571 0.002241 0.082715
vn -0.996763 0.000000 0.080399
vn -0.996763 0.000000 0.080399
vn -0.996763 0.000000 0.080399
vn -0.996763 0.000000 0.080400
vn -0.996763 0.000000 0.080400
vn -0.996763 0.000000 0.080400
vn -0.996586 -0.002499 0.082526
vn -0.996586 -0.002499 0.082526
vn -0.996586 -0.002499 0.082526
vn -0.996573 -0.000640 0.082715
vn -0.996573 -0.000640 0.082715
vn -0.996573 -0.000640 0.082715
vn -0.996523 0.000000 0.083313
vn -0.996523 0.000000 0.083313
vn -0.996523 0.000000 0.083313
vn -0.996524 0.000000 0.083310
vn -0.996524 0.000000 0.083310
vn -0.996524 0.000000 0.083310
vn -0.996583 0.000000 0.082600
vn -0.996583 0.000000 0.082600
vn -0.996583 0.000000 0.082600
vn -0.996593 -0.001157 0.082467
vn -0.996593 -0.001157 0.082467
vn -0.996593 -0.001157 0.082467
vn -0.996473 0.000000 0.083915
vn -0.996473 0.000000 0.083915
vn -0.996473 0.000000 0.083915
vn -0.996473 0.000000 0.083916
vn -0.996473 0.000000 0.083916
vn -0.996473 0.000000 0.083916
vn -0.996582 0.000984 0.082600
vn -0.996582 0.000984 0.082600
vn -0.996582 0.000984 0.082600
vn -0.996594 0.000000 0.082466
vn -0.996594 0.000000 0.082466
vn -0.996594 0.000000 0.082466
vn -0.996565 0.000000 0.082809
vn -0.996566 0.000000 0.082809
vn -0.996566 0.000000 0.082809
vn -0.996566 0.000000 0.082808
vn -0.996566 0.000000 0.082808
vn -0.996566 0.000000 0.082808
vn -0.996574 0.000000 0.082707
vn -0.996574 0.000000 0.082707
vn -0.996574 0.000000 0.082707
vn -0.996572 0.000578 0.082727
vn -0.996572 0.000578 0.082727
vn -0.996572 0.000578 0.082727
vn -0.996591 0.000000 0.082504
vn -0.996591 0.000000 0.082504
vn -0.996591 0.000000 0.082504
vn -0.996591 0.000000 0.082500
vn -0.996591 0.000000 0.082500
vn -0.996591 0.000000 0.082500
vn -0.996574 0.000000 0.082707
vn -0.996574 0.000000 0.082707
vn -0.996574 0.000000 0.082707
vn -0.996572 -0.000578 0.082727
vn -0.996572 -0.000578 0.082727
vn -0.996572 -0.000578 0.082727
vn -0.996577 0.000000 0.082674
vn -0.996577 0.000000 0.082674
vn -0.996577 0.000000 0.082674
vn -0.996576 0.000000 0.082681
vn -0.996576 0.000000 0.082681
vn -0.996576 0.000000 0.082681
vn -0.996589 0.000000 0.082527
vn -0.996589 0.000000 0.082527
vn -0.996589 0.000000 0.082527
vn -0.996596 -0.001198 0.082431
vn -0.996596 -0.001198 0.082431
vn -0.996596 -0.001198 0.082431
vn -0.996529 -0.000150 0.083248
vn -0.996529 -0.000150 0.083248
vn -0.996529 -0.000150 0.083248
vn -0.996573 0.000000 0.082717
vn -0.996573 0.000000 0.082717
vn -0.996573 0.000000 0.082717
vn -0.996595 0.000213 0.082458
vn -0.996594 0.000213 0.082458
vn -0.996595 0.000213 0.082458
vn -0.996597 0.000000 0.082432
vn -0.996597 0.000000 0.082432
vn -0.996597 0.000000 0.082432
vn -0.996585 0.000000 0.082571
vn -0.996585 0.000000 0.082571
vn -0.996585 0.000000 0.082571
vn -0.996585 0.000000 0.082575
vn -0.996585 0.000000 0.082575
vn -0.996585 0.000000 0.082575
vn -0.996553 -0.000807 0.082959
vn -0.996553 -0.000807 0.082959
vn -0.996553 -0.000807 0.082959
vn -0.996549 0.000000 0.083003
vn -0.996549 0.000000 0.083003
vn -0.996549 0.000000 0.083003
vn -0.996553 0.000000 0.082959
vn -0.996553 0.000000 0.082959
vn -0.996553 0.000000 0.082959
vn -0.996549 0.001199 0.083003
vn -0.996549 0.001199 0.083003
vn -0.996549 0.001199 0.083003
vn -0.996553 0.000000 0.082959
vn -0.996553 0.000000 0.082959
vn -0.996553 0.000000 0.082959
vn -0.996573 -0.002778 0.082669
vn -0.996573 -0.002778 0.082669
vn -0.996573 -0.002778 0.082669
vn -0.996337 0.000000 0.085515
vn -0.996337 0.000000 0.085515
vn -0.996337 0.000000 0.085515
vn -0.996337 0.000000 0.085515
vn -0.996337 0.000000 0.085515
vn -0.996337 0.000000 0.085515
vn -0.996550 0.002495 0.082958
vn -0.996550 0.002495 0.082958
vn -0.996550 0.002495 0.082958
vn -0.996577 0.000000 0.082670
vn -0.996577 0.000000 0.082670
vn -0.996577 0.000000 0.082670
vn -0.996569 0.000000 0.082772
vn -0.996569 0.000000 0.082772
vn -0.996569 0.000000 0.082772
vn -0.996569 0.000000 0.082766
vn -0.996569 0.000000 0.082766
vn -0.996569 0.000000 0.082766
vn -0.996570 0.000000 0.082754
vn -0.996570 0.000000 0.082754
vn -0.996570 0.000000 0.082754
vn -0.996570 0.000000 0.082753
vn -0.996570 0.000000 0.082753
vn -0.996570 0.000000 0.082753
vn -0.996570 0.000000 0.082754
vn -0.996570 0.000000 0.082754
vn -0.996570 0.000000 0.082754
vn -0.996570 0.000000 0.082753
vn -0.996570 0.000000 0.082753
vn -0.996570 0.000000 0.082753
vn -0.996719 0.000000 0.080940
vn -0.996719 0.000000 0.080940
vn -0.996719 0.000000 0.080940
vn -0.996718 0.000000 0.080948
vn -0.996718 0.000000 0.080948
vn -0.996718 0.000000 0.080948
vn -0.996582 -0.001060 0.082600
vn -0.996582 -0.001060 0.082600
vn -0.996582 -0.001060 0.082600
vn -0.996573 0.000000 0.082724
vn -0.996573 0.000000 0.082724
vn -0.996573 0.000000 0.082724
vn -0.996583 0.000000 0.082600
vn -0.996583 0.000000 0.082600
vn -0.996583 0.000000 0.082600
vn -0.996572 0.001139 0.082723
vn -0.996572 0.001139 0.082723
vn -0.996572 0.001139 0.082723
vn -0.996574 0.000000 0.082706
vn -0.996574 0.000000 0.082706
vn -0.996574 0.000000 0.082706
vn -0.996573 0.000000 0.082720
vn -0.996573 0.000000 0.082720
vn -0.996573 0.000000 0.082720
vn -0.996589 0.000000 0.082531
vn -0.996589 0.000000 0.082531
vn -0.996589 0.000000 0.082531
vn -0.996589 0.000000 0.082529
vn -0.996589 0.000000 0.082529
vn -0.996589 0.000000 0.082529
vn -0.996574 0.000000 0.082708
vn -0.996574 0.000000 0.082708
vn -0.996574 0.000000 0.082708
vn -0.996573 0.000000 0.082719
vn -0.996573 0.000000 0.082719
vn -0.996573 0.000000 0.082719
vn -0.996590 -0.001424 0.082498
vn -0.996590 -0.001424 0.082498
vn -0.996590 -0.001424 0.082498
vn -0.996571 -0.001435 0.082726
vn -0.996571 -0.001435 0.082726
vn -0.996571 -0.001435 0.082726
vn -0.996616 -0.001891 0.082182
vn -0.996616 -0.001891 0.082182
vn -0.996616 -0.001891 0.082182
vn -0.996573 -0.001398 0.082702
vn -0.996573 -0.001398 0.082702
vn -0.996573 -0.001398 0.082702
vn -0.996567 -0.001069 0.082780
vn -0.996567 -0.001069 0.082780
vn -0.996567 -0.001069 0.082780
vn -0.996567 -0.001305 0.082781
vn -0.996567 -0.001305 0.082781
vn -0.996567 -0.001305 0.082781
vn -0.996527 -0.000914 0.083260
vn -0.996527 -0.000914 0.083260
vn -0.996527 -0.000914 0.083260
vn -0.996555 -0.001427 0.082920
vn -0.996555 -0.001427 0.082920
vn -0.996555 -0.001427 0.082920
vn -0.996571 -0.001371 0.082726
vn -0.996571 -0.001371 0.082726
vn -0.996571 -0.001371 0.082726
vn -0.996574 -0.001436 0.082689
vn -0.996574 -0.001436 0.082689
vn -0.996574 -0.001436 0.082689
vn -0.996574 -0.001370 0.082698
vn -0.996574 -0.001370 0.082698
vn -0.996574 -0.001370 0.082698
vn -0.996573 -0.001370 0.082702
vn -0.996573 -0.001370 0.082702
vn -0.996573 -0.001370 0.082702
vn -0.996644 -0.000423 0.081858
vn -0.996644 -0.000423 0.081858
vn -0.996644 -0.000423 0.081858
vn -0.996573 0.000045 0.082723
vn -0.996573 0.000045 0.082723
vn -0.996573 0.000045 0.082723
vn -0.996572 0.000000 0.082728
vn -0.996572 0.000000 0.082728
vn -0.996572 0.000000 0.082728
vn -0.996536 0.000357 0.083162
vn -0.996536 0.000357 0.083162
vn -0.996536 0.000357 0.083162
vn -0.996573 -0.002558 0.082675
vn -0.996573 -0.002558 0.082675
vn -0.996573 -0.002558 0.082675
vn -0.996569 -0.002614 0.082723
vn -0.996569 -0.002614 0.082723
vn -0.996569 -0.002614 0.082723
vn -0.996572 -0.002288 0.082693
vn -0.996572 -0.002288 0.082693
vn -0.996572 -0.002288 0.082693
vn -0.996570 -0.002461 0.082718
vn -0.996570 -0.002461 0.082718
vn -0.996570 -0.002461 0.082718
vn -0.996533 -0.003702 0.083116
vn -0.996533 -0.003702 0.083116
vn -0.996533 -0.003702 0.083116
vn -0.996577 -0.001743 0.082657
vn -0.996577 -0.001743 0.082657
vn -0.996577 -0.001743 0.082657
vn -0.996568 -0.002382 0.082747
vn -0.996568 -0.002382 0.082747
vn -0.996568 -0.002382 0.082747
vn -0.996575 -0.001154 0.082685
vn -0.996575 -0.001154 0.082685
vn -0.996575 -0.001154 0.082685
vn -0.996594 -0.001242 0.082456
vn -0.996594 -0.001242 0.082456
vn -0.996594 -0.001242 0.082456
vn -0.996579 -0.001597 0.082631
vn -0.996579 -0.001597 0.082631
vn -0.996579 -0.001597 0.082631
vn -0.996568 -0.001375 0.082772
vn -0.996568 -0.001375 0.082772
vn -0.996568 -0.001375 0.082772
vn -0.996573 -0.001339 0.082712
vn -0.996573 -0.001339 0.082712
vn -0.996573 -0.001339 0.082712
vn -0.996573 -0.001445 0.082702
vn -0.996573 -0.001445 0.082702
vn -0.996573 -0.001445 0.082702
vn -0.996578 -0.001064 0.082654
vn -0.996578 -0.001064 0.082654
vn -0.996578 -0.001064 0.082654
vn -0.996575 -0.000931 0.082683
vn -0.996576 -0.000931 0.082683
vn -0.996575 -0.000931 0.082683
vn -0.996574 -0.001241 0.082698
vn -0.996574 -0.001241 0.082698
vn -0.996574 -0.001241 0.082698
vn -0.996574 -0.001418 0.082698
vn -0.996574 -0.001418 0.082698
vn -0.996574 -0.001418 0.082698
vn -0.996590 -0.001379 0.082506
vn -0.996590 -0.001379 0.082506
vn -0.996590 -0.001379 0.082506
vn -0.996575 -0.001409 0.082686
vn -0.996575 -0.001409 0.082686
vn -0.996575 -0.001409 0.082686
vn -0.996586 -0.001514 0.082554
vn -0.996585 -0.001514 0.082554
vn -0.996586 -0.001514 0.082554
vn -0.996570 -0.001409 0.082737
vn -0.996570 -0.001409 0.082737
vn -0.996570 -0.001409 0.082737
vn -0.996556 -0.001305 0.082912
vn -0.996556 -0.001305 0.082912
vn -0.996556 -0.001305 0.082912
vn -0.996572 -0.001410 0.082718
vn -0.996572 -0.001410 0.082718
vn -0.996572 -0.001410 0.082718
vn -0.996572 -0.001445 0.082712
vn -0.996572 -0.001445 0.082712
vn -0.996572 -0.001445 0.082712
vn -0.996573 -0.001617 0.082706
vn -0.996573 -0.001617 0.082706
vn -0.996573 -0.001617 0.082706
vn -0.996575 -0.001618 0.082674
vn -0.996575 -0.001618 0.082674
vn -0.996575 -0.001618 0.082674
vn -0.996621 -0.001408 0.082120
vn -0.996621 -0.001408 0.082120
vn -0.996621 -0.001408 0.082120
vn -0.996617 -0.001461 0.082175
vn -0.996617 -0.001461 0.082175
vn -0.996617 -0.001461 0.082175
vn -0.996561 -0.001625 0.082844
vn -0.996561 -0.001625 0.082844
vn -0.996561 -0.001625 0.082844
vn -0.996557 -0.001374 0.082895
vn -0.996557 -0.001374 0.082895
vn -0.996557 -0.001374 0.082895
vn -0.996590 -0.001401 0.082504
vn -0.996590 -0.001401 0.082504
vn -0.996590 -0.001401 0.082504
vn -0.996627 -0.005942 0.081853
vn -0.996627 -0.005942 0.081853
vn -0.996627 -0.005942 0.081853
vn -0.996572 0.002391 0.082701
vn -0.996572 0.002391 0.082701
vn -0.996572 0.002391 0.082701
vn -0.996995 -0.001005 0.077455
vn -0.996995 -0.001005 0.077455
vn -0.996995 -0.001005 0.077455
vn -0.996535 -0.001423 0.083166
vn -0.996535 -0.001423 0.083166
vn -0.996535 -0.001423 0.083166
vn -0.996526 -0.001488 0.083264
vn -0.996526 -0.001488 0.083264
vn -0.996526 -0.001488 0.083264
vn -0.997138 -0.001036 0.075592
vn -0.997138 -0.001036 0.075592
vn -0.997138 -0.001036 0.075592
vn -0.996519 -0.005943 0.083158
vn -0.996519 -0.005943 0.083158
vn -0.996519 -0.005943 0.083158
vn -0.996519 -0.005578 0.083185
vn -0.996519 -0.005578 0.083185
vn -0.996519 -0.005578 0.083185
vn -0.996533 -0.001419 0.083184
vn -0.996533 -0.001419 0.083184
vn -0.996533 -0.001419 0.083184
vn -0.996489 -0.001419 0.083711
vn -0.996489 -0.001419 0.083711
vn -0.996489 -0.001419 0.083711
vn -0.996523 -0.001421 0.083302
vn -0.996523 -0.001421 0.083302
vn -0.996523 -0.001421 0.083302
vn -0.996527 -0.001327 0.083263
vn -0.996527 -0.001327 0.083263
vn -0.996527 -0.001327 0.083263
vn -0.996533 -0.003714 0.083117
vn -0.996533 -0.003714 0.083117
vn -0.996533 -0.003714 0.083117
vn -0.996516 -0.001594 0.083392
vn -0.996516 -0.001594 0.083392
vn -0.996516 -0.001594 0.083392
vn -0.996488 -0.001470 0.083728
vn -0.996488 -0.001470 0.083728
vn -0.996488 -0.001470 0.083728
vn -0.996899 -0.001200 0.078682
vn -0.996899 -0.001200 0.078682
vn -0.996899 -0.001200 0.078682
vn -0.996576 -0.002229 0.082656
vn -0.996576 -0.002229 0.082656
vn -0.996576 -0.002229 0.082656
vn -0.996596 -0.005578 0.082256
vn -0.996596 -0.005578 0.082256
vn -0.996596 -0.005578 0.082256
vn -0.996109 -0.001678 0.088110
vn -0.996109 -0.001678 0.088110
vn -0.996109 -0.001678 0.088110
vn -0.996524 -0.001370 0.083295
vn -0.996524 -0.001370 0.083295
vn -0.996524 -0.001370 0.083295
vn -0.996572 -0.001486 0.082723
vn -0.996572 -0.001486 0.082723
vn -0.996572 -0.001486 0.082723
vn -0.996572 -0.001594 0.082715
vn -0.996572 -0.001594 0.082715
vn -0.996572 -0.001594 0.082715
vn -0.996532 -0.001422 0.083200
vn -0.996532 -0.001422 0.083200
vn -0.996532 -0.001422 0.083200
vn -0.996419 -0.001494 0.084546
vn -0.996419 -0.001494 0.084546
vn -0.996419 -0.001494 0.084546
vn -0.996567 -0.001489 0.082780
vn -0.996567 -0.001489 0.082780
vn -0.996567 -0.001489 0.082780
vn -0.997132 -0.001036 0.075679
vn -0.997132 -0.001036 0.075679
vn -0.997132 -0.001036 0.075679
vn -0.996555 -0.005945 0.082727
vn -0.996555 -0.005945 0.082727
vn -0.996555 -0.005945 0.082727
vn -0.996534 -0.001594 0.083172
vn -0.996534 -0.001594 0.083172
vn -0.996534 -0.001594 0.083172
vn -0.996419 -0.001373 0.084545
vn -0.996419 -0.001373 0.084545
vn -0.996419 -0.001373 0.084545
vn -0.996310 -0.001479 0.085821
vn -0.996310 -0.001479 0.085821
vn -0.996309 -0.001479 0.085821
vn -0.996612 -0.001369 0.082231
vn -0.996612 -0.001369 0.082231
vn -0.996612 -0.001369 0.082231
vn -0.996567 -0.001378 0.082783
vn -0.996567 -0.001378 0.082783
vn -0.996567 -0.001378 0.082783
vn -0.996572 -0.001486 0.082721
vn -0.996572 -0.001486 0.082721
vn -0.996572 -0.001486 0.082721
vn -0.996573 -0.000797 0.082715
vn -0.996573 -0.000797 0.082715
vn -0.996573 -0.000797 0.082715
vn -0.996310 -0.001377 0.085821
vn -0.996310 -0.001377 0.085821
vn -0.996310 -0.001377 0.085821
vn -0.996564 -0.001316 0.082819
vn -0.996564 -0.001316 0.082819
vn -0.996564 -0.001316 0.082819
vn -0.996574 -0.001486 0.082694
vn -0.996574 -0.001486 0.082694
vn -0.996574 -0.001486 0.082694
vn -0.996578 -0.001594 0.082648
vn -0.996578 -0.001594 0.082648
vn -0.996578 -0.001594 0.082648
vn -0.996537 -0.001370 0.083136
vn -0.996537 -0.001370 0.083136
vn -0.996537 -0.001370 0.083136
vn -0.996612 -0.001369 0.082238
vn -0.996612 -0.001369 0.082238
vn -0.996612 -0.001369 0.082238
vn -0.996574 -0.001112 0.082702
vn -0.996574 -0.001112 0.082702
vn -0.996574 -0.001112 0.082702
vn -0.996573 -0.001405 0.082709
vn -0.996573 -0.001405 0.082709
vn -0.996573 -0.001405 0.082709
vn -0.996594 -0.001356 0.082454
vn -0.996594 -0.001356 0.082454
vn -0.996594 -0.001356 0.082454
vn -0.996586 -0.001488 0.082553
vn -0.996586 -0.001488 0.082553
vn -0.996586 -0.001488 0.082553
vn -0.996573 -0.001668 0.082700
vn -0.996573 -0.001668 0.082700
vn -0.996573 -0.001668 0.082700
vn -0.996574 -0.000702 0.082706
vn -0.996574 -0.000702 0.082706
vn -0.996574 -0.000702 0.082706
vn -0.996564 -0.001356 0.082817
vn -0.996564 -0.001356 0.082817
vn -0.996564 -0.001356 0.082817
vn -0.996557 -0.001364 0.082899
vn -0.996557 -0.001364 0.082899
vn -0.996557 -0.001364 0.082899
vn -0.996581 -0.002224 0.082591
vn -0.996581 -0.002224 0.082591
vn -0.996581 -0.002224 0.082591
vn -0.996575 -0.001405 0.082685
vn -0.996575 -0.001405 0.082685
vn -0.996575 -0.001405 0.082685
vn -0.996564 -0.001356 0.082817
vn -0.996564 -0.001356 0.082817
vn -0.996564 -0.001356 0.082817
vn -0.996557 -0.001302 0.082899
vn -0.996557 -0.001302 0.082899
vn -0.996557 -0.001302 0.082899
vn -0.996573 -0.001112 0.082715
vn -0.996573 -0.001112 0.082715
vn -0.996573 -0.001112 0.082715
vn -0.996574 -0.001405 0.082690
vn -0.996574 -0.001405 0.082690
vn -0.996574 -0.001405 0.082690
vn -0.996585 -0.001489 0.082561
vn -0.996585 -0.001489 0.082561
vn -0.996585 -0.001489 0.082561
vn -0.996659 -0.001423 0.081668
vn -0.996659 -0.001423 0.081668
vn -0.996659 -0.001423 0.081668
vn -0.996569 -0.000556 0.082761
vn -0.996569 -0.000556 0.082761
vn -0.996569 -0.000556 0.082761
vn -0.996550 0.000000 0.082998
vn -0.996550 0.000000 0.082998
vn -0.996550 0.000000 0.082998
vn -0.996684 -0.001037 0.081369
vn -0.996684 -0.001037 0.081369
vn -0.996684 -0.001037 0.081369
vn -0.996151 -0.001674 0.087643
vn -0.996151 -0.001674 0.087643
vn -0.996151 -0.001674 0.087643
vn -0.996535 0.001112 0.083172
vn -0.996535 0.001112 0.083172
vn -0.996535 0.001112 0.083172
vn -0.996570 -0.001405 0.082737
vn -0.996570 -0.001405 0.082737
vn -0.996571 -0.001405 0.082737
vn -0.996593 -0.001356 0.082461
vn -0.996593 -0.001356 0.082461
vn -0.996593 -0.001356 0.082461
vn -0.996551 -0.001550 0.082965
vn -0.996551 -0.001550 0.082965
vn -0.996551 -0.001550 0.082965
vn -0.996570 -0.001668 0.082736
vn -0.996570 -0.001668 0.082736
vn -0.996570 -0.001668 0.082736
vn -0.996573 -0.001404 0.082701
vn -0.996573 -0.001404 0.082701
vn -0.996573 -0.001404 0.082701
vn -0.996511 -0.000950 0.083456
vn -0.996511 -0.000950 0.083456
vn -0.996511 -0.000950 0.083456
vn -0.996217 -0.001427 0.086888
vn -0.996217 -0.001427 0.086888
vn -0.996217 -0.001427 0.086888
vn -0.996532 0.001668 0.083190
vn -0.996532 0.001668 0.083190
vn -0.996532 0.001668 0.083190
vn -0.996607 -0.004914 0.082167
vn -0.996607 -0.004914 0.082167
vn -0.996607 -0.004914 0.082167
vn -0.996189 -0.001402 0.087207
vn -0.996189 -0.001402 0.087207
vn -0.996189 -0.001402 0.087207
vn -0.996628 -0.000805 0.082054
vn -0.996628 -0.000805 0.082054
vn -0.996628 -0.000805 0.082054
vn -0.996587 -0.002952 0.082498
vn -0.996587 -0.002952 0.082498
vn -0.996587 -0.002952 0.082498
vn -0.996575 -0.000932 0.082684
vn -0.996575 -0.000932 0.082684
vn -0.996575 -0.000932 0.082684
vn -0.996523 -0.001344 0.083310
vn -0.996523 -0.001344 0.083310
vn -0.996523 -0.001344 0.083310
vn -0.996609 -0.001390 0.082274
vn -0.996609 -0.001390 0.082274
vn -0.996609 -0.001390 0.082274
vn -0.996582 -0.001476 0.082591
vn -0.996582 -0.001476 0.082591
vn -0.996582 -0.001476 0.082591
vn -0.996575 -0.000933 0.082687
vn -0.996575 -0.000933 0.082687
vn -0.996575 -0.000933 0.082687
vn -0.996629 -0.001448 0.082029
vn -0.996629 -0.001448 0.082029
vn -0.996629 -0.001448 0.082029
vn -0.996781 -0.001301 0.080169
vn -0.996780 -0.001301 0.080169
vn -0.996781 -0.001301 0.080169
vn -0.996568 -0.001477 0.082765
vn -0.996568 -0.001477 0.082765
vn -0.996568 -0.001477 0.082765
vn -0.996571 -0.001866 0.082726
vn -0.996571 -0.001866 0.082726
vn -0.996571 -0.001866 0.082726
vn -0.996513 -0.001411 0.083431
vn -0.996513 -0.001411 0.083431
vn -0.996513 -0.001411 0.083431
vn -0.996577 -0.001348 0.082658
vn -0.996577 -0.001348 0.082658
vn -0.996577 -0.001348 0.082658
vn -0.996565 -0.002953 0.082760
vn -0.996565 -0.002953 0.082760
vn -0.996565 -0.002953 0.082760
vn -0.996556 0.000000 0.082924
vn -0.996556 0.000000 0.082924
vn -0.996556 0.000000 0.082924
vn -0.996667 -0.001416 0.081564
vn -0.996667 -0.001416 0.081564
vn -0.996667 -0.001416 0.081564
vn -0.996592 -0.001517 0.082471
vn -0.996592 -0.001517 0.082471
vn -0.996592 -0.001517 0.082471
vn -0.996578 -0.002214 0.082625
vn -0.996578 -0.002214 0.082625
vn -0.996578 -0.002214 0.082625
vn -0.996572 -0.001865 0.082716
vn -0.996572 -0.001865 0.082716
vn -0.996572 -0.001865 0.082716
vn -0.996562 -0.001378 0.082837
vn -0.996562 -0.001378 0.082837
vn -0.996562 -0.001378 0.082837
vn -0.996638 -0.001348 0.081925
vn -0.996638 -0.001348 0.081925
vn -0.996638 -0.001348 0.081925
vn -0.996572 -0.002214 0.082701
vn -0.996572 -0.002214 0.082701
vn -0.996572 -0.002214 0.082701
vn -0.996570 -0.002797 0.082710
vn -0.996570 -0.002797 0.082710
vn -0.996570 -0.002797 0.082710
vn -0.996525 -0.001416 0.083288
vn -0.996525 -0.001416 0.083288
vn -0.996525 -0.001416 0.083288
vn -0.996662 -0.001391 0.081623
vn -0.996662 -0.001391 0.081623
vn -0.996662 -0.001391 0.081623
vn -0.996572 -0.002214 0.082701
vn -0.996572 -0.002214 0.082701
vn -0.996572 -0.002214 0.082701
vn -0.996569 -0.001864 0.082743
vn -0.996569 -0.001864 0.082743
vn -0.996569 -0.001864 0.082743
vn -0.996547 -0.001345 0.083017
vn -0.996547 -0.001345 0.083017
vn -0.996547 -0.001345 0.083017
vn -0.996605 -0.001391 0.082323
vn -0.996605 -0.001391 0.082323
vn -0.996605 -0.001391 0.082323
vn -0.996570 -0.001476 0.082736
vn -0.996571 -0.001476 0.082736
vn -0.996570 -0.001476 0.082736
vn -0.996571 -0.002796 0.082702
vn -0.996570 -0.002796 0.082702
vn -0.996571 -0.002796 0.082702
vn -0.996522 -0.001486 0.083322
vn -0.996522 -0.001486 0.083322
vn -0.996522 -0.001486 0.083322
vn -0.996634 -0.001265 0.081974
vn -0.996634 -0.001265 0.081974
vn -0.996634 -0.001265 0.081974
vn -0.996572 -0.001668 0.082714
vn -0.996572 -0.001668 0.082714
vn -0.996572 -0.001668 0.082714
vn -0.996527 0.001405 0.083265
vn -0.996527 0.001405 0.083265
vn -0.996526 0.001405 0.083265
vn -0.996894 -0.001413 0.078742
vn -0.996894 -0.001413 0.078742
vn -0.996894 -0.001413 0.078742
vn -0.996502 -0.001933 0.083551
vn -0.996502 -0.001933 0.083551
vn -0.996502 -0.001933 0.083551
vn -0.996590 -0.001668 0.082499
vn -0.996590 -0.001668 0.082499
vn -0.996590 -0.001668 0.082499
vn -0.996576 0.000000 0.082687
vn -0.996576 0.000000 0.082687
vn -0.996576 0.000000 0.082687
vn -0.996723 -0.001295 0.080879
vn -0.996723 -0.001295 0.080879
vn -0.996723 -0.001295 0.080879
vn -0.996591 -0.001387 0.082486
vn -0.996591 -0.001387 0.082486
vn -0.996591 -0.001387 0.082486
vn -0.996577 -0.001668 0.082651
vn -0.996577 -0.001668 0.082651
vn -0.996577 -0.001668 0.082651
vn -0.996570 -0.001405 0.082737
vn -0.996570 -0.001405 0.082737
vn -0.996571 -0.001405 0.082737
vn -0.996589 -0.001338 0.082512
vn -0.996589 -0.001338 0.082512
vn -0.996589 -0.001338 0.082512
vn -0.996481 -0.001482 0.083809
vn -0.996481 -0.001482 0.083809
vn -0.996481 -0.001482 0.083809
vn -0.996569 -0.001112 0.082763
vn -0.996569 -0.001112 0.082763
vn -0.996569 -0.001112 0.082763
vn -0.996579 -0.001406 0.082631
vn -0.996579 -0.001406 0.082631
vn -0.996579 -0.001406 0.082631
vn -0.996568 -0.001376 0.082771
vn -0.996568 -0.001376 0.082771
vn -0.996568 -0.001376 0.082771
vn -0.996618 -0.001438 0.082167
vn -0.996618 -0.001438 0.082167
vn -0.996618 -0.001438 0.082167
vn -0.996514 0.002224 0.083392
vn -0.996514 0.002224 0.083392
vn -0.996514 0.002224 0.083392
vn -0.996612 -0.004213 0.082143
vn -0.996612 -0.004213 0.082143
vn -0.996612 -0.004213 0.082143
vn -0.996245 -0.001796 0.086563
vn -0.996245 -0.001796 0.086563
vn -0.996245 -0.001796 0.086563
vn -0.996601 -0.001336 0.082368
vn -0.996601 -0.001336 0.082368
vn -0.996601 -0.001336 0.082368
vn -0.996579 -0.001668 0.082626
vn -0.996579 -0.001668 0.082626
vn -0.996579 -0.001668 0.082626
vn -0.996569 -0.000702 0.082765
vn -0.996569 -0.000702 0.082765
vn -0.996569 -0.000702 0.082765
vn -0.996622 -0.001186 0.082120
vn -0.996622 -0.001186 0.082120
vn -0.996622 -0.001186 0.082120
vn -0.995951 -0.001838 0.089874
vn -0.995952 -0.001838 0.089874
vn -0.995951 -0.001838 0.089874
vn -0.996606 -0.003336 0.082257
vn -0.996606 -0.003336 0.082257
vn -0.996606 -0.003336 0.082257
vn -0.996570 -0.001404 0.082745
vn -0.996570 -0.001404 0.082745
vn -0.996570 -0.001404 0.082745
vn -0.996618 -0.001377 0.082162
vn -0.996618 -0.001377 0.082162
vn -0.996618 -0.001377 0.082162
vn -0.996579 -0.001537 0.082629
vn -0.996579 -0.001537 0.082629
vn -0.996579 -0.001537 0.082629
vn -0.996574 -0.001112 0.082704
vn -0.996574 -0.001112 0.082704
vn -0.996574 -0.001112 0.082704
vn -0.996574 -0.001404 0.082698
vn -0.996574 -0.001404 0.082698
vn -0.996574 -0.001404 0.082698
vn -0.996599 -0.001798 0.082385
vn -0.996599 -0.001798 0.082385
vn -0.996599 -0.001798 0.082385
vn -0.996902 -0.001339 0.078648
vn -0.996902 -0.001339 0.078648
vn -0.996902 -0.001339 0.078648
vn 0.000000 1.000000 0.000000
vn 0.000000 1.000000 0.000000
vn 0.000000 1.000000 0.000000
vn 0.000000 1.000000 0.000000
vn 0.000000 1.000000 0.000000
vn 0.000000 1.000000 0.000000
vn -0.082723 0.000000 -0.996573
vn -0.082723 0.000000 -0.996573
vn -0.082723 0.000000 -0.996573
vn -0.082723 0.000000 -0.996573
vn -0.082723 0.000000 -0.996573
vn -0.082723 0.000000 -0.996573
vn 0.000000 -1.000000 -0.000002
vn 0.000000 -1.000000 -0.000002
vn 0.000000 -1.000000 -0.000002
vn 0.000000 -1.000000 0.000000
vn 0.000000 -1.000000 0.000000
vn 0.000000 -1.000000 0.000000
vn 0.082734 0.000000 0.996572
vn 0.082734 0.000000 0.996572
vn 0.082734 0.000000 0.996572
vn 0.082759 0.000000 0.996570
vn 0.082759 0.000000 0.996570
vn 0.082759 0.000000 0.996570
vn 0.000000 1.000000 -0.000000
vn 0.000000 1.000000 -0.000000
vn 0.000000 1.000000 -0.000000
vn 0.000000 1.000000 0.000000
vn 0.000000 1.000000 0.000000
vn 0.000000 1.000000 0.000000
vn 0.000000 -1.000000 0.000000
vn 0.000000 -1.000000 0.000000
vn 0.000000 -1.000000 0.000000
vn 0.000000 -1.000000 0.000000
vn 0.000000 -1.000000 0.000000
vn 0.000000 -1.000000 0.000000
vn 0.000000 1.000000 0.000000
vn 0.000000 1.000000 0.000000
vn 0.000000 1.000000 0.000000
vn 0.000000 1.000000 0.000000
vn 0.000000 1.000000 0.000000
vn 0.000000 1.000000 0.000000
vn -0.082739 0.000000 -0.996571
vn -0.082739 0.000000 -0.996571
vn -0.082739 0.000000 -0.996571
vn -0.082739 0.000000 -0.996571
vn -0.082739 0.000000 -0.996571
vn -0.082739 0.000000 -0.996571
vn 0.000000 -1.000000 0.000000
vn 0.000000 -1.000000 0.000000
vn 0.000000 -1.000000 0.000000
vn 0.000000 -1.000000 0.000000
vn 0.000000 -1.000000 0.000000
vn 0.000000 -1.000000 0.000000
vn 0.082729 0.000000 0.996572
vn 0.082729 0.000000 0.996572
vn 0.082729 0.000000 0.996572
vn 0.082729 0.000000 0.996572
vn 0.082729 0.000000 0.996572
vn 0.082729 0.000000 0.996572
vn 0.000000 1.000000 0.000002
vn 0.000000 1.000000 0.000002
vn 0.000000 1.000000 0.000002
vn 0.000000 1.000000 0.000001
vn 0.000000 1.000000 0.000001
vn 0.000000 1.000000 0.000001
vn 0.000000 -1.000000 0.000000
vn 0.000000 -1.000000 0.000000
vn 0.000000 -1.000000 0.000000
vn 0.000000 -1.000000 0.000000
vn 0.000000 -1.000000 0.000000
vn 0.000000 -1.000000 0.000000
vn 0.084269 0.000000 0.996443
vn 0.084269 0.000000 0.996443
vn 0.084269 0.000000 0.996443
vn 0.084269 0.000000 0.996443
vn 0.084269 0.000000 0.996443
vn 0.084269 0.000000 0.996443
vn 0.000000 1.000000 0.000000
vn 0.000000 1.000000 0.000000
vn 0.000000 1.000000 0.000000
vn 0.000000 1.000000 -0.000000
vn 0.000000 1.000000 -0.000000
vn 0.000000 1.000000 -0.000000
vn 0.000000 -1.000000 0.000000
vn 0.000000 -1.000000 0.000000
vn 0.000000 -1.000000 0.000000
vn 0.000000 -1.000000 0.000000
vn 0.000000 -1.000000 0.000000
vn 0.000000 -1.000000 0.000000
vn 0.000000 1.000000 0.000000
vn 0.000000 1.000000 0.000000
vn 0.000000 1.000000 0.000000
vn 0.000000 1.000000 0.000000
vn 0.000000 1.000000 0.000000
vn 0.000000 1.000000 0.000000
vn -0.083022 0.000000 -0.996548
vn -0.083022 0.000000 -0.996548
vn -0.083022 0.000000 -0.996548
vn -0.082969 0.000000 -0.996552
vn -0.082969 0.000000 -0.996552
vn -0.082969 0.000000 -0.996552
vn 0.000000 -1.000000 0.000001
vn 0.000000 -1.000000 0.000001
vn 0.000000 -1.000000 0.000001
vn 0.000000 -1.000000 0.000000
vn 0.000000 -1.000000 0.000000
vn 0.000000 -1.000000 0.000000
vn 0.000000 -1.000000 0.000000
vn 0.000000 -1.000000 0.000000
vn 0.000000 -1.000000 0.000000
vn 0.000000 -1.000000 0.000000
vn 0.000000 -1.000000 0.000000
vn 0.000000 -1.000000 0.000000
vn 0.082697 0.000000 0.996575
vn 0.082697 0.000000 0.996575
vn 0.082697 0.000000 0.996575
vn 0.082737 0.000000 0.996571
vn 0.082737 0.000000 0.996571
vn 0.082737 0.000000 0.996571
vn 0.000000 1.000000 0.000000
vn 0.000000 1.000000 0.000000
vn 0.000000 1.000000 0.000000
vn 0.000000 1.000000 -0.000000
vn 0.000000 1.000000 -0.000000
vn 0.000000 1.000000 -0.000000
vn -0.082869 0.000000 -0.996560
vn -0.082869 0.000000 -0.996560
vn -0.082869 0.000000 -0.996560
vn -0.082869 0.000000 -0.996561
vn -0.082869 0.000000 -0.996561
vn -0.082869 0.000000 -0.996561
vn 0.000000 -1.000000 0.000000
vn 0.000000 -1.000000 0.000000
vn 0.000000 -1.000000 0.000000
vn 0.000000 -1.000000 0.000000
vn 0.000000 -1.000000 0.000000
vn 0.000000 -1.000000 0.000000
vn 0.082758 0.000000 0.996570
vn 0.082758 0.000000 0.996570
vn 0.082758 0.000000 0.996570
vn 0.082718 0.000000 0.996573
vn 0.082718 0.000000 0.996573
vn 0.082718 0.000000 0.996573
vn 0.000000 1.000000 0.000002
vn 0.000000 1.000000 0.000002
vn 0.000000 1.000000 0.000002
vn 0.000000 1.000000 0.000003
vn 0.000000 1.000000 0.000003
vn 0.000000 1.000000 0.000003
vn -0.082590 0.000000 -0.996584
vn -0.082590 0.000000 -0.996584
vn -0.082590 0.000000 -0.996584
vn -0.082631 0.000000 -0.996580
vn -0.082631 0.000000 -0.996580
vn -0.082631 0.000000 -0.996580
vn 0.000000 -1.000000 0.000002
vn 0.000000 -1.000000 0.000002
vn 0.000000 -1.000000 0.000002
vn 0.000000 -1.000000 0.000000
vn 0.000000 -1.000000 0.000000
vn 0.000000 -1.000000 0.000000
vn 0.084179 0.000000 0.996451
vn 0.084179 0.000000 0.996451
vn 0.084179 0.000000 0.996451
vn 0.084141 0.000000 0.996454
vn 0.084141 0.000000 0.996454
vn 0.084141 0.000000 0.996454
vn 0.000000 1.000000 0.000000
vn 0.000000 1.000000 0.000000
vn 0.000000 1.000000 0.000000
vn 0.000000 1.000000 -0.000000
vn 0.000000 1.000000 -0.000000
vn 0.000000 1.000000 -0.000000
vn -0.082711 0.000000 -0.996574
vn -0.082711 0.000000 -0.996574
vn -0.082711 0.000000 -0.996574
vn -0.082750 0.000000 -0.996570
vn -0.082750 0.000000 -0.996570
vn -0.082750 0.000000 -0.996570
vn 0.000000 -1.000000 -0.000002
vn 0.000000 -1.000000 -0.000002
vn 0.000000 -1.000000 -0.000002
vn 0.000000 -1.000000 0.000000
vn 0.000000 -1.000000 0.000000
vn 0.000000 -1.000000 0.000000
vn 0.083159 0.000000 0.996536
vn 0.083159 0.000000 0.996536
vn 0.083159 0.000000 0.996536
vn 0.083159 0.000000 0.996536
vn 0.083159 0.000000 0.996536
vn 0.083159 0.000000 0.996536
vn 0.000000 1.000000 -0.000000
vn 0.000000 1.000000 -0.000000
vn 0.000000 1.000000 -0.000000
vn 0.000000 1.000000 -0.000000
vn 0.000000 1.000000 -0.000000
vn 0.000000 1.000000 -0.000000
vn -0.082722 0.000000 -0.996573
vn -0.082722 0.000000 -0.996573
vn -0.082722 0.000000 -0.996573
vn -0.082722 0.000000 -0.996573
vn -0.082722 0.000000 -0.996573
vn -0.082722 0.000000 -0.996573
vn 0.000000 -1.000000 0.000000
vn 0.000000 -1.000000 0.000000
vn 0.000000 -1.000000 0.000000
vn 0.000000 -1.000000 0.000000
vn 0.000000 -1.000000 0.000000
vn 0.000000 -1.000000 0.000000
vn 0.082945 0.000000 0.996554
vn 0.082945 0.000000 0.996554
vn 0.082945 0.000000 0.996554
vn 0.082985 0.000000 0.996551
vn 0.082985 0.000000 0.996551
vn 0.082985 0.000000 0.996551
vn 0.000000 1.000000 0.000000
vn 0.000000 1.000000 0.000000
vn 0.000000 1.000000 0.000000
vn 0.000000 1.000000 0.000000
vn 0.000000 1.000000 0.000000
vn 0.000000 1.000000 0.000000
vn -0.082987 0.000000 -0.996551
vn -0.082987 0.000000 -0.996551
vn -0.082987 0.000000 -0.996551
vn -0.082987 0.000000 -0.996551
vn -0.082987 0.000000 -0.996551
vn -0.082987 0.000000 -0.996551
vn 0.000000 -1.000000 0.000000
vn 0.000000 -1.000000 0.000000
vn 0.000000 -1.000000 0.000000
vn 0.000000 -1.000000 0.000000
vn 0.000000 -1.000000 0.000000
vn 0.000000 -1.000000 0.000000
vn 0.082748 0.000000 0.996571
vn 0.082748 0.000000 0.996571
vn 0.082748 0.000000 0.996571
vn 0.082708 0.000000 0.996574
vn 0.082708 0.000000 0.996574
vn 0.082708 0.000000 0.996574
vn 0.000000 1.000000 -0.000000
vn 0.000000 1.000000 -0.000000
vn 0.000000 1.000000 -0.000000
vn 0.000000 1.000000 0.000000
vn 0.000000 1.000000 0.000000
vn 0.000000 1.000000 0.000000
vn -0.084292 0.000000 -0.996441
vn -0.084292 0.000000 -0.996441
vn -0.084292 0.000000 -0.996441
vn -0.084332 0.000000 -0.996438
vn -0.084332 0.000000 -0.996438
vn -0.084332 0.000000 -0.996438
vn 0.000000 1.000000 0.000003
vn 0.000000 1.000000 0.000003
vn 0.000000 1.000000 0.000003
vn 0.000000 1.000000 -0.000003
vn 0.000000 1.000000 -0.000003
vn 0.000000 1.000000 -0.000003
vn -0.083163 0.000056 -0.996536
vn -0.083163 0.000056 -0.996536
vn -0.083163 0.000056 -0.996536
vn -0.082704 0.000184 -0.996574
vn -0.082704 0.000184 -0.996574
vn -0.082704 0.000184 -0.996574
vn 0.000000 -1.000000 0.000000
vn 0.000000 -1.000000 0.000000
vn 0.000000 -1.000000 0.000000
vn 0.000000 -1.000000 0.000000
vn 0.000000 -1.000000 0.000000
vn 0.000000 -1.000000 0.000000
vn 0.082898 -0.000011 0.996558
vn 0.082898 -0.000011 0.996558
vn 0.082898 -0.000011 0.996558
vn 0.082587 0.000073 0.996584
vn 0.082587 0.000073 0.996584
vn 0.082587 0.000073 0.996584
vn 0.000000 1.000000 0.000000
vn 0.000000 1.000000 0.000000
vn 0.000000 1.000000 0.000000
vn 0.000000 1.000000 0.000000
vn 0.000000 1.000000 0.000000
vn 0.000000 1.000000 0.000000
vn -0.082738 0.000011 -0.996571
vn -0.082738 0.000011 -0.996571
vn -0.082738 0.000011 -0.996571
vn -0.082975 -0.000072 -0.996552
vn -0.082975 -0.000072 -0.996552
vn -0.082975 -0.000072 -0.996552
vn 0.000000 -1.000000 0.000000
vn 0.000000 -1.000000 0.000000
vn 0.000000 -1.000000 0.000000
vn 0.000000 -1.000000 0.000000
vn 0.000000 -1.000000 0.000000
vn 0.000000 -1.000000 0.000000
vn 0.082882 -0.000056 0.996559
vn 0.082882 -0.000056 0.996559
vn 0.082882 -0.000056 0.996559
vn 0.082715 -0.000011 0.996573
vn 0.082715 -0.000011 0.996573
vn 0.082715 -0.000011 0.996573
vn 0.000000 1.000000 -0.000003
vn 0.000000 1.000000 -0.000003
vn 0.000000 1.000000 -0.000003
vn 0.000000 1.000000 0.000000
vn 0.000000 1.000000 0.000000
vn 0.000000 1.000000 0.000000
vn -0.083090 0.000291 -0.996542
vn -0.083090 0.000291 -0.996542
vn -0.083090 0.000291 -0.996542
vn -0.082704 0.000391 -0.996574
vn -0.082704 0.000391 -0.996574
vn -0.082704 0.000391 -0.996574
vn 0.000000 -1.000000 -0.000006
vn 0.000000 -1.000000 -0.000006
vn 0.000000 -1.000000 -0.000006
vn 0.000000 -1.000000 0.000000
vn 0.000000 -1.000000 0.000000
vn 0.000000 -1.000000 0.000000
vn 0.082738 -0.000006 0.996571
vn 0.082738 -0.000006 0.996571
vn 0.082738 -0.000006 0.996571
vn 0.082715 -0.000011 0.996573
vn 0.082715 -0.000011 0.996573
vn 0.082715 -0.000011 0.996573
vn 0.000000 1.000000 0.000003
vn 0.000000 1.000000 0.000003
vn 0.000000 1.000000 0.000003
vn 0.000000 1.000000 -0.000003
vn 0.000000 1.000000 -0.000003
vn 0.000000 1.000000 -0.000003
vn -0.082749 0.000061 -0.996571
vn -0.082749 0.000061 -0.996571
vn -0.082749 0.000061 -0.996571
vn -0.082892 0.000011 -0.996558
vn -0.082892 0.000011 -0.996559
vn -0.082892 0.000011 -0.996559
vn 0.000000 -1.000000 0.000000
vn 0.000000 -1.000000 0.000000
vn 0.000000 -1.000000 0.000000
vn 0.000000 -1.000000 0.000000
vn 0.000000 -1.000000 0.000000
vn 0.000000 -1.000000 0.000000
vn 0.082343 0.000117 0.996604
vn 0.082343 0.000117 0.996604
vn 0.082343 0.000117 0.996604
vn 0.082882 -0.000050 0.996559
vn 0.082882 -0.000050 0.996559
vn 0.082882 -0.000050 0.996559
vn 0.000000 1.000000 0.000000
vn 0.000000 1.000000 0.000000
vn 0.000000 1.000000 0.000000
vn 0.000000 1.000000 0.000003
vn 0.000000 1.000000 0.000003
vn 0.000000 1.000000 0.000003
vn -0.084292 0.000004 -0.996441
vn -0.084292 0.000004 -0.996441
vn -0.084292 0.000004 -0.996441
vn -0.082733 0.000353 -0.996572
vn -0.082733 0.000353 -0.996572
vn -0.082733 0.000353 -0.996572
vn 0.000000 -1.000000 0.000000
vn 0.000000 -1.000000 0.000000
vn 0.000000 -1.000000 0.000000
vn 0.000000 -1.000000 0.000000
vn 0.000000 -1.000000 0.000000
vn 0.000000 -1.000000 0.000000
vn 0.082559 -0.000011 0.996586
vn 0.082559 -0.000011 0.996586
vn 0.082559 -0.000011 0.996586
vn 0.082744 -0.000049 0.996571
vn 0.082744 -0.000049 0.996571
vn 0.082744 -0.000049 0.996571
vn 0.000000 1.000000 0.000000
vn 0.000000 1.000000 0.000000
vn 0.000000 1.000000 0.000000
vn 0.000000 1.000000 0.000003
vn 0.000000 1.000000 0.000003
vn 0.000000 1.000000 0.000003
vn -0.082690 0.000262 -0.996575
vn -0.082690 0.000262 -0.996575
vn -0.082690 0.000262 -0.996575
vn -0.083879 -0.000008 -0.996476
vn -0.083879 -0.000008 -0.996476
vn -0.083879 -0.000008 -0.996476
vn 0.000000 -1.000000 0.000000
vn 0.000000 -1.000000 0.000000
vn 0.000000 -1.000000 0.000000
vn 0.000000 -1.000000 0.000000
vn 0.000000 -1.000000 0.000000
vn 0.000000 -1.000000 0.000000
vn 0.082660 0.000008 0.996578
vn 0.082660 0.000008 0.996578
vn 0.082660 0.000008 0.996578
vn 0.082669 0.000008 0.996577
vn 0.082669 0.000008 0.996577
vn 0.082669 0.000008 0.996577
vn 0.000000 1.000000 0.000000
vn 0.000000 1.000000 0.000000
vn 0.000000 1.000000 0.000000
vn 0.000000 1.000000 0.000000
vn 0.000000 1.000000 0.000000
vn 0.000000 1.000000 0.000000
vn -0.083941 0.000057 -0.996471
vn -0.083941 0.000057 -0.996471
vn -0.083941 0.000057 -0.996471
vn -0.083259 0.000208 -0.996528
vn -0.083259 0.000208 -0.996528
vn -0.083259 0.000208 -0.996528
vn 0.000000 -1.000000 0.000000
vn 0.000000 -1.000000 0.000000
vn 0.000000 -1.000000 0.000000
vn 0.000000 -1.000000 0.000000
vn 0.000000 -1.000000 0.000000
vn 0.000000 -1.000000 0.000000
vn 0.082616 -0.000011 0.996581
vn 0.082616 -0.000011 0.996581
vn 0.082616 -0.000011 0.996581
vn 0.082864 -0.000057 0.996561
vn 0.082864 -0.000057 0.996561
vn 0.082864 -0.000057 0.996561
vn 0.000000 1.000000 0.000000
vn 0.000000 1.000000 0.000000
vn 0.000000 1.000000 0.000000
vn 0.000000 1.000000 0.000000
vn 0.000000 1.000000 0.000000
vn 0.000000 1.000000 0.000000
vn -0.082714 0.000008 -0.996573
vn -0.082714 0.000008 -0.996573
vn -0.082714 0.000008 -0.996573
vn -0.082744 0.000004 -0.996571
vn -0.082744 0.000004 -0.996571
vn -0.082744 0.000004 -0.996571
vn 0.000000 -1.000000 0.000000
vn 0.000000 -1.000000 0.000000
vn 0.000000 -1.000000 0.000000
vn 0.000000 -1.000000 0.000000
vn 0.000000 -1.000000 0.000000
vn 0.000000 -1.000000 0.000000
vn 0.082864 -0.000038 0.996561
vn 0.082864 -0.000038 0.996561
vn 0.082864 -0.000038 0.996561
vn 0.082733 -0.000004 0.996572
vn 0.082733 -0.000004 0.996572
vn 0.082733 -0.000004 0.996572
vn 0.000000 1.000000 -0.000003
vn 0.000000 1.000000 -0.000003
vn 0.000000 1.000000 -0.000003
vn 0.000000 1.000000 0.000000
vn 0.000000 1.000000 0.000000
vn 0.000000 1.000000 0.000000
vn -0.082473 0.000058 -0.996593
vn -0.082473 0.000058 -0.996593
vn -0.082473 0.000058 -0.996593
vn -0.083052 -0.000098 -0.996545
vn -0.083052 -0.000098 -0.996545
vn -0.083052 -0.000098 -0.996545
vn 0.000000 -1.000000 -0.000003
vn 0.000000 -1.000000 -0.000003
vn 0.000000 -1.000000 -0.000003
vn 0.000000 -1.000000 -0.000003
vn 0.000000 -1.000000 -0.000003
vn 0.000000 -1.000000 -0.000003
vn 0.082736 0.000054 0.996572
vn 0.082736 0.000054 0.996572
vn 0.082736 0.000054 0.996572
vn 0.082878 0.000009 0.996560
vn 0.082878 0.000009 0.996560
vn 0.082878 0.000009 0.996560
vn 0.000000 1.000000 0.000000
vn 0.000000 1.000000 0.000000
vn 0.000000 1.000000 0.000000
vn 0.000000 1.000000 0.000000
vn 0.000000 1.000000 0.000000
vn 0.000000 1.000000 0.000000
vn -0.082736 -0.000326 -0.996572
vn -0.082736 -0.000326 -0.996572
vn -0.082736 -0.000326 -0.996571
vn -0.082683 -0.000308 -0.996576
vn -0.082683 -0.000308 -0.996576
vn -0.082683 -0.000308 -0.996576
vn 0.000000 -1.000000 0.000000
vn 0.000000 -1.000000 0.000000
vn 0.000000 -1.000000 0.000000
vn 0.000000 -1.000000 -0.000003
vn 0.000000 -1.000000 -0.000003
vn 0.000000 -1.000000 -0.000003
vn 0.082747 0.000013 0.996571
vn 0.082747 0.000013 0.996571
vn 0.082747 0.000013 0.996571
vn 0.082736 0.000022 0.996572
vn 0.082736 0.000022 0.996572
vn 0.082736 0.000022 0.996572
vn 0.000000 1.000000 0.000000
vn 0.000000 1.000000 0.000000
vn 0.000000 1.000000 0.000000
vn 0.000000 1.000000 0.000000
vn 0.000000 1.000000 0.000000
vn 0.000000 1.000000 0.000000
vn -0.082725 -0.000112 -0.996572
vn -0.082725 -0.000112 -0.996572
vn -0.082725 -0.000112 -0.996572
vn -0.082953 -0.000174 -0.996554
vn -0.082953 -0.000174 -0.996554
vn -0.082953 -0.000174 -0.996554
vn 0.000000 -1.000000 0.000000
vn 0.000000 -1.000000 0.000000
vn 0.000000 -1.000000 0.000000
vn 0.000000 -1.000000 0.000003
vn 0.000000 -1.000000 0.000003
vn 0.000000 -1.000000 0.000003
vn 0.082789 0.000049 0.996567
vn 0.082789 0.000049 0.996567
vn 0.082789 0.000049 0.996567
vn 0.082853 0.000031 0.996562
vn 0.082853 0.000031 0.996562
vn 0.082853 0.000031 0.996562
vn 0.000000 1.000000 0.000000
vn 0.000000 1.000000 0.000000
vn 0.000000 1.000000 0.000000
vn 0.000000 1.000000 0.000003
vn 0.000000 1.000000 0.000003
vn 0.000000 1.000000 0.000003
vn -0.082747 -0.000049 -0.996571
vn -0.082747 -0.000049 -0.996571
vn -0.082747 -0.000049 -0.996571
vn -0.082736 -0.000058 -0.996572
vn -0.082736 -0.000058 -0.996572
vn -0.082736 -0.000058 -0.996572
vn 0.000000 -1.000000 0.000000
vn 0.000000 -1.000000 0.000000
vn 0.000000 -1.000000 0.000000
vn 0.000000 -1.000000 0.000003
vn 0.000000 -1.000000 0.000003
vn 0.000000 -1.000000 0.000003
vn 0.082867 0.000045 0.996561
vn 0.082867 0.000045 0.996561
vn 0.082867 0.000045 0.996561
vn 0.083140 -0.000009 0.996538
vn 0.083140 -0.000009 0.996538
vn 0.083140 -0.000009 0.996538
vn 0.054882 0.771118 0.634323
vn 0.054882 0.771118 0.634323
vn 0.054882 0.771118 0.634323
vn 0.054881 0.771118 0.634323
vn 0.054881 0.771118 0.634323
vn 0.054881 0.771118 0.634323
vn -0.996649 0.000611 0.081801
vn -0.996649 0.000611 0.081801
vn -0.996649 0.000611 0.081801
vn -0.996627 0.000000 0.082063
vn -0.996627 0.000000 0.082063
vn -0.996627 0.000000 0.082063
vn -0.996522 -0.000120 0.083331
vn -0.996522 -0.000120 0.083331
vn -0.996522 -0.000120 0.083331
vn -0.996505 0.000292 0.083538
vn -0.996505 0.000292 0.083538
vn -0.996505 0.000292 0.083538
vn 0.070761 -0.571077 0.817841
vn 0.070761 -0.571077 0.817841
vn 0.070761 -0.571077 0.817841
vn 0.070759 -0.571079 0.817840
vn 0.070759 -0.571079 0.817840
vn 0.070759 -0.571079 0.817840
vn 0.996525 0.000115 -0.083295
vn 0.996525 0.000115 -0.083295
vn 0.996525 0.000115 -0.083295
vn -0.571543 -0.819110 0.048965
vn -0.571543 -0.819110 0.048965
vn -0.571543 -0.819110 0.048965
vn -0.571461 -0.819258 0.047414
vn -0.571461 -0.819258 0.047414
vn -0.571461 -0.819258 0.047414
vn -0.577441 -0.814987 0.048563
vn -0.577441 -0.814987 0.048563
vn -0.577441 -0.814987 0.048563
vn -0.577724 -0.814823 0.047950
vn -0.577724 -0.814823 0.047950
vn -0.577724 -0.814823 0.047950
vn -0.585375 -0.809267 0.049224
vn -0.585375 -0.809267 0.049224
vn -0.585375 -0.809267 0.049224
vn -0.585411 -0.809156 0.050612
vn -0.585411 -0.809156 0.050612
vn -0.585411 -0.809155 0.050612
vn 0.215278 -0.751016 0.624204
vn 0.215278 -0.751016 0.624204
vn 0.215278 -0.751016 0.624204
vn 0.054090 -0.756145 0.652165
vn 0.054090 -0.756145 0.652165
vn 0.054090 -0.756145 0.652165
vn -0.051781 -0.779428 -0.624348
vn -0.051781 -0.779428 -0.624348
vn -0.051781 -0.779428 -0.624348
vn 0.114754 -0.763517 -0.635510
vn 0.114754 -0.763517 -0.635510
vn 0.114754 -0.763517 -0.635510
vn 0.052679 0.771124 0.634502
vn 0.052679 0.771124 0.634502
vn 0.052679 0.771124 0.634502
vn 0.052667 0.771111 0.634519
vn 0.052667 0.771110 0.634519
vn 0.052667 0.771110 0.634519
vn -0.254614 0.966829 0.020357
vn -0.254614 0.966829 0.020357
vn -0.254614 0.966829 0.020357
vn -0.254757 0.966790 0.020380
vn -0.254757 0.966790 0.020380
vn -0.254757 0.966790 0.020380
vn -0.254638 0.966822 0.020374
vn -0.254638 0.966822 0.020374
vn -0.254638 0.966822 0.020374
vn -0.254740 0.966795 0.020376
vn -0.254740 0.966795 0.020376
vn -0.254740 0.966795 0.020376
vn 0.067936 -0.571126 0.818046
vn 0.067936 -0.571126 0.818046
vn 0.067936 -0.571126 0.818046
vn 0.052662 0.771121 0.634507
vn 0.052662 0.771121 0.634507
vn 0.052662 0.771121 0.634507
vn 0.052662 0.771119 0.634510
vn 0.052662 0.771119 0.634510
vn 0.052662 0.771119 0.634510
vn 0.067895 -0.571135 0.818043
vn 0.067895 -0.571135 0.818044
vn 0.067895 -0.571135 0.818043
vn 0.067895 -0.571155 0.818030
vn 0.067895 -0.571155 0.818030
vn 0.067895 -0.571155 0.818030
vn 0.052662 0.771119 0.634509
vn 0.052662 0.771119 0.634510
vn 0.052662 0.771119 0.634510
vn 0.052661 0.771117 0.634512
vn 0.052661 0.771117 0.634512
vn 0.052661 0.771117 0.634512
vn 0.067900 -0.571091 0.818074
vn 0.067900 -0.571091 0.818074
vn 0.067900 -0.571091 0.818074
vn 0.067893 -0.571147 0.818035
vn 0.067893 -0.571147 0.818035
vn 0.067893 -0.571147 0.818035
vn 0.000001 1.000000 0.000002
vn 0.000001 1.000000 0.000002
vn 0.000001 1.000000 0.000002
vn 0.000001 1.000000 0.000007
vn 0.000001 1.000000 0.000007
vn 0.000001 1.000000 0.000007
vn 0.067902 -0.571155 0.818029
vn 0.067902 -0.571155 0.818029
vn 0.067902 -0.571155 0.818029
vn 0.067899 -0.571084 0.818079
vn 0.067899 -0.571084 0.818079
vn 0.067899 -0.571084 0.818079
vn 0.052661 0.771112 0.634517
vn 0.052661 0.771112 0.634517
vn 0.052661 0.771113 0.634517
vn 0.052644 0.771145 0.634479
vn 0.052644 0.771145 0.634479
vn 0.052644 0.771145 0.634479
vn 0.052662 0.771117 0.634512
vn 0.052662 0.771117 0.634512
vn 0.052662 0.771117 0.634512
vn 0.052663 0.771108 0.634523
vn 0.052663 0.771108 0.634522
vn 0.052663 0.771108 0.634522
vn 0.052663 0.771119 0.634510
vn 0.052663 0.771119 0.634510
vn 0.052663 0.771119 0.634510
vn 0.052661 0.771113 0.634516
vn 0.052661 0.771113 0.634516
vn 0.052661 0.771113 0.634516
vn 0.052660 0.771138 0.634487
vn 0.052660 0.771138 0.634487
vn 0.052660 0.771138 0.634487
vn 0.052663 0.771073 0.634565
vn 0.052663 0.771073 0.634565
vn 0.052663 0.771073 0.634565
vn -0.998373 0.003261 0.056923
vn -0.998373 0.003261 0.056923
vn -0.998373 0.003261 0.056923
vn -0.998216 0.004493 0.059536
vn -0.998216 0.004493 0.059536
vn -0.998216 0.004493 0.059536
vn 0.105444 -0.046590 0.993333
vn 0.105444 -0.046590 0.993333
vn 0.105444 -0.046590 0.993333
vn 0.119599 -0.037932 0.992097
vn 0.119599 -0.037932 0.992097
vn 0.119599 -0.037932 0.992097
vn 0.998307 -0.004421 -0.058004
vn 0.998307 -0.004421 -0.058004
vn 0.998307 -0.004421 -0.058004
vn 0.998216 -0.002627 -0.059655
vn 0.998216 -0.002627 -0.059655
vn 0.998216 -0.002627 -0.059655
vn -0.105735 0.076536 -0.991445
vn -0.105735 0.076536 -0.991445
vn -0.105735 0.076536 -0.991445
vn -0.119069 0.091345 -0.988675
vn -0.119069 0.091345 -0.988675
vn -0.119069 0.091345 -0.988675
vn -0.119600 0.000000 -0.992822
vn -0.119600 0.000000 -0.992822
vn -0.119600 0.000000 -0.992822
vn -0.119600 0.000000 -0.992822
vn -0.119600 0.000000 -0.992822
vn -0.119600 0.000000 -0.992822
vn 0.998230 0.000000 -0.059469
vn 0.998230 0.000000 -0.059469
vn 0.998230 0.000000 -0.059469
vn 0.998230 0.000000 -0.059469
vn 0.998230 0.000000 -0.059469
vn 0.998230 0.000000 -0.059469
vn 0.119569 0.000000 0.992826
vn 0.119569 0.000000 0.992826
vn 0.119569 0.000000 0.992826
vn 0.119569 0.000000 0.992826
vn 0.119569 0.000000 0.992826
vn 0.119569 0.000000 0.992826
vn -0.998222 0.000000 0.059601
vn -0.998222 0.000000 0.059601
vn -0.998222 0.000000 0.059601
vn -0.998222 0.000000 0.059600
vn -0.998222 0.000000 0.059600
vn -0.998222 0.000000 0.059600
vn 0.000000 -1.000000 0.000000
vn 0.000000 -1.000000 0.000000
vn 0.000000 -1.000000 0.000000
vn 0.000000 -1.000000 0.000031
vn 0.000000 -1.000000 0.000031
vn 0.000000 -1.000000 0.000031
vn 0.000000 1.000000 0.000000
vn 0.000000 1.000000 0.000000
vn 0.000000 1.000000 0.000000
vn 0.000000 1.000000 0.000000
vn 0.000000 1.000000 0.000000
vn 0.000000 1.000000 0.000000
vn 0.000001 -1.000000 -0.000004
vn 0.000001 -1.000000 -0.000004
vn 0.000001 -1.000000 -0.000004
vn -0.000001 -1.000000 0.000000
vn -0.000001 -1.000000 0.000000
vn -0.000001 -1.000000 0.000000
vn 0.000005 1.000000 0.000003
vn 0.000005 1.000000 0.000003
vn 0.000005 1.000000 0.000003
vn -0.000003 1.000000 0.000003
vn -0.000003 1.000000 0.000003
vn -0.000003 1.000000 0.000003
vn 0.000000 -1.000000 0.000035
vn 0.000000 -1.000000 0.000035
vn 0.000000 -1.000000 0.000035
vn 0.000000 -1.000000 -0.000031
vn 0.000000 -1.000000 -0.000031
vn 0.000000 -1.000000 -0.000031
vn 0.000000 1.000000 0.000000
vn 0.000000 1.000000 0.000000
vn 0.000000 1.000000 0.000000
vn 0.000000 1.000000 0.000000
vn 0.000000 1.000000 0.000000
vn 0.000000 1.000000 0.000000
vn 0.000001 -1.000000 0.000000
vn 0.000001 -1.000000 0.000000
vn 0.000001 -1.000000 0.000000
vn -0.000001 -1.000000 -0.000004
vn -0.000001 -1.000000 -0.000004
vn -0.000001 -1.000000 -0.000004
vn 0.000005 1.000000 0.000004
vn 0.000005 1.000000 0.000004
vn 0.000005 1.000000 0.000004
vn -0.000003 1.000000 0.000006
vn -0.000003 1.000000 0.000006
vn -0.000003 1.000000 0.000006
vn -0.996945 0.006930 0.077795
vn -0.996945 0.006930 0.077795
vn -0.996945 0.006930 0.077795
vn -0.996944 0.003303 0.078045
vn -0.996944 0.003303 0.078045
vn -0.996944 0.003303 0.078045
vn -0.996592 -0.000505 0.082491
vn -0.996592 -0.000505 0.082491
vn -0.996592 -0.000505 0.082491
vn -0.996447 -0.002860 0.084178
vn -0.996447 -0.002860 0.084178
vn -0.996447 -0.002860 0.084178
vn -0.996612 -0.000253 0.082248
vn -0.996612 -0.000253 0.082248
vn -0.996612 -0.000253 0.082248
vn -0.996666 0.000831 0.081589
vn -0.996666 0.000831 0.081589
vn -0.996666 0.000831 0.081589
vn -0.996939 0.003350 0.078112
vn -0.996939 0.003350 0.078112
vn -0.996939 0.003350 0.078112
vn -0.996442 0.000648 0.084283
vn -0.996442 0.000648 0.084283
vn -0.996442 0.000648 0.084283
vn -0.996443 0.000600 0.084265
vn -0.996443 0.000600 0.084265
vn -0.996443 0.000600 0.084265
vn -0.996900 0.000592 0.078670
vn -0.996901 0.000592 0.078670
vn -0.996900 0.000592 0.078670
vn -0.996604 0.000142 0.082346
vn -0.996604 0.000142 0.082346
vn -0.996604 0.000142 0.082346
vn -0.996711 0.001159 0.081033
vn -0.996711 0.001159 0.081033
vn -0.996711 0.001159 0.081033
vn -0.996514 0.000102 0.083424
vn -0.996514 0.000102 0.083424
vn -0.996514 0.000102 0.083424
vn -0.996568 -0.000647 0.082780
vn -0.996568 -0.000647 0.082780
vn -0.996568 -0.000647 0.082780
vn -0.996665 0.000464 0.081603
vn -0.996665 0.000464 0.081603
vn -0.996665 0.000464 0.081603
vn -0.996666 -0.000464 0.081593
vn -0.996666 -0.000464 0.081593
vn -0.996666 -0.000464 0.081593
vn 0.996841 0.002640 -0.079385
vn 0.996841 0.002640 -0.079385
vn 0.996841 0.002640 -0.079385
vn -0.994874 0.019816 0.099163
vn -0.994874 0.019816 0.099163
vn -0.994874 0.019816 0.099163
vn -0.997068 0.002943 0.076466
vn -0.997068 0.002943 0.076466
vn -0.997068 0.002943 0.076466
vn -0.996828 -0.002289 0.079556
vn -0.996828 -0.002289 0.079556
vn -0.996828 -0.002289 0.079556
vn -0.996915 -0.011631 0.077620
vn -0.996915 -0.011631 0.077620
vn -0.996915 -0.011631 0.077620
vn -0.996454 -0.001019 0.084134
vn -0.996454 -0.001019 0.084134
vn -0.996454 -0.001019 0.084134
vn -0.996942 -0.001680 0.078128
vn -0.996942 -0.001680 0.078128
vn -0.996942 -0.001680 0.078128
vn -0.996527 0.000055 0.083273
vn -0.996527 0.000055 0.083273
vn -0.996527 0.000055 0.083273
vn -0.996759 -0.000055 0.080447
vn -0.996759 -0.000055 0.080447
vn -0.996759 -0.000055 0.080447
vn -0.066066 -0.601276 -0.796306
vn -0.066066 -0.601276 -0.796305
vn -0.066066 -0.601276 -0.796306
vn -0.066071 -0.601313 -0.796277
vn -0.066071 -0.601313 -0.796277
vn -0.066071 -0.601313 -0.796277
vn 0.066175 -0.599349 0.797748
vn 0.066175 -0.599349 0.797748
vn 0.066175 -0.599349 0.797748
vn 0.066484 -0.599508 0.797603
vn 0.066484 -0.599508 0.797603
vn 0.066484 -0.599508 0.797603
vn 0.066385 0.601269 0.796284
vn 0.066385 0.601269 0.796285
vn 0.066385 0.601269 0.796285
vn 0.066055 0.601461 0.796167
vn 0.066055 0.601461 0.796167
vn 0.066055 0.601461 0.796167
vn -0.066183 0.599406 -0.797704
vn -0.066183 0.599406 -0.797704
vn -0.066183 0.599406 -0.797705
vn -0.066183 0.599404 -0.797706
vn -0.066183 0.599404 -0.797706
vn -0.066183 0.599404 -0.797706
vn -0.066604 0.599470 -0.797621
vn -0.066604 0.599470 -0.797621
vn -0.066604 0.599470 -0.797621
vn -0.066108 0.599544 -0.797607
vn -0.066108 0.599544 -0.797607
vn -0.066108 0.599544 -0.797607
vn -0.065979 -0.601312 -0.796285
vn -0.065979 -0.601312 -0.796285
vn -0.065979 -0.601312 -0.796285
vn -0.066772 -0.601604 -0.795999
vn -0.066772 -0.601604 -0.795999
vn -0.066772 -0.601603 -0.795999
vn 0.066912 -0.599270 0.797746
vn 0.066912 -0.599270 0.797746
vn 0.066912 -0.599270 0.797746
vn 0.066363 -0.599092 0.797925
vn 0.066363 -0.599092 0.797925
vn 0.066363 -0.599092 0.797925
vn 0.066231 0.601151 0.796386
vn 0.066231 0.601151 0.796386
vn 0.066231 0.601151 0.796386
vn 0.066515 0.601053 0.796437
vn 0.066515 0.601053 0.796437
vn 0.066515 0.601053 0.796437
vn -0.066866 -0.590946 -0.803936
vn -0.066866 -0.590945 -0.803936
vn -0.066866 -0.590946 -0.803936
vn -0.066781 -0.590924 -0.803958
vn -0.066781 -0.590924 -0.803958
vn -0.066781 -0.590924 -0.803958
vn 0.066889 -0.589190 0.805221
vn 0.066889 -0.589190 0.805221
vn 0.066889 -0.589190 0.805221
vn 0.067039 -0.589180 0.805216
vn 0.067039 -0.589180 0.805216
vn 0.067039 -0.589180 0.805216
vn 0.066924 0.591021 0.803875
vn 0.066924 0.591021 0.803875
vn 0.066924 0.591021 0.803875
vn 0.066761 0.591263 0.803711
vn 0.066761 0.591263 0.803711
vn 0.066761 0.591263 0.803711
vn -0.066901 0.588996 -0.805362
vn -0.066901 0.588996 -0.805362
vn -0.066901 0.588996 -0.805362
vn -0.066995 0.588868 -0.805448
vn -0.066995 0.588868 -0.805448
vn -0.066995 0.588868 -0.805448
vn -0.996592 0.000145 0.082492
vn -0.996592 0.000145 0.082492
vn -0.996592 0.000145 0.082492
vn -0.996572 0.000000 0.082729
vn -0.996572 0.000000 0.082729
vn -0.996572 0.000000 0.082729
vn 0.082724 0.000017 0.996573
vn 0.082724 0.000017 0.996572
vn 0.082724 0.000017 0.996572
vn 0.082804 0.000000 0.996566
vn 0.082804 0.000000 0.996566
vn 0.082804 0.000000 0.996566
vn 0.082703 0.000008 0.996574
vn 0.082703 0.000008 0.996574
vn 0.082703 0.000008 0.996574
vn 0.082703 0.000008 0.996574
vn 0.082712 0.000000 0.996574
vn 0.082712 0.000000 0.996574
vn 0.082712 0.000000 0.996574
vn 0.082712 0.000000 0.996574
vn 0.082705 0.000001 0.996574
vn 0.082705 0.000001 0.996574
vn 0.082716 0.000013 0.996573
vn 0.092667 0.000000 0.995697
vn 0.092667 0.000000 0.995697
vn 0.092667 0.000000 0.995697
vn 0.092667 0.000000 0.995697
vn 0.082723 0.000000 0.996573
vn 0.082723 0.000000 0.996573
vn 0.082723 0.000000 0.996573
vn 0.082732 0.000000 0.996572
vn 0.082732 0.000000 0.996572
vn 0.082732 0.000000 0.996572
vn 0.082724 0.000056 0.996573
vn 0.082713 -0.000018 0.996573
vn 0.082712 -0.000025 0.996574
vn 0.082726 0.000071 0.996572
vn 0.082697 0.000041 0.996575
vn 0.082732 0.000074 0.996572
vn 0.082732 0.000074 0.996572
vn 0.082732 0.000074 0.996572
vn 0.082732 0.000074 0.996572
vn 0.082704 0.000000 0.996574
vn 0.082704 0.000000 0.996574
vn 0.092656 0.000000 0.995698
vn 0.092656 0.000000 0.995698
vn 0.092656 0.000000 0.995698
vn 0.092656 0.000000 0.995698
vn 0.996579 0.000067 -0.082644
vn 0.996579 0.000067 -0.082644
vn 0.996579 0.000067 -0.082644
vn -0.000000 1.000000 -0.000000
vn -0.000000 1.000000 -0.000000
vn -0.000000 1.000000 -0.000000
vn -0.000000 1.000000 -0.000000
vn -0.996545 -0.000022 0.083050
vn -0.996545 -0.000022 0.083050
vn -0.996545 -0.000022 0.083050
vn -0.000000 1.000000 0.000000
vn -0.000000 1.000000 0.000000
vn -0.000000 1.000000 0.000000
vn -0.000000 1.000000 0.000000
vn -0.996570 -0.000022 0.082760
vn -0.996570 -0.000022 0.082760
vn -0.996570 -0.000022 0.082760
vn 0.996548 0.007182 -0.082710
vn 0.996548 0.007182 -0.082710
vn 0.996548 0.007182 -0.082710
vn 0.996577 0.000000 -0.082671
vn 0.996577 0.000000 -0.082671
vn 0.996577 0.000000 -0.082671
vn 0.092699 -0.000016 0.995694
vn 0.092699 -0.000016 0.995694
vn 0.092699 -0.000016 0.995694
vn 0.092699 -0.000016 0.995694
vn -0.996551 -0.000036 0.082979
vn -0.996551 -0.000036 0.082979
vn -0.996551 -0.000036 0.082979
vn 0.082740 -0.000120 0.996571
vn 0.082740 -0.000120 0.996571
vn 0.082740 -0.000120 0.996571
vn 0.082740 -0.000120 0.996571
vn -0.996569 0.000000 0.082769
vn -0.996569 0.000000 0.082769
vn -0.996569 0.000000 0.082769
vn 0.990894 0.021948 -0.132840
vn 0.990894 0.021948 -0.132840
vn 0.990894 0.021948 -0.132840
vn 0.996540 0.000262 -0.083115
vn 0.996540 0.000262 -0.083115
vn 0.996540 0.000262 -0.083115
vn -0.000000 1.000000 0.000000
vn -0.000000 1.000000 0.000000
vn -0.000000 1.000000 0.000000
vn -0.000000 1.000000 0.000000
vn -0.996573 0.000131 0.082719
vn -0.996573 0.000131 0.082719
vn -0.996573 0.000131 0.082719
vn -0.000000 1.000000 0.000000
vn -0.000000 1.000000 0.000000
vn -0.000000 1.000000 0.000000
vn -0.000000 1.000000 0.000000
vn -0.996573 0.000044 0.082724
vn -0.996573 0.000044 0.082724
vn -0.996572 0.000044 0.082724
vn 0.996584 -0.001573 -0.082575
vn 0.996584 -0.001573 -0.082575
vn 0.996584 -0.001573 -0.082575
vn 0.996564 0.000000 -0.082826
vn 0.996564 0.000000 -0.082826
vn 0.996564 0.000000 -0.082826
vn 0.092649 0.000000 0.995699
vn 0.092649 0.000000 0.995699
vn 0.092649 0.000000 0.995699
vn 0.092649 0.000000 0.995699
vn -0.996562 0.000000 0.082857
vn -0.996562 0.000000 0.082857
vn -0.996561 0.000000 0.082857
vn 0.082718 0.000000 0.996573
vn 0.082718 0.000000 0.996573
vn 0.082718 0.000000 0.996573
vn 0.082718 0.000000 0.996573
vn -0.996570 0.000000 0.082750
vn -0.996570 0.000000 0.082750
vn -0.996570 0.000000 0.082750
vn 0.996432 0.000000 -0.084402
vn 0.996432 0.000000 -0.084402
vn 0.996432 0.000000 -0.084402
vn 0.996594 -0.000611 -0.082467
vn 0.996594 -0.000611 -0.082467
vn 0.996594 -0.000611 -0.082467
vn -0.000000 1.000000 -0.000000
vn -0.000000 1.000000 -0.000000
vn -0.000000 1.000000 -0.000000
vn -0.000000 1.000000 -0.000000
vn -0.996595 0.000458 0.082457
vn -0.996594 0.000458 0.082457
vn -0.996595 0.000458 0.082457
vn -0.000000 1.000000 0.000000
vn -0.000000 1.000000 0.000000
vn -0.000000 1.000000 0.000000
vn -0.000000 1.000000 0.000000
vn -0.996594 0.000382 0.082468
vn -0.996594 0.000382 0.082468
vn -0.996594 0.000382 0.082468
vn 0.996571 -0.002445 -0.082706
vn 0.996571 -0.002445 -0.082706
vn 0.996571 -0.002445 -0.082706
vn 0.996573 0.000000 -0.082716
vn 0.996573 0.000000 -0.082716
vn 0.996573 0.000000 -0.082716
vn 0.092666 0.000000 0.995697
vn 0.092666 0.000000 0.995697
vn 0.092666 0.000000 0.995697
vn 0.092666 0.000000 0.995697
vn -0.996572 0.000000 0.082732
vn -0.996572 0.000000 0.082732
vn -0.996572 0.000000 0.082732
vn 0.082725 0.000000 0.996572
vn 0.082725 0.000000 0.996572
vn 0.082725 0.000000 0.996572
vn 0.082725 0.000000 0.996572
vn -0.996578 0.000000 0.082661
vn -0.996578 0.000000 0.082661
vn -0.996578 0.000000 0.082661
vn 0.996477 0.000000 -0.083871
vn 0.996477 0.000000 -0.083871
vn 0.996477 0.000000 -0.083871
vn 0.996573 0.000000 -0.082720
vn 0.996573 0.000000 -0.082720
vn 0.996573 0.000000 -0.082720
vn 0.996573 0.000000 -0.082720
vn -0.000000 1.000000 0.000000
vn -0.000000 1.000000 0.000000
vn -0.000000 1.000000 0.000000
vn -0.000000 1.000000 0.000000
vn -0.996568 -0.000104 0.082773
vn -0.996568 -0.000104 0.082773
vn -0.996568 -0.000104 0.082773
vn -0.996568 -0.000104 0.082773
vn 0.000000 -1.000000 0.000000
vn 0.000000 -1.000000 0.000000
vn 0.000000 -1.000000 0.000000
vn 0.000000 -1.000000 0.000000
vn -0.000000 1.000000 -0.000000
vn -0.000000 1.000000 -0.000000
vn -0.000000 1.000000 -0.000000
vn -0.000000 1.000000 -0.000000
vn -0.996573 -0.000026 0.082719
vn -0.996573 -0.000026 0.082719
vn -0.996573 -0.000026 0.082719
vn -0.996573 -0.000026 0.082719
vn -0.000000 -1.000000 0.000000
vn -0.000000 -1.000000 0.000000
vn -0.000000 -1.000000 0.000000
vn -0.000000 -1.000000 0.000000
vn 0.996515 -0.001042 -0.083402
vn 0.996515 -0.001042 -0.083402
vn 0.996515 -0.001042 -0.083402
vn 0.996515 -0.001042 -0.083402
vn 0.000000 0.000000 0.000000
vn 0.000000 0.000000 0.000000
vn 0.000000 0.000000 0.000000
vn 0.000000 0.000000 0.000000
vn 0.000000 0.000000 0.000000
vn 0.000000 0.000000 0.000000
vn 0.000000 0.000000 0.000000
vn 0.000000 0.000000 0.000000
vn 0.000000 0.000000 0.000000
vn 0.000000 0.000000 0.000000
vn 0.000000 0.000000 0.000000
vn 0.000000 0.000000 0.000000
vn 0.000000 0.000000 0.000000
vn 0.000000 0.000000 0.000000
vn 0.000000 0.000000 0.000000
vn 0.000000 0.000000 0.000000
vn 0.000000 0.000000 0.000000
vn 0.000000 0.000000 0.000000
vn 0.000000 0.000000 0.000000
vn 0.000000 0.000000 0.000000
vn 0.000000 0.000000 0.000000
vn 0.000000 0.000000 0.000000
vn 0.000000 0.000000 0.000000
vn 0.000000 0.000000 0.000000
vn 0.000000 0.000000 0.000000
vn 0.000000 0.000000 0.000000
vn 0.000000 0.000000 0.000000
vn 0.000000 0.000000 0.000000
vn 0.000000 0.000000 0.000000
vn 0.000000 0.000000 0.000000
vn 0.000000 0.000000 0.000000
vn 0.000000 0.000000 0.000000
vn 0.090159 -0.007557 0.995899
vn 0.090159 -0.007557 0.995899
vn -0.996571 0.000000 0.082747
vn -0.996571 0.000000 0.082747
vn -0.996571 0.000000 0.082747
vn -0.996571 0.000000 0.082747
vn 0.000000 -1.000000 0.000001
vn 0.000000 -1.000000 0.000001
vn 0.000000 -1.000000 0.000001
vn 0.000000 -1.000000 0.000001
vn 0.000000 1.000000 -0.000001
vn 0.000000 1.000000 -0.000001
vn 0.000000 1.000000 -0.000001
vn 0.000000 1.000000 -0.000001
vn -0.996571 0.000000 0.082748
vn -0.996571 0.000000 0.082748
vn -0.996571 0.000000 0.082748
vn -0.996571 0.000000 0.082748
vn -0.996570 0.000000 0.082749
vn -0.996570 0.000000 0.082749
vn -0.996570 0.000000 0.082749
vn -0.996570 0.000000 0.082749
vn 0.996571 0.000000 -0.082747
vn 0.996571 0.000000 -0.082747
vn 0.996571 0.000000 -0.082747
vn 0.000000 -1.000000 0.000001
vn 0.000000 -1.000000 0.000001
vn 0.000000 -1.000000 0.000001
vn 0.000000 -1.000000 0.000001
vn 0.996571 0.000000 -0.082748
vn 0.996570 0.000000 -0.082748
vn 0.996571 0.000000 -0.082748
vn 0.996571 0.000000 -0.082748
vn 0.996571 0.000000 -0.082748
vn 0.996571 0.000000 -0.082748
vn 0.996571 0.000000 -0.082748
vn 0.000000 1.000000 -0.000001
vn 0.000000 1.000000 -0.000001
vn 0.000000 1.000000 -0.000001
vn 0.000000 1.000000 -0.000001
vn -0.996572 0.000000 0.082736
vn -0.996572 0.000000 0.082736
vn -0.996572 0.000000 0.082736
vn -0.996572 0.000000 0.082736
vn 0.000000 -1.000000 0.000000
vn 0.000000 -1.000000 0.000000
vn 0.000000 -1.000000 0.000000
vn 0.000000 -1.000000 0.000000
vn 0.996582 0.000000 -0.082606
vn 0.996582 0.000000 -0.082606
vn 0.996582 0.000000 -0.082606
vn 0.996582 0.000000 -0.082606
vn 0.000000 1.000000 0.000001
vn 0.000000 1.000000 0.000001
vn 0.000000 1.000000 0.000001
vn 0.000000 1.000000 0.000001
vn 0.000000 1.000000 0.000001
vn 0.000000 1.000000 0.000001
vn 0.000000 1.000000 0.000001
vn 0.000000 1.000000 0.000001
vn -0.996582 0.000000 0.082605
vn -0.996582 0.000000 0.082605
vn -0.996582 0.000000 0.082605
vn -0.996582 0.000000 0.082605
vn 0.000000 -1.000000 0.000000
vn 0.000000 -1.000000 0.000000
vn 0.000000 -1.000000 0.000000
vn 0.000000 -1.000000 0.000000
vn 0.996582 0.000000 -0.082605
vn 0.996582 0.000000 -0.082605
vn 0.996582 0.000000 -0.082605
vn 0.996582 0.000000 -0.082605
vn 0.000000 1.000000 -0.000001
vn 0.000000 1.000000 -0.000001
vn 0.000000 1.000000 -0.000001
vn 0.000000 1.000000 -0.000001
vn -0.996577 -0.000031 0.082672
vn -0.996577 -0.000031 0.082672
vn -0.996577 -0.000031 0.082672
vn -0.996577 -0.000031 0.082672
vn 0.000000 -1.000000 0.000001
vn 0.000000 -1.000000 0.000001
vn 0.000000 -1.000000 0.000001
vn 0.000000 -1.000000 0.000001
vn 0.996583 0.000000 -0.082603
vn 0.996583 0.000000 -0.082603
vn 0.996583 0.000000 -0.082603
vn 0.996583 0.000000 -0.082603
vn -0.996582 0.000000 0.082606
vn -0.996582 0.000000 0.082606
vn -0.996582 0.000000 0.082606
vn -0.996582 0.000000 0.082606
vn 0.000000 -1.000000 0.000000
vn 0.000000 -1.000000 0.000000
vn 0.000000 -1.000000 0.000000
vn 0.000000 -1.000000 0.000000
vn 0.996582 0.000000 -0.082606
vn 0.996582 0.000000 -0.082606
vn 0.996582 0.000000 -0.082606
vn 0.996582 0.000000 -0.082606
vn 0.000000 1.000000 -0.000001
vn 0.000000 1.000000 -0.000001
vn 0.000000 1.000000 -0.000001
vn 0.000000 1.000000 -0.000001
vn 0.996577 0.000000 -0.082672
vn 0.996577 0.000000 -0.082672
vn 0.996577 0.000000 -0.082672
vn 0.996577 0.000000 -0.082672
vn 0.000000 1.000000 0.000000
vn 0.000000 1.000000 0.000000
vn 0.000000 1.000000 0.000000
vn 0.000000 1.000000 0.000000
vn -0.996583 0.000000 0.082603
vn -0.996583 0.000000 0.082603
vn -0.996583 0.000000 0.082603
vn -0.996583 0.000000 0.082603
vn 0.000000 -1.000000 0.000001
vn 0.000000 -1.000000 0.000001
vn 0.000000 -1.000000 0.000001
vn 0.000000 -1.000000 0.000001
vn 0.996571 0.000000 -0.082737
vn 0.996571 0.000000 -0.082737
vn 0.996571 0.000000 -0.082737
vn 0.996571 0.000000 -0.082737
vn 0.000000 1.000000 -0.000003
vn 0.000000 1.000000 -0.000003
vn 0.000000 1.000000 -0.000003
vn 0.000000 1.000000 -0.000003
vn -0.996582 0.000000 0.082605
vn -0.996582 0.000000 0.082605
vn -0.996582 0.000000 0.082605
vn -0.996582 0.000000 0.082605
vn 0.000000 -1.000000 -0.000003
vn 0.000000 -1.000000 -0.000003
vn 0.000000 -1.000000 -0.000003
vn 0.000000 -1.000000 -0.000003
vn -0.996571 0.000000 0.082747
vn -0.996571 0.000000 0.082747
vn -0.996571 0.000000 0.082747
vn 0.000000 -1.000000 -0.000000
vn 0.000000 -1.000000 -0.000000
vn 0.000000 -1.000000 -0.000000
vn 0.000000 -1.000000 -0.000000
vn 0.996571 0.000000 -0.082747
vn 0.996571 0.000000 -0.082747
vn 0.996571 0.000000 -0.082747
vn 0.996571 0.000000 -0.082747
vn 0.000000 -1.000000 -0.000000
vn 0.000000 -1.000000 -0.000000
vn 0.000000 -1.000000 -0.000000
vn 0.000000 -1.000000 -0.000000
vn 0.996571 0.000000 -0.082748
vn 0.996571 0.000000 -0.082748
vn 0.996571 0.000000 -0.082748
vn 0.996571 0.000000 -0.082748
vn 0.000000 1.000000 -0.000001
vn 0.000000 1.000000 -0.000001
vn 0.000000 1.000000 -0.000001
vn 0.000000 1.000000 -0.000001
vn 0.000000 1.000000 -0.000001
vn 0.000000 1.000000 -0.000001
vn 0.000000 1.000000 -0.000001
vn 0.000000 1.000000 -0.000001
vn -0.996571 0.000000 0.082748
vn -0.996571 0.000000 0.082748
vn -0.996571 0.000000 0.082748
vn 0.996570 0.000000 -0.082749
vn 0.996570 0.000000 -0.082749
vn 0.996570 0.000000 -0.082749
vn 0.996570 0.000000 -0.082749
vn -0.996570 0.000000 0.082750
vn -0.996570 0.000000 0.082750
vn -0.996570 0.000000 0.082750
vn -0.996570 0.000000 0.082750
vn -0.996571 0.000000 0.082738
vn -0.996571 0.000000 0.082738
vn -0.996571 0.000000 0.082738
vn -0.996571 0.000000 0.082738
vn 0.000000 -1.000000 0.000001
vn 0.000000 -1.000000 0.000001
vn 0.000000 -1.000000 0.000001
vn 0.000000 -1.000000 0.000001
vn 0.996572 0.000000 -0.082736
vn 0.996572 0.000000 -0.082736
vn 0.996572 0.000000 -0.082736
vn 0.996572 0.000000 -0.082736
vn 0.000000 1.000000 -0.000001
vn 0.000000 1.000000 -0.000001
vn 0.000000 1.000000 -0.000001
vn 0.000000 1.000000 -0.000001
vn -0.996572 0.000000 0.082736
vn -0.996572 0.000000 0.082736
vn -0.996572 0.000000 0.082736
vn -0.996572 0.000000 0.082736
vn 0.000000 -1.000000 0.000001
vn 0.000000 -1.000000 0.000001
vn 0.000000 -1.000000 0.000001
vn 0.000000 -1.000000 0.000001
vn 0.996572 0.000000 -0.082736
vn 0.996572 0.000000 -0.082736
vn 0.996572 0.000000 -0.082736
vn 0.996572 0.000000 -0.082736
vn 0.000000 1.000000 -0.000001
vn 0.000000 1.000000 -0.000001
vn 0.000000 1.000000 -0.000001
vn 0.000000 1.000000 -0.000001
vn 0.000000 1.000000 0.000001
vn 0.000000 1.000000 0.000001
vn 0.000000 1.000000 0.000001
vn 0.000000 1.000000 0.000001
vn -0.996582 0.000000 0.082605
vn -0.996582 0.000000 0.082605
vn -0.996582 0.000000 0.082605
vn -0.996582 0.000000 0.082605
vn 0.000000 -1.000000 0.000002
vn 0.000000 -1.000000 0.000002
vn 0.000000 -1.000000 0.000002
vn 0.000000 -1.000000 0.000002
vn 0.996571 0.000000 -0.082737
vn 0.996571 0.000000 -0.082737
vn 0.996571 0.000000 -0.082737
vn 0.996571 0.000000 -0.082737
vn 0.000000 1.000000 0.000000
vn 0.000000 1.000000 0.000000
vn 0.000000 1.000000 0.000000
vn 0.000000 1.000000 0.000000
vn -0.996571 0.000000 0.082737
vn -0.996571 0.000000 0.082737
vn -0.996571 0.000000 0.082737
vn -0.996571 0.000000 0.082737
vn 0.000000 -1.000000 0.000002
vn 0.000000 -1.000000 0.000002
vn 0.000000 -1.000000 0.000002
vn 0.000000 -1.000000 0.000002
vn 0.996571 0.000000 -0.082737
vn 0.996571 0.000000 -0.082737
vn 0.996571 0.000000 -0.082737
vn 0.996571 0.000000 -0.082737
vn 0.000000 1.000000 -0.000000
vn 0.000000 1.000000 -0.000000
vn 0.000000 1.000000 -0.000000
vn 0.000000 1.000000 -0.000000
vn -0.996577 -0.000031 0.082672
vn -0.996577 -0.000031 0.082672
vn -0.996577 -0.000031 0.082672
vn -0.996577 -0.000031 0.082672
vn 0.000000 -1.000000 -0.000001
vn 0.000000 -1.000000 -0.000001
vn 0.000000 -1.000000 -0.000001
vn 0.000000 -1.000000 -0.000001
vn 0.996572 0.000000 -0.082736
vn 0.996572 0.000000 -0.082736
vn 0.996572 0.000000 -0.082736
vn 0.996572 0.000000 -0.082736
vn 0.000000 1.000000 -0.000000
vn 0.000000 1.000000 -0.000000
vn 0.000000 1.000000 -0.000000
vn 0.000000 1.000000 -0.000000
vn -0.996572 0.000000 0.082736
vn -0.996572 0.000000 0.082736
vn -0.996572 0.000000 0.082736
vn -0.996572 0.000000 0.082736
vn 0.000000 -1.000000 -0.000001
vn 0.000000 -1.000000 -0.000001
vn 0.000000 -1.000000 -0.000001
vn 0.000000 -1.000000 -0.000001
vn 0.996572 0.000000 -0.082736
vn 0.996572 0.000000 -0.082736
vn 0.996572 0.000000 -0.082736
vn 0.996572 0.000000 -0.082736
vn 0.082715 0.000073 0.996573
vn 0.082715 0.000073 0.996573
vn 0.082715 0.000073 0.996573
vn 0.082715 0.000073 0.996573
vn 0.082732 0.000000 0.996572
vn 0.082732 0.000000 0.996572
vn 0.082732 0.000000 0.996572
vn 0.082732 0.000000 0.996572
vn 0.082738 0.000000 0.996571
vn 0.082738 0.000000 0.996571
vn 0.082738 0.000000 0.996571
vn 0.082738 0.000000 0.996571
vn 0.082735 0.000000 0.996572
vn 0.082735 0.000000 0.996572
vn 0.082735 0.000000 0.996572
vn 0.082735 0.000000 0.996572
vn 0.082684 0.000000 0.996576
vn 0.082684 0.000000 0.996576
vn 0.082684 0.000000 0.996576
vn 0.082684 0.000000 0.996576
vn 0.082684 0.000000 0.996576
vn 0.082684 0.000000 0.996576
vn 0.082684 0.000000 0.996576
vn 0.082684 0.000000 0.996576
vn 0.082684 0.000000 0.996576
vn 0.082684 0.000000 0.996576
vn 0.082684 0.000000 0.996576
vn 0.082684 0.000000 0.996576
vn 0.082734 0.000000 0.996572
vn 0.082734 0.000000 0.996572
vn 0.082734 0.000000 0.996572
vn 0.082734 0.000000 0.996572
vn 0.082738 0.000000 0.996571
vn 0.082738 0.000000 0.996571
vn 0.082738 0.000000 0.996571
vn 0.082738 0.000000 0.996571
vn 0.082736 0.000000 0.996572
vn 0.082736 0.000000 0.996572
vn 0.082736 0.000000 0.996572
vn 0.082736 0.000000 0.996572
vn 0.082686 0.000057 0.996576
vn 0.082686 0.000057 0.996576
vn 0.082686 0.000057 0.996576
vn 0.082738 0.000091 0.996571
vn 0.082738 0.000091 0.996571
vn 0.082738 0.000091 0.996571
vn 0.082734 -0.000005 0.996572
vn 0.082734 -0.000005 0.996572
vn 0.082734 -0.000005 0.996572
vn 0.082698 0.000106 0.996575
vn 0.082698 0.000106 0.996575
vn 0.082698 0.000106 0.996575
vn 0.082698 0.000106 0.996575
vn 0.082715 0.000000 0.996573
vn 0.082715 0.000000 0.996573
vn 0.082715 0.000000 0.996573
vn 0.082715 0.000000 0.996573
vn 0.082711 -0.000002 0.996574
vn 0.082711 -0.000002 0.996574
vn 0.082711 -0.000002 0.996574
vn 0.082711 -0.000002 0.996574
vn -0.996574 0.000007 0.082712
vn -0.996574 0.000007 0.082712
vn -0.996574 0.000007 0.082712
vn -0.996573 0.000000 0.082714
vn -0.996573 0.000000 0.082714
vn -0.996573 0.000000 0.082714
s off
g polySurface1649
usemtl lambert15SG
f 4/1482/1 1/1483/2 2/1484/3
f 2/1484/4 3/1485/5 4/1482/6
f 8/1486/7 5/1487/8 6/1488/9
f 6/1488/10 7/1489/11 8/1486/12
f 12/1490/13 9/1491/14 10/1492/15
f 10/1492/16 11/1493/17 12/1490/18
f 16/1494/19 13/1495/20 14/1496/21
f 14/1496/22 15/1497/23 16/1494/24
f 20/1498/25 17/1499/26 18/1500/27
f 18/1500/28 19/1501/29 20/1498/30
f 24/1502/31 21/1503/32 22/1504/33
f 22/1504/34 23/1505/35 24/1502/36
f 25/1506/37 26/1507/38 27/1508/39
f 27/1508/40 28/1511/41 25/1506/42
f 28/1511/43 27/1508/44 29/1515/45
f 29/1515/46 30/1516/47 28/1511/48
f 30/1516/49 29/1515/50 31/1512/51
f 31/1512/52 32/1509/53 30/1516/54
f 32/1509/55 31/1512/56 26/1507/57
f 26/1507/58 25/1506/59 32/1509/60
f 33/1531/61 34/1526/62 35/1527/63
f 35/1527/64 36/1534/65 33/1531/66
f 36/1534/67 35/1527/68 37/1538/69
f 37/1538/70 38/1540/71 36/1534/72
f 38/1540/73 37/1538/74 39/1537/75
f 39/1537/76 40/1533/77 38/1540/78
f 40/1533/79 39/1537/80 34/1526/81
f 34/1526/82 33/1531/83 40/1533/84
f 41/1519/85 29/1515/86 27/1508/87
f 27/1508/88 42/1523/89 41/1519/90
f 42/1523/91 27/1508/92 35/1527/93
f 35/1527/94 43/1529/95 42/1523/96
f 43/1529/97 35/1527/98 34/1526/99
f 34/1526/100 44/1522/101 43/1529/102
f 44/1522/103 34/1526/104 29/1515/105
f 29/1515/106 41/1519/107 44/1522/108
f 45/1520/109 46/1518/110 47/1517/111
f 47/1517/112 48/1513/113 45/1520/114
f 48/1513/115 47/1517/116 27/1508/117
f 27/1508/118 49/1510/119 48/1513/120
f 49/1510/121 27/1508/122 26/1507/123
f 26/1507/124 50/1514/125 49/1510/126
f 50/1514/127 26/1507/128 46/1518/129
f 46/1518/130 45/1520/131 50/1514/132
f 51/1524/133 35/1527/134 27/1508/135
f 27/1508/136 52/1521/137 51/1524/138
f 52/1521/139 27/1508/140 47/1517/141
f 47/1517/142 53/1525/143 52/1521/144
f 53/1525/145 47/1517/146 54/1528/147
f 54/1528/148 55/1530/149 53/1525/150
f 55/1530/151 54/1528/152 35/1527/153
f 35/1527/154 51/1524/155 55/1530/156
f 56/1535/157 37/1538/158 35/1527/159
f 35/1527/160 57/1532/161 56/1535/162
f 57/1532/163 35/1527/164 54/1528/165
f 54/1528/166 58/1536/167 57/1532/168
f 58/1536/169 54/1528/170 59/1539/171
f 59/1539/172 60/1541/173 58/1536/174
f 60/1541/175 59/1539/176 37/1538/177
f 37/1538/178 56/1535/179 60/1541/180
f 61/17/181 25/18/182 28/19/183
f 28/19/184 62/20/185 61/17/186
f 62/826/187 28/827/188 30/828/189
f 30/828/190 63/829/191 62/826/192
f 63/23/193 30/24/194 32/25/195
f 32/25/196 64/26/197 63/23/198
f 64/832/199 32/833/200 25/834/201
f 25/834/202 61/835/203 64/832/204
f 65/838/205 33/839/206 36/840/207
f 36/840/208 66/841/209 65/838/210
f 66/29/211 36/30/212 38/31/213
f 38/31/214 67/32/215 66/29/216
f 67/844/217 38/845/218 40/846/219
f 40/846/220 68/847/221 67/844/222
f 68/35/223 40/36/224 33/37/225
f 33/37/226 65/38/227 68/35/228
f 69/850/229 41/851/230 42/852/231
f 42/852/232 70/853/233 69/850/234
f 70/41/235 42/42/236 43/43/237
f 43/43/238 71/44/239 70/41/240
f 71/856/241 43/857/242 44/858/243
f 44/858/244 72/859/245 71/856/246
f 72/47/247 44/48/248 41/49/249
f 41/49/250 69/50/251 72/47/252
f 73/53/253 45/54/254 48/55/255
f 48/55/256 74/56/257 73/53/258
f 74/862/259 48/863/260 49/864/261
f 49/864/262 75/865/263 74/862/264
f 75/59/265 49/60/266 50/61/267
f 50/61/268 76/62/269 75/59/270
f 76/868/271 50/869/272 45/870/273
f 45/870/274 73/871/275 76/868/276
f 77/65/277 51/66/278 52/67/279
f 52/67/280 78/68/281 77/65/282
f 78/874/283 52/875/284 53/876/285
f 53/876/286 79/877/287 78/874/288
f 79/71/289 53/72/290 55/73/291
f 55/73/292 80/74/293 79/71/294
f 80/880/295 55/881/296 51/882/297
f 51/882/298 77/883/299 80/880/300
f 81/77/301 56/78/302 57/79/303
f 57/79/304 82/80/305 81/77/306
f 82/886/307 57/887/308 58/888/309
f 58/888/310 83/889/311 82/886/312
f 83/83/313 58/84/314 60/85/315
f 60/85/316 84/86/317 83/83/318
f 84/892/319 60/893/320 56/894/321
f 56/894/322 81/895/323 84/892/324
f 85/89/325 31/90/326 29/91/327
f 85/898/328 86/899/329 26/900/330 31/901/331
f 87/903/332 88/904/333 39/905/334 37/906/335
f 88/92/336 34/93/337 39/94/338
f 88/92/339 85/89/340 29/91/341 34/93/342
f 86/95/343 47/96/344 46/97/345
f 86/899/346 46/902/347 26/900/348
f 86/95/349 87/98/350 54/99/351 47/96/352
f 87/98/353 59/100/354 54/99/355
f 87/903/356 37/906/357 59/907/358
f 2/21/359 1/22/360 61/17/361 62/20/362
f 3/830/363 2/831/364 62/826/365 63/829/366
f 4/27/367 3/28/368 63/23/369 64/26/370
f 1/836/371 4/837/372 64/832/373 61/835/374
f 6/842/375 5/843/376 65/838/377 66/841/378
f 7/33/379 6/34/380 66/29/381 67/32/382
f 8/848/383 7/849/384 67/844/385 68/847/386
f 5/39/387 8/40/388 68/35/389 65/38/390
f 10/854/391 9/855/392 69/850/393 70/853/394
f 11/45/395 10/46/396 70/41/397 71/44/398
f 12/860/399 11/861/400 71/856/401 72/859/402
f 9/51/403 12/52/404 72/47/405 69/50/406
f 14/57/407 13/58/408 73/53/409 74/56/410
f 15/866/411 14/867/412 74/862/413 75/865/414
f 16/63/415 15/64/416 75/59/417 76/62/418
f 13/872/419 16/873/420 76/868/421 73/871/422
f 18/69/423 17/70/424 77/65/425 78/68/426
f 19/878/427 18/879/428 78/874/429 79/877/430
f 20/75/431 19/76/432 79/71/433 80/74/434
f 17/884/435 20/885/436 80/880/437 77/883/438
f 22/81/439 21/82/440 81/77/441 82/80/442
f 23/890/443 22/891/444 82/886/445 83/889/446
f 24/87/447 23/88/448 83/83/449 84/86/450
f 21/896/451 24/897/452 84/892/453 81/895/454
f 92/1542/455 89/1543/456 90/1544/457
f 90/1544/458 91/1545/459 92/1542/460
f 96/1546/461 93/1547/462 94/1548/463
f 94/1548/464 95/1549/465 96/1546/466
f 100/1550/467 97/1551/468 98/1552/469
f 98/1552/470 99/1553/471 100/1550/472
f 104/1554/473 101/1555/474 102/1556/475
f 102/1556/476 103/1557/477 104/1554/478
f 108/1558/479 105/1559/480 106/1560/481
f 106/1560/482 107/1561/483 108/1558/484
f 112/1562/485 109/1563/486 110/1564/487
f 110/1564/488 111/1565/489 112/1562/490
f 113/1566/491 114/1567/492 115/1568/493
f 115/1568/494 116/1571/495 113/1566/496
f 116/1571/497 115/1568/498 117/1575/499
f 117/1575/500 118/1576/501 116/1571/502
f 118/1576/503 117/1575/504 119/1572/505
f 119/1572/506 120/1569/507 118/1576/508
f 120/1569/509 119/1572/510 114/1567/511
f 114/1567/512 113/1566/513 120/1569/514
f 121/1591/515 122/1586/516 123/1587/517
f 123/1587/518 124/1594/519 121/1591/520
f 124/1594/521 123/1587/522 125/1598/523
f 125/1598/524 126/1600/525 124/1594/526
f 126/1600/527 125/1598/528 127/1597/529
f 127/1597/530 128/1593/531 126/1600/532
f 128/1593/533 127/1597/534 122/1586/535
f 122/1586/536 121/1591/537 128/1593/538
f 129/1579/539 117/1575/540 115/1568/541
f 115/1568/542 130/1583/543 129/1579/544
f 130/1583/545 115/1568/546 123/1587/547
f 123/1587/548 131/1589/549 130/1583/550
f 131/1589/551 123/1587/552 122/1586/553
f 122/1586/554 132/1582/555 131/1589/556
f 132/1582/557 122/1586/558 117/1575/559
f 117/1575/560 129/1579/561 132/1582/562
f 133/1580/563 134/1578/564 135/1577/565
f 135/1577/566 136/1573/567 133/1580/568
f 136/1573/569 135/1577/570 115/1568/571
f 115/1568/572 137/1570/573 136/1573/574
f 137/1570/575 115/1568/576 114/1567/577
f 114/1567/578 138/1574/579 137/1570/580
f 138/1574/581 114/1567/582 134/1578/583
f 134/1578/584 133/1580/585 138/1574/586
f 139/1584/587 123/1587/588 115/1568/589
f 115/1568/590 140/1581/591 139/1584/592
f 140/1581/593 115/1568/594 135/1577/595
f 135/1577/596 141/1585/597 140/1581/598
f 141/1585/599 135/1577/600 142/1588/601
f 142/1588/602 143/1590/603 141/1585/604
f 143/1590/605 142/1588/606 123/1587/607
f 123/1587/608 139/1584/609 143/1590/610
f 144/1595/611 125/1598/612 123/1587/613
f 123/1587/614 145/1592/615 144/1595/616
f 145/1592/617 123/1587/618 142/1588/619
f 142/1588/620 146/1596/621 145/1592/622
f 146/1596/623 142/1588/624 147/1599/625
f 147/1599/626 148/1601/627 146/1596/628
f 148/1601/629 147/1599/630 125/1598/631
f 125/1598/632 144/1595/633 148/1601/634
f 149/101/635 113/102/636 116/103/637
f 116/103/638 150/104/639 149/101/640
f 150/908/641 116/909/642 118/910/643
f 118/910/644 151/911/645 150/908/646
f 151/107/647 118/108/648 120/109/649
f 120/109/650 152/110/651 151/107/652
f 152/914/653 120/915/654 113/916/655
f 113/916/656 149/917/657 152/914/658
f 153/920/659 121/921/660 124/922/661
f 124/922/662 154/923/663 153/920/664
f 154/113/665 124/114/666 126/115/667
f 126/115/668 155/116/669 154/113/670
f 155/926/671 126/927/672 128/928/673
f 128/928/674 156/929/675 155/926/676
f 156/119/677 128/120/678 121/121/679
f 121/121/680 153/122/681 156/119/682
f 157/932/683 129/933/684 130/934/685
f 130/934/686 158/935/687 157/932/688
f 158/125/689 130/126/690 131/127/691
f 131/127/692 159/128/693 158/125/694
f 159/938/695 131/939/696 132/940/697
f 132/940/698 160/941/699 159/938/700
f 160/131/701 132/132/702 129/133/703
f 129/133/704 157/134/705 160/131/706
f 161/137/707 133/138/708 136/139/709
f 136/139/710 162/140/711 161/137/712
f 162/944/713 136/945/714 137/946/715
f 137/946/716 163/947/717 162/944/718
f 163/143/719 137/144/720 138/145/721
f 138/145/722 164/146/723 163/143/724
f 164/950/725 138/951/726 133/952/727
f 133/952/728 161/953/729 164/950/730
f 165/149/731 139/150/732 140/151/733
f 140/151/734 166/152/735 165/149/736
f 166/956/737 140/957/738 141/958/739
f 141/958/740 167/959/741 166/956/742
f 167/155/743 141/156/744 143/157/745
f 143/157/746 168/158/747 167/155/748
f 168/962/749 143/963/750 139/964/751
f 139/964/752 165/965/753 168/962/754
f 169/161/755 144/162/756 145/163/757
f 145/163/758 170/164/759 169/161/760
f 170/968/761 145/969/762 146/970/763
f 146/970/764 171/971/765 170/968/766
f 171/167/767 146/168/768 148/169/769
f 148/169/770 172/170/771 171/167/772
f 172/974/773 148/975/774 144/976/775
f 144/976/776 169/977/777 172/974/778
f 173/173/779 119/174/780 117/175/781
f 173/980/782 114/981/783 119/982/784
f 174/985/785 175/986/786 127/987/787 125/988/788
f 175/176/789 122/177/790 127/178/791
f 175/176/792 173/173/793 117/175/794 122/177/795
f 176/179/796 135/180/797 134/181/798
f 173/980/799 176/983/800 134/984/801 114/981/802
f 176/179/803 174/182/804 142/183/805 135/180/806
f 174/182/807 147/184/808 142/183/809
f 174/985/810 125/988/811 147/989/812
f 90/105/813 89/106/814 149/101/815 150/104/816
f 91/912/817 90/913/818 150/908/819 151/911/820
f 92/111/821 91/112/822 151/107/823 152/110/824
f 89/918/825 92/919/826 152/914/827 149/917/828
f 94/924/829 93/925/830 153/920/831 154/923/832
f 95/117/833 94/118/834 154/113/835 155/116/836
f 96/930/837 95/931/838 155/926/839 156/929/840
f 93/123/841 96/124/842 156/119/843 153/122/844
f 98/936/845 97/937/846 157/932/847 158/935/848
f 99/129/849 98/130/850 158/125/851 159/128/852
f 100/942/853 99/943/854 159/938/855 160/941/856
f 97/135/857 100/136/858 160/131/859 157/134/860
f 102/141/861 101/142/862 161/137/863 162/140/864
f 103/948/865 102/949/866 162/944/867 163/947/868
f 104/147/869 103/148/870 163/143/871 164/146/872
f 101/954/873 104/955/874 164/950/875 161/953/876
f 106/153/877 105/154/878 165/149/879 166/152/880
f 107/960/881 106/961/882 166/956/883 167/959/884
f 108/159/885 107/160/886 167/155/887 168/158/888
f 105/966/889 108/967/890 168/962/891 165/965/892
f 110/165/893 109/166/894 169/161/895 170/164/896
f 111/972/897 110/973/898 170/968/899 171/971/900
f 112/171/901 111/172/902 171/167/903 172/170/904
f 109/978/905 112/979/906 172/974/907 169/977/908
f 180/1602/909 177/1603/910 178/1604/911
f 178/1604/912 179/1605/913 180/1602/914
f 184/1606/915 181/1607/916 182/1608/917
f 182/1608/918 183/1609/919 184/1606/920
f 188/1610/921 185/1611/922 186/1612/923
f 186/1612/924 187/1613/925 188/1610/926
f 192/1614/927 189/1615/928 190/1616/929
f 190/1616/930 191/1617/931 192/1614/932
f 196/1618/933 193/1619/934 194/1620/935
f 194/1620/936 195/1621/937 196/1618/938
f 200/1622/939 197/1623/940 198/1624/941
f 198/1624/942 199/1625/943 200/1622/944
f 201/1626/945 202/1627/946 203/1628/947
f 203/1628/948 204/1631/949 201/1626/950
f 204/1631/951 203/1628/952 205/1635/953
f 205/1635/954 206/1636/955 204/1631/956
f 206/1636/957 205/1635/958 207/1632/959
f 207/1632/960 208/1629/961 206/1636/962
f 208/1629/963 207/1632/964 202/1627/965
f 202/1627/966 201/1626/967 208/1629/968
f 209/1651/969 210/1646/970 211/1647/971
f 211/1647/972 212/1654/973 209/1651/974
f 212/1654/975 211/1647/976 213/1658/977
f 213/1658/978 214/1660/979 212/1654/980
f 214/1660/981 213/1658/982 215/1657/983
f 215/1657/984 216/1653/985 214/1660/986
f 216/1653/987 215/1657/988 210/1646/989
f 210/1646/990 209/1651/991 216/1653/992
f 217/1639/993 205/1635/994 203/1628/995
f 203/1628/996 218/1643/997 217/1639/998
f 218/1643/999 203/1628/1000 211/1647/1001
f 211/1647/1002 219/1649/1003 218/1643/1004
f 219/1649/1005 211/1647/1006 210/1646/1007
f 210/1646/1008 220/1642/1009 219/1649/1010
f 220/1642/1011 210/1646/1012 205/1635/1013
f 205/1635/1014 217/1639/1015 220/1642/1016
f 221/1640/1017 222/1638/1018 223/1637/1019
f 223/1637/1020 224/1633/1021 221/1640/1022
f 224/1633/1023 223/1637/1024 203/1628/1025
f 203/1628/1026 225/1630/1027 224/1633/1028
f 225/1630/1029 203/1628/1030 202/1627/1031
f 202/1627/1032 226/1634/1033 225/1630/1034
f 226/1634/1035 202/1627/1036 222/1638/1037
f 222/1638/1038 221/1640/1039 226/1634/1040
f 227/1644/1041 211/1647/1042 203/1628/1043
f 203/1628/1044 228/1641/1045 227/1644/1046
f 228/1641/1047 203/1628/1048 223/1637/1049
f 223/1637/1050 229/1645/1051 228/1641/1052
f 229/1645/1053 223/1637/1054 230/1648/1055
f 230/1648/1056 231/1650/1057 229/1645/1058
f 231/1650/1059 230/1648/1060 211/1647/1061
f 211/1647/1062 227/1644/1063 231/1650/1064
f 232/1655/1065 213/1658/1066 211/1647/1067
f 211/1647/1068 233/1652/1069 232/1655/1070
f 233/1652/1071 211/1647/1072 230/1648/1073
f 230/1648/1074 234/1656/1075 233/1652/1076
f 234/1656/1077 230/1648/1078 235/1659/1079
f 235/1659/1080 236/1661/1081 234/1656/1082
f 236/1661/1083 235/1659/1084 213/1658/1085
f 213/1658/1086 232/1655/1087 236/1661/1088
f 237/185/1089 201/186/1090 204/187/1091
f 204/187/1092 238/188/1093 237/185/1094
f 238/990/1095 204/991/1096 206/992/1097
f 206/992/1098 239/993/1099 238/990/1100
f 239/191/1101 206/192/1102 208/193/1103
f 208/193/1104 240/194/1105 239/191/1106
f 240/996/1107 208/997/1108 201/998/1109
f 201/998/1110 237/999/1111 240/996/1112
f 241/1002/1113 209/1003/1114 212/1004/1115
f 212/1004/1116 242/1005/1117 241/1002/1118
f 242/197/1119 212/198/1120 214/199/1121
f 214/199/1122 243/200/1123 242/197/1124
f 243/1008/1125 214/1009/1126 216/1010/1127
f 216/1010/1128 244/1011/1129 243/1008/1130
f 244/203/1131 216/204/1132 209/205/1133
f 209/205/1134 241/206/1135 244/203/1136
f 245/1014/1137 217/1015/1138 218/1016/1139
f 218/1016/1140 246/1017/1141 245/1014/1142
f 246/209/1143 218/210/1144 219/211/1145
f 219/211/1146 247/212/1147 246/209/1148
f 247/1020/1149 219/1021/1150 220/1022/1151
f 220/1022/1152 248/1023/1153 247/1020/1154
f 248/215/1155 220/216/1156 217/217/1157
f 217/217/1158 245/218/1159 248/215/1160
f 249/221/1161 221/222/1162 224/223/1163
f 224/223/1164 250/224/1165 249/221/1166
f 250/1026/1167 224/1027/1168 225/1028/1169
f 225/1028/1170 251/1029/1171 250/1026/1172
f 251/227/1173 225/228/1174 226/229/1175
f 226/229/1176 252/230/1177 251/227/1178
f 252/1032/1179 226/1033/1180 221/1034/1181
f 221/1034/1182 249/1035/1183 252/1032/1184
f 253/233/1185 227/234/1186 228/235/1187
f 228/235/1188 254/236/1189 253/233/1190
f 254/1038/1191 228/1039/1192 229/1040/1193
f 229/1040/1194 255/1041/1195 254/1038/1196
f 255/239/1197 229/240/1198 231/241/1199
f 231/241/1200 256/242/1201 255/239/1202
f 256/1044/1203 231/1045/1204 227/1046/1205
f 227/1046/1206 253/1047/1207 256/1044/1208
f 257/245/1209 232/246/1210 233/247/1211
f 233/247/1212 258/248/1213 257/245/1214
f 258/1050/1215 233/1051/1216 234/1052/1217
f 234/1052/1218 259/1053/1219 258/1050/1220
f 259/251/1221 234/252/1222 236/253/1223
f 236/253/1224 260/254/1225 259/251/1226
f 260/1056/1227 236/1057/1228 232/1058/1229
f 232/1058/1230 257/1059/1231 260/1056/1232
f 261/257/1233 207/258/1234 205/259/1235
f 261/1062/1236 202/1063/1237 207/1064/1238
f 262/1067/1239 215/1068/1240 213/1069/1241
f 262/260/1242 210/261/1243 215/262/1244
f 262/260/1245 261/257/1246 205/259/1247 210/261/1248
f 263/263/1249 223/264/1250 222/265/1251
f 261/1062/1252 263/1065/1253 222/1066/1254 202/1063/1255
f 263/263/1256 264/266/1257 230/267/1258 223/264/1259
f 264/266/1260 235/268/1261 230/267/1262
f 264/1070/1263 262/1067/1264 213/1069/1265 235/1071/1266
f 178/189/1267 177/190/1268 237/185/1269 238/188/1270
f 179/994/1271 178/995/1272 238/990/1273 239/993/1274
f 180/195/1275 179/196/1276 239/191/1277 240/194/1278
f 177/1000/1279 180/1001/1280 240/996/1281 237/999/1282
f 182/1006/1283 181/1007/1284 241/1002/1285 242/1005/1286
f 183/201/1287 182/202/1288 242/197/1289 243/200/1290
f 184/1012/1291 183/1013/1292 243/1008/1293 244/1011/1294
f 181/207/1295 184/208/1296 244/203/1297 241/206/1298
f 186/1018/1299 185/1019/1300 245/1014/1301 246/1017/1302
f 187/213/1303 186/214/1304 246/209/1305 247/212/1306
f 188/1024/1307 187/1025/1308 247/1020/1309 248/1023/1310
f 185/219/1311 188/220/1312 248/215/1313 245/218/1314
f 190/225/1315 189/226/1316 249/221/1317 250/224/1318
f 191/1030/1319 190/1031/1320 250/1026/1321 251/1029/1322
f 192/231/1323 191/232/1324 251/227/1325 252/230/1326
f 189/1036/1327 192/1037/1328 252/1032/1329 249/1035/1330
f 194/237/1331 193/238/1332 253/233/1333 254/236/1334
f 195/1042/1335 194/1043/1336 254/1038/1337 255/1041/1338
f 196/243/1339 195/244/1340 255/239/1341 256/242/1342
f 193/1048/1343 196/1049/1344 256/1044/1345 253/1047/1346
f 198/249/1347 197/250/1348 257/245/1349 258/248/1350
f 199/1054/1351 198/1055/1352 258/1050/1353 259/1053/1354
f 200/255/1355 199/256/1356 259/251/1357 260/254/1358
f 197/1060/1359 200/1061/1360 260/1056/1361 257/1059/1362
f 268/269/1363 265/270/1364 266/271/1365
f 266/271/1366 267/272/1367 268/269/1368
f 272/1662/1369 269/1663/1370 270/1664/1371
f 270/1664/1372 271/1665/1373 272/1662/1374
f 276/1666/1375 273/1667/1376 274/1668/1377
f 274/1668/1378 275/1669/1379 276/1666/1380
f 281/1670/1381 278/1671/1382 279/2129/1383
f 279/2129/1384 280/1674/1385 281/1670/1386
f 285/1697/1387 286/1709/1388 284/1714/1389
f 685/1738/1390 288/1741/1391 289/1737/1392
f 293/1712/1393 290/1721/1394 291/2131/1395
f 291/2131/1396 292/1675/1397 293/1712/1398
f 295/1730/1399 296/1733/1400 294/1726/1401
f 289/1737/1402 296/1733/1403 295/1730/1404
f 295/1730/1405 685/1738/1406 289/1737/1407
f 300/1742/1408 297/1743/1409 298/1744/1410
f 298/1744/1411 299/1745/1412 300/1742/1413
f 302/1728/1414 301/1723/1415 291/2131/1416
f 291/2131/1417 290/1721/1418 302/1728/1419
s 1
f 303/1734/1420 687/1731/1421 302/1728/1422
s off
f 307/1746/1423 304/1747/1424 305/1748/1425
f 305/1748/1426 306/1749/1427 307/1746/1428
f 311/1750/1429 308/1751/1430 309/1752/1431
f 309/1752/1432 310/1753/1433 311/1750/1434
f 316/1754/1435 313/1755/1436 314/1756/1437
f 314/1756/1438 315/1757/1439 316/1754/1440
f 303/1734/1441 288/1741/1442 685/1738/1443
f 685/1738/1444 692/1739/1445 687/1731/1446 303/1734/1447
f 321/1758/1448 318/1759/1449 319/1760/1450
f 319/1760/1451 320/1761/1452 321/1758/1453
f 325/1762/1454 322/1763/1455 323/1764/1456
f 323/1764/1457 324/1765/1458 325/1762/1459
f 329/1766/1460 326/1767/1461 327/1768/1462
f 327/1768/1463 328/1769/1464 329/1766/1465
s 2
f 280/1674/1466 283/1691/1467 689/1692/1468 682/1683/1469
s off
f 277/1687/1470 286/1709/1471 285/1697/1472
f 333/1770/1473 330/1771/1474 331/1772/1475
f 331/1772/1476 332/1773/1477 333/1770/1478
f 337/1774/1479 334/1775/1480 335/1776/1481
f 335/1776/1482 336/1777/1483 337/1774/1484
f 341/1778/1485 338/1779/1486 339/1780/1487
f 339/1780/1488 340/1781/1489 341/1778/1490
f 312/1673/1491 292/1675/1492 279/2129/1493
f 279/2129/1494 278/1671/1495 312/1673/1496
f 733/1782/1497 734/1783/1498 735/1784/1499
f 735/1784/1500 736/1787/1501 733/1782/1502
f 736/1787/1503 735/1784/1504 737/1791/1505
f 737/1791/1506 738/1792/1507 736/1787/1508
f 738/1792/1509 737/1791/1510 739/1788/1511
f 739/1788/1512 740/1785/1513 738/1792/1514
f 740/1785/1515 739/1788/1516 734/1783/1517
f 734/1783/1518 733/1782/1519 740/1785/1520
f 793/1818/1521 794/1819/1522 795/1820/1523
f 795/1820/1524 796/1823/1525 793/1818/1526
f 796/1823/1527 795/1820/1528 797/1827/1529
f 797/1827/1530 798/1828/1531 796/1823/1532
f 798/1828/1533 797/1827/1534 799/1824/1535
f 799/1824/1536 800/1821/1537 798/1828/1538
f 800/1821/1539 799/1824/1540 794/1819/1541
f 794/1819/1542 793/1818/1543 800/1821/1544
f 801/1832/1545 802/1830/1546 803/1829/1547
f 803/1829/1548 804/1825/1549 801/1832/1550
f 804/1825/1551 803/1829/1552 795/1820/1553
f 795/1820/1554 805/1822/1555 804/1825/1556
f 805/1822/1557 795/1820/1558 794/1819/1559
f 794/1819/1560 806/1826/1561 805/1822/1562
f 806/1826/1563 794/1819/1564 802/1830/1565
f 802/1830/1566 801/1832/1567 806/1826/1568
f 807/1844/1569 808/1839/1570 809/1840/1571
f 809/1840/1572 810/1848/1573 807/1844/1574
f 810/1848/1575 809/1840/1576 811/1851/1577
f 811/1851/1578 812/1853/1579 810/1848/1580
f 812/1853/1581 811/1851/1582 813/1850/1583
f 813/1850/1584 814/1847/1585 812/1853/1586
f 814/1847/1587 813/1850/1588 808/1839/1589
f 808/1839/1590 807/1844/1591 814/1847/1592
f 815/1843/1593 816/1838/1594 808/1839/1595
f 808/1839/1596 817/1846/1597 815/1843/1598
f 817/1846/1599 808/1839/1600 813/1850/1601
f 813/1850/1602 818/1852/1603 817/1846/1604
f 818/1852/1605 813/1850/1606 819/1849/1607
f 819/1849/1608 820/1845/1609 818/1852/1610
f 820/1845/1611 819/1849/1612 816/1838/1613
f 816/1838/1614 815/1843/1615 820/1845/1616
f 741/1807/1617 742/1802/1618 743/1803/1619
f 743/1803/1620 744/1810/1621 741/1807/1622
f 744/1810/1623 743/1803/1624 745/1814/1625
f 745/1814/1626 746/1816/1627 744/1810/1628
f 746/1816/1629 745/1814/1630 747/1813/1631
f 747/1813/1632 748/1809/1633 746/1816/1634
f 748/1809/1635 747/1813/1636 742/1802/1637
f 742/1802/1638 741/1807/1639 748/1809/1640
f 821/1833/1641 795/1820/1642 803/1829/1643
f 803/1829/1644 822/1837/1645 821/1833/1646
f 822/1837/1647 803/1829/1648 809/1840/1649
f 809/1840/1650 823/1842/1651 822/1837/1652
f 823/1842/1653 809/1840/1654 808/1839/1655
f 808/1839/1656 824/1836/1657 823/1842/1658
f 824/1836/1659 808/1839/1660 795/1820/1661
f 795/1820/1662 821/1833/1663 824/1836/1664
f 825/1831/1665 797/1827/1666 795/1820/1667
f 795/1820/1668 826/1835/1669 825/1831/1670
f 826/1835/1671 795/1820/1672 808/1839/1673
f 808/1839/1674 827/1841/1675 826/1835/1676
f 827/1841/1677 808/1839/1678 816/1838/1679
f 816/1838/1680 828/1834/1681 827/1841/1682
f 828/1834/1683 816/1838/1684 797/1827/1685
f 797/1827/1686 825/1831/1687 828/1834/1688
f 749/1795/1689 737/1791/1690 735/1784/1691
f 735/1784/1692 750/1799/1693 749/1795/1694
f 750/1799/1695 735/1784/1696 743/1803/1697
f 743/1803/1698 751/1805/1699 750/1799/1700
f 751/1805/1701 743/1803/1702 742/1802/1703
f 742/1802/1704 752/1798/1705 751/1805/1706
f 752/1798/1707 742/1802/1708 737/1791/1709
f 737/1791/1710 749/1795/1711 752/1798/1712
f 753/1796/1713 754/1794/1714 755/1793/1715
f 755/1793/1716 756/1789/1717 753/1796/1718
f 756/1789/1719 755/1793/1720 735/1784/1721
f 735/1784/1722 757/1786/1723 756/1789/1724
f 757/1786/1725 735/1784/1726 734/1783/1727
f 734/1783/1728 758/1790/1729 757/1786/1730
f 758/1790/1731 734/1783/1732 754/1794/1733
f 754/1794/1734 753/1796/1735 758/1790/1736
f 759/1800/1737 743/1803/1738 735/1784/1739
f 735/1784/1740 760/1797/1741 759/1800/1742
f 760/1797/1743 735/1784/1744 755/1793/1745
f 755/1793/1746 761/1801/1747 760/1797/1748
f 761/1801/1749 755/1793/1750 762/1804/1751
f 762/1804/1752 763/1806/1753 761/1801/1754
f 763/1806/1755 762/1804/1756 743/1803/1757
f 743/1803/1758 759/1800/1759 763/1806/1760
f 764/1811/1761 745/1814/1762 743/1803/1763
f 743/1803/1764 765/1808/1765 764/1811/1766
f 765/1808/1767 743/1803/1768 762/1804/1769
f 762/1804/1770 766/1812/1771 765/1808/1772
f 766/1812/1773 762/1804/1774 767/1815/1775
f 767/1815/1776 768/1817/1777 766/1812/1778
f 768/1817/1779 767/1815/1780 745/1814/1781
f 745/1814/1782 764/1811/1783 768/1817/1784
f 769/273/1785 733/274/1786 736/275/1787
f 736/275/1788 770/276/1789 769/273/1790
f 770/1072/1791 736/1073/1792 738/1074/1793
f 738/1074/1794 771/1075/1795 770/1072/1796
f 771/279/1797 738/280/1798 740/281/1799
f 740/281/1800 772/282/1801 771/279/1802
f 772/1078/1803 740/1079/1804 733/1080/1805
f 733/1080/1806 769/1081/1807 772/1078/1808
f 829/285/1809 793/286/1810 796/287/1811
f 796/287/1812 830/288/1813 829/285/1814
f 830/1084/1815 796/1085/1816 798/1086/1817
f 798/1086/1818 831/1087/1819 830/1084/1820
f 831/291/1821 798/292/1822 800/293/1823
f 800/293/1824 832/294/1825 831/291/1826
f 832/1090/1827 800/1091/1828 793/1092/1829
f 793/1092/1830 829/1093/1831 832/1090/1832
f 833/297/1833 801/298/1834 804/299/1835
f 804/299/1836 834/300/1837 833/297/1838
f 834/1096/1839 804/1097/1840 805/1098/1841
f 805/1098/1842 835/1099/1843 834/1096/1844
f 835/303/1845 805/304/1846 806/305/1847
f 806/305/1848 836/306/1849 835/303/1850
f 836/1102/1851 806/1103/1852 801/1104/1853
f 801/1104/1854 833/1105/1855 836/1102/1856
f 837/1108/1857 807/1109/1858 810/1110/1859
f 810/1110/1860 838/1111/1861 837/1108/1862
f 838/309/1863 810/310/1864 812/311/1865
f 812/311/1866 839/312/1867 838/309/1868
f 839/1114/1869 812/1115/1870 814/1116/1871
f 814/1116/1872 840/1117/1873 839/1114/1874
f 840/315/1875 814/316/1876 807/317/1877
f 807/317/1878 837/318/1879 840/315/1880
f 841/1120/1881 815/1121/1882 817/1122/1883
f 817/1122/1884 842/1123/1885 841/1120/1886
f 842/321/1887 817/322/1888 818/323/1889
f 818/323/1890 843/324/1891 842/321/1892
f 843/1126/1893 818/1127/1894 820/1128/1895
f 820/1128/1896 844/1129/1897 843/1126/1898
f 844/327/1899 820/328/1900 815/329/1901
f 815/329/1902 841/330/1903 844/327/1904
f 773/1132/1905 741/1133/1906 744/1134/1907
f 744/1134/1908 774/1135/1909 773/1132/1910
f 774/333/1911 744/334/1912 746/335/1913
f 746/335/1914 775/336/1915 774/333/1916
f 775/1138/1917 746/1139/1918 748/1140/1919
f 748/1140/1920 776/1141/1921 775/1138/1922
f 776/339/1923 748/340/1924 741/341/1925
f 741/341/1926 773/342/1927 776/339/1928
f 845/1144/1929 821/1145/1930 822/1146/1931
f 822/1146/1932 846/1147/1933 845/1144/1934
f 846/345/1935 822/346/1936 823/347/1937
f 823/347/1938 847/348/1939 846/345/1940
f 847/1150/1941 823/1151/1942 824/1152/1943
f 824/1152/1944 848/1153/1945 847/1150/1946
f 848/351/1947 824/352/1948 821/353/1949
f 821/353/1950 845/354/1951 848/351/1952
f 849/1156/1953 825/1157/1954 826/1158/1955
f 826/1158/1956 850/1159/1957 849/1156/1958
f 850/357/1959 826/358/1960 827/359/1961
f 827/359/1962 851/360/1963 850/357/1964
f 851/1162/1965 827/1163/1966 828/1164/1967
f 828/1164/1968 852/1165/1969 851/1162/1970
f 852/363/1971 828/364/1972 825/365/1973
f 825/365/1974 849/366/1975 852/363/1976
f 777/1168/1977 749/1169/1978 750/1170/1979
f 750/1170/1980 778/1171/1981 777/1168/1982
f 778/369/1983 750/370/1984 751/371/1985
f 751/371/1986 779/372/1987 778/369/1988
f 779/1174/1989 751/1175/1990 752/1176/1991
f 752/1176/1992 780/1177/1993 779/1174/1994
f 780/375/1995 752/376/1996 749/377/1997
f 749/377/1998 777/378/1999 780/375/2000
f 781/381/2001 753/382/2002 756/383/2003
f 756/383/2004 782/384/2005 781/381/2006
f 782/1180/2007 756/1181/2008 757/1182/2009
f 757/1182/2010 783/1183/2011 782/1180/2012
f 783/387/2013 757/388/2014 758/389/2015
f 758/389/2016 784/390/2017 783/387/2018
f 784/1186/2019 758/1187/2020 753/1188/2021
f 753/1188/2022 781/1189/2023 784/1186/2024
f 785/393/2025 759/394/2026 760/395/2027
f 760/395/2028 786/396/2029 785/393/2030
f 786/1192/2031 760/1193/2032 761/1194/2033
f 761/1194/2034 787/1195/2035 786/1192/2036
f 787/399/2037 761/400/2038 763/401/2039
f 763/401/2040 788/402/2041 787/399/2042
f 788/1198/2043 763/1199/2044 759/1200/2045
f 759/1200/2046 785/1201/2047 788/1198/2048
f 789/405/2049 764/406/2050 765/407/2051
f 765/407/2052 790/408/2053 789/405/2054
f 790/1204/2055 765/1205/2056 766/1206/2057
f 766/1206/2058 791/1207/2059 790/1204/2060
f 791/411/2061 766/412/2062 768/413/2063
f 768/413/2064 792/414/2065 791/411/2066
f 792/1210/2067 768/1211/2068 764/1212/2069
f 764/1212/2070 789/1213/2071 792/1210/2072
f 342/417/2073 343/418/2074 344/419/2075
f 346/2135/2076 342/417/2077 344/419/2078
f 344/419/2079 345/427/2080 346/2135/2081
f 347/475/2082 348/494/2083 283/484/2084
f 347/475/2085 283/484/2086 280/450/2087
f 349/453/2088 350/433/2089 351/464/2090
f 355/521/2091 352/522/2092 353/523/2093
f 353/523/2094 354/525/2095 355/521/2096
f 357/428/2097 350/433/2098 358/443/2099
f 362/446/2100 359/436/2101 360/442/2102
f 360/442/2103 361/461/2104 362/446/2105
f 345/427/2106 359/436/2107 362/446/2108
f 357/428/2109 363/423/2110 342/417/2111
f 342/417/2112 350/433/2113 357/428/2114
f 367/527/2115 364/528/2116 365/529/2117
f 365/529/2118 366/531/2119 367/527/2120
f 345/427/2121 368/425/2122 359/436/2123
f 370/459/2124 351/464/2125 350/433/2126
f 350/433/2127 369/477/2128 370/459/2129
f 350/433/2130 283/484/2131 371/486/2132
f 375/533/2133 372/534/2134 373/535/2135
f 373/535/2136 374/536/2137 375/533/2138
f 371/486/2139 283/484/2140 376/506/2141
f 370/459/2142 377/468/2143 280/450/2144
f 379/466/2145 362/446/2146 361/461/2147
f 361/461/2148 378/476/2149 379/466/2150
f 381/471/2151 380/472/2152 349/453/2153
f 349/453/2154 351/464/2155 381/471/2156
f 383/467/2157 382/478/2158 351/464/2159
f 356/455/2160 384/473/2161 383/467/2162
f 386/421/2163 344/419/2164 343/418/2165
f 343/418/2166 385/426/2167 386/421/2168
f 388/432/2169 387/434/2170 363/423/2171
f 363/423/2172 357/428/2173 388/432/2174
f 390/438/2175 389/451/2176 360/442/2177
f 360/442/2178 359/436/2179 390/438/2180
f 390/438/2181 359/436/2182 368/425/2183
f 368/425/2184 391/429/2185 390/438/2186
f 393/474/2187 370/459/2188 369/477/2189
f 369/477/2190 392/492/2191 393/474/2192
f 395/496/2193 371/486/2194 376/506/2195
f 376/506/2196 394/511/2197 395/496/2198
f 397/483/2199 396/504/2200 348/494/2201
f 348/494/2202 347/475/2203 397/483/2204
f 393/474/2205 398/482/2206 377/468/2207
f 377/468/2208 370/459/2209 393/474/2210
f 399/420/2211 342/417/2212 363/423/2213
f 345/427/2214 344/419/2215 368/425/2216
f 386/421/2217 391/429/2218 368/425/2219
f 368/425/2220 344/419/2221 386/421/2222
f 364/528/2223 400/532/2224 401/530/2225
f 401/530/2226 365/529/2227 364/528/2228
f 402/424/2229 399/420/2230 363/423/2231
f 363/423/2232 387/434/2233 402/424/2234
f 358/443/2235 350/433/2236 349/453/2237
f 345/427/2238 362/446/2239 356/455/2240
f 379/466/2241 384/473/2242 356/455/2243
f 356/455/2244 362/446/2245 379/466/2246
f 352/522/2247 403/526/2248 404/524/2249
f 404/524/2250 353/523/2251 352/522/2252
f 405/465/2253 358/443/2254 349/453/2255
f 349/453/2256 380/472/2257 405/465/2258
f 376/506/2259 283/484/2260 406/505/2261
f 407/510/2262 394/511/2263 376/506/2264
f 376/506/2265 406/505/2266 407/510/2267
f 409/537/2268 375/533/2269 374/536/2270
f 374/536/2271 408/538/2272 409/537/2273
f 397/483/2274 347/475/2275 377/468/2276
f 377/468/2277 398/482/2278 397/483/2279
f 377/468/2280 347/475/2281 280/450/2282
f 342/417/2283 399/420/2284 343/418/2285
f 402/424/2286 385/426/2287 343/418/2288
f 343/418/2289 399/420/2290 402/424/2291
f 413/539/2292 410/540/2293 411/541/2294
f 411/541/2295 412/542/2296 413/539/2297
f 417/543/2298 414/544/2299 415/545/2300
f 415/545/2301 416/546/2302 417/543/2303
f 388/432/2304 357/428/2305 360/442/2306
f 360/442/2307 389/451/2308 388/432/2309
f 358/443/2310 361/461/2311 360/442/2312
f 360/442/2313 357/428/2314 358/443/2315
f 405/465/2316 378/476/2317 361/461/2318
f 361/461/2319 358/443/2320 405/465/2321
f 421/547/2322 418/548/2323 419/549/2324
f 419/549/2325 420/550/2326 421/547/2327
f 425/551/2328 422/552/2329 423/553/2330
f 423/553/2331 424/554/2332 425/551/2333
f 351/464/2334 382/478/2335 381/471/2336
f 371/486/2337 369/477/2338 350/433/2339
f 395/496/2340 392/492/2341 369/477/2342
f 369/477/2343 371/486/2344 395/496/2345
f 429/555/2346 426/556/2347 427/557/2348
f 427/557/2349 428/558/2350 429/555/2351
f 433/559/2352 430/560/2353 431/561/2354
f 431/561/2355 432/562/2356 433/559/2357
f 407/510/2358 406/505/2359 348/494/2360
f 348/494/2361 396/504/2362 407/510/2363
f 283/484/2364 348/494/2365 406/505/2366
f 436/445/2367 434/448/2368 385/426/2369
f 385/426/2370 435/435/2371 436/445/2372
f 435/435/2373 385/426/2374 402/424/2375
f 402/424/2376 437/444/2377 435/435/2378
f 437/444/2379 402/424/2380 387/434/2381
f 387/434/2382 438/454/2383 437/444/2384
f 438/454/2385 387/434/2386 434/448/2387
f 434/448/2388 436/445/2389 438/454/2390
f 440/470/2391 389/451/2392 434/448/2393
f 434/448/2394 439/463/2395 440/470/2396
f 439/463/2397 434/448/2398 387/434/2399
f 387/434/2400 441/452/2401 439/463/2402
f 441/452/2403 387/434/2404 388/432/2405
f 388/432/2406 442/462/2407 441/452/2408
f 442/462/2409 388/432/2410 389/451/2411
f 389/451/2412 440/470/2413 442/462/2414
f 445/495/2415 443/499/2416 378/476/2417
f 378/476/2418 444/485/2419 445/495/2420
f 444/485/2421 378/476/2422 405/465/2423
f 405/465/2424 446/479/2425 444/485/2426
f 446/479/2427 405/465/2428 380/472/2429
f 380/472/2430 447/489/2431 446/479/2432
f 447/489/2433 380/472/2434 443/499/2435
f 443/499/2436 445/495/2437 447/489/2438
f 449/497/2439 382/478/2440 443/499/2441
f 443/499/2442 448/498/2443 449/497/2444
f 448/498/2445 443/499/2446 380/472/2447
f 380/472/2448 450/488/2449 448/498/2450
f 450/488/2451 380/472/2452 381/471/2453
f 381/471/2454 451/487/2455 450/488/2456
f 451/487/2457 381/471/2458 382/478/2459
f 382/478/2460 449/497/2461 451/487/2462
f 454/512/2463 452/514/2464 392/492/2465
f 392/492/2466 453/507/2467 454/512/2468
f 453/507/2469 392/492/2470 395/496/2471
f 395/496/2472 455/513/2473 453/507/2474
f 455/513/2475 395/496/2476 394/511/2477
f 394/511/2478 456/519/2479 455/513/2480
f 456/519/2481 394/511/2482 452/514/2483
f 452/514/2484 454/512/2485 456/519/2486
f 458/518/2487 396/504/2488 452/514/2489
f 452/514/2490 457/520/2491 458/518/2492
f 457/520/2493 452/514/2494 394/511/2495
f 394/511/2496 459/517/2497 457/520/2498
f 459/517/2499 394/511/2500 407/510/2501
f 407/510/2502 460/516/2503 459/517/2504
f 460/516/2505 407/510/2506 396/504/2507
f 396/504/2508 458/518/2509 460/516/2510
f 462/501/2511 443/499/2512 382/478/2513
f 382/478/2514 461/491/2515 462/501/2516
f 461/491/2517 382/478/2518 383/467/2519
f 383/467/2520 463/481/2521 461/491/2522
f 463/481/2523 383/467/2524 384/473/2525
f 384/473/2526 464/480/2527 463/481/2528
f 466/490/2529 379/466/2530 378/476/2531
f 378/476/2532 465/500/2533 466/490/2534
f 465/500/2535 378/476/2536 443/499/2537
f 443/499/2538 462/501/2539 465/500/2540
f 464/480/2541 384/473/2542 379/466/2543
f 379/466/2544 466/490/2545 464/480/2546
f 468/457/2547 434/448/2548 389/451/2549
f 389/451/2550 467/456/2551 468/457/2552
f 467/456/2553 389/451/2554 390/438/2555
f 390/438/2556 469/447/2557 467/456/2558
f 469/447/2559 390/438/2560 391/429/2561
f 391/429/2562 470/437/2563 469/447/2564
f 472/430/2565 386/421/2566 385/426/2567
f 385/426/2568 471/439/2569 472/430/2570
f 471/439/2571 385/426/2572 434/448/2573
f 434/448/2574 468/457/2575 471/439/2576
f 470/437/2577 391/429/2578 386/421/2579
f 386/421/2580 472/430/2581 470/437/2582
f 474/502/2583 393/474/2584 392/492/2585
f 392/492/2586 473/508/2587 474/502/2588
f 473/508/2589 392/492/2590 452/514/2591
f 452/514/2592 475/515/2593 473/508/2594
f 476/493/2595 398/482/2596 393/474/2597
f 393/474/2598 474/502/2599 476/493/2600
f 475/515/2601 452/514/2602 396/504/2603
f 396/504/2604 477/509/2605 475/515/2606
f 477/509/2607 396/504/2608 397/483/2609
f 397/483/2610 478/503/2611 477/509/2612
f 478/503/2613 397/483/2614 398/482/2615
f 398/482/2616 476/493/2617 478/503/2618
f 479/563/2619 480/564/2620 481/565/2621
f 485/671/2622 482/672/2623 483/673/2624
f 483/673/2625 484/674/2626 485/671/2627
f 489/602/2628 486/616/2629 487/628/2630
f 487/628/2631 488/632/2632 489/602/2633
f 493/675/2634 490/676/2635 491/677/2636
f 491/677/2637 492/678/2638 493/675/2639
f 494/623/2640 495/612/2641 496/633/2642
f 500/679/2643 497/680/2644 498/681/2645
f 498/681/2646 499/682/2647 500/679/2648
f 504/683/2649 501/684/2650 502/685/2651
f 502/685/2652 503/686/2653 504/683/2654
f 488/632/2655 505/648/2656 506/587/2657
f 507/568/2658 508/586/2659 506/587/2660
f 508/586/2661 489/602/2662 506/587/2663
f 505/648/2664 509/640/2665 506/587/2666
f 479/563/2667 510/569/2668 511/566/2669
f 510/569/2670 512/573/2671 511/566/2672
f 510/569/2673 513/580/2674 512/573/2675
f 510/569/2676 514/589/2677 513/580/2678
f 510/569/2679 515/597/2680 514/589/2681
f 510/569/2682 516/603/2683 515/597/2684
f 510/569/2685 495/612/2686 516/603/2687
f 520/687/2688 517/688/2689 518/689/2690
f 518/689/2691 519/690/2692 520/687/2693
f 524/691/2694 521/692/2695 522/693/2696
f 522/693/2697 523/694/2698 524/691/2699
f 486/616/2700 525/598/2701 526/605/2702
f 526/605/2703 487/628/2704 486/616/2705
f 530/695/2706 527/696/2707 528/697/2708
f 528/697/2709 529/698/2710 530/695/2711
f 534/699/2712 531/700/2713 532/701/2714
f 532/701/2715 533/702/2716 534/699/2717
f 479/563/2718 511/566/2719 480/564/2720
f 538/703/2721 535/704/2722 536/705/2723
f 536/705/2724 537/706/2725 538/703/2726
f 542/707/2727 539/708/2728 540/709/2729
f 540/709/2730 541/710/2731 542/707/2732
f 525/598/2733 513/580/2734 514/589/2735
f 514/589/2736 526/605/2737 525/598/2738
f 546/711/2739 543/712/2740 544/713/2741
f 544/713/2742 545/714/2743 546/711/2744
f 550/715/2745 547/716/2746 548/717/2747
f 548/717/2748 549/718/2749 550/715/2750
f 516/603/2751 495/612/2752 494/623/2753
f 496/633/2754 495/612/2755 509/640/2756
f 479/563/2757 481/565/2758 507/568/2759
f 552/653/2760 505/648/2761 488/632/2762
f 488/632/2763 551/647/2764 552/653/2765
f 551/647/2766 488/632/2767 487/628/2768
f 487/628/2769 553/627/2770 551/647/2771
f 555/650/2772 496/633/2773 509/640/2774
f 509/640/2775 554/656/2776 555/650/2777
f 554/656/2778 509/640/2779 505/648/2780
f 505/648/2781 552/653/2782 554/656/2783
f 553/627/2784 487/628/2785 526/605/2786
f 526/605/2787 556/614/2788 553/627/2789
f 557/641/2790 494/623/2791 496/633/2792
f 496/633/2793 555/650/2794 557/641/2795
f 559/604/2796 514/589/2797 515/597/2798
f 515/597/2799 558/613/2800 559/604/2801
f 556/614/2802 526/605/2803 514/589/2804
f 514/589/2805 559/604/2806 556/614/2807
f 558/613/2808 515/597/2809 516/603/2810
f 516/603/2811 560/624/2812 558/613/2813
f 560/624/2814 516/603/2815 494/623/2816
f 494/623/2817 557/641/2818 560/624/2819
f 562/577/2820 508/586/2821 507/568/2822
f 507/568/2823 561/571/2824 562/577/2825
f 561/571/2826 507/568/2827 481/565/2828
f 481/565/2829 563/567/2830 561/571/2831
f 565/610/2832 486/616/2833 489/602/2834
f 489/602/2835 564/596/2836 565/610/2837
f 564/596/2838 489/602/2839 508/586/2840
f 508/586/2841 562/577/2842 564/596/2843
f 563/567/2844 481/565/2845 480/564/2846
f 480/564/2847 566/570/2848 563/567/2849
f 567/615/2850 525/598/2851 486/616/2852
f 486/616/2853 565/610/2854 567/615/2855
f 569/574/2856 511/566/2857 512/573/2858
f 512/573/2859 568/590/2860 569/574/2861
f 566/570/2862 480/564/2863 511/566/2864
f 511/566/2865 569/574/2866 566/570/2867
f 568/590/2868 512/573/2869 513/580/2870
f 513/580/2871 570/599/2872 568/590/2873
f 570/599/2874 513/580/2875 525/598/2876
f 525/598/2877 567/615/2878 570/599/2879
f 573/660/2880 553/627/2881 571/651/2882
f 571/651/2883 572/665/2884 573/660/2885
f 572/665/2886 571/651/2887 552/653/2888
f 552/653/2889 574/661/2890 572/665/2891
f 574/661/2892 552/653/2893 551/647/2894
f 551/647/2895 575/652/2896 574/661/2897
f 575/652/2898 551/647/2899 553/627/2900
f 553/627/2901 573/660/2902 575/652/2903
f 578/583/2904 563/567/2905 576/593/2906
f 576/593/2907 577/595/2908 578/583/2909
f 577/595/2910 576/593/2911 562/577/2912
f 562/577/2913 579/582/2914 577/595/2915
f 579/582/2916 562/577/2917 561/571/2918
f 561/571/2919 580/575/2920 579/582/2921
f 580/575/2922 561/571/2923 563/567/2924
f 563/567/2925 578/583/2926 580/575/2927
f 582/620/2928 576/593/2929 565/610/2930
f 565/610/2931 581/609/2932 582/620/2933
f 581/609/2934 565/610/2935 564/596/2936
f 564/596/2937 583/601/2938 581/609/2939
f 583/601/2940 564/596/2941 562/577/2942
f 562/577/2943 584/608/2944 583/601/2945
f 584/608/2946 562/577/2947 576/593/2948
f 576/593/2949 582/620/2950 584/608/2951
f 586/667/2952 571/651/2953 555/650/2954
f 555/650/2955 585/663/2956 586/667/2957
f 585/663/2958 555/650/2959 554/656/2960
f 554/656/2961 587/666/2962 585/663/2963
f 587/666/2964 554/656/2965 552/653/2966
f 552/653/2967 588/669/2968 587/666/2969
f 588/669/2970 552/653/2971 571/651/2972
f 571/651/2973 586/667/2974 588/669/2975
f 591/585/2976 566/570/2977 589/594/2978
f 589/594/2979 590/600/2980 591/585/2981
f 590/600/2982 589/594/2983 576/593/2984
f 576/593/2985 592/584/2986 590/600/2987
f 592/584/2988 576/593/2989 563/567/2990
f 563/567/2991 593/576/2992 592/584/2993
f 593/576/2994 563/567/2995 566/570/2996
f 566/570/2997 591/585/2998 593/576/2999
f 595/630/3000 589/594/3001 567/615/3002
f 567/615/3003 594/639/3004 595/630/3005
f 594/639/3006 567/615/3007 565/610/3008
f 565/610/3009 596/629/3010 594/639/3011
f 596/629/3012 565/610/3013 576/593/3014
f 576/593/3015 597/619/3016 596/629/3017
f 597/619/3018 576/593/3019 589/594/3020
f 589/594/3021 595/630/3022 597/619/3023
f 600/646/3024 556/614/3025 598/644/3026
f 598/644/3027 599/659/3028 600/646/3029
f 599/659/3030 598/644/3031 571/651/3032
f 571/651/3033 601/645/3034 599/659/3035
f 601/645/3036 571/651/3037 553/627/3038
f 553/627/3039 602/638/3040 601/645/3041
f 602/638/3042 553/627/3043 556/614/3044
f 556/614/3045 600/646/3046 602/638/3047
f 604/664/3048 598/644/3049 557/641/3050
f 557/641/3051 603/657/3052 604/664/3053
f 603/657/3054 557/641/3055 555/650/3056
f 555/719/3057 605/720/3058 603/721/3059
f 605/670/3060 555/650/3061 571/651/3062
f 571/651/3063 606/668/3064 605/670/3065
f 606/668/3066 571/651/3067 598/644/3068
f 598/722/3069 604/723/3070 606/724/3071
f 608/592/3072 569/574/3073 568/590/3074
f 568/590/3075 607/607/3076 608/592/3077
f 607/607/3078 568/590/3079 589/594/3080
f 589/594/3081 609/591/3082 607/607/3083
f 609/591/3084 589/594/3085 566/570/3086
f 566/570/3087 610/581/3088 609/591/3089
f 610/581/3090 566/570/3091 569/574/3092
f 569/574/3093 608/592/3094 610/581/3095
f 612/606/3096 568/590/3097 570/599/3098
f 570/599/3099 611/618/3100 612/606/3101
f 611/618/3102 570/599/3103 567/615/3104
f 567/615/3105 613/637/3106 611/618/3107
f 613/637/3108 567/615/3109 589/594/3110
f 589/594/3111 614/617/3112 613/637/3113
f 614/617/3114 589/594/3115 568/590/3116
f 568/590/3117 612/606/3118 614/617/3119
f 616/626/3120 559/604/3121 558/613/3122
f 558/613/3123 615/636/3124 616/626/3125
f 615/636/3126 558/613/3127 598/644/3128
f 598/644/3129 617/635/3130 615/636/3131
f 617/635/3132 598/644/3133 556/614/3134
f 556/614/3135 618/625/3136 617/635/3137
f 618/625/3138 556/614/3139 559/604/3140
f 559/604/3141 616/626/3142 618/625/3143
f 620/634/3144 558/613/3145 560/624/3146
f 560/624/3147 619/643/3148 620/634/3149
f 619/643/3150 560/624/3151 557/641/3152
f 557/641/3153 621/658/3154 619/643/3155
f 621/658/3156 557/641/3157 598/644/3158
f 598/644/3159 622/642/3160 621/658/3161
f 622/642/3162 598/644/3163 558/613/3164
f 558/613/3165 620/634/3166 622/642/3167
f 353/1216/3168 462/1217/3169 461/1218/3170
f 461/1218/3171 354/1220/3172 353/1216/3173
f 354/1854/3174 461/1855/3175 463/1856/3176
f 463/1856/3177 355/1857/3178 354/1854/3179
f 355/1222/3180 463/1223/3181 464/1224/3182
f 464/1224/3183 352/1225/3184 355/1222/3185
f 403/1858/3186 466/1859/3187 465/1860/3188
f 465/1860/3189 404/1861/3190 403/1858/3191
f 404/1219/3192 465/1221/3193 462/1217/3194
f 462/1217/3195 353/1216/3196 404/1219/3197
f 352/1225/3198 464/1224/3199 466/1226/3200
f 466/1226/3201 403/1227/3202 352/1225/3203
f 365/1228/3204 468/1229/3205 467/1230/3206
f 467/1230/3207 366/1232/3208 365/1228/3209
f 366/1862/3210 467/1863/3211 469/1864/3212
f 469/1864/3213 367/1865/3214 366/1862/3215
f 367/1234/3216 469/1235/3217 470/1236/3218
f 470/1236/3219 364/1237/3220 367/1234/3221
f 400/1866/3222 472/1867/3223 471/1868/3224
f 471/1868/3225 401/1869/3226 400/1866/3227
f 401/1231/3228 471/1233/3229 468/1229/3230
f 468/1229/3231 365/1228/3232 401/1231/3233
f 364/1237/3234 470/1236/3235 472/1238/3236
f 472/1238/3237 400/1239/3238 364/1237/3239
f 372/1870/3240 474/1871/3241 473/1872/3242
f 473/1872/3243 373/1873/3244 372/1870/3245
f 373/1240/3246 473/1241/3247 475/1242/3248
f 475/1242/3249 374/1243/3250 373/1240/3251
f 375/1246/3252 476/1247/3253 474/1248/3254
f 474/1248/3255 372/1250/3256 375/1246/3257
f 374/1243/3258 475/1242/3259 477/1244/3260
f 477/1244/3261 408/1245/3262 374/1243/3263
f 408/1874/3264 477/1875/3265 478/1876/3266
f 478/1876/3267 409/1877/3268 408/1874/3269
f 409/1249/3270 478/1251/3271 476/1247/3272
f 476/1247/3273 375/1246/3274 409/1249/3275
f 410/1252/3276 436/1253/3277 435/1254/3278
f 435/1254/3279 411/1255/3280 410/1252/3281
f 411/1878/3282 435/1879/3283 437/1880/3284
f 437/1880/3285 412/1881/3286 411/1878/3287
f 412/1256/3288 437/1257/3289 438/1258/3290
f 438/1258/3291 413/1259/3292 412/1256/3293
f 413/1882/3294 438/1883/3295 436/1884/3296
f 436/1884/3297 410/1885/3298 413/1882/3299
f 414/1260/3300 440/1261/3301 439/1262/3302
f 439/1262/3303 415/1263/3304 414/1260/3305
f 415/1886/3306 439/1887/3307 441/1888/3308
f 441/1888/3309 416/1889/3310 415/1886/3311
f 416/1264/3312 441/1265/3313 442/1266/3314
f 442/1266/3315 417/1267/3316 416/1264/3317
f 417/1890/3318 442/1891/3319 440/1892/3320
f 440/1892/3321 414/1893/3322 417/1890/3323
f 418/1268/3324 445/1269/3325 444/1270/3326
f 444/1270/3327 419/1271/3328 418/1268/3329
f 419/1894/3330 444/1895/3331 446/1896/3332
f 446/1896/3333 420/1897/3334 419/1894/3335
f 420/1272/3336 446/1273/3337 447/1274/3338
f 447/1274/3339 421/1275/3340 420/1272/3341
f 421/1898/3342 447/1899/3343 445/1900/3344
f 445/1900/3345 418/1901/3346 421/1898/3347
f 422/1276/3348 449/1277/3349 448/1278/3350
f 448/1278/3351 423/1279/3352 422/1276/3353
f 423/1902/3354 448/1903/3355 450/1904/3356
f 450/1904/3357 424/1905/3358 423/1902/3359
f 424/1280/3360 450/1281/3361 451/1282/3362
f 451/1282/3363 425/1283/3364 424/1280/3365
f 425/1906/3366 451/1907/3367 449/1908/3368
f 449/1908/3369 422/1909/3370 425/1906/3371
f 426/1284/3372 454/1285/3373 453/1286/3374
f 453/1286/3375 427/1287/3376 426/1284/3377
f 427/1910/3378 453/1911/3379 455/1912/3380
f 455/1912/3381 428/1913/3382 427/1910/3383
f 428/1288/3384 455/1289/3385 456/1290/3386
f 456/1290/3387 429/1291/3388 428/1288/3389
f 429/1914/3390 456/1915/3391 454/1916/3392
f 454/1916/3393 426/1917/3394 429/1914/3395
f 430/1292/3396 458/1293/3397 457/1294/3398
f 457/1294/3399 431/1295/3400 430/1292/3401
f 431/1918/3402 457/1919/3403 459/1920/3404
f 459/1920/3405 432/1921/3406 431/1918/3407
f 432/1296/3408 459/1297/3409 460/1298/3410
f 460/1298/3411 433/1299/3412 432/1296/3413
f 433/1922/3414 460/1923/3415 458/1924/3416
f 458/1924/3417 430/1925/3418 433/1922/3419
f 482/1300/3420 573/1301/3421 572/1302/3422
f 572/1302/3423 483/1303/3424 482/1300/3425
f 483/1926/3426 572/1927/3427 574/1928/3428
f 574/1928/3429 484/1929/3430 483/1926/3431
f 484/1304/3432 574/1305/3433 575/1306/3434
f 575/1306/3435 485/1307/3436 484/1304/3437
f 485/1930/3438 575/1931/3439 573/1932/3440
f 573/1932/3441 482/1933/3442 485/1930/3443
f 490/1308/3444 578/1309/3445 577/1310/3446
f 577/1310/3447 491/1311/3448 490/1308/3449
f 491/1934/3450 577/1935/3451 579/1936/3452
f 579/1936/3453 492/1937/3454 491/1934/3455
f 492/1312/3456 579/1313/3457 580/1314/3458
f 580/1314/3459 493/1315/3460 492/1312/3461
f 493/1938/3462 580/1939/3463 578/1940/3464
f 578/1940/3465 490/1941/3466 493/1938/3467
f 497/1316/3468 582/1317/3469 581/1318/3470
f 581/1318/3471 498/1319/3472 497/1316/3473
f 498/1942/3474 581/1943/3475 583/1944/3476
f 583/1944/3477 499/1945/3478 498/1942/3479
f 499/1320/3480 583/1321/3481 584/1322/3482
f 584/1322/3483 500/1323/3484 499/1320/3485
f 500/1946/3486 584/1947/3487 582/1948/3488
f 582/1948/3489 497/1949/3490 500/1946/3491
f 501/1324/3492 586/1325/3493 585/1326/3494
f 585/1326/3495 502/1327/3496 501/1324/3497
f 502/1950/3498 585/1951/3499 587/1952/3500
f 587/1952/3501 503/1953/3502 502/1950/3503
f 503/1328/3504 587/1329/3505 588/1330/3506
f 588/1330/3507 504/1331/3508 503/1328/3509
f 504/1954/3510 588/1955/3511 586/1956/3512
f 586/1956/3513 501/1957/3514 504/1954/3515
f 517/1332/3516 591/1333/3517 590/1334/3518
f 590/1334/3519 518/1335/3520 517/1332/3521
f 518/1958/3522 590/1959/3523 592/1960/3524
f 592/1960/3525 519/1961/3526 518/1958/3527
f 519/1336/3528 592/1337/3529 593/1338/3530
f 593/1338/3531 520/1339/3532 519/1336/3533
f 520/1962/3534 593/1963/3535 591/1964/3536
f 591/1964/3537 517/1965/3538 520/1962/3539
f 521/1340/3540 595/1341/3541 594/1342/3542
f 594/1342/3543 522/1343/3544 521/1340/3545
f 522/1966/3546 594/1967/3547 596/1968/3548
f 596/1968/3549 523/1969/3550 522/1966/3551
f 523/1344/3552 596/1345/3553 597/1346/3554
f 597/1346/3555 524/1347/3556 523/1344/3557
f 524/1970/3558 597/1971/3559 595/1972/3560
f 595/1972/3561 521/1973/3562 524/1970/3563
f 527/1348/3564 600/1349/3565 599/1350/3566
f 599/1350/3567 528/1351/3568 527/1348/3569
f 528/1974/3570 599/1975/3571 601/1976/3572
f 601/1976/3573 529/1977/3574 528/1974/3575
f 529/1352/3576 601/1353/3577 602/1354/3578
f 602/1354/3579 530/1355/3580 529/1352/3581
f 530/1978/3582 602/1979/3583 600/1980/3584
f 600/1980/3585 527/1981/3586 530/1978/3587
f 531/1356/3588 604/1357/3589 603/1358/3590
f 603/1358/3591 532/1359/3592 531/1356/3593
f 532/1982/3594 603/1983/3595 605/1984/3596
f 605/1984/3597 533/1985/3598 532/1982/3599
f 533/1360/3600 605/1361/3601 606/1362/3602
f 606/1362/3603 534/1363/3604 533/1360/3605
f 534/1986/3606 606/1987/3607 604/1988/3608
f 604/1988/3609 531/1989/3610 534/1986/3611
f 535/1364/3612 608/1365/3613 607/1366/3614
f 607/1366/3615 536/1367/3616 535/1364/3617
f 536/1990/3618 607/1991/3619 609/1992/3620
f 609/1992/3621 537/1993/3622 536/1990/3623
f 537/1368/3624 609/1369/3625 610/1370/3626
f 610/1370/3627 538/1371/3628 537/1368/3629
f 538/1994/3630 610/1995/3631 608/1996/3632
f 608/1996/3633 535/1997/3634 538/1994/3635
f 539/1372/3636 612/1373/3637 611/1374/3638
f 611/1374/3639 540/1375/3640 539/1372/3641
f 540/1998/3642 611/1999/3643 613/2000/3644
f 613/2000/3645 541/2001/3646 540/1998/3647
f 541/1376/3648 613/1377/3649 614/1378/3650
f 614/1378/3651 542/1379/3652 541/1376/3653
f 542/2002/3654 614/2003/3655 612/2004/3656
f 612/2004/3657 539/2005/3658 542/2002/3659
f 543/1380/3660 616/1381/3661 615/1382/3662
f 615/1382/3663 544/1383/3664 543/1380/3665
f 544/2006/3666 615/2007/3667 617/2008/3668
f 617/2008/3669 545/2009/3670 544/2006/3671
f 545/1384/3672 617/1385/3673 618/1386/3674
f 618/1386/3675 546/1387/3676 545/1384/3677
f 546/2010/3678 618/2011/3679 616/2012/3680
f 616/2012/3681 543/2013/3682 546/2010/3683
f 547/1388/3684 620/1389/3685 619/1390/3686
f 619/1390/3687 548/1391/3688 547/1388/3689
f 548/2014/3690 619/2015/3691 621/2016/3692
f 621/2016/3693 549/2017/3694 548/2014/3695
f 549/1392/3696 621/1393/3697 622/1394/3698
f 622/1394/3699 550/1395/3700 549/1392/3701
f 550/2018/3702 622/2019/3703 620/2020/3704
f 620/2020/3705 547/2021/3706 550/2018/3707
f 624/1722/3708 623/1719/3709 625/1688/3710
f 625/1688/3711 626/1713/3712 624/1722/3713
f 630/2123/3714 627/440/3715 628/2137/3716
f 628/2137/3717 629/458/3718 630/2123/3719
f 630/449/3720 629/2122/3721 632/460/3722
f 632/460/3723 633/2139/3724 630/449/3725
f 626/1713/3726 625/1688/3727 291/1700/3728
f 291/1700/3729 301/2130/3730 626/1713/3731
f 631/725/3732 624/726/3733 626/727/3734
f 346/422/3735 628/431/3736 627/2136/3737
f 628/431/3738 346/422/3739 345/2133/3740
f 345/2133/3741 634/441/3742 628/431/3743
f 634/441/3744 345/2133/3745 280/2134/3746
f 280/2134/3747 632/2138/3748 634/441/3749
f 633/469/3750 632/2138/3751 280/2134/3752
f 628/2076/3753 479/2077/3754 506/2078/3755
f 506/2078/3756 629/2125/3757 628/2076/3758
f 629/2079/3759 506/2124/3760 495/2080/3761
f 495/2080/3762 632/2081/3763 629/2079/3764
f 633/1681/3765 636/1676/3766 635/1689/3767
f 635/1689/3768 630/1702/3769 633/1681/3770
f 510/2127/3771 479/1397/3772 628/1398/3773
f 510/2127/3774 628/1398/3775 634/2126/3776
f 632/1400/3777 495/1401/3778 510/1396/3779
f 510/1396/3780 634/1399/3781 632/1400/3782
f 280/2132/3783 636/1676/3784 633/1681/3785
f 638/1701/3786 637/1690/3787 639/1682/3788
f 639/1682/3789 640/1680/3790 638/1701/3791
f 640/1680/3792 639/1682/3793 279/1672/3794
f 279/1672/3795 292/2128/3796 640/1680/3797
f 637/1690/3798 635/1689/3799 636/1676/3800
f 636/1676/3801 639/1682/3802 637/1690/3803
f 636/1676/3804 280/2132/3805 279/1672/3806
f 279/1672/3807 639/1682/3808 636/1676/3809
f 644/1402/3810 641/1403/3811 642/1404/3812
f 642/1404/3813 643/1407/3814 644/1402/3815
f 625/1688/3816 640/1680/3817 292/2128/3818
f 292/2128/3819 291/1700/3820 625/1688/3821
f 646/1710/3822 638/1701/3823 640/1680/3824
f 640/1680/3825 645/2140/3826 646/1710/3827
f 645/2140/3828 640/1680/3829 625/1688/3830
f 625/1688/3831 647/1711/3832 645/2140/3833
f 647/1711/3834 625/1688/3835 623/1719/3836
f 623/1719/3837 648/1727/3838 647/1711/3839
f 648/2082/3840 623/2083/3841 638/2084/3842
f 638/2084/3843 646/2085/3844 648/2082/3845
f 650/728/3846 646/729/3847 645/730/3848
f 645/730/3849 649/731/3850 650/728/3851
f 649/1720/3852 645/1699/3853 647/2022/3854
f 647/2022/3855 651/2023/3856 649/1720/3857
f 651/732/3858 647/733/3859 648/734/3860
f 648/734/3861 652/735/3862 651/732/3863
f 652/2024/3864 648/2025/3865 646/2026/3866
f 646/2026/3867 650/2027/3868 652/2024/3869
f 656/2028/3870 653/2029/3871 654/2030/3872
f 654/2030/3873 655/2031/3874 656/2028/3875
f 658/736/3876 657/737/3877 653/738/3878
f 653/738/3879 656/739/3880 658/736/3881
f 660/2032/3882 659/2033/3883 657/2034/3884
f 657/2034/3885 658/2035/3886 660/2032/3887
f 655/740/3888 654/741/3889 659/742/3890
f 659/742/3891 660/743/3892 655/740/3893
f 653/1410/3894 652/1411/3895 650/1412/3896
f 650/1412/3897 654/1414/3898 653/1410/3899
f 655/1405/3900 641/1403/3901 644/1402/3902
f 644/1402/3903 656/1408/3904 655/1405/3905
f 657/1413/3906 651/1415/3907 652/1411/3908
f 652/1411/3909 653/1410/3910 657/1413/3911
f 656/1408/3912 644/1402/3913 643/1407/3914
f 643/1407/3915 658/1409/3916 656/1408/3917
f 659/1417/3918 649/1416/3919 651/1415/3920
f 651/1415/3921 657/1413/3922 659/1417/3923
f 658/1409/3924 643/1407/3925 642/1404/3926
f 642/1404/3927 660/1406/3928 658/1409/3929
f 654/1414/3930 650/1412/3931 649/1416/3932
f 649/1416/3933 659/1417/3934 654/1414/3935
f 660/1406/3936 642/1404/3937 641/1403/3938
f 641/1403/3939 655/1405/3940 660/1406/3941
f 479/563/3942 507/568/3943 661/572/3944
f 507/568/3945 506/587/3946 662/578/3947
f 664/588/3948 506/587/3949 479/563/3950
f 479/563/3951 663/579/3952 664/588/3953
f 506/587/3954 664/588/3955 662/578/3956
f 479/563/3957 661/572/3958 663/579/3959
f 507/568/3960 662/578/3961 661/572/3962
f 506/587/3963 665/621/3964 666/631/3965
f 666/631/3966 488/632/3967 506/587/3968
f 667/611/3969 665/621/3970 506/587/3971
f 667/611/3972 506/587/3973 489/602/3974
f 668/622/3975 667/611/3976 489/602/3977
f 488/632/3978 666/631/3979 668/622/3980
f 668/622/3981 489/602/3982 488/632/3983
f 672/744/3984 669/745/3985 670/746/3986
f 670/746/3987 671/747/3988 672/744/3989
f 506/748/3990 673/749/3991 674/750/3992
f 674/751/3993 495/752/3994 506/753/3995
f 509/640/3996 675/654/3997 673/662/3998
f 673/662/3999 506/587/4000 509/640/4001
f 676/649/4002 509/640/4003 495/612/4004
f 674/655/4005 676/649/4006 495/612/4007
f 676/649/4008 675/654/4009 509/640/4010
f 680/754/4011 677/755/4012 678/756/4013
f 678/756/4014 679/757/4015 680/754/4016
f 265/2086/4017 674/2087/4018 673/2088/4019
f 673/2088/4020 266/2089/4021 265/2086/4022
f 266/2089/4023 673/2088/4024 675/2090/4025
f 675/2090/4026 267/2091/4027 266/2089/4028
f 267/2092/4029 675/2093/4030 676/2094/4031
f 676/2094/4032 268/2095/4033 267/2092/4034
f 268/2095/4035 676/2094/4036 674/2096/4037
f 674/2096/4038 265/2097/4039 268/2095/4040
f 669/2098/4041 661/2099/4042 662/2100/4043
f 662/2100/4044 670/2102/4045 669/2098/4046
f 670/2102/4047 662/2100/4048 664/2104/4049
f 664/2105/4050 671/2106/4051 670/2107/4052
f 671/2106/4053 664/2105/4054 663/2108/4055
f 663/2108/4056 672/2109/4057 671/2106/4058
f 672/2101/4059 663/2103/4060 661/2099/4061
f 661/2099/4062 669/2098/4063 672/2101/4064
f 677/2110/4065 666/2111/4066 665/2112/4067
f 665/2112/4068 678/2113/4069 677/2110/4070
f 678/2113/4071 665/2112/4072 667/2114/4073
f 667/2114/4074 679/2115/4075 678/2113/4076
f 679/2116/4077 667/2117/4078 668/2118/4079
f 668/2118/4080 680/2119/4081 679/2116/4082
f 680/2119/4083 668/2118/4084 666/2120/4085
f 666/2120/4086 677/2121/4087 680/2119/4088
f 356/455/4089 383/467/4090 345/427/4091
f 345/427/4092 383/467/4093 351/464/4094
f 284/1714/4095 684/1705/4096 285/1697/4097
f 282/1693/4098 684/1705/4099 284/1714/4100
f 683/1677/4101 690/1704/4102 684/1705/4103 282/1693/4104
f 726/2036/4105 725/2037/4106 727/2038/4107 728/2039/4108
s 3
f 287/1736/4109 691/1735/4110 686/1740/4111
s off
f 718/2040/4112 717/2041/4113 719/2042/4114 720/2043/4115
f 317/1684/4116 281/1670/4117 683/1677/4118
f 282/1693/4119 317/1684/4120 683/1677/4121
s 4
f 683/1677/4122 280/1674/4123 682/1683/4124
f 281/1670/4125 280/1674/4123 683/1677/4122
s 2
f 689/1692/1468 283/1691/1467 681/1703/4126
s off
f 722/2044/4127 721/2045/4128 723/2046/4129 724/2047/4130
s 3
f 691/1735/4110 287/1736/4109 301/1723/4131 688/1732/4132
s off
f 730/2048/4133 729/2049/4134 731/2050/4135 732/2051/4136
f 686/758/4137 691/759/4138 693/760/4139
f 691/1418/4140 692/1419/4141 694/1420/4142 693/1421/4143
f 692/768/4144 685/769/4145 694/770/4146
f 690/1422/4147 689/1423/4148 695/1424/4149 696/1425/4150
f 689/778/4151 681/779/4152 695/780/4153
f 684/788/4154 690/789/4155 696/790/4156
f 686/758/4157 693/760/4158 697/761/4159
f 693/2052/4160 694/2053/4161 698/2054/4162 697/2055/4163
f 694/770/4164 685/769/4165 698/771/4166
f 696/2056/4167 695/2057/4168 699/2058/4169 700/2059/4170
f 695/780/4171 681/779/4172 699/781/4173
f 684/788/4174 696/790/4175 700/791/4176
f 686/758/4177 697/761/4178 701/762/4179
f 697/1426/4180 698/1427/4181 702/1428/4182 701/1429/4183
f 698/771/4184 685/769/4185 702/772/4186
f 700/1430/4187 699/1431/4188 703/1432/4189 704/1433/4190
f 699/781/4191 681/779/4192 703/782/4193
f 684/788/4194 700/791/4195 704/792/4196
f 686/758/4197 701/762/4198 705/763/4199
f 701/2060/4200 702/2061/4201 706/2062/4202 705/2063/4203
f 702/772/4204 685/769/4205 706/773/4206
f 704/2064/4207 703/2065/4208 707/2066/4209 708/2067/4210
f 703/782/4211 681/779/4212 707/783/4213
f 684/788/4214 704/792/4215 708/793/4216
f 686/758/4217 705/763/4218 709/764/4219
f 705/1434/4220 706/1435/4221 710/1436/4222 709/1437/4223
f 706/773/4224 685/769/4225 710/774/4226
f 708/1438/4227 707/1439/4228 711/1440/4229 712/1441/4230
f 707/783/4231 681/779/4232 711/784/4233
f 684/788/4234 708/793/4235 712/794/4236
f 686/758/4237 709/764/4238 713/765/4239
f 709/2068/4240 710/2069/4241 714/2070/4242 713/2071/4243
f 710/774/4244 685/769/4245 714/775/4246
f 712/2072/4247 711/2073/4248 715/2074/4249 716/2075/4250
f 711/784/4251 681/779/4252 715/785/4253
f 684/788/4254 712/794/4255 716/795/4256
f 686/758/4257 713/765/4258 717/766/4259 718/767/4260
f 713/1442/4261 714/1443/4262 719/1444/4263 717/1445/4264
f 714/775/4265 685/769/4266 720/776/4267 719/777/4268
f 685/1446/4269 686/1447/4270 718/1448/4271 720/1449/4272
f 716/1450/4273 715/1451/4274 721/1452/4275 722/1453/4276
f 715/785/4277 681/779/4278 723/786/4279 721/787/4280
f 681/1454/4281 684/1455/4282 724/1456/4283 723/1457/4284
f 684/788/4285 716/795/4286 722/796/4287 724/797/4288
f 682/4/4289 689/3/4290 725/13/4291 726/14/4292
f 689/3/4293 690/6/4294 727/15/4295 725/13/4296
f 690/6/4297 683/5/4298 728/16/4299 727/15/4300
f 683/5/4301 682/4/4302 726/14/4303 728/16/4304
f 692/2/4305 691/7/4306 729/10/4307 730/9/4308
f 691/7/4309 688/8/4310 731/11/4311 729/10/4312
f 688/8/4313 687/1/4314 732/12/4315 731/11/4316
f 687/1/4317 692/2/4318 730/9/4319 732/12/4320
s 1
f 302/1728/1422 687/1731/1421 688/1732/4321 301/1723/4322
s off
f 282/798/4323 284/799/4324 739/800/4325 737/801/4326
f 284/1458/4327 286/1459/4328 734/1460/4329 739/1461/4330
f 278/1464/4331 281/1465/4332 747/1466/4333 745/1467/4334
f 281/804/4335 317/802/4336 742/803/4337 747/805/4338
f 317/802/4339 282/798/4340 737/801/4341 742/803/4342
f 277/806/4343 755/807/4344 754/808/4345
f 286/1459/4346 277/1462/4347 754/1463/4348 734/1460/4349
f 277/806/4350 312/809/4351 762/810/4352 755/807/4353
f 312/809/4354 767/811/4355 762/810/4356
f 312/1468/4357 278/1464/4358 745/1467/4359 767/1469/4360
f 270/277/4361 269/278/4362 769/273/4363 770/276/4364
f 271/1076/4365 270/1077/4366 770/1072/4367 771/1075/4368
f 272/283/4369 271/284/4370 771/279/4371 772/282/4372
f 269/1082/4373 272/1083/4374 772/1078/4375 769/1081/4376
f 314/1136/4377 313/1137/4378 773/1132/4379 774/1135/4380
f 315/337/4381 314/338/4382 774/333/4383 775/336/4384
f 316/1142/4385 315/1143/4386 775/1138/4387 776/1141/4388
f 313/343/4389 316/344/4390 776/339/4391 773/342/4392
f 327/1172/4393 326/1173/4394 777/1168/4395 778/1171/4396
f 328/373/4397 327/374/4398 778/369/4399 779/372/4400
f 329/1178/4401 328/1179/4402 779/1174/4403 780/1177/4404
f 326/379/4405 329/380/4406 780/375/4407 777/378/4408
f 331/385/4409 330/386/4410 781/381/4411 782/384/4412
f 332/1184/4413 331/1185/4414 782/1180/4415 783/1183/4416
f 333/391/4417 332/392/4418 783/387/4419 784/390/4420
f 330/1190/4421 333/1191/4422 784/1186/4423 781/1189/4424
f 335/397/4425 334/398/4426 785/393/4427 786/396/4428
f 336/1196/4429 335/1197/4430 786/1192/4431 787/1195/4432
f 337/403/4433 336/404/4434 787/399/4435 788/402/4436
f 334/1202/4437 337/1203/4438 788/1198/4439 785/1201/4440
f 339/409/4441 338/410/4442 789/405/4443 790/408/4444
f 340/1208/4445 339/1209/4446 790/1204/4447 791/1207/4448
f 341/415/4449 340/416/4450 791/411/4451 792/414/4452
f 338/1214/4453 341/1215/4454 792/1210/4455 789/1213/4456
f 294/812/4457 799/813/4458 797/814/4459
f 294/1470/4460 296/1471/4461 794/1472/4462 799/1473/4463
f 289/818/4464 288/819/4465 803/820/4466 802/821/4467
f 296/1471/4468 289/1474/4469 802/1475/4470 794/1472/4471
f 303/822/4472 302/824/4473 811/825/4474 809/823/4475
f 302/1476/4476 290/1477/4477 813/1478/4478 811/1479/4479
f 290/1477/4480 293/1480/4481 819/1481/4482 813/1478/4483
f 293/815/4484 816/816/4485 819/817/4486
f 288/819/4487 303/822/4488 809/823/4489 803/820/4490
f 293/815/4491 294/812/4492 797/814/4493 816/816/4494
f 274/289/4495 273/290/4496 829/285/4497 830/288/4498
f 275/1088/4499 274/1089/4500 830/1084/4501 831/1087/4502
f 276/295/4503 275/296/4504 831/291/4505 832/294/4506
f 273/1094/4507 276/1095/4508 832/1090/4509 829/1093/4510
f 298/301/4511 297/302/4512 833/297/4513 834/300/4514
f 299/1100/4515 298/1101/4516 834/1096/4517 835/1099/4518
f 300/307/4519 299/308/4520 835/303/4521 836/306/4522
f 297/1106/4523 300/1107/4524 836/1102/4525 833/1105/4526
f 305/1112/4527 304/1113/4528 837/1108/4529 838/1111/4530
f 306/313/4531 305/314/4532 838/309/4533 839/312/4534
f 307/1118/4535 306/1119/4536 839/1114/4537 840/1117/4538
f 304/319/4539 307/320/4540 840/315/4541 837/318/4542
f 309/1124/4543 308/1125/4544 841/1120/4545 842/1123/4546
f 310/325/4547 309/326/4548 842/321/4549 843/324/4550
f 311/1130/4551 310/1131/4552 843/1126/4553 844/1129/4554
f 308/331/4555 311/332/4556 844/327/4557 841/330/4558
f 319/1148/4559 318/1149/4560 845/1144/4561 846/1147/4562
f 320/349/4563 319/350/4564 846/345/4565 847/348/4566
f 321/1154/4567 320/1155/4568 847/1150/4569 848/1153/4570
f 318/355/4571 321/356/4572 848/351/4573 845/354/4574
f 323/1160/4575 322/1161/4576 849/1156/4577 850/1159/4578
f 324/361/4579 323/362/4580 850/357/4581 851/360/4582
f 325/1166/4583 324/1167/4584 851/1162/4585 852/1165/4586
f 322/367/4587 325/368/4588 852/363/4589 849/366/4590
f 175/1708/4591 174/1718/4592 293/1712/4593 292/1675/4594
f 174/1718/4595 176/1725/4596 294/1726/4597 293/1712/4598
f 173/1717/4599 175/1708/4600 264/1696/4601 263/1715/4602
f 87/1679/4603 86/1694/4604 261/1695/4605 262/1685/4606
f 86/1694/4607 85/1686/4608 854/1698/4609 853/1706/4610
f 176/1725/4611 173/1717/4612 856/1724/4613 855/1729/4614
f 263/1715/4615 261/1695/4616 858/1707/4617 857/1716/4618
f 294/1726/4619 176/1725/4620 855/1729/4621 295/1730/4622
f 173/1717/4623 263/1715/4624 857/1716/4625 856/1724/4626
f 261/1695/4627 86/1694/4628 853/1706/4629 858/1707/4630
f 262/1685/4631 264/1696/4632 292/1675/4633
f 264/1696/4634 175/1708/4635 292/1675/4636
f 87/1679/4637 262/1685/4638 292/1675/4639
f 88/1678/4640 87/1679/4641 292/1675/4642 312/1673/4643
f 85/1686/4644 88/1678/4645 312/1673/4646 277/1687/4647
f 85/1686/4648 277/1687/4649 285/1697/4650 854/1698/4651
f 351/464/4652 370/459/4653 345/427/4654
f 370/459/4655 280/450/4656 345/427/4657
