# This file uses meters as units for non-parametric coordinates.

mtllib Building_13_OBJ.mtl
g default
v 6800.007812 116.883888 1439.097656
v 6800.007812 116.883888 1557.727539
v 6800.007812 191.259125 1439.091309
v 6800.006348 191.259125 1557.718994
v 6800.007812 237.675385 1439.091309
v 6800.006836 237.675385 1557.718994
v 6800.007812 284.091614 1439.085938
v 6800.007812 284.091614 1557.715820
v 6800.007812 284.091614 1498.408203
v 6800.007812 116.883888 1498.407715
v 6800.007812 123.383888 1493.858398
v 6800.007812 118.834343 1498.407715
v 6800.007812 123.383888 1502.957031
v 6794.161621 277.791626 1498.408203
v 6794.161621 240.677155 1498.407715
v 6794.161621 240.677155 1551.421387
v 6794.161621 277.791626 1551.416504
v 6794.161621 240.677155 1445.390625
v 6794.161621 277.791626 1445.386719
v 6794.161621 116.883888 1498.407715
v 6794.161621 116.883888 1557.727539
v 6794.161621 123.383888 1551.227051
v 6794.161621 123.383888 1502.957031
v 6794.161621 118.834343 1498.407715
v 6794.161621 191.259125 1557.722168
v 6794.161621 191.258911 1551.222168
v 6794.161621 237.675385 1557.722168
v 6794.161621 231.175385 1551.222168
v 6794.161621 237.675385 1498.407715
v 6794.161621 235.724915 1498.407715
v 6794.161621 231.175385 1502.957031
v 6794.161621 237.675385 1439.091309
v 6794.161621 231.175385 1445.591309
v 6794.161621 231.175385 1493.858398
v 6794.161621 191.259125 1439.091309
v 6794.161621 191.259399 1445.591309
v 6794.161621 116.883888 1439.097656
v 6794.161621 123.383888 1493.858398
v 6794.161621 123.383888 1445.597168
v 6794.161621 284.091614 1557.715820
v 6794.161621 284.091614 1498.408203
v 6794.161621 284.091614 1439.085938
v 6794.161621 191.259125 1502.957031
v 6794.161621 191.259155 1493.858398
v 6803.730957 277.791626 1498.408203
v 6803.730957 240.677155 1498.407715
v 6803.730957 240.677155 1551.421387
v 6803.730957 277.791626 1551.416504
v 6803.730957 240.677155 1445.390625
v 6803.730957 277.791626 1445.386719
v 6803.730957 123.383888 1502.957031
v 6803.730957 191.259125 1502.957031
v 6803.730957 123.383888 1551.227051
v 6803.730957 191.258911 1551.222168
v 6803.730957 231.175385 1502.957031
v 6803.730957 231.175385 1551.222168
v 6803.730957 191.259399 1445.591309
v 6803.730957 191.259155 1493.858398
v 6803.730957 231.175385 1493.858398
v 6803.730957 231.175385 1445.591309
v 6803.730957 123.383888 1445.597168
v 6803.730957 123.383888 1493.858398
v 6904.458496 116.883888 1651.439087
v 7023.088379 116.883888 1651.439087
v 6904.454102 191.259125 1651.439087
v 7023.083008 191.259125 1651.439087
v 6904.454590 237.675385 1651.439087
v 7023.083008 237.675385 1651.439087
v 6904.452637 284.091614 1651.439087
v 7023.076660 284.091614 1651.439087
v 6959.219238 123.383888 1651.439087
v 6963.768555 118.834343 1651.439087
v 6968.317871 123.383888 1651.439087
v 6963.769043 277.791626 1657.285522
v 6963.768555 240.677155 1657.285522
v 7016.782227 240.677155 1657.285522
v 7016.777344 277.791626 1657.285522
v 6910.751465 240.677155 1657.285522
v 6910.747559 277.791626 1657.285522
v 6963.768555 116.883888 1657.285522
v 7023.088379 116.883888 1657.285522
v 7016.587891 123.383888 1657.285522
v 6968.317871 123.383888 1657.285522
v 6963.768555 118.834343 1657.285522
v 7023.083008 191.259125 1657.285522
v 7016.583008 191.258911 1657.285522
v 7023.083008 237.675385 1657.285522
v 7016.583008 231.175385 1657.285522
v 6963.768555 237.675385 1657.285522
v 6963.768555 235.724915 1657.285522
v 6968.317871 231.175385 1657.285522
v 6904.452148 237.675385 1657.285522
v 6910.952148 231.175385 1657.285522
v 6959.219238 231.175385 1657.285522
v 6904.452148 191.259125 1657.285522
v 6910.952148 191.259399 1657.285522
v 6904.458496 116.883888 1657.285522
v 6959.219238 123.383888 1657.285522
v 6910.958008 123.383888 1657.285522
v 7023.076660 284.091614 1657.285522
v 6963.769043 284.091614 1657.285522
v 6904.446777 284.091614 1657.285522
v 6968.317871 191.259125 1657.285522
v 6959.219238 191.259155 1657.285522
v 6963.769043 277.791626 1647.715942
v 6963.768555 240.677155 1647.715942
v 7016.782227 240.677155 1647.715942
v 7016.777344 277.791626 1647.715942
v 6910.751465 240.677155 1647.715942
v 6910.747559 277.791626 1647.715942
v 6968.317871 123.383888 1647.715942
v 6968.317871 191.259125 1647.715942
v 7016.587891 123.383888 1647.715942
v 7016.583008 191.258911 1647.715942
v 6968.317871 231.175385 1647.715942
v 7016.583008 231.175385 1647.715942
v 6910.952148 191.259399 1647.715942
v 6959.219238 191.259155 1647.715942
v 6959.219238 231.175385 1647.715942
v 6910.952148 231.175385 1647.715942
v 6910.958008 123.383888 1647.715942
v 6959.219238 123.383888 1647.715942
v 8798.125000 374.703033 1474.264526
v 8798.125000 374.702972 1297.089966
v 8138.788086 391.073547 1454.113281
v 8798.125000 391.073547 1474.264526
v 8167.305664 528.795105 1474.264526
v 8798.125000 528.795166 1474.264526
v 8798.125000 374.703003 1267.904663
v 8798.125000 374.703064 1313.892578
v 8138.788086 440.864136 1454.114014
v 8798.125000 391.073547 1368.861084
v 8798.125000 374.703033 1383.768066
v 8798.125000 339.949768 1313.207153
v 8798.125000 339.061554 1383.768188
v 8798.125000 339.061554 1474.264526
v 8798.125000 0.444225 1313.207153
v 8798.125000 -0.443989 1383.768188
v 8798.125000 -0.443989 1474.264526
v 8814.513672 391.073547 1368.861084
v 8814.513672 374.703033 1383.768066
v 8814.513672 374.703033 1474.264526
v 8814.513672 391.073547 1474.264526
v 8814.513672 374.703003 1267.904663
v 8814.513672 391.073547 1267.904663
v 8798.125000 430.440735 1352.768677
v 8798.125000 506.404816 1474.264526
v 8798.125000 391.145538 1293.891357
v 8814.514648 528.795105 1474.264526
v 8814.513672 430.440735 1352.768677
v 8814.514648 506.404846 1474.264526
v 8814.513672 391.145538 1293.891357
v 8138.788086 0.000013 1651.438965
v 8798.125000 -0.000040 1651.486816
v 8798.125000 327.410553 1651.570190
v 8798.125000 374.702972 1651.439087
v 8167.305664 391.073547 1680.624390
v 8798.125000 391.073547 1680.624390
v 8798.125000 374.703003 1680.624390
v 8167.305664 374.703003 1680.624390
v 8138.788086 294.095764 1651.438965
v 8798.125000 294.095734 1651.439209
v 8138.788086 284.091614 1651.438843
v 8798.125000 284.091583 1651.438965
v 8798.125000 374.703064 1634.636353
v 8798.125000 294.095703 1694.739624
v 9141.697266 0.000011 1634.636353
v 9141.697266 284.091553 1634.636353
v 9141.697266 294.095703 1694.739624
v 8167.305664 440.864136 1606.021484
v 8798.125000 440.864136 1606.021484
v 8798.125000 391.073547 1579.667969
v 8798.125000 374.703033 1564.760864
v 8798.125000 310.864655 1673.010376
v 9141.697266 310.864655 1673.010376
v 9141.697266 294.095734 1673.010498
v 9141.697266 284.091583 1673.010376
v 9141.697266 0.000011 1673.010498
v 8798.125000 0.000042 1673.010376
v 8798.125000 294.095734 1683.120361
v 9141.697266 294.095734 1683.120361
v 8798.125000 284.091583 1683.120361
v 9141.697266 284.091583 1683.120361
v 8798.125000 284.091583 1673.010376
v 9141.697266 327.410553 1651.570190
v 9141.697266 339.949768 1635.321777
v 9141.697266 294.095734 1634.636353
v 8798.125000 339.949768 1635.321777
v 8798.125000 339.061554 1564.760864
v 8798.125000 0.444225 1635.321777
v 8798.125000 -0.443989 1564.760864
v 8814.513672 391.073547 1579.667969
v 8814.513672 374.703033 1564.760864
v 8814.513672 374.703003 1680.624390
v 8814.513672 391.073547 1680.624390
v 8798.125000 430.440735 1595.760376
v 8798.125000 391.145538 1654.637695
v 8814.513672 440.864136 1606.021484
v 8814.513672 430.440735 1595.760376
v 8814.513672 391.145538 1654.637695
v 7543.063477 0.000011 1651.439087
v 7543.060547 391.073456 1680.624390
v 7543.063477 440.864136 1606.021484
v 7543.058105 374.702881 1680.624390
v 7543.063477 528.795105 1474.271729
v 7543.055664 0.000011 1770.925415
v 7543.055664 284.091614 1770.925415
v 7217.811035 0.000011 1770.925415
v 7217.811035 284.091614 1770.925415
v 7217.802734 0.000011 1651.439087
v 7217.811035 284.091614 1651.439087
v 7217.811035 297.067169 1651.439087
v 7217.811035 297.067169 1770.925415
v 7543.055664 297.067322 1770.925415
v 7488.841797 0.000011 1770.925415
v 7434.637695 0.000011 1770.925415
v 7380.432617 0.000011 1770.925415
v 7326.228516 0.000011 1770.925415
v 7272.023438 0.000011 1770.925415
v 7272.023438 284.091614 1770.925415
v 7326.228516 284.091614 1770.925415
v 7380.432617 284.091614 1770.925415
v 7434.637695 284.091614 1770.925415
v 7488.841797 284.091614 1770.925415
v 7270.849121 329.474915 1770.925415
v 7325.287109 349.496277 1770.925415
v 7380.432617 356.290863 1770.925415
v 7435.578125 349.496368 1770.925415
v 7490.016113 329.475098 1770.925415
v 7270.849121 329.474915 1651.439087
v 7325.287109 349.496277 1651.439087
v 7380.432617 356.290863 1651.439087
v 7435.578125 349.496368 1651.439087
v 7490.016113 329.475098 1651.439087
v 7270.849121 374.703064 1651.439087
v 7217.819336 374.702728 1651.439087
v 7325.287109 374.703247 1651.439087
v 7380.432617 374.703308 1651.439087
v 7435.578125 374.703247 1651.439087
v 7490.016602 374.703064 1651.439209
v 7270.849121 374.703064 1680.624390
v 7217.819336 374.702728 1680.624390
v 7325.287109 374.703247 1680.624390
v 7380.432617 374.703308 1680.624390
v 7435.578125 374.703247 1680.624390
v 7490.016113 374.703033 1680.624390
v 7270.849121 391.073608 1680.624390
v 7217.819336 391.073242 1680.624390
v 7325.287109 391.073792 1680.624390
v 7380.432617 391.073853 1680.624390
v 7435.578125 391.073792 1680.624390
v 7490.016113 391.073547 1680.624390
v 7270.856934 440.864380 1606.021484
v 7217.827148 440.864014 1606.021484
v 7325.294922 440.864563 1606.021484
v 7380.440430 440.864624 1606.021484
v 7435.585938 440.864563 1606.021484
v 7490.023926 440.864319 1606.021484
v 7270.856934 528.795166 1474.271606
v 7217.827148 528.795044 1474.271729
v 7325.294922 528.795227 1474.271484
v 7380.440430 528.795227 1474.271484
v 7435.585938 528.795227 1474.271484
v 7490.023926 528.795166 1474.271606
v 6799.999512 0.000011 1651.439087
v 6769.981934 374.702728 1680.624390
v 6769.979980 391.073242 1680.624390
v 6769.985840 440.864014 1606.021484
v 6769.985840 528.795044 1474.271118
v 6799.999512 0.000011 1557.715698
v 6800.007812 297.067169 1557.715698
v 6800.017090 374.702728 1557.715820
v 6800.017090 391.073242 1474.272705
v 6800.024902 440.864014 1474.271973
v 8138.788086 528.795044 1143.300903
v 8167.305664 643.072693 1304.310669
v 7543.063477 642.226562 1304.314209
v 7490.023926 642.226685 1304.313965
v 7435.585938 642.226685 1304.313965
v 7380.440430 642.226685 1304.313965
v 7325.294922 642.226685 1304.313965
v 7270.856934 642.226685 1304.313965
v 7217.827148 642.226501 1304.314209
v 6769.985840 642.226501 1304.314209
v 8167.305664 643.072693 1143.300903
v 6799.999512 0.000011 1435.083740
v 6800.007812 297.067169 1435.083740
v 6800.017090 374.702728 1435.083984
v 6800.017090 391.073242 1435.084106
v 6800.024902 440.864014 1435.083374
v 6799.999512 0.000011 1143.300903
v 6800.007812 284.091614 1143.300903
v 6800.007812 297.067169 1143.300903
v 6800.017090 374.702728 1143.300903
v 6800.017090 391.073242 1143.300903
v 6769.981934 391.073242 1474.272705
v 6769.981934 374.702728 1474.272705
v 6769.981934 391.073242 1435.084106
v 6769.981934 374.702728 1435.084106
v 6769.981934 391.073242 1143.300903
v 6769.981934 374.702728 1143.300903
v 6800.017090 391.073242 1645.000000
v 6800.024902 440.864014 1567.117432
v 6800.024902 500.231659 1474.270996
v 6800.024902 608.904846 1304.314209
v 6769.985840 440.864014 1567.117432
v 6769.978027 391.073242 1645.000000
v 6769.985840 500.231659 1474.270996
v 6769.985840 608.904846 1304.314209
v 8138.788086 515.346924 1454.113647
v 8167.305664 643.072693 1269.436646
v 8138.788086 624.428467 1296.394165
v 8138.788086 624.428467 1143.300903
v 8167.305664 624.428467 1296.394165
v 8167.305664 624.428467 1143.300903
v 7478.802734 713.649536 1192.102783
v 7435.513672 713.649536 1192.102783
v 7391.662109 713.649536 1192.102783
v 7478.802734 818.275696 1192.102783
v 7435.513672 818.275696 1192.102783
v 7391.662109 818.275696 1192.102783
v 7489.442871 816.621338 1207.400146
v 7435.582031 816.621338 1207.400146
v 7489.442871 833.478394 1207.400146
v 7435.582031 833.478394 1207.400146
v 7381.021973 816.621338 1207.400146
v 7381.021973 833.478394 1207.400146
v 8655.729492 0.000069 1651.439087
v 8655.726562 284.130707 1651.474243
v 8677.433594 272.964417 1651.534668
v 8655.726562 374.702942 1651.438965
v 8655.726562 374.703003 1680.624390
v 8655.726562 391.073517 1680.624390
v 8655.726562 440.864136 1606.021484
v 8655.726562 528.795105 1474.264526
v 8377.628906 528.795105 1474.264526
v 8377.628906 440.864136 1606.021484
v 8377.628906 391.073547 1680.624390
v 8377.628906 374.703003 1680.624390
v 8377.628906 374.702972 1651.439087
v 8355.922852 272.964478 1651.477417
v 8377.630859 284.070557 1651.470703
v 8377.628906 0.000028 1651.438965
v 8377.628906 0.000027 1770.925537
v 8655.726562 0.000027 1770.925537
v 8655.726562 284.091614 1770.925537
v 8377.628906 284.091614 1770.925537
v 8677.433594 272.964417 1770.954102
v 8355.922852 272.964478 1770.896973
v 8677.433594 259.988739 1651.534668
v 8677.433594 259.988739 1770.954102
v 8355.922852 259.988739 1651.477417
v 8355.922852 259.988739 1770.896973
v 8423.983398 528.795105 1474.264526
v 8470.330078 528.795105 1474.264526
v 8516.677734 528.795105 1474.264526
v 8563.025391 528.795105 1474.264526
v 8609.372070 528.795105 1474.264526
v 8609.372070 440.864136 1606.021484
v 8563.025391 440.864136 1606.021484
v 8516.677734 440.864136 1606.021484
v 8470.330078 440.864136 1606.021484
v 8423.983398 440.864136 1606.021484
v 8609.372070 391.073517 1680.624390
v 8563.025391 391.073517 1680.624390
v 8516.677734 391.073547 1680.624390
v 8470.330078 391.073547 1680.624390
v 8423.983398 391.073547 1680.624390
v 8609.372070 374.703003 1680.624390
v 8563.025391 374.703003 1680.624390
v 8516.677734 374.703003 1680.624390
v 8470.330078 374.703003 1680.624390
v 8423.983398 374.703003 1680.624390
v 8609.372070 374.702942 1651.439087
v 8563.025391 374.702942 1651.439087
v 8516.677734 374.702942 1651.439087
v 8470.330078 374.702972 1651.439087
v 8423.983398 374.702972 1651.439087
v 8655.719727 297.067444 1651.530762
v 8610.454102 329.475128 1651.522705
v 8563.892578 349.496399 1651.514404
v 8516.677734 356.290833 1651.506104
v 8469.462891 349.496338 1651.497681
v 8422.901367 329.475006 1651.489380
v 8377.635742 297.067230 1651.481323
v 8655.719727 297.067444 1770.950195
v 8610.454102 329.475128 1770.942139
v 8563.892578 349.496399 1770.933960
v 8516.677734 356.290833 1770.925537
v 8469.462891 349.496338 1770.917114
v 8422.901367 329.475006 1770.908936
v 8377.635742 297.067230 1770.900879
v 8576.932617 284.091614 1770.925537
v 8563.025391 284.091614 1770.925537
v 8470.330078 284.091614 1770.925537
v 8456.422852 284.091614 1770.925537
v 8563.025391 0.000027 1770.925537
v 8470.330078 0.000027 1770.925537
v 8677.433594 -0.000092 1651.534668
v 8370.109375 116.316223 1651.452393
v 8138.788086 98.426689 1651.438965
v 7543.060547 98.426674 1651.439087
v 7543.055664 98.426674 1770.925415
v 7488.841797 98.426674 1770.925415
v 7434.637695 98.426674 1770.925415
v 7380.432617 98.426674 1770.925415
v 7326.228516 98.426674 1770.925415
v 7272.023438 98.426674 1770.925415
v 7217.811035 98.426674 1770.925415
v 7217.805664 98.426674 1651.439087
v 6800.002441 98.426674 1557.715698
v 6800.002441 98.426674 1435.083740
v 6800.002441 98.426674 1143.300903
v 8377.625977 116.316223 1651.438965
v 9141.697266 93.282852 1634.636353
v 9141.697266 93.282860 1673.010498
v 8798.125000 93.282883 1673.010376
v 8798.125000 93.282822 1651.474121
v 8677.433594 113.109268 1651.534668
v 8655.730469 119.523178 1651.438965
v 8655.726562 119.523148 1770.925537
v 8563.025391 119.523148 1770.925537
v 8470.330078 119.523148 1770.925537
v 8377.628906 119.523148 1770.925537
v 7543.059570 0.000011 1711.182251
v 7543.058105 98.426674 1711.182251
v 7543.056152 284.091614 1711.182373
v 7543.055664 297.067322 1711.182251
v 7490.016113 329.475098 1711.182251
v 7435.578125 349.496368 1711.182251
v 7380.432617 356.290863 1711.182251
v 7325.287109 349.496277 1711.182251
v 7270.849121 329.474915 1711.182251
v 7217.811035 297.067169 1711.182251
v 7217.811035 284.091614 1711.182251
v 7217.808594 98.426674 1711.182251
v 7217.806641 0.000011 1711.182251
v 8376.580078 12.559675 1651.440918
v 8138.788086 13.724036 1651.438965
v 7543.063477 13.724034 1651.439087
v 7543.059570 13.724034 1711.182251
v 7543.055664 13.724034 1770.925415
v 7488.841797 13.724034 1770.925415
v 7434.637695 13.724034 1770.925415
v 7380.432617 13.724034 1770.925415
v 7326.228516 13.724034 1770.925415
v 7272.023438 13.724034 1770.925415
v 7217.811035 13.724034 1770.925415
v 7217.806641 13.724032 1711.182251
v 7217.803711 13.724034 1651.439087
v 6800.000000 13.724034 1557.715698
v 6800.000000 13.724034 1435.083740
v 6800.000000 13.724034 1143.300903
v 8377.627930 12.559675 1651.438965
v 9141.697266 13.644852 1634.636353
v 9141.697266 13.644854 1673.010498
v 8798.125000 13.644884 1673.010376
v 8798.125000 13.644808 1651.482422
v 8677.433594 11.474432 1651.534668
v 8655.730469 13.644913 1651.439087
v 8655.726562 13.644875 1770.925537
v 8563.025391 13.644875 1770.925537
v 8470.330078 13.644875 1770.925537
v 8377.628906 13.644875 1770.925537
v 9141.697266 188.687195 1634.636353
v 9141.697266 188.687225 1673.010498
v 8798.125000 188.687225 1673.010376
v 8798.125000 188.687195 1651.456543
v 8677.433594 173.428879 1651.534668
v 8655.732422 188.687271 1651.438965
v 8377.625000 187.083801 1651.438965
v 8363.015625 175.032349 1651.464844
v 8138.788086 191.259140 1651.438843
v 7543.058105 191.259140 1651.439087
v 7543.056641 191.259140 1711.182251
v 7543.055664 191.259140 1770.925415
v 7488.841797 191.259140 1770.925415
v 7434.637695 191.259140 1770.925415
v 7380.432617 191.259140 1770.925415
v 7326.228516 191.259140 1770.925415
v 7272.023438 191.259140 1770.925415
v 7217.811035 191.259140 1770.925415
v 7217.809570 191.259140 1711.182251
v 7217.808594 191.259140 1651.439087
v 6800.004883 191.259140 1143.300903
v 9141.697266 236.389374 1634.636353
v 9141.697266 236.389404 1673.010376
v 8798.125000 236.389404 1673.010376
v 8798.125000 236.389389 1651.447754
v 8677.433594 216.708801 1651.534668
v 8655.733398 236.389435 1651.438965
v 8377.624023 235.587708 1651.438965
v 8359.468750 217.510544 1651.471191
v 8138.788086 237.675385 1651.438843
v 7543.056641 237.675385 1651.439209
v 7543.056152 237.675385 1711.182251
v 7543.055664 237.675385 1770.925415
v 7488.841797 237.675385 1770.925415
v 7434.637695 237.675385 1770.925415
v 7380.432617 237.675385 1770.925415
v 7326.228516 237.675385 1770.925415
v 7272.023438 237.675385 1770.925415
v 7217.811035 237.675385 1770.925415
v 7217.810547 237.675385 1711.182251
v 7217.809570 237.675385 1651.439087
v 6800.006348 237.675385 1143.300903
v 9141.697266 140.985016 1634.636353
v 9141.697266 140.985046 1673.010498
v 8798.125000 140.985046 1673.010376
v 8798.125000 140.985016 1651.465332
v 8677.433594 130.148956 1651.534668
v 8655.731445 140.985092 1651.438965
v 8377.625000 138.579895 1651.438965
v 8366.562500 132.554169 1651.458618
v 8138.788086 144.842911 1651.438843
v 7543.059570 144.842911 1651.439087
v 7543.057617 144.842911 1711.182251
v 7543.055664 144.842911 1770.925415
v 7488.841797 144.842911 1770.925415
v 7434.637695 144.842911 1770.925415
v 7380.432617 144.842911 1770.925415
v 7326.228516 144.842911 1770.925415
v 7272.023438 144.842911 1770.925415
v 7217.811035 144.842911 1770.925415
v 7217.809082 144.842911 1711.182251
v 7217.807129 144.842911 1651.439087
v 6800.003906 116.883896 1143.300903
v 7202.975586 284.687744 1711.182251
v 7202.975586 271.712189 1711.182251
v 7202.975586 271.712189 1770.925415
v 7202.975586 284.687744 1770.925415
v 7202.975586 271.712189 1651.439087
v 7202.975586 284.687744 1651.439087
v 7559.193848 271.712189 1711.182251
v 7559.193848 271.712189 1770.925415
v 7559.193848 284.687897 1711.182251
v 7559.193848 284.687897 1770.925415
v 7559.193848 271.712189 1651.439087
v 7559.193848 284.687897 1651.439087
v 7543.058105 104.526672 1717.282227
v 7543.055664 104.526672 1764.825439
v 7543.057617 138.742905 1717.282227
v 7543.055664 138.742905 1764.825439
v 7536.955566 104.526672 1770.925415
v 7494.941895 104.526672 1770.925415
v 7536.955566 138.742905 1770.925415
v 7494.941895 138.742905 1770.925415
v 7482.741699 104.526672 1770.925415
v 7440.737793 104.526672 1770.925415
v 7482.741699 138.742905 1770.925415
v 7440.737793 138.742905 1770.925415
v 7428.537598 104.526672 1770.925415
v 7386.532715 104.526672 1770.925415
v 7428.537598 138.742905 1770.925415
v 7386.532715 138.742905 1770.925415
v 7374.332520 104.526672 1770.925415
v 7332.328613 104.526672 1770.925415
v 7374.332520 138.742905 1770.925415
v 7332.328613 138.742905 1770.925415
v 7320.128418 104.526672 1770.925415
v 7278.123535 104.526672 1770.925415
v 7320.128418 138.742905 1770.925415
v 7278.123535 138.742905 1770.925415
v 7265.923340 104.526672 1770.925415
v 7223.911133 104.526672 1770.925415
v 7265.923340 138.742905 1770.925415
v 7223.911133 138.742905 1770.925415
v 7217.810547 138.742905 1764.825439
v 7217.809082 138.742905 1717.282227
v 7217.809082 104.526672 1717.282227
v 7217.811035 104.526672 1764.825439
v 7543.059570 138.742905 1657.539062
v 7543.058105 138.742920 1705.082275
v 7543.058105 104.526672 1705.082275
v 7543.060059 104.526672 1657.539062
v 7217.808594 104.526672 1705.082275
v 7217.806152 104.526672 1657.539062
v 7217.808594 138.742920 1705.082275
v 7217.807129 138.742905 1657.539062
v 7543.056641 231.575378 1657.539062
v 7543.056152 231.575378 1705.082275
v 7543.056641 197.359146 1705.082275
v 7543.058105 197.359131 1657.539062
v 7543.056641 197.359146 1717.282227
v 7543.055664 197.359146 1764.825439
v 7543.056152 231.575378 1717.282227
v 7543.055664 231.575378 1764.825439
v 7536.955566 197.359146 1770.925415
v 7494.941895 197.359146 1770.925415
v 7536.955566 231.575378 1770.925415
v 7494.941895 231.575378 1770.925415
v 7482.741699 197.359146 1770.925415
v 7440.737793 197.359146 1770.925415
v 7482.741699 231.575378 1770.925415
v 7440.737793 231.575378 1770.925415
v 7428.537598 197.359146 1770.925415
v 7386.532715 197.359146 1770.925415
v 7428.537598 231.575378 1770.925415
v 7386.532715 231.575378 1770.925415
v 7374.332520 197.359146 1770.925415
v 7332.328613 197.359146 1770.925415
v 7374.332520 231.575378 1770.925415
v 7332.328613 231.575378 1770.925415
v 7320.128418 197.359146 1770.925415
v 7278.123535 197.359146 1770.925415
v 7320.128418 231.575378 1770.925415
v 7278.123535 231.575378 1770.925415
v 7265.923340 197.359146 1770.925415
v 7223.911133 197.359146 1770.925415
v 7265.923340 231.575378 1770.925415
v 7223.911133 231.575378 1770.925415
v 7217.811035 231.575378 1764.825439
v 7217.810547 231.575378 1717.282227
v 7217.809570 197.359146 1717.282227
v 7217.811035 197.359146 1764.825439
v 7217.809570 197.359146 1705.082275
v 7217.808594 197.359146 1657.539062
v 7217.810547 231.575378 1705.082275
v 7217.809570 231.575378 1657.539062
v 7543.056152 243.775391 1705.082275
v 7543.055664 277.991608 1705.082275
v 7543.056641 243.775391 1657.539062
v 7543.056152 277.991638 1657.539062
v 7543.056152 243.775391 1717.282227
v 7543.055664 243.775391 1764.825439
v 7543.055664 277.991608 1717.282227
v 7543.055664 277.991608 1764.825439
v 7536.955566 243.775391 1770.925415
v 7494.941895 243.775391 1770.925415
v 7536.955566 277.991608 1770.925415
v 7494.941895 277.991608 1770.925415
v 7482.741699 243.775391 1770.925415
v 7440.737793 243.775391 1770.925415
v 7482.741699 277.991608 1770.925415
v 7440.737793 277.991608 1770.925415
v 7428.537598 243.775391 1770.925415
v 7386.532715 243.775391 1770.925415
v 7428.537598 277.991608 1770.925415
v 7386.532715 277.991608 1770.925415
v 7374.332520 243.775391 1770.925415
v 7332.328613 243.775391 1770.925415
v 7374.332520 277.991608 1770.925415
v 7332.328613 277.991608 1770.925415
v 7320.128418 243.775391 1770.925415
v 7278.123535 243.775391 1770.925415
v 7320.128418 277.991608 1770.925415
v 7278.123535 277.991608 1770.925415
v 7265.923340 243.775391 1770.925415
v 7223.911133 243.775391 1770.925415
v 7265.923340 277.991608 1770.925415
v 7223.911133 277.991608 1770.925415
v 7217.811035 277.991608 1717.282227
v 7217.810547 243.775391 1717.282227
v 7217.811035 243.775391 1764.825439
v 7217.811035 277.991608 1764.825439
v 7217.810547 243.775391 1705.082275
v 7217.809570 243.775391 1657.539062
v 7217.811035 277.991608 1705.082275
v 7217.811035 277.991608 1657.539062
v 7543.058105 185.159134 1657.539062
v 7543.057129 185.159149 1705.082275
v 7543.057617 150.942917 1705.082275
v 7543.059082 150.942902 1657.539062
v 7543.057617 150.942917 1717.282227
v 7543.055664 150.942917 1764.825439
v 7543.056641 185.159134 1717.282227
v 7543.055664 185.159134 1764.825439
v 7536.955566 150.942917 1770.925415
v 7494.941895 150.942917 1770.925415
v 7536.955566 185.159134 1770.925415
v 7494.941895 185.159134 1770.925415
v 7482.741699 150.942917 1770.925415
v 7440.737793 150.942917 1770.925415
v 7482.741699 185.159134 1770.925415
v 7440.737793 185.159134 1770.925415
v 7428.537598 150.942917 1770.925415
v 7386.532715 150.942917 1770.925415
v 7428.537598 185.159134 1770.925415
v 7386.532715 185.159134 1770.925415
v 7374.332520 150.942917 1770.925415
v 7332.328613 150.942917 1770.925415
v 7374.332520 185.159134 1770.925415
v 7332.328613 185.159134 1770.925415
v 7320.128418 150.942917 1770.925415
v 7278.123535 150.942917 1770.925415
v 7320.128418 185.159134 1770.925415
v 7278.123535 185.159134 1770.925415
v 7265.923340 150.942917 1770.925415
v 7223.911133 150.942917 1770.925415
v 7265.923340 185.159134 1770.925415
v 7223.911133 185.159134 1770.925415
v 7217.811035 185.159134 1764.825439
v 7217.809570 185.159134 1717.282227
v 7217.809082 150.942917 1717.282227
v 7217.811035 150.942917 1764.825439
v 7217.809082 150.942917 1705.082275
v 7217.807617 150.942917 1657.539062
v 7217.809082 185.159134 1705.082275
v 7217.808594 185.159134 1657.539062
v 7538.058105 104.526672 1717.281982
v 7538.055664 104.526672 1764.825195
v 7538.057617 138.742905 1717.281982
v 7538.055664 138.742905 1764.825195
v 7536.955566 104.526672 1765.925415
v 7494.941895 104.526672 1765.925415
v 7536.955566 138.742905 1765.925415
v 7494.941895 138.742905 1765.925415
v 7482.741699 104.526672 1765.925415
v 7440.737793 104.526672 1765.925415
v 7482.741699 138.742905 1765.925415
v 7440.737793 138.742905 1765.925415
v 7428.537598 104.526672 1765.925415
v 7386.532715 104.526672 1765.925415
v 7428.537598 138.742905 1765.925415
v 7386.532715 138.742905 1765.925415
v 7374.332520 104.526672 1765.925415
v 7332.328613 104.526672 1765.925415
v 7374.332520 138.742905 1765.925415
v 7332.328613 138.742905 1765.925415
v 7320.128418 104.526672 1765.925415
v 7278.123535 104.526672 1765.925415
v 7320.128418 138.742905 1765.925415
v 7278.123535 138.742905 1765.925415
v 7265.923340 104.526672 1765.925415
v 7223.911133 104.526672 1765.925415
v 7265.923340 138.742905 1765.925415
v 7223.911133 138.742905 1765.925415
v 7222.810547 138.742996 1764.825195
v 7222.809082 138.742996 1717.281982
v 7222.809082 104.526764 1717.281982
v 7222.811035 104.526764 1764.825195
v 7538.059570 138.742905 1657.538818
v 7538.058105 138.742920 1705.082031
v 7538.058105 104.526672 1705.082031
v 7538.060059 104.526672 1657.538818
v 7222.808594 104.526672 1705.082031
v 7222.806152 104.526672 1657.538818
v 7222.808594 138.742920 1705.082031
v 7222.807129 138.742905 1657.538818
v 7538.056641 231.575287 1657.539062
v 7538.056152 231.575287 1705.082275
v 7538.056641 197.359055 1705.082275
v 7538.058105 197.359039 1657.539062
v 7538.056641 197.359055 1717.282227
v 7538.055664 197.359055 1764.825439
v 7538.056152 231.575287 1717.282227
v 7538.055664 231.575287 1764.825439
v 7536.955566 197.359146 1765.925415
v 7494.941895 197.359146 1765.925415
v 7536.955566 231.575378 1765.925415
v 7494.941895 231.575378 1765.925415
v 7482.741699 197.359146 1765.925415
v 7440.737793 197.359146 1765.925415
v 7482.741699 231.575378 1765.925415
v 7440.737793 231.575378 1765.925415
v 7428.537598 197.359146 1765.925415
v 7386.532715 197.359146 1765.925415
v 7428.537598 231.575378 1765.925415
v 7386.532715 231.575378 1765.925415
v 7374.332520 197.359146 1765.925415
v 7332.328613 197.359146 1765.925415
v 7374.332520 231.575378 1765.925415
v 7332.328613 231.575378 1765.925415
v 7320.128418 197.359146 1765.925415
v 7278.123535 197.359146 1765.925415
v 7320.128418 231.575378 1765.925415
v 7278.123535 231.575378 1765.925415
v 7265.923340 197.359146 1765.925415
v 7223.911133 197.359146 1765.925415
v 7265.923340 231.575378 1765.925415
v 7223.911133 231.575378 1765.925415
v 7222.811035 231.575378 1764.825439
v 7222.810547 231.575378 1717.282227
v 7222.809570 197.359146 1717.282227
v 7222.811035 197.359146 1764.825439
v 7222.809570 197.359055 1705.082275
v 7222.808594 197.359055 1657.539062
v 7222.810547 231.575287 1705.082275
v 7222.809570 231.575287 1657.539062
v 7538.056152 243.775208 1705.082275
v 7538.055664 277.991425 1705.082275
v 7538.056641 243.775208 1657.539062
v 7538.055664 277.991425 1657.539062
v 7538.056152 243.775391 1717.282227
v 7538.055664 243.775391 1764.825439
v 7538.055664 277.991608 1717.282227
v 7538.055664 277.991608 1764.825439
v 7536.955566 243.775391 1765.925415
v 7494.941895 243.775391 1765.925415
v 7536.955566 277.991608 1765.925415
v 7494.941895 277.991608 1765.925415
v 7482.741699 243.775391 1765.925415
v 7440.737793 243.775391 1765.925415
v 7482.741699 277.991608 1765.925415
v 7440.737793 277.991608 1765.925415
v 7428.537598 243.775391 1765.925415
v 7386.532715 243.775391 1765.925415
v 7428.537598 277.991608 1765.925415
v 7386.532715 277.991608 1765.925415
v 7374.332520 243.775391 1765.925415
v 7332.328613 243.775391 1765.925415
v 7374.332520 277.991608 1765.925415
v 7332.328613 277.991608 1765.925415
v 7320.128418 243.775391 1765.925415
v 7278.123535 243.775391 1765.925415
v 7320.128418 277.991608 1765.925415
v 7278.123535 277.991608 1765.925415
v 7265.923340 243.775391 1765.925415
v 7223.911133 243.775391 1765.925415
v 7265.923340 277.991608 1765.925415
v 7223.911133 277.991608 1765.925415
v 7222.811035 277.991486 1717.282227
v 7222.810547 243.775299 1717.282227
v 7222.811035 243.775299 1764.825439
v 7222.811035 277.991486 1764.825439
v 7222.810547 243.775208 1705.082275
v 7222.809570 243.775208 1657.539062
v 7222.811035 277.991425 1705.082275
v 7222.811035 277.991425 1657.539062
v 7538.058105 185.158951 1657.538818
v 7538.057129 185.158966 1705.082031
v 7538.057617 150.942734 1705.082031
v 7538.059082 150.942719 1657.538818
v 7538.057617 150.942825 1717.281982
v 7538.055664 150.942825 1764.825195
v 7538.056641 185.159042 1717.281982
v 7538.055664 185.159042 1764.825195
v 7536.955566 150.942917 1765.925415
v 7494.941895 150.942917 1765.925415
v 7536.955566 185.159134 1765.925415
v 7494.941895 185.159134 1765.925415
v 7482.741699 150.942917 1765.925415
v 7440.737793 150.942917 1765.925415
v 7482.741699 185.159134 1765.925415
v 7440.737793 185.159134 1765.925415
v 7428.537598 150.942917 1765.925415
v 7386.532715 150.942917 1765.925415
v 7428.537598 185.159134 1765.925415
v 7386.532715 185.159134 1765.925415
v 7374.332520 150.942917 1765.925415
v 7332.328613 150.942917 1765.925415
v 7374.332520 185.159134 1765.925415
v 7332.328613 185.159134 1765.925415
v 7320.128418 150.942917 1765.925415
v 7278.123535 150.942917 1765.925415
v 7320.128418 185.159134 1765.925415
v 7278.123535 185.159134 1765.925415
v 7265.923340 150.942917 1765.925415
v 7223.911133 150.942917 1765.925415
v 7265.923340 185.159134 1765.925415
v 7223.911133 185.159134 1765.925415
v 7222.811035 185.159042 1764.825195
v 7222.809570 185.159042 1717.281982
v 7222.809082 150.942825 1717.281982
v 7222.811035 150.942825 1764.825195
v 7222.809082 150.942917 1705.082275
v 7222.807617 150.942917 1657.539062
v 7222.809082 185.159134 1705.082275
v 7222.808594 185.159134 1657.539062
v 7840.925781 0.000012 1651.438965
v 7840.925781 13.724035 1651.438965
v 7840.924316 98.426674 1651.438965
v 7840.923828 144.842911 1651.438965
v 7840.922852 191.259140 1651.438965
v 7840.922363 237.675385 1651.438965
v 7840.921875 284.091614 1651.438965
v 7840.925781 294.095764 1651.438965
v 7691.994629 0.000012 1651.439087
v 7691.994629 13.724035 1651.439087
v 7692.753418 98.426674 1651.439087
v 7989.856934 0.000013 1651.438965
v 7989.856934 13.724035 1651.438965
v 7989.856445 98.426674 1651.438965
v 8059.059570 294.095734 1651.438965
v 7623.025879 116.883896 1651.438965
v 7760.995117 116.883896 1651.438965
v 7623.005371 191.259140 1651.438965
v 7760.975098 191.259140 1651.438965
v 7622.991699 237.675385 1651.438965
v 7760.961914 237.675385 1651.438965
v 7622.985840 284.091614 1651.438965
v 7760.954590 284.091614 1651.438965
v 7930.546387 116.883896 1651.438965
v 8049.176270 116.883896 1651.438965
v 7930.540039 191.259140 1651.438965
v 8049.170898 191.259140 1651.438965
v 7930.540039 237.675385 1651.438965
v 8049.170898 237.675385 1651.438965
v 7930.534668 284.091614 1651.438965
v 8049.164551 284.091614 1651.438965
v 7989.856934 284.091614 1651.438965
v 7989.856445 116.883896 1651.438965
v 7692.753418 116.883896 1651.438965
v 7692.753418 284.091614 1651.438965
v 7614.160645 294.095734 1651.439087
v 7736.896484 294.095764 1651.438965
v 7953.527344 294.095734 1651.438965
v 7697.302734 123.383896 1651.438965
v 7688.204102 123.383896 1651.438965
v 7692.753418 118.834351 1651.438965
v 7985.307129 123.383896 1651.438965
v 7989.856445 118.834351 1651.438965
v 7994.405762 123.383896 1651.438965
v 7692.753418 240.677155 1657.285400
v 7629.291016 240.677155 1657.285400
v 7692.753418 277.791626 1657.285400
v 7629.286133 277.791626 1657.285400
v 7754.661133 240.677155 1657.285400
v 7754.655762 277.791626 1657.285400
v 7623.025879 116.883896 1657.285400
v 7692.753418 116.883896 1657.285400
v 7692.753418 118.834351 1657.285400
v 7688.204102 123.383896 1657.285400
v 7629.523926 123.383896 1657.285400
v 7623.005371 191.259140 1657.285400
v 7629.505371 191.260986 1657.285400
v 7692.753418 237.675385 1657.285400
v 7622.991699 237.675385 1657.285400
v 7629.493652 231.175385 1657.285400
v 7688.204102 231.175385 1657.285400
v 7692.753418 235.724930 1657.285400
v 7760.995117 116.883896 1657.285400
v 7754.493164 123.383896 1657.285400
v 7697.302734 123.383896 1657.285400
v 7760.975098 191.259140 1657.285400
v 7754.475098 191.257339 1657.285400
v 7760.961914 237.675385 1657.285400
v 7754.463867 231.175385 1657.285400
v 7697.302734 231.175385 1657.285400
v 7692.753418 284.091614 1657.285400
v 7622.985352 284.091614 1657.285400
v 7760.954590 284.091614 1657.285400
v 7697.302734 191.259003 1657.285400
v 7688.204102 191.259277 1657.285400
v 7989.856934 277.791626 1657.285400
v 7989.856445 240.677155 1657.285400
v 8042.870117 240.677155 1657.285400
v 8042.865234 277.791626 1657.285400
v 7936.839355 240.677155 1657.285400
v 7936.835449 277.791626 1657.285400
v 7989.856445 116.883896 1657.285400
v 8049.176270 116.883896 1657.285400
v 8042.675781 123.383896 1657.285400
v 7994.405762 123.383896 1657.285400
v 7989.856445 118.834351 1657.285400
v 8049.170898 191.259140 1657.285400
v 8042.670898 191.258911 1657.285400
v 8049.170898 237.675385 1657.285400
v 8042.670898 231.175385 1657.285400
v 7989.856445 237.675385 1657.285400
v 7989.856445 235.724930 1657.285400
v 7994.405762 231.175385 1657.285400
v 7930.540039 237.675385 1657.285400
v 7937.040039 231.175385 1657.285400
v 7985.307129 231.175385 1657.285400
v 7930.540039 191.259140 1657.285400
v 7937.040039 191.259415 1657.285400
v 7930.546387 116.883896 1657.285400
v 7985.307129 123.383896 1657.285400
v 7937.045898 123.383896 1657.285400
v 8049.164551 284.091614 1657.285400
v 7989.856934 284.091614 1657.285400
v 7930.534668 284.091614 1657.285400
v 7994.405762 191.259125 1657.285400
v 7985.307129 191.259171 1657.285400
v 7692.753418 240.677155 1647.715820
v 7629.291016 240.677155 1647.715820
v 7692.753418 277.791626 1647.715820
v 7629.286133 277.791626 1647.715820
v 7754.661133 240.677155 1647.715820
v 7754.655762 277.791626 1647.715820
v 7989.856934 277.791626 1647.715820
v 7989.856445 240.677155 1647.715820
v 8042.870117 240.677155 1647.715820
v 8042.865234 277.791626 1647.715820
v 7936.839355 240.677155 1647.715820
v 7936.835449 277.791626 1647.715820
v 7629.523926 123.383896 1647.715820
v 7688.204102 123.383896 1647.715820
v 7688.204102 191.259277 1647.715820
v 7629.505371 191.260986 1647.715820
v 7688.204102 231.175385 1647.715820
v 7629.493652 231.175385 1647.715820
v 7994.405762 123.383896 1647.715820
v 7994.405762 191.259125 1647.715820
v 8042.675781 123.383896 1647.715820
v 8042.670898 191.258911 1647.715820
v 7994.405762 231.175385 1647.715820
v 8042.670898 231.175385 1647.715820
v 7937.040039 191.259415 1647.715820
v 7985.307129 191.259171 1647.715820
v 7985.307129 231.175385 1647.715820
v 7937.040039 231.175385 1647.715820
v 7937.045898 123.383896 1647.715820
v 7985.307129 123.383896 1647.715820
v 7697.302734 123.383896 1647.715820
v 7697.302734 191.259003 1647.715820
v 7754.493164 123.383896 1647.715820
v 7754.475098 191.257339 1647.715820
v 7697.302734 231.175385 1647.715820
v 7754.463867 231.175385 1647.715820
v 7008.901367 0.000011 1651.439087
v 7008.901855 13.724034 1651.439087
v 7008.904297 98.426674 1651.439087
v 7008.909180 297.067169 1651.439087
v 7008.917969 374.702728 1651.439087
v 6993.900391 374.702728 1680.624390
v 6993.899414 391.073242 1680.624390
v 6993.906250 440.864014 1606.021484
v 6993.906250 528.795044 1474.271484
v 6993.906250 642.226501 1304.314209
v 6904.450195 0.000011 1651.439087
v 6904.451172 13.724034 1651.439087
v 6904.453125 98.426674 1651.439087
v 6904.458496 297.067169 1651.439087
v 6904.467773 374.702728 1651.439087
v 6881.941406 374.702728 1680.624390
v 6881.939453 391.073242 1680.624390
v 6881.946289 440.864014 1606.021484
v 6881.946289 528.795044 1474.271240
v 6881.946289 642.226501 1304.314209
v 8318.135742 0.000023 1651.438965
v 8318.135742 12.947180 1651.440308
v 8304.928711 116.883904 1651.447144
v 8304.923828 191.259125 1651.447144
v 8304.923828 237.675385 1651.447144
v 8304.916992 284.091614 1651.447144
v 8318.134766 295.991119 1651.466064
v 8318.134766 374.702972 1651.438965
v 8186.298828 0.000016 1651.438965
v 8186.298828 13.485058 1651.439453
v 8186.298340 116.883904 1651.447144
v 8186.298828 142.261490 1651.442993
v 8186.298828 187.821091 1651.444336
v 8186.298828 233.365280 1651.445801
v 8186.292969 284.091614 1651.447144
v 8186.298828 294.676880 1651.447266
v 8186.298828 374.702972 1651.438965
v 8186.292480 191.259125 1651.447144
v 8186.292480 237.675385 1651.447144
v 8245.609375 284.091614 1651.447144
v 8245.609375 116.883904 1651.447144
v 8241.059570 123.383888 1651.447144
v 8245.609375 118.834358 1651.447144
v 8250.158203 123.383888 1651.447144
v 8245.609375 277.791626 1657.293579
v 8245.609375 240.677155 1657.293579
v 8298.623047 240.677155 1657.293579
v 8298.617188 277.791626 1657.293579
v 8192.591797 240.677155 1657.293579
v 8192.587891 277.791626 1657.293579
v 8245.609375 116.883904 1657.293579
v 8304.928711 116.883904 1657.293579
v 8298.427734 123.383904 1657.293579
v 8250.158203 123.383888 1657.293579
v 8245.609375 118.834343 1657.293579
v 8304.923828 191.259125 1657.293579
v 8298.423828 191.258911 1657.293579
v 8304.923828 237.675385 1657.293579
v 8298.423828 231.175385 1657.293579
v 8245.609375 237.675385 1657.293579
v 8245.609375 235.724915 1657.293579
v 8250.158203 231.175385 1657.293579
v 8186.292480 237.675385 1657.293579
v 8192.792969 231.175385 1657.293579
v 8241.059570 231.175385 1657.293579
v 8186.292480 191.259125 1657.293579
v 8192.792969 191.259415 1657.293579
v 8186.298828 116.883904 1657.293579
v 8241.059570 123.383904 1657.293579
v 8192.798828 123.383888 1657.293579
v 8304.916992 284.091614 1657.293579
v 8245.609375 284.091614 1657.293579
v 8186.287109 284.091614 1657.293579
v 8250.158203 191.259125 1657.293579
v 8241.059570 191.259155 1657.293579
v 8245.609375 277.791626 1647.723999
v 8245.609375 240.677155 1647.723999
v 8298.623047 240.677155 1647.723999
v 8298.617188 277.791626 1647.723999
v 8192.591797 240.677155 1647.723999
v 8192.587891 277.791626 1647.723999
v 8250.158203 123.383888 1647.723999
v 8250.158203 191.259140 1647.723999
v 8298.427734 123.383888 1647.723999
v 8298.423828 191.258911 1647.723999
v 8250.158203 231.175385 1647.723999
v 8298.423828 231.175385 1647.723999
v 8192.792969 191.259399 1647.723999
v 8241.059570 191.259155 1647.723999
v 8241.059570 231.175385 1647.723999
v 8192.792969 231.175400 1647.723999
v 8192.798828 123.383904 1647.723999
v 8241.059570 123.383888 1647.723999
v 8105.854980 0.000013 1651.438965
v 8105.854980 13.724035 1651.438965
v 8105.854980 98.426689 1651.438965
v 8105.854980 134.366898 1651.438965
v 8105.854980 191.259140 1651.438965
v 8105.854980 237.675385 1651.438843
v 8105.854980 284.091614 1651.438965
v 8105.854980 294.095734 1651.438965
v 8105.854980 374.703003 1680.624390
v 8138.788086 0.000013 1663.566895
v 8138.788086 13.724036 1663.566895
v 8105.854980 13.724035 1663.566895
v 8105.854980 0.000013 1663.566895
v 8105.854980 98.426689 1663.566895
v 8138.788086 98.426689 1663.566895
v 8105.854980 134.366898 1663.566895
v 8138.788086 144.842911 1663.566895
v 8105.854980 191.259140 1663.566895
v 8138.788086 191.259140 1663.566895
v 8105.854980 237.675385 1663.566895
v 8138.788086 237.675385 1663.566895
v 8105.854980 284.091614 1663.566895
v 8138.788086 284.091614 1663.566895
v 8105.854980 294.095734 1663.566895
v 8138.788086 294.095734 1663.566895
v 6824.487305 0.000011 1651.439087
v 6824.487793 13.724033 1651.439087
v 6824.487305 98.426682 1651.438965
v 6824.487305 191.259140 1651.439087
v 6824.487305 237.675385 1651.439087
v 6824.487305 297.067169 1651.439087
v 6824.487305 374.702759 1651.439087
v 6824.487305 374.702759 1680.624512
v 6800.000000 0.000011 1633.764404
v 6800.000000 13.724034 1633.764282
v 6800.001953 98.426674 1633.764282
v 6800.004883 191.259125 1633.764282
v 6800.006348 237.675385 1633.764282
v 6800.007812 297.067169 1633.764282
v 6800.016602 374.702728 1633.764282
v 6769.981445 374.702698 1623.337891
v 6788.877930 374.702728 1666.321045
v 6788.877930 374.702728 1633.764282
v 6824.487305 374.702759 1666.321045
v 6824.487305 0.000011 1666.321045
v 6824.487793 13.724033 1666.321045
v 6800.000000 13.724034 1666.321045
v 6799.999512 0.000011 1666.321045
v 6824.487305 297.067169 1666.321045
v 6800.007812 297.067169 1666.321045
v 6824.487305 98.426682 1666.320801
v 6800.002441 98.426674 1666.321045
v 6824.487305 191.259140 1666.321045
v 6800.004883 191.259140 1666.321045
v 6824.487305 237.675385 1666.321045
v 6800.006348 237.675385 1666.321045
v 6788.864746 0.000011 1651.439087
v 6788.865234 13.724034 1651.439087
v 6788.865234 13.724034 1633.764282
v 6788.865234 0.000011 1633.764404
v 6788.867188 98.426674 1633.764282
v 6788.867676 98.426674 1651.439087
v 6788.870117 191.259125 1633.764282
v 6788.870117 191.259140 1651.439087
v 6788.871582 237.675385 1633.764282
v 6788.871582 237.675385 1651.439087
v 6788.873047 297.067169 1633.764282
v 6788.873047 297.067169 1651.439087
v 6788.864746 0.000011 1666.321045
v 6788.865234 13.724034 1666.321045
v 6788.873047 297.067169 1666.321045
v 6788.867676 98.426674 1666.321045
v 6788.870117 191.259140 1666.321045
v 6788.871582 237.675385 1666.321045
v 8563.025391 119.523148 1753.812012
v 8563.025391 13.644875 1753.812012
v 8470.330078 119.523148 1753.812012
v 8470.330078 13.644875 1753.812012
v 8576.932617 119.523148 1770.925537
v 8641.811523 119.523148 1770.925537
v 8641.811523 13.644875 1770.925537
v 8576.932617 13.644875 1770.925537
v 8391.543945 119.523148 1770.925537
v 8456.422852 119.523148 1770.925537
v 8456.422852 13.644875 1770.925537
v 8391.543945 13.644875 1770.925537
v 8641.811523 0.000027 1770.925537
v 8576.932617 0.000027 1770.925537
v 8456.422852 0.000027 1770.925537
v 8391.543945 0.000027 1770.925537
v 8456.422852 119.523148 1753.812012
v 8456.422852 284.091614 1753.812012
v 8576.932617 119.523148 1753.812012
v 8576.932617 284.091614 1753.812012
v 8377.628906 0.000027 1752.998291
v 8377.628906 0.000028 1669.366211
v 8377.628906 13.482059 1752.998291
v 8377.627930 12.722498 1669.366211
v 8655.727539 119.523148 1752.998291
v 8655.729492 119.523163 1669.366211
v 8655.729492 13.644908 1669.366211
v 8655.727539 13.644881 1752.998291
v 8655.729492 0.000062 1669.366333
v 8655.727539 0.000033 1752.998413
v 8377.625977 116.797379 1669.366211
v 8377.627930 119.041992 1752.998291
v 8655.729492 284.130737 1669.377930
v 8641.812500 284.091614 1770.925537
v 8377.627930 283.851044 1752.986572
v 8391.543945 284.091614 1770.925537
v 8655.730469 283.971313 1752.986572
v 8377.625000 284.169861 1669.377930
v 8400.806641 528.795105 1474.264526
v 8400.806641 440.864136 1606.021484
v 8400.806641 391.073547 1680.624390
v 8400.806641 374.703003 1680.624390
v 8400.806641 374.702972 1651.439087
v 8400.268555 313.271118 1651.485352
v 8400.268555 313.271118 1770.904907
v 8632.548828 528.795105 1474.264526
v 8632.548828 440.864136 1606.021484
v 8632.548828 391.073517 1680.624390
v 8632.548828 374.703003 1680.624390
v 8632.548828 374.702942 1651.438965
v 8633.086914 313.271301 1651.526733
v 8633.086914 313.271301 1770.946167
v 8355.922852 259.988739 1669.394653
v 8355.922852 259.988739 1752.979858
v 8355.922852 272.964478 1669.394653
v 8355.922852 272.964478 1752.979858
v 8377.635742 297.067230 1669.398560
v 8377.635742 297.067230 1752.983765
v 8400.268555 313.271118 1669.402588
v 8400.268555 313.271118 1752.987793
v 8422.901367 329.475006 1752.991821
v 8422.901367 329.475006 1669.406616
v 8469.462891 349.496338 1669.414795
v 8469.462891 349.496338 1753.000000
v 8516.677734 356.290833 1669.423218
v 8516.677734 356.290833 1753.008423
v 8563.892578 349.496399 1669.431519
v 8563.892578 349.496399 1753.016724
v 8610.454102 329.475128 1669.439819
v 8610.454102 329.475128 1753.025024
v 8633.086914 313.271301 1669.443848
v 8633.086914 313.271301 1753.029053
v 8655.719727 297.067444 1753.033081
v 8655.719727 297.067444 1669.447876
v 8677.433594 272.964417 1669.451782
v 8677.433594 272.964417 1753.036987
v 8677.433594 259.988739 1669.451782
v 8677.433594 259.988739 1753.036987
v 8391.544922 116.797379 1669.366211
v 8391.541992 284.169861 1669.377930
v 8391.543945 119.523148 1753.812012
v 8391.544922 283.911194 1753.192871
v 8641.810547 119.523163 1669.366211
v 8641.812500 284.143799 1669.377930
v 8579.244141 13.644875 1651.436157
v 8454.111328 13.644875 1651.436157
v 8647.820312 13.644875 1753.812012
v 8647.820312 13.644875 1651.439087
v 8391.335938 13.644875 1753.405151
v 8391.335938 13.644875 1651.436157
v 8391.544922 118.160255 1651.433228
v 8391.542969 284.169861 1651.444946
v 8641.810547 118.160286 1651.433228
v 8641.812500 284.130737 1651.444946
v 8516.760742 118.160255 1651.439087
v 8516.760742 284.169861 1651.472412
v 8516.760742 13.644875 1651.439087
v 8641.810547 13.644875 1651.433228
v 8641.810547 13.644875 1753.540771
v 8579.245117 284.130737 1651.458740
v 8454.110352 284.169861 1651.458740
v 8454.111328 118.160255 1651.436157
v 8579.244141 118.160271 1651.436157
v 8138.788086 391.073547 1143.300903
v 8138.788086 440.864136 1143.300903
v 8138.788086 512.807617 1143.300903
v 7969.271484 749.688477 1143.300903
v 7543.063477 749.688599 1143.300903
v 7325.295410 749.688660 1143.300903
v 7270.856934 749.688660 1143.300903
v 7217.827148 749.688538 1143.300903
v 6969.541992 749.688538 1143.300903
v 8048.484375 707.042480 1143.300903
v 6800.024902 440.864014 1143.300903
v 6800.020996 415.968628 1143.300903
v 6769.985840 642.226501 1143.300903
v 6800.024902 608.904846 1143.300903
v 6769.985840 608.904846 1143.300903
v 7478.802246 746.220520 1143.300903
v 7391.662109 746.220520 1143.300903
v 7478.802246 818.275940 1143.300903
v 7391.662109 818.275940 1143.300903
v 7489.442383 816.621704 1143.300903
v 7489.442383 833.478760 1143.300903
v 7381.021973 816.621704 1143.300903
v 7381.021973 833.478760 1143.300903
v 7093.684570 749.688538 1143.300903
v 7031.612793 749.688538 1143.300903
v 6800.007812 116.883888 847.504150
v 6800.007812 116.883888 728.874268
v 6800.007812 191.259125 847.510498
v 6800.006348 191.259125 728.882812
v 6800.007812 237.675385 847.510498
v 6800.006836 237.675385 728.882812
v 6800.007812 284.091614 847.515869
v 6800.007812 284.091614 728.885986
v 6800.007812 284.091614 788.193604
v 6800.007812 116.883888 788.194092
v 6800.007812 123.383888 792.743408
v 6800.007812 118.834343 788.194092
v 6800.007812 123.383888 783.644775
v 6794.161621 277.791626 788.193604
v 6794.161621 240.677155 788.194092
v 6794.161621 240.677155 735.180420
v 6794.161621 277.791626 735.185303
v 6794.161621 240.677155 841.211182
v 6794.161621 277.791626 841.215088
v 6794.161621 116.883888 788.194092
v 6794.161621 116.883888 728.874268
v 6794.161621 123.383888 735.374756
v 6794.161621 123.383888 783.644775
v 6794.161621 118.834343 788.194092
v 6794.161621 191.259125 728.879639
v 6794.161621 191.258911 735.379639
v 6794.161621 237.675385 728.879639
v 6794.161621 231.175385 735.379639
v 6794.161621 237.675385 788.194092
v 6794.161621 235.724915 788.194092
v 6794.161621 231.175385 783.644775
v 6794.161621 237.675385 847.510498
v 6794.161621 231.175385 841.010498
v 6794.161621 231.175385 792.743408
v 6794.161621 191.259125 847.510498
v 6794.161621 191.259399 841.010498
v 6794.161621 116.883888 847.504150
v 6794.161621 123.383888 792.743408
v 6794.161621 123.383888 841.004639
v 6794.161621 284.091614 728.885986
v 6794.161621 284.091614 788.193604
v 6794.161621 284.091614 847.515869
v 6794.161621 191.259125 783.644775
v 6794.161621 191.259155 792.743408
v 6803.730957 277.791626 788.193604
v 6803.730957 240.677155 788.194092
v 6803.730957 240.677155 735.180420
v 6803.730957 277.791626 735.185303
v 6803.730957 240.677155 841.211182
v 6803.730957 277.791626 841.215088
v 6803.730957 123.383888 783.644775
v 6803.730957 191.259125 783.644775
v 6803.730957 123.383888 735.374756
v 6803.730957 191.258911 735.379639
v 6803.730957 231.175385 783.644775
v 6803.730957 231.175385 735.379639
v 6803.730957 191.259399 841.010498
v 6803.730957 191.259155 792.743408
v 6803.730957 231.175385 792.743408
v 6803.730957 231.175385 841.010498
v 6803.730957 123.383888 841.004639
v 6803.730957 123.383888 792.743408
v 8138.788086 391.073547 832.488525
v 8167.305664 528.795105 812.337280
v 8138.788086 440.864136 832.487793
v 6799.999512 0.000011 635.162720
v 6769.981934 374.702728 605.977417
v 6769.979980 391.073242 605.977417
v 6769.985840 440.864014 680.580322
v 6769.985840 528.795044 812.330688
v 6799.999512 0.000011 728.886108
v 6800.007812 297.067169 728.886108
v 6800.017090 374.702728 728.885986
v 6800.017090 391.073242 812.329102
v 6800.024902 440.864014 812.329834
v 8167.305664 643.072693 982.291138
v 6769.985840 642.226501 982.287598
v 6799.999512 0.000011 851.518066
v 6800.007812 297.067169 851.518066
v 6800.017090 374.702728 851.517822
v 6800.017090 391.073242 851.517700
v 6800.024902 440.864014 851.518433
v 6769.981934 391.073242 812.329102
v 6769.981934 374.702728 812.329102
v 6769.981934 391.073242 851.517700
v 6769.981934 374.702728 851.517700
v 6800.017090 391.073242 641.601807
v 6800.024902 440.864014 719.484375
v 6800.024902 500.231659 812.330811
v 6800.024902 608.904846 982.287598
v 6769.985840 440.864014 719.484375
v 6769.978027 391.073242 641.601807
v 6769.985840 500.231659 812.330811
v 6769.985840 608.904846 982.287598
v 8138.788086 515.346924 832.488159
v 8167.305664 643.072693 1017.165161
v 8138.788086 624.428467 990.207642
v 8167.305664 624.428467 990.207642
v 7478.802734 713.649536 1094.499023
v 7435.513672 713.649536 1094.499023
v 7391.662109 713.649536 1094.499023
v 7478.802734 818.275696 1094.499023
v 7435.513672 818.275696 1094.499023
v 7391.662109 818.275696 1094.499023
v 7489.442871 816.621338 1079.201660
v 7435.582031 816.621338 1079.201660
v 7489.442871 833.478394 1079.201660
v 7435.582031 833.478394 1079.201660
v 7381.021973 816.621338 1079.201660
v 7381.021973 833.478394 1079.201660
v 6800.002441 98.426674 728.886108
v 6800.002441 98.426674 851.518066
v 6800.000000 13.724034 728.886108
v 6800.000000 13.724034 851.518066
v 6881.941406 374.702728 605.977417
v 6881.939453 391.073242 605.977417
v 6824.487305 0.000011 635.162720
v 6824.487305 374.702759 605.977295
v 6800.000000 0.000011 652.837402
v 6800.000000 13.724034 652.837524
v 6800.001953 98.426674 652.837524
v 6800.004883 191.259125 652.837524
v 6800.006348 237.675385 652.837524
v 6800.007812 297.067169 652.837524
v 6800.016602 374.702728 652.837524
v 6769.981445 374.702698 663.263916
v 6788.877930 374.702728 620.280762
v 6788.877930 374.702728 652.837524
v 6824.487305 374.702759 620.280762
v 6824.487305 0.000011 620.280762
v 6824.487793 13.724033 620.280762
v 6800.000000 13.724034 620.280762
v 6799.999512 0.000011 620.280762
v 6824.487305 297.067169 620.280762
v 6800.007812 297.067169 620.280762
v 6824.487305 98.426682 620.281006
v 6800.002441 98.426674 620.280762
v 6824.487305 191.259140 620.280762
v 6800.004883 191.259140 620.280762
v 6824.487305 237.675385 620.280762
v 6800.006348 237.675385 620.280762
v 6788.864746 0.000011 635.162720
v 6788.865234 13.724034 635.162720
v 6788.865234 13.724034 652.837524
v 6788.865234 0.000011 652.837402
v 6788.867188 98.426674 652.837524
v 6788.867676 98.426674 635.162720
v 6788.870117 191.259125 652.837524
v 6788.870117 191.259140 635.162720
v 6788.871582 237.675385 652.837524
v 6788.871582 237.675385 635.162720
v 6788.873047 297.067169 652.837524
v 6788.873047 297.067169 635.162720
v 6788.864746 0.000011 620.280762
v 6788.865234 13.724034 620.280762
v 6788.873047 297.067169 620.280762
v 6788.867676 98.426674 620.280762
v 6788.870117 191.259140 620.280762
v 6788.871582 237.675385 620.280762
v 8151.974609 521.565491 1463.431641
v 8153.046875 522.071045 822.412720
v 7543.055664 297.067322 1651.439087
v 8516.761719 284.091614 1770.925659
v 7543.055664 284.091614 1651.439087
v 7543.063477 294.095734 1651.439087
v 7531.937988 284.091614 1770.925415
v 7481.430176 284.091614 1770.925415
v 7482.524414 319.286957 1770.925415
v 7430.932129 284.091614 1770.925415
v 7431.808105 338.912903 1770.925415
v 7380.432617 345.243439 1770.925415
v 7329.934082 284.091614 1770.925415
v 7329.057129 338.912842 1770.925415
v 7279.435059 284.091614 1770.925415
v 7228.928711 284.091614 1770.925415
v 7278.340820 319.286804 1770.925415
v 6800.024902 489.122498 1321.650269
v 6800.024902 560.646362 1321.650269
v 6800.024902 560.646362 1241.962402
v 6800.024902 489.122467 1241.962402
v 6800.024902 489.122467 964.824585
v 6800.024902 489.122467 1043.048584
v 6800.024902 560.646362 1043.048584
v 6800.024902 560.646423 964.824585
v 6800.024902 493.722504 1317.050293
v 6800.024902 556.046387 1317.050293
v 6800.024902 556.046387 1246.562378
v 6800.024902 493.722473 1246.562378
v 6800.024902 493.722473 969.424561
v 6800.024902 493.722473 1038.448608
v 6800.024902 556.046387 1038.448608
v 6800.024902 556.046448 969.424561
v 6788.787598 489.122498 1321.650269
v 6788.787598 560.646362 1321.650269
v 6788.787598 556.046387 1317.050293
v 6788.787598 493.722504 1317.050293
v 6788.787598 560.646362 1241.962402
v 6788.787598 556.046387 1246.562378
v 6788.787598 489.122467 1241.962402
v 6788.787598 493.722473 1246.562378
v 6788.787598 489.122467 964.824585
v 6788.787598 489.122467 1043.048584
v 6788.787598 493.722473 1038.448608
v 6788.787598 493.722473 969.424561
v 6788.787598 560.646362 1043.048584
v 6788.787598 556.046387 1038.448608
v 6788.787598 560.646423 964.824585
v 6788.787598 556.046448 969.424561
v 7217.811035 284.091614 1784.167236
v 7217.811035 297.067169 1784.167236
v 7202.975586 284.687744 1784.167236
v 7202.975586 271.712189 1784.167236
v 7543.055664 284.091614 1784.167236
v 7543.055664 297.067322 1784.167236
v 7559.193848 271.712189 1784.167236
v 7559.193848 284.687897 1784.167236
v 7490.016113 329.475098 1784.167236
v 7482.524414 319.286957 1784.167236
v 7435.578125 349.496368 1784.167236
v 7431.808105 338.912903 1784.167236
v 7380.432617 356.290863 1784.167236
v 7380.432617 345.243439 1784.167236
v 7325.287109 349.496277 1784.167236
v 7329.057129 338.912842 1784.167236
v 7270.849121 329.474915 1784.167236
v 7278.340820 319.286804 1784.167236
v 8396.199219 299.658600 1770.914551
v 8428.974609 321.253540 1770.911865
v 8469.609375 338.459564 1770.918457
v 8516.690430 345.009064 1770.925537
v 8637.390625 299.658600 1770.935913
v 8602.621094 321.253540 1770.938232
v 8563.697266 338.459564 1770.932129
v 8355.922852 259.988739 1780.270630
v 8377.628906 284.091614 1780.299194
v 8355.922852 272.964478 1780.270630
v 8677.433594 259.988739 1780.327759
v 8655.726562 284.091614 1780.299194
v 8677.433594 272.964417 1780.327759
v 8377.635742 297.067230 1780.274536
v 8655.719727 297.067444 1780.323853
v 8400.268555 313.271118 1780.278564
v 8422.901367 329.475006 1780.282593
v 8396.199219 299.658600 1780.288208
v 8428.974609 321.253540 1780.285522
v 8469.462891 349.496338 1780.290771
v 8469.609375 338.459564 1780.292114
v 8516.677734 356.290833 1780.299194
v 8516.690430 345.009064 1780.299194
v 8633.086914 313.271301 1780.319824
v 8637.390625 299.658600 1780.309570
v 8602.621094 321.253540 1780.311890
v 8610.454102 329.475128 1780.315796
v 8563.892578 349.496399 1780.307617
v 8563.697266 338.459564 1780.305786
v 8798.125000 391.073547 1474.264526
v 8798.125000 391.073547 1474.264526
v 8798.125000 391.073547 1474.264526
v 8798.125000 391.073547 1474.264526
v 8798.125000 391.073547 1474.264526
v 8798.125000 528.795166 1474.264526
v 8798.125000 528.795166 1474.264526
v 8798.125000 528.795166 1474.264526
v 8798.125000 528.795166 1474.264526
v 8798.125000 528.795166 1474.264526
v 8798.125000 528.795166 1474.264526
v 8798.125000 506.404816 1474.264526
v 8798.125000 506.404816 1474.264526
v 8798.125000 506.404816 1474.264526
v 8798.125000 506.404816 1474.264526
v 8798.125000 506.404816 1474.264526
v 8798.125000 506.404816 1474.264526
v 8798.125000 506.404816 1474.264526
v 8814.514648 528.795105 1474.264526
v 8814.514648 528.795105 1474.264526
v 8814.514648 528.795105 1474.264526
v 8814.514648 528.795105 1474.264526
v 8814.514648 506.404846 1474.264526
v 8814.514648 506.404846 1474.264526
v 8814.514648 506.404846 1474.264526
v 8814.514648 506.404846 1474.264526
v 8814.514648 506.404846 1474.264526
v 6800.017090 374.702728 1143.300903
v 6800.017090 374.702728 1143.300903
v 6800.017090 374.702728 1143.300903
v 6800.017090 374.702728 1143.300903
v 6800.017090 374.702728 1143.300903
v 6800.017090 391.073242 1143.300903
v 6800.017090 391.073242 1143.300903
v 6800.017090 391.073242 1143.300903
v 6800.017090 391.073242 1143.300903
v 6800.017090 391.073242 1143.300903
v 6769.981934 391.073242 1143.300903
v 6769.981934 391.073242 1143.300903
v 6769.981934 391.073242 1143.300903
v 6769.981934 391.073242 1143.300903
v 6769.981934 391.073242 1143.300903
v 6769.981934 374.702728 1143.300903
v 6769.981934 374.702728 1143.300903
v 6769.981934 374.702728 1143.300903
v 6769.981934 374.702728 1143.300903
v 6769.981934 374.702728 1143.300903
v 8186.298340 116.883904 1651.447144
v 8186.298340 116.883904 1651.447144
v 8186.298340 116.883904 1651.447144
v 8186.298340 116.883904 1651.447144
v 8186.292969 284.091614 1651.447144
v 8186.292969 284.091614 1651.447144
v 8186.292969 284.091614 1651.447144
v 8186.292969 284.091614 1651.447144
v 8138.788086 374.703003 1663.566895
v 8138.788086 374.703003 1663.566895
v 8105.854980 374.703003 1663.566772
v 8105.854980 374.703003 1663.566772
v 8105.854980 374.703003 1663.566772
v 8641.811523 119.523148 1753.540771
v 8641.811523 119.523148 1753.540771
v 8641.811523 119.523148 1753.540771
v 8516.761719 284.091614 1770.925659
v 8516.761719 284.091614 1770.925659
v 8105.854980 374.703003 1651.439209
v 8105.854980 374.703003 1651.439209
v 8105.854980 374.703003 1651.439209
v 8563.025391 284.091614 1753.812134
v 8470.330078 284.091614 1753.812134
v 8470.330078 284.091614 1753.812134
v 8470.330078 284.091614 1753.812134
v 7543.055664 374.702850 1651.439209
v 7614.160645 294.095734 1651.439087
v 7736.896484 294.095764 1651.438965
v 7543.055664 297.067322 1651.439087
v 7543.055664 374.702850 1651.439209
v 7490.016602 374.703064 1651.439209
v 7490.016113 329.475098 1651.439087
v 7490.016602 374.703064 1651.439209
v 7543.055664 374.702850 1651.439209
v 7543.058105 374.702881 1680.624390
v 7490.016113 374.703033 1680.624390
v 8138.788086 374.703003 1651.438965
v 8186.298828 374.702972 1651.438965
v 8318.134766 374.702972 1651.438965
v 8377.628906 374.702972 1651.439087
v 8377.628906 374.703003 1680.624390
v 8138.788086 374.703003 1680.624390
v 8186.298828 294.676880 1651.447266
v 8186.298828 374.702972 1651.438965
v 8138.788086 374.703003 1651.438965
v 8138.788086 294.095764 1651.438965
v 7953.527344 294.095734 1651.438965
v 8105.854980 374.703003 1651.439209
v 7543.055664 374.702850 1651.439209
v 7840.925781 294.095764 1651.438965
v 7543.055664 374.702850 1651.439209
v 7736.896484 294.095764 1651.438965
v 7840.925781 294.095764 1651.438965
v 7543.055664 297.067322 1651.439087
v 7543.063477 294.095734 1651.439087
v 7614.160645 294.095734 1651.439087
v 7543.055664 374.702850 1651.439209
v 7543.055664 374.702850 1651.439209
v 8105.854980 374.703003 1651.439209
v 8105.854980 374.703003 1663.566772
v 7543.055664 374.702850 1663.566895
v 7543.055664 374.702850 1663.566895
v 8105.854980 374.703003 1663.566772
v 8105.854980 374.703003 1680.624390
v 7543.058105 374.702881 1680.624390
v 8138.788086 294.095764 1651.438965
v 8138.788086 374.703003 1651.438965
v 8138.788086 374.703003 1663.566895
v 8138.788086 294.095734 1663.566895
v 8641.811523 119.523148 1770.925537
v 8641.812500 284.091614 1770.925537
v 8641.813477 283.971313 1753.399414
v 8641.811523 119.523148 1753.540771
v 8516.761719 284.091614 1770.925659
v 8563.025391 284.091614 1753.812134
v 8641.813477 283.971313 1753.399414
v 8641.812500 284.091614 1770.925537
v 8563.025391 284.091614 1753.812134
v 8579.245117 284.130737 1651.458740
v 8641.812500 284.143799 1669.377930
v 8641.813477 283.971313 1753.399414
v 8641.813477 283.971313 1753.399414
v 8641.812500 284.143799 1669.377930
v 8655.729492 284.130737 1669.377930
v 8655.730469 283.971313 1752.986572
v 8516.761719 284.091614 1770.925659
v 8516.760742 284.091614 1753.812012
v 8563.025391 284.091614 1753.812134
v 8516.760742 284.091614 1753.812012
v 8516.760742 284.169861 1651.472412
v 8579.245117 284.130737 1651.458740
v 8563.025391 284.091614 1753.812134
v 8516.761719 284.091614 1770.925659
v 8470.330078 284.091614 1753.812134
v 8516.760742 284.091614 1753.812012
v 8470.330078 284.091614 1753.812134
v 8454.110352 284.169861 1651.458740
v 8516.760742 284.169861 1651.472412
v 8516.760742 284.091614 1753.812012
v 8186.298828 294.676880 1651.447266
v 8186.298828 294.676880 1651.447266
vt 0.004883 0.007783
vt 0.004883 0.007783
vt 0.004883 0.007783
vt 0.004883 0.007783
vt 0.004883 0.007783
vt 0.004883 0.007783
vt 0.004883 0.007783
vt 0.004883 0.007783
vt 0.004883 0.007783
vt 0.027000 0.888732
vt 0.027000 0.873250
vt 0.049114 0.873250
vt 0.049112 0.888732
vt 0.004884 0.873250
vt 0.004883 0.888732
vt 0.445587 0.766058
vt 0.445587 0.790802
vt 0.442876 0.788091
vt 0.442876 0.767956
vt 0.444773 0.766058
vt 0.414562 0.790800
vt 0.414563 0.788089
vt 0.445587 0.741318
vt 0.442876 0.764160
vt 0.442876 0.744029
vt 0.395201 0.790800
vt 0.397912 0.788089
vt 0.414562 0.741315
vt 0.414562 0.744026
vt 0.395201 0.766058
vt 0.396014 0.766058
vt 0.397912 0.767956
vt 0.395201 0.741315
vt 0.397912 0.744026
vt 0.393948 0.788172
vt 0.393948 0.766058
vt 0.397912 0.764160
vt 0.375839 0.790798
vt 0.378467 0.788170
vt 0.393948 0.743943
vt 0.414562 0.764160
vt 0.414562 0.767956
vt 0.375839 0.766058
vt 0.378467 0.766058
vt 0.375839 0.741313
vt 0.378467 0.743941
vt 0.271744 0.205016
vt 0.271744 0.176703
vt 0.291879 0.176703
vt 0.291877 0.205016
vt 0.271744 0.221667
vt 0.291877 0.221667
vt 0.936305 0.835306
vt 0.936305 0.855440
vt 0.919655 0.855440
vt 0.919655 0.835306
vt 0.964619 0.835308
vt 0.964619 0.855440
vt 0.478672 0.077406
vt 0.480569 0.075508
vt 0.482467 0.077406
vt 0.994014 0.090149
vt 0.994014 0.121174
vt 0.991575 0.121174
vt 0.991575 0.090149
vt 0.994014 0.140535
vt 0.991575 0.140535
vt 0.994014 0.159897
vt 0.991575 0.159897
vt 0.991575 0.064479
vt 0.991575 0.045117
vt 0.994014 0.045117
vt 0.994014 0.064479
vt 0.991575 0.014092
vt 0.994014 0.014092
vt 0.991575 0.083841
vt 0.994014 0.083841
vt 0.416556 0.516052
vt 0.401074 0.516052
vt 0.401074 0.512060
vt 0.416556 0.512060
vt 0.431987 0.532661
vt 0.447469 0.532661
vt 0.447469 0.536653
vt 0.431987 0.536653
vt 0.474503 0.906963
vt 0.502816 0.906963
vt 0.502816 0.910955
vt 0.474503 0.910955
vt 0.457853 0.906963
vt 0.457853 0.910955
vt 0.245418 0.909670
vt 0.217105 0.909670
vt 0.217105 0.905679
vt 0.245418 0.905679
vt 0.200455 0.909670
vt 0.200455 0.905679
vt 0.887097 0.911637
vt 0.870447 0.911637
vt 0.870447 0.907645
vt 0.887097 0.907645
vt 0.915410 0.911637
vt 0.915410 0.907645
vt 0.922178 0.901682
vt 0.938829 0.901682
vt 0.938829 0.905673
vt 0.922178 0.905673
vt 0.967142 0.901682
vt 0.967142 0.905673
vt 0.569362 0.723777
vt 0.613330 0.723777
vt 0.613330 0.730606
vt 0.575580 0.730606
vt 0.657297 0.723777
vt 0.651079 0.730606
vt 0.538089 0.723747
vt 0.527249 0.730606
vt 0.080123 0.182655
vt 0.699410 0.730606
vt 0.527249 0.723777
vt 0.090963 0.182685
vt 0.059843 0.161916
vt 0.055563 0.166263
vt 0.004883 0.125236
vt 0.004883 0.134576
vt 0.886805 0.498003
vt 0.937485 0.466315
vt 0.937485 0.514424
vt 0.893518 0.514424
vt 0.862245 0.514394
vt 0.937491 0.689774
vt 0.908344 0.689774
vt 0.908344 0.674907
vt 0.937777 0.675278
vt 0.870595 0.689774
vt 0.870594 0.674907
vt 0.908344 0.533287
vt 0.937777 0.533658
vt 0.832845 0.689774
vt 0.832845 0.674907
vt 0.870594 0.533287
vt 0.803698 0.689774
vt 0.803412 0.675278
vt 0.832845 0.533287
vt 0.796634 0.670047
vt 0.796688 0.689774
vt 0.803412 0.533658
vt 0.353127 0.804190
vt 0.369134 0.804190
vt 0.369134 0.809882
vt 0.353127 0.809882
vt 0.353127 0.770970
vt 0.369134 0.770970
vt 0.353127 0.751072
vt 0.369134 0.751072
vt 0.353127 0.731174
vt 0.369134 0.731174
vt 0.353127 0.711275
vt 0.369134 0.711275
vt 0.369134 0.691377
vt 0.353127 0.691377
vt 0.369134 0.687204
vt 0.373352 0.687204
vt 0.373352 0.691377
vt 0.369134 0.680209
vt 0.360191 0.673307
vt 0.378198 0.687204
vt 0.353127 0.687204
vt 0.353413 0.668077
vt 0.124960 0.728317
vt 0.118247 0.744739
vt 0.074279 0.744739
vt 0.074279 0.696630
vt 0.149520 0.744709
vt 0.987956 0.769633
vt 0.987956 0.775325
vt 0.978976 0.775325
vt 0.978977 0.769633
vt 0.987956 0.808544
vt 0.978972 0.808544
vt 0.987956 0.828443
vt 0.978968 0.828443
vt 0.987956 0.848341
vt 0.978965 0.848341
vt 0.987956 0.868239
vt 0.978961 0.868239
vt 0.987956 0.888137
vt 0.978957 0.888137
vt 0.585064 0.027307
vt 0.580891 0.027307
vt 0.580891 0.014092
vt 0.585064 0.014092
vt 0.573896 0.023090
vt 0.566994 0.014147
vt 0.580891 0.032154
vt 0.265335 0.201624
vt 0.259610 0.201624
vt 0.259610 0.176703
vt 0.265335 0.176703
vt 0.265335 0.226545
vt 0.259610 0.226545
vt 0.224278 0.201624
vt 0.224278 0.176703
vt 0.224278 0.226545
vt 0.221733 0.199079
vt 0.221733 0.179247
vt 0.221733 0.224000
vt 0.221733 0.204168
vt 0.204916 0.201624
vt 0.207460 0.199079
vt 0.204916 0.176703
vt 0.207460 0.179247
vt 0.204916 0.226545
vt 0.207460 0.224000
vt 0.207460 0.204168
vt 0.202371 0.199079
vt 0.202371 0.179247
vt 0.202371 0.224000
vt 0.202371 0.204168
vt 0.185554 0.201624
vt 0.188098 0.199079
vt 0.185554 0.176703
vt 0.188098 0.179247
vt 0.185554 0.226545
vt 0.188098 0.224000
vt 0.188098 0.204168
vt 0.183009 0.199079
vt 0.183009 0.179247
vt 0.183009 0.224000
vt 0.183009 0.204168
vt 0.166192 0.201624
vt 0.168737 0.199079
vt 0.166192 0.176703
vt 0.168737 0.179247
vt 0.166192 0.226545
vt 0.168737 0.224000
vt 0.168737 0.204168
vt 0.163648 0.199079
vt 0.163648 0.179247
vt 0.163648 0.224000
vt 0.163648 0.204168
vt 0.146830 0.201624
vt 0.149375 0.199079
vt 0.146830 0.176703
vt 0.149375 0.179247
vt 0.146830 0.226545
vt 0.149375 0.224000
vt 0.149375 0.204168
vt 0.931013 0.339148
vt 0.931013 0.344873
vt 0.906092 0.344873
vt 0.906092 0.339148
vt 0.931013 0.380206
vt 0.906092 0.380206
vt 0.881171 0.344873
vt 0.881171 0.339148
vt 0.928469 0.382750
vt 0.908637 0.382750
vt 0.881171 0.380206
vt 0.931013 0.399568
vt 0.928469 0.397023
vt 0.906092 0.399568
vt 0.908637 0.397023
vt 0.903548 0.382750
vt 0.883716 0.382750
vt 0.903548 0.397023
vt 0.881171 0.399568
vt 0.883716 0.397023
vt 0.928469 0.402112
vt 0.908637 0.402112
vt 0.931013 0.418930
vt 0.928469 0.416385
vt 0.906092 0.418930
vt 0.908637 0.416385
vt 0.903548 0.402112
vt 0.883716 0.402112
vt 0.903548 0.416385
vt 0.881171 0.418930
vt 0.883716 0.416385
vt 0.928469 0.421474
vt 0.908637 0.421474
vt 0.931013 0.438291
vt 0.928469 0.435747
vt 0.906092 0.438291
vt 0.908637 0.435747
vt 0.903548 0.421474
vt 0.883716 0.421474
vt 0.903548 0.435747
vt 0.881171 0.438291
vt 0.883716 0.435747
vt 0.928469 0.440836
vt 0.908637 0.440836
vt 0.931013 0.457653
vt 0.928469 0.455109
vt 0.906092 0.457653
vt 0.908637 0.455109
vt 0.903548 0.440836
vt 0.883716 0.440836
vt 0.903548 0.455109
vt 0.881171 0.457653
vt 0.883716 0.455109
vt 0.646809 0.804408
vt 0.646809 0.797486
vt 0.678676 0.797486
vt 0.678676 0.804408
vt 0.614941 0.797486
vt 0.614941 0.804408
vt 0.685740 0.797486
vt 0.685740 0.804408
vt 0.678676 0.811011
vt 0.646809 0.811011
vt 0.614941 0.811011
vt 0.685740 0.811011
vt 0.678676 0.828298
vt 0.646809 0.828298
vt 0.614941 0.828298
vt 0.685740 0.828298
vt 0.855467 0.794482
vt 0.887506 0.794482
vt 0.887506 0.801441
vt 0.855467 0.801441
vt 0.919545 0.794482
vt 0.919545 0.801441
vt 0.887506 0.808079
vt 0.855467 0.808079
vt 0.848366 0.801441
vt 0.848366 0.794482
vt 0.919545 0.808079
vt 0.855467 0.825459
vt 0.887506 0.825459
vt 0.848366 0.808079
vt 0.919545 0.825459
vt 0.848366 0.825459
vt 0.874603 0.339148
vt 0.874603 0.344873
vt 0.842881 0.344873
vt 0.842881 0.339148
vt 0.874603 0.380206
vt 0.842881 0.380206
vt 0.791726 0.344873
vt 0.791726 0.339148
vt 0.842886 0.387905
vt 0.791726 0.380206
vt 0.670013 0.344873
vt 0.670013 0.339148
vt 0.874603 0.418930
vt 0.842882 0.418930
vt 0.793401 0.387905
vt 0.670013 0.380206
vt 0.548300 0.339148
vt 0.548300 0.344873
vt 0.874603 0.438291
vt 0.842882 0.438291
vt 0.670013 0.387905
vt 0.548300 0.380206
vt 0.497146 0.339148
vt 0.497146 0.344873
vt 0.874603 0.463066
vt 0.842881 0.457653
vt 0.793398 0.418930
vt 0.670013 0.418930
vt 0.546626 0.387905
vt 0.497146 0.380206
vt 0.465423 0.339148
vt 0.465423 0.344873
vt 0.842881 0.463066
vt 0.793398 0.438291
vt 0.670013 0.438291
vt 0.546628 0.418930
vt 0.497141 0.387905
vt 0.465423 0.380206
vt 0.874603 0.495450
vt 0.842881 0.495450
vt 0.791726 0.463066
vt 0.793396 0.457653
vt 0.670013 0.457653
vt 0.546628 0.438291
vt 0.791727 0.495450
vt 0.670013 0.463066
vt 0.546631 0.457653
vt 0.497145 0.418930
vt 0.465423 0.418930
vt 0.670013 0.495450
vt 0.548300 0.463066
vt 0.497145 0.438291
vt 0.465423 0.438291
vt 0.670013 0.495450
vt 0.548300 0.495450
vt 0.497146 0.457653
vt 0.497146 0.463066
vt 0.465423 0.463066
vt 0.497146 0.495450
vt 0.465423 0.495450
vt 0.829061 0.070243
vt 0.838097 0.077072
vt 0.766881 0.077072
vt 0.766881 0.070243
vt 0.852957 0.070243
vt 0.750534 0.077072
vt 0.750534 0.070243
vt 0.019282 0.038801
vt 0.628820 0.077072
vt 0.628820 0.070243
vt 0.040052 0.069921
vt 0.040052 0.086149
vt 0.076731 0.124879
vt 0.064816 0.124879
vt 0.930963 0.696083
vt 0.124047 0.195774
vt 0.863798 0.709983
vt 0.863798 0.696083
vt 0.796634 0.709983
vt 0.363852 0.515656
vt 0.434747 0.549072
vt 0.434747 0.560987
vt 0.489705 0.585752
vt 0.473477 0.585752
vt 0.520825 0.606521
vt 0.505965 0.606521
vt 0.520825 0.613350
vt 0.559347 0.864906
vt 0.621527 0.864906
vt 0.621527 0.871734
vt 0.637874 0.864906
vt 0.637874 0.871734
vt 0.836661 0.501759
vt 0.804174 0.522529
vt 0.765444 0.522529
vt 0.765445 0.501759
vt 0.765444 0.547293
vt 0.749097 0.522529
vt 0.749098 0.501759
vt 0.694549 0.592625
vt 0.627384 0.522529
vt 0.627384 0.512144
vt 0.627384 0.501759
vt 0.701780 0.572494
vt 0.701780 0.542659
vt 0.668540 0.542659
vt 0.505671 0.501759
vt 0.627384 0.501759
vt 0.505671 0.522529
vt 0.627384 0.592625
vt 0.668540 0.572494
vt 0.585565 0.542659
vt 0.552935 0.542659
vt 0.489324 0.501759
vt 0.489324 0.522529
vt 0.585565 0.572494
vt 0.560220 0.592625
vt 0.552935 0.572494
vt 0.489325 0.547293
vt 0.418107 0.501759
vt 0.450595 0.522529
vt 0.393515 0.578331
vt 0.393515 0.599100
vt 0.263864 0.599100
vt 0.263864 0.578331
vt 0.134213 0.578331
vt 0.134213 0.599100
vt 0.393515 0.547261
vt 0.263864 0.548320
vt 0.263864 0.541652
vt 0.134213 0.547261
vt 0.263864 0.501759
vt 0.327725 0.501759
vt 0.200003 0.501759
vt 0.855057 0.850607
vt 0.855057 0.876604
vt 0.825654 0.876604
vt 0.825654 0.850607
vt 0.809053 0.843527
vt 0.745192 0.843527
vt 0.745192 0.835750
vt 0.797808 0.835750
vt 0.050728 0.028900
vt 0.692576 0.835750
vt 0.042105 0.032562
vt 0.098070 0.106509
vt 0.094960 0.111169
vt 0.104043 0.544391
vt 0.090457 0.564748
vt 0.060400 0.564748
vt 0.060400 0.544391
vt 0.104043 0.585105
vt 0.060400 0.585105
vt 0.144938 0.443217
vt 0.171676 0.443217
vt 0.171676 0.450249
vt 0.144938 0.450249
vt 0.198414 0.443217
vt 0.198414 0.450249
vt 0.431356 0.706563
vt 0.451188 0.706563
vt 0.451188 0.720836
vt 0.431356 0.720836
vt 0.881171 0.463962
vt 0.901003 0.463962
vt 0.901003 0.478235
vt 0.881171 0.478235
vt 0.114418 0.424170
vt 0.114418 0.444002
vt 0.100145 0.444002
vt 0.100145 0.424170
vt 0.641082 0.097653
vt 0.621250 0.097653
vt 0.621250 0.083380
vt 0.641082 0.083380
vt 0.759806 0.570364
vt 0.759806 0.590196
vt 0.745533 0.590196
vt 0.745533 0.570364
vt 0.674875 0.548968
vt 0.694707 0.548968
vt 0.694707 0.563241
vt 0.674875 0.563241
vt 0.839927 0.794482
vt 0.839927 0.814314
vt 0.825654 0.814314
vt 0.825654 0.794482
vt 0.050937 0.763748
vt 0.070769 0.763748
vt 0.070769 0.778021
vt 0.050937 0.778021
vt 0.277184 0.904929
vt 0.262912 0.904929
vt 0.262912 0.885097
vt 0.277184 0.885097
vt 0.535451 0.891800
vt 0.555283 0.891800
vt 0.555283 0.906073
vt 0.535451 0.906073
vt 0.561947 0.906073
vt 0.561947 0.891800
vt 0.581780 0.891800
vt 0.581780 0.906073
vt 0.236415 0.885097
vt 0.256247 0.885097
vt 0.256247 0.899370
vt 0.236415 0.899370
vt 0.176125 0.800291
vt 0.156293 0.800291
vt 0.156293 0.786019
vt 0.176125 0.786019
vt 0.209918 0.885097
vt 0.229750 0.885097
vt 0.229750 0.899370
vt 0.209918 0.899370
vt 0.400443 0.578508
vt 0.400443 0.558676
vt 0.414716 0.558676
vt 0.414716 0.578508
vt 0.508954 0.886381
vt 0.528786 0.886381
vt 0.528786 0.900654
vt 0.508954 0.900654
vt 0.523464 0.967169
vt 0.523464 0.952896
vt 0.525550 0.952896
vt 0.525550 0.967169
vt 0.004883 0.961760
vt 0.019155 0.961760
vt 0.019155 0.963846
vt 0.004883 0.963846
vt 0.845605 0.960206
vt 0.831332 0.960206
vt 0.831332 0.958120
vt 0.845605 0.958120
vt 0.532296 0.961291
vt 0.546569 0.961291
vt 0.546569 0.963376
vt 0.532296 0.963376
vt 0.600193 0.963376
vt 0.585921 0.963376
vt 0.585921 0.961291
vt 0.600193 0.961291
vt 0.765721 0.960872
vt 0.779994 0.960872
vt 0.779994 0.962958
vt 0.765721 0.962958
vt 0.733546 0.967103
vt 0.733546 0.952830
vt 0.735632 0.952830
vt 0.735632 0.967103
vt 0.700303 0.952830
vt 0.700303 0.967103
vt 0.698217 0.967103
vt 0.698217 0.952830
vt 0.116941 0.964203
vt 0.102669 0.964203
vt 0.102669 0.962117
vt 0.116941 0.962117
vt 0.445235 0.961848
vt 0.459507 0.961848
vt 0.459507 0.963933
vt 0.445235 0.963933
vt 0.866424 0.960206
vt 0.852151 0.960206
vt 0.852151 0.958120
vt 0.866424 0.958120
vt 0.049675 0.961760
vt 0.063948 0.961760
vt 0.063948 0.963846
vt 0.049675 0.963846
vt 0.096122 0.963846
vt 0.081850 0.963846
vt 0.081850 0.961760
vt 0.096122 0.961760
vt 0.200017 0.953859
vt 0.200017 0.968132
vt 0.197931 0.968132
vt 0.197931 0.953859
vt 0.137760 0.964203
vt 0.123488 0.964203
vt 0.123488 0.962117
vt 0.137760 0.962117
vt 0.810513 0.958120
vt 0.824786 0.958120
vt 0.824786 0.960206
vt 0.810513 0.960206
vt 0.438689 0.963933
vt 0.424416 0.963933
vt 0.424416 0.961848
vt 0.438689 0.961848
vt 0.191185 0.953859
vt 0.191185 0.968132
vt 0.189099 0.968132
vt 0.189099 0.953859
vt 0.043129 0.963846
vt 0.028856 0.963846
vt 0.028856 0.961760
vt 0.043129 0.961760
vt 0.466054 0.961848
vt 0.480327 0.961848
vt 0.480327 0.963933
vt 0.466054 0.963933
vt 0.158579 0.964340
vt 0.144307 0.964340
vt 0.144307 0.962254
vt 0.158579 0.962254
vt 0.553115 0.961291
vt 0.567388 0.961291
vt 0.567388 0.963377
vt 0.553115 0.963377
vt 0.909323 0.960206
vt 0.895051 0.960206
vt 0.895051 0.958120
vt 0.909323 0.958120
vt 0.707049 0.961225
vt 0.721322 0.961225
vt 0.721322 0.963310
vt 0.707049 0.963310
vt 0.930142 0.968600
vt 0.915870 0.968600
vt 0.915870 0.966514
vt 0.930142 0.966514
vt 0.807359 0.966515
vt 0.821631 0.966515
vt 0.821631 0.968600
vt 0.807359 0.968600
vt 0.691671 0.966271
vt 0.677398 0.966271
vt 0.677398 0.964186
vt 0.691671 0.964186
vt 0.872970 0.965162
vt 0.887243 0.965162
vt 0.887243 0.967247
vt 0.872970 0.967247
vt 0.908062 0.968600
vt 0.893789 0.968600
vt 0.893789 0.966515
vt 0.908062 0.966515
vt 0.371423 0.964246
vt 0.385695 0.964246
vt 0.385695 0.966332
vt 0.371423 0.966332
vt 0.364876 0.966332
vt 0.350604 0.966332
vt 0.350604 0.964246
vt 0.364876 0.964246
vt 0.245247 0.962254
vt 0.259520 0.962254
vt 0.259520 0.964340
vt 0.245247 0.964340
vt 0.845605 0.968600
vt 0.831332 0.968600
vt 0.831332 0.966515
vt 0.845605 0.966515
vt 0.969494 0.966515
vt 0.983767 0.966515
vt 0.983767 0.968600
vt 0.969494 0.968600
vt 0.406514 0.967312
vt 0.392241 0.967312
vt 0.392241 0.965226
vt 0.406514 0.965226
vt 0.328523 0.964246
vt 0.342796 0.964246
vt 0.342796 0.966332
vt 0.328523 0.966332
vt 0.941929 0.958120
vt 0.941929 0.972393
vt 0.939843 0.972393
vt 0.939843 0.958120
vt 0.948675 0.965161
vt 0.962948 0.965161
vt 0.962948 0.967247
vt 0.948675 0.967247
vt 0.179398 0.964340
vt 0.165126 0.964340
vt 0.165126 0.962254
vt 0.179398 0.962254
vt 0.308966 0.955851
vt 0.323238 0.955851
vt 0.323238 0.957937
vt 0.308966 0.957937
vt 0.800812 0.968600
vt 0.786540 0.968600
vt 0.786540 0.966514
vt 0.800812 0.966514
vt 0.606740 0.963539
vt 0.621012 0.963539
vt 0.621012 0.965625
vt 0.606740 0.965625
vt 0.866424 0.968600
vt 0.852151 0.968600
vt 0.852151 0.966515
vt 0.866424 0.966515
vt 0.635760 0.963539
vt 0.650033 0.963539
vt 0.650033 0.965625
vt 0.635760 0.965625
vt 0.280339 0.964436
vt 0.266066 0.964436
vt 0.266066 0.962350
vt 0.280339 0.962350
vt 0.576020 0.961291
vt 0.576020 0.975563
vt 0.573934 0.975563
vt 0.573934 0.961291
vt 0.301158 0.964436
vt 0.286885 0.964436
vt 0.286885 0.962350
vt 0.301158 0.962350
vt 0.656579 0.964186
vt 0.670852 0.964186
vt 0.670852 0.966271
vt 0.656579 0.966271
vt 0.991575 0.197230
vt 0.991575 0.166206
vt 0.994014 0.166206
vt 0.994014 0.197230
vt 0.991575 0.216591
vt 0.994014 0.216591
vt 0.991575 0.235953
vt 0.994014 0.235953
vt 0.377100 0.675156
vt 0.377100 0.644132
vt 0.379539 0.644132
vt 0.379539 0.675156
vt 0.377100 0.624771
vt 0.379539 0.624771
vt 0.377100 0.605409
vt 0.379539 0.605409
vt 0.630435 0.929445
vt 0.599410 0.929445
vt 0.599410 0.927007
vt 0.630435 0.927007
vt 0.580048 0.929445
vt 0.580048 0.927007
vt 0.560686 0.929445
vt 0.560686 0.927007
vt 0.448194 0.927564
vt 0.467556 0.927564
vt 0.467556 0.930003
vt 0.448194 0.930003
vt 0.498581 0.927564
vt 0.498581 0.930003
vt 0.428832 0.927564
vt 0.428832 0.930003
vt 0.069232 0.432395
vt 0.084714 0.432395
vt 0.084714 0.436387
vt 0.069232 0.436387
vt 0.336434 0.462284
vt 0.320952 0.462284
vt 0.320952 0.458292
vt 0.336434 0.458292
vt 0.858801 0.505751
vt 0.843319 0.505751
vt 0.843319 0.501759
vt 0.858801 0.501759
vt 0.416846 0.522360
vt 0.432328 0.522360
vt 0.432328 0.526352
vt 0.416846 0.526352
vt 0.684338 0.941088
vt 0.684338 0.912775
vt 0.688330 0.912775
vt 0.688330 0.941088
vt 0.684338 0.896124
vt 0.688330 0.896124
vt 0.165372 0.908738
vt 0.193686 0.908738
vt 0.193686 0.912730
vt 0.165372 0.912730
vt 0.148723 0.908738
vt 0.148723 0.912730
vt 0.217105 0.915979
vt 0.245418 0.915979
vt 0.245418 0.919971
vt 0.217105 0.919971
vt 0.200455 0.915979
vt 0.200455 0.919971
vt 0.049847 0.919615
vt 0.021533 0.919615
vt 0.021533 0.915623
vt 0.049847 0.915623
vt 0.004883 0.919615
vt 0.004883 0.915623
vt 0.073265 0.919615
vt 0.056615 0.919615
vt 0.056615 0.915623
vt 0.073265 0.915623
vt 0.101578 0.919615
vt 0.101578 0.915623
vt 0.509585 0.912382
vt 0.526235 0.912382
vt 0.526235 0.916373
vt 0.509585 0.916373
vt 0.554548 0.912382
vt 0.554548 0.916373
vt 0.788049 0.916640
vt 0.816362 0.916640
vt 0.816362 0.920632
vt 0.788049 0.920632
vt 0.771399 0.916640
vt 0.771399 0.920632
vt 0.967142 0.915974
vt 0.938830 0.915974
vt 0.938830 0.911982
vt 0.967142 0.911982
vt 0.922178 0.915974
vt 0.922178 0.911982
vt 0.280296 0.930409
vt 0.249272 0.930409
vt 0.249272 0.927970
vt 0.280296 0.927970
vt 0.229910 0.930409
vt 0.229910 0.927970
vt 0.210549 0.930409
vt 0.210549 0.927970
vt 0.766156 0.926941
vt 0.785518 0.926941
vt 0.785518 0.929379
vt 0.766156 0.929379
vt 0.816542 0.926941
vt 0.816542 0.929379
vt 0.746795 0.926941
vt 0.746795 0.929379
vt 0.115627 0.454302
vt 0.100145 0.454302
vt 0.100145 0.450310
vt 0.115627 0.450310
vt 0.447759 0.542961
vt 0.463240 0.542961
vt 0.463240 0.546953
vt 0.447759 0.546953
vt 0.372301 0.907465
vt 0.400614 0.907465
vt 0.400614 0.911457
vt 0.372301 0.911457
vt 0.355651 0.907465
vt 0.355651 0.911457
vt 0.915410 0.901336
vt 0.887097 0.901336
vt 0.887097 0.897344
vt 0.915410 0.897344
vt 0.870447 0.901336
vt 0.870447 0.897344
vt 0.165373 0.902429
vt 0.148723 0.902429
vt 0.148723 0.898438
vt 0.165373 0.898438
vt 0.193687 0.902429
vt 0.193687 0.898438
vt 0.355651 0.897164
vt 0.372301 0.897164
vt 0.372301 0.901156
vt 0.355651 0.901156
vt 0.400614 0.897164
vt 0.400614 0.901156
vt 0.280865 0.878788
vt 0.275140 0.878788
vt 0.275140 0.873729
vt 0.280865 0.873729
vt 0.239807 0.878788
vt 0.239807 0.873729
vt 0.220445 0.878788
vt 0.220445 0.873729
vt 0.201083 0.878788
vt 0.201083 0.873729
vt 0.181721 0.878788
vt 0.181721 0.873729
vt 0.162359 0.878788
vt 0.162359 0.873729
vt 0.158186 0.878788
vt 0.158186 0.873729
vt 0.328570 0.866450
vt 0.322845 0.866450
vt 0.322845 0.861391
vt 0.328570 0.861391
vt 0.363902 0.866450
vt 0.363902 0.861391
vt 0.378894 0.866450
vt 0.378894 0.861391
vt 0.402626 0.866450
vt 0.402626 0.861391
vt 0.421988 0.866450
vt 0.421988 0.861391
vt 0.441349 0.866450
vt 0.441349 0.861391
vt 0.445522 0.866450
vt 0.445522 0.861391
vt 0.479146 0.866450
vt 0.479146 0.861391
vt 0.924702 0.772308
vt 0.924702 0.738684
vt 0.929761 0.738684
vt 0.929761 0.772308
vt 0.161185 0.834770
vt 0.155460 0.834770
vt 0.155460 0.827397
vt 0.161185 0.827397
vt 0.161185 0.840978
vt 0.155460 0.840978
vt 0.120127 0.827397
vt 0.120127 0.834770
vt 0.120127 0.840978
vt 0.081404 0.827397
vt 0.081404 0.834770
vt 0.081404 0.840978
vt 0.062042 0.827397
vt 0.062042 0.834770
vt 0.062042 0.840978
vt 0.037267 0.827397
vt 0.037267 0.834770
vt 0.037267 0.840978
vt 0.004883 0.840978
vt 0.004883 0.827397
vt 0.161185 0.853494
vt 0.155460 0.853494
vt 0.155460 0.847286
vt 0.161185 0.847286
vt 0.120128 0.853494
vt 0.120128 0.847287
vt 0.081404 0.853494
vt 0.081404 0.847286
vt 0.062042 0.853494
vt 0.062042 0.847286
vt 0.037267 0.853494
vt 0.037267 0.847286
vt 0.004883 0.853494
vt 0.004883 0.847286
vt 0.648265 0.858597
vt 0.604099 0.858597
vt 0.604099 0.851458
vt 0.648265 0.851458
vt 0.535451 0.858597
vt 0.535451 0.851458
vt 0.073530 0.859803
vt 0.117696 0.859803
vt 0.117696 0.866942
vt 0.073530 0.866942
vt 0.004883 0.866942
vt 0.004883 0.859803
vt 0.427453 0.890855
vt 0.358805 0.890855
vt 0.358805 0.883717
vt 0.427453 0.883717
vt 0.433879 0.883715
vt 0.502527 0.883715
vt 0.502527 0.890854
vt 0.433879 0.890854
vt 0.614941 0.056456
vt 0.614941 0.021570
vt 0.620565 0.021570
vt 0.620248 0.056456
vt 0.620633 0.014092
vt 0.614941 0.014092
vt 0.664598 0.021570
vt 0.663662 0.056456
vt 0.620180 0.063934
vt 0.614941 0.063934
vt 0.664799 0.014092
vt 0.663461 0.063934
vt 0.733446 0.014092
vt 0.733346 0.021575
vt 0.733479 0.056451
vt 0.733437 0.063921
vt 0.789712 0.021570
vt 0.789712 0.056456
vt 0.745547 0.056456
vt 0.745547 0.021570
vt 0.745547 0.063934
vt 0.789712 0.063934
vt 0.739855 0.056456
vt 0.739855 0.021570
vt 0.745547 0.014092
vt 0.789712 0.014092
vt 0.739855 0.063934
vt 0.858310 0.056451
vt 0.858360 0.063934
vt 0.739855 0.014092
vt 0.858376 0.014107
vt 0.858376 0.021575
vt 0.763380 0.794481
vt 0.805433 0.794481
vt 0.805433 0.801009
vt 0.763380 0.801009
vt 0.814448 0.801009
vt 0.814448 0.794481
vt 0.805435 0.813136
vt 0.763382 0.813136
vt 0.754365 0.801009
vt 0.754365 0.794481
vt 0.814450 0.813136
vt 0.819164 0.794481
vt 0.819164 0.801009
vt 0.805437 0.821289
vt 0.763384 0.821289
vt 0.754367 0.813136
vt 0.819166 0.813136
vt 0.814452 0.821289
vt 0.805440 0.829441
vt 0.763386 0.829441
vt 0.754369 0.821289
vt 0.819168 0.821289
vt 0.814454 0.829441
vt 0.754371 0.829441
vt 0.819170 0.829441
vt 0.738861 0.762746
vt 0.696807 0.762746
vt 0.696807 0.756217
vt 0.738861 0.756217
vt 0.738862 0.774872
vt 0.696809 0.774872
vt 0.687792 0.762746
vt 0.687792 0.756217
vt 0.747875 0.762746
vt 0.747875 0.756217
vt 0.738865 0.783025
vt 0.696811 0.783025
vt 0.687794 0.774872
vt 0.747877 0.774872
vt 0.683076 0.762746
vt 0.683076 0.756217
vt 0.738867 0.791178
vt 0.696813 0.791178
vt 0.687796 0.783025
vt 0.747879 0.783025
vt 0.683078 0.774872
vt 0.687798 0.791178
vt 0.747881 0.791178
vt 0.683080 0.783025
vt 0.683082 0.791178
vt 0.444486 0.804508
vt 0.375839 0.804508
vt 0.375839 0.797369
vt 0.444411 0.797111
vt 0.607253 0.822373
vt 0.538605 0.822373
vt 0.538655 0.815062
vt 0.607253 0.815121
vt 0.004883 0.374369
vt 0.074700 0.374374
vt 0.074132 0.381854
vt 0.004883 0.381849
vt 0.117729 0.381853
vt 0.073563 0.339148
vt 0.117729 0.339318
vt 0.333984 0.407818
vt 0.333979 0.339148
vt 0.341460 0.339154
vt 0.341464 0.408386
vt 0.341464 0.451983
vt 0.298872 0.451983
vt 0.298872 0.407818
vt 0.950737 0.828997
vt 0.950737 0.798940
vt 0.971094 0.785354
vt 0.971094 0.828997
vt 0.930380 0.828997
vt 0.930380 0.785354
vt 0.398550 0.649547
vt 0.405582 0.649547
vt 0.405582 0.676285
vt 0.398550 0.676285
vt 0.398550 0.622809
vt 0.405582 0.622809
vt 0.129199 0.888732
vt 0.107087 0.888732
vt 0.107085 0.873251
vt 0.129199 0.873251
vt 0.151314 0.873251
vt 0.151316 0.888732
vt 0.232630 0.756695
vt 0.233443 0.756695
vt 0.235341 0.758593
vt 0.235341 0.778728
vt 0.232630 0.781440
vt 0.232630 0.731955
vt 0.235341 0.734666
vt 0.235341 0.754798
vt 0.263654 0.778726
vt 0.263654 0.781438
vt 0.263654 0.731952
vt 0.263654 0.734664
vt 0.280305 0.778726
vt 0.283016 0.781438
vt 0.283016 0.731952
vt 0.280305 0.734664
vt 0.280305 0.758593
vt 0.282202 0.756695
vt 0.283016 0.756695
vt 0.280305 0.754798
vt 0.284268 0.756695
vt 0.284268 0.778809
vt 0.284268 0.734580
vt 0.263654 0.754798
vt 0.263654 0.758593
vt 0.299750 0.778807
vt 0.302378 0.781435
vt 0.302378 0.731950
vt 0.299750 0.734578
vt 0.299750 0.756696
vt 0.302378 0.756696
vt 0.067918 0.724951
vt 0.047784 0.724950
vt 0.047782 0.696637
vt 0.067918 0.696637
vt 0.067918 0.741601
vt 0.047784 0.741601
vt 0.287763 0.867420
vt 0.271113 0.867420
vt 0.271113 0.847287
vt 0.287764 0.847287
vt 0.316077 0.867418
vt 0.316077 0.847287
vt 0.618737 0.072140
vt 0.614941 0.072140
vt 0.616839 0.070243
vt 0.322845 0.848253
vt 0.444559 0.848253
vt 0.444559 0.855082
vt 0.322845 0.855082
vt 0.890407 0.876605
vt 0.861614 0.876605
vt 0.861614 0.850607
vt 0.890407 0.850607
vt 0.323951 0.833605
vt 0.323951 0.840978
vt 0.318226 0.840978
vt 0.318226 0.833605
vt 0.282894 0.840978
vt 0.282894 0.833605
vt 0.318226 0.827397
vt 0.323951 0.827397
vt 0.244170 0.840978
vt 0.244170 0.833605
vt 0.282894 0.827397
vt 0.224808 0.840978
vt 0.224808 0.833605
vt 0.244170 0.827397
vt 0.200034 0.840978
vt 0.200034 0.833605
vt 0.224808 0.827397
vt 0.167649 0.840978
vt 0.167649 0.827397
vt 0.200034 0.827397
vt 0.086780 0.197515
vt 0.083135 0.206100
vt 0.004883 0.153483
vt 0.009871 0.150154
vt 0.099192 0.206100
vt 0.093641 0.424167
vt 0.093641 0.454003
vt 0.091722 0.452084
vt 0.091722 0.426086
vt 0.060400 0.454003
vt 0.062319 0.452084
vt 0.060400 0.424167
vt 0.062319 0.426086
vt 0.766352 0.589682
vt 0.766352 0.557052
vt 0.768271 0.558971
vt 0.768271 0.587763
vt 0.796187 0.557052
vt 0.794268 0.558971
vt 0.796187 0.589682
vt 0.794268 0.587763
vt 0.254220 0.939156
vt 0.229475 0.939156
vt 0.229475 0.936718
vt 0.254220 0.936718
vt 0.278960 0.939156
vt 0.278960 0.936718
vt 0.222812 0.939156
vt 0.198073 0.939156
vt 0.198073 0.936718
vt 0.222812 0.936718
vt 0.173327 0.939156
vt 0.173327 0.936718
vt 0.043281 0.051353
vt 0.043281 0.055148
vt 0.040843 0.055148
vt 0.040843 0.051353
vt 0.026998 0.925923
vt 0.049112 0.925923
vt 0.049112 0.929915
vt 0.026998 0.929915
vt 0.004883 0.925923
vt 0.004883 0.929915
vt 0.055984 0.925923
vt 0.078095 0.925923
vt 0.078095 0.929915
vt 0.055984 0.929915
vt 0.100212 0.925923
vt 0.100212 0.929915
vt 0.385933 0.501759
vt 0.406068 0.501759
vt 0.406068 0.505751
vt 0.385933 0.505751
vt 0.758357 0.756217
vt 0.758357 0.776350
vt 0.754365 0.776350
vt 0.754365 0.756217
vt 0.719036 0.587307
vt 0.739170 0.587307
vt 0.739170 0.591299
vt 0.719036 0.591299
vt 0.050937 0.784329
vt 0.071068 0.784329
vt 0.071068 0.788321
vt 0.050937 0.788321
vt 0.004883 0.936224
vt 0.054370 0.936224
vt 0.054370 0.938663
vt 0.029624 0.938663
vt 0.004883 0.938663
vt 0.619001 0.938193
vt 0.569520 0.938193
vt 0.594262 0.935754
vt 0.619001 0.935754
vt 0.569518 0.935754
vt 0.888742 0.036388
vt 0.892537 0.036388
vt 0.892537 0.038827
vt 0.888742 0.038827
vt 0.845246 0.917946
vt 0.867361 0.917946
vt 0.867361 0.921937
vt 0.845246 0.921937
vt 0.823131 0.917946
vt 0.823131 0.921937
vt 0.152576 0.923030
vt 0.130464 0.923030
vt 0.130464 0.919039
vt 0.152576 0.919039
vt 0.108347 0.923030
vt 0.108347 0.919039
vt 0.242724 0.452446
vt 0.262858 0.452446
vt 0.262858 0.456438
vt 0.242724 0.456438
vt 0.424362 0.754328
vt 0.404228 0.754328
vt 0.404228 0.750337
vt 0.424362 0.750337
vt 0.493759 0.564500
vt 0.473625 0.564500
vt 0.473625 0.560509
vt 0.493759 0.560509
vt 0.876755 0.771635
vt 0.896887 0.771635
vt 0.896887 0.775627
vt 0.876755 0.775627
vt 0.378747 0.841945
vt 0.378747 0.835108
vt 0.416498 0.835108
vt 0.416498 0.841945
vt 0.349599 0.841945
vt 0.330416 0.835108
vt 0.454248 0.841945
vt 0.454248 0.835108
vt 0.342590 0.841945
vt 0.483396 0.841945
vt 0.502580 0.835108
vt 0.490405 0.841945
vt 0.266716 0.821088
vt 0.207317 0.821088
vt 0.207317 0.808914
vt 0.197649 0.821088
vt 0.197649 0.808914
vt 0.187981 0.821088
vt 0.187981 0.808914
vt 0.168648 0.821088
vt 0.168648 0.808914
vt 0.149315 0.821088
vt 0.149315 0.808914
vt 0.129982 0.821088
vt 0.129982 0.808914
vt 0.110649 0.821088
vt 0.110649 0.808914
vt 0.100981 0.821088
vt 0.100981 0.808914
vt 0.091313 0.821088
vt 0.091313 0.808914
vt 0.080124 0.810921
vt 0.080124 0.817758
vt 0.036156 0.817758
vt 0.036156 0.810921
vt 0.004883 0.810921
vt 0.004883 0.817758
vt 0.787906 0.877699
vt 0.644592 0.877699
vt 0.644592 0.872852
vt 0.787906 0.872852
vt 0.293626 0.014092
vt 0.293626 0.157409
vt 0.289408 0.157409
vt 0.289408 0.014092
vt 0.794741 0.882913
vt 0.838710 0.882913
vt 0.838710 0.889750
vt 0.794741 0.889750
vt 0.869983 0.882913
vt 0.869983 0.889750
vt 0.346743 0.611032
vt 0.369860 0.611032
vt 0.369860 0.636402
vt 0.346743 0.636402
vt 0.346743 0.605409
vt 0.369860 0.605409
vt 0.369860 0.661772
vt 0.346743 0.661772
vt 0.323325 0.611032
vt 0.323325 0.636402
vt 0.323325 0.605409
vt 0.323325 0.661772
vt 0.299908 0.611032
vt 0.299908 0.636402
vt 0.299908 0.605409
vt 0.299908 0.661772
vt 0.276791 0.611032
vt 0.276791 0.636402
vt 0.276791 0.605409
vt 0.276791 0.661772
vt 0.957064 0.200894
vt 0.957064 0.223015
vt 0.944890 0.223015
vt 0.944890 0.200894
vt 0.957064 0.245723
vt 0.944890 0.245723
vt 0.944890 0.107490
vt 0.957064 0.113754
vt 0.957064 0.268726
vt 0.944890 0.268726
vt 0.944890 0.060788
vt 0.957064 0.070184
vt 0.957064 0.291729
vt 0.944890 0.291729
vt 0.944890 0.036822
vt 0.950856 0.036822
vt 0.957064 0.314437
vt 0.944890 0.314437
vt 0.670345 0.760864
vt 0.676311 0.768746
vt 0.957064 0.036822
vt 0.656764 0.760864
vt 0.652415 0.768746
vt 0.625042 0.756217
vt 0.656764 0.756217
vt 0.590235 0.768746
vt 0.573888 0.756217
vt 0.573888 0.768746
vt 0.452175 0.756217
vt 0.452175 0.768746
vt 0.298872 0.388153
vt 0.320997 0.388153
vt 0.320998 0.400327
vt 0.298872 0.400327
vt 0.842001 0.831769
vt 0.913218 0.844298
vt 0.842001 0.844298
vt 0.913218 0.831768
vt 0.825654 0.844298
vt 0.825654 0.831769
vt 0.976976 0.641611
vt 0.976976 0.763324
vt 0.964447 0.763324
vt 0.964447 0.641611
vt 0.300295 0.161074
vt 0.300295 0.145156
vt 0.390686 0.087583
vt 0.354530 0.087583
vt 0.300295 0.087583
vt 0.585226 0.161076
vt 0.585226 0.087583
vt 0.300295 0.030009
vt 0.585226 0.238652
vt 0.300295 0.238648
vt 0.609435 0.161076
vt 0.614557 0.109858
vt 0.300295 0.014091
vt 0.300295 0.298788
vt 0.585226 0.298788
vt 0.609435 0.238652
vt 0.614557 0.087583
vt 0.634283 0.161076
vt 0.634316 0.109858
vt 0.204295 0.298788
vt 0.204295 0.238648
vt 0.609435 0.298788
vt 0.300295 0.332840
vt 0.585227 0.332840
vt 0.634283 0.238652
vt 0.659453 0.161076
vt 0.654331 0.109858
vt 0.204295 0.332840
vt 0.193716 0.298788
vt 0.193716 0.238648
vt 0.609439 0.332840
vt 0.634283 0.298788
vt 0.659453 0.238652
vt 0.684624 0.161076
vt 0.684624 0.087583
vt 0.193716 0.332840
vt 0.183137 0.238648
vt 0.183137 0.298788
vt 0.634286 0.332840
vt 0.659453 0.298788
vt 0.684624 0.238652
vt 0.654331 0.087583
vt 0.709472 0.161076
vt 0.709472 0.087583
vt 0.183137 0.332840
vt 0.161982 0.238648
vt 0.161982 0.298788
vt 0.659457 0.332840
vt 0.684624 0.298788
vt 0.709472 0.238652
vt 0.733677 0.161076
vt 0.733677 0.087583
vt 0.161982 0.332840
vt 0.140827 0.238648
vt 0.140827 0.298788
vt 0.684627 0.332840
vt 0.709472 0.298788
vt 0.733677 0.238652
vt 0.790341 0.087583
vt 0.835884 0.161076
vt 0.140827 0.332840
vt 0.119672 0.238648
vt 0.119672 0.298788
vt 0.709476 0.332840
vt 0.733677 0.298788
vt 0.835884 0.238652
vt 0.818673 0.087583
vt 0.886987 0.161076
vt 0.119672 0.332840
vt 0.098518 0.238648
vt 0.098518 0.298788
vt 0.733680 0.332840
vt 0.835884 0.298788
vt 0.886987 0.238652
vt 0.938090 0.161076
vt 0.847005 0.087583
vt 0.098518 0.332840
vt 0.087939 0.298788
vt 0.087939 0.238648
vt 0.835887 0.332840
vt 0.886987 0.298788
vt 0.938090 0.238651
vt 0.938090 0.087583
vt 0.087939 0.332840
vt 0.077360 0.238648
vt 0.077360 0.298788
vt 0.886990 0.332840
vt 0.938090 0.298788
vt 0.938090 0.014090
vt 0.077360 0.332840
vt 0.012363 0.298788
vt 0.012363 0.238648
vt 0.938093 0.332840
vt 0.012363 0.332840
vt 0.004883 0.332840
vt 0.004883 0.298788
vt 0.691745 0.749908
vt 0.623942 0.749908
vt 0.623942 0.737278
vt 0.691745 0.737278
vt 0.556140 0.749908
vt 0.556140 0.737278
vt 0.765723 0.744068
vt 0.761597 0.749908
vt 0.486288 0.749908
vt 0.481826 0.743593
vt 0.062114 0.757439
vt 0.044027 0.757439
vt 0.039581 0.751047
vt 0.062086 0.751047
vt 0.044027 0.777830
vt 0.039581 0.777830
vt 0.080437 0.757439
vt 0.084882 0.751047
vt 0.044027 0.798221
vt 0.039581 0.804613
vt 0.084882 0.777830
vt 0.080437 0.777830
vt 0.062114 0.798221
vt 0.062086 0.804613
vt 0.084882 0.804613
vt 0.080437 0.798221
vt 0.508323 0.719284
vt 0.508323 0.699466
vt 0.508323 0.644472
vt 0.508323 0.619655
vt 0.520497 0.619655
vt 0.520497 0.719284
vt 0.377924 0.697686
vt 0.377925 0.717518
vt 0.375840 0.717518
vt 0.375839 0.697686
vt 0.341771 0.939062
vt 0.361604 0.939062
vt 0.361604 0.941148
vt 0.341771 0.941147
vt 0.110870 0.945328
vt 0.128396 0.945328
vt 0.128396 0.947413
vt 0.110870 0.947413
vt 0.151738 0.524099
vt 0.134213 0.524099
vt 0.134213 0.522013
vt 0.151738 0.522013
vt 0.561947 0.952896
vt 0.579469 0.952896
vt 0.579469 0.954982
vt 0.561947 0.954982
vt 0.608489 0.954982
vt 0.590968 0.954982
vt 0.590968 0.952896
vt 0.608489 0.952896
vt 0.925964 0.949726
vt 0.943486 0.949726
vt 0.943486 0.951811
vt 0.925964 0.951811
vt 0.682933 0.949483
vt 0.665411 0.949483
vt 0.665411 0.947397
vt 0.682933 0.947397
vt 0.475517 0.953453
vt 0.493038 0.953453
vt 0.493038 0.955539
vt 0.475517 0.955539
vt 0.215596 0.962986
vt 0.215596 0.945465
vt 0.217681 0.945465
vt 0.217681 0.962986
vt 0.349342 0.947457
vt 0.366864 0.947457
vt 0.366864 0.949543
vt 0.349342 0.949543
vt 0.912572 0.951811
vt 0.895051 0.951811
vt 0.895051 0.949726
vt 0.912572 0.949726
vt 0.253448 0.945465
vt 0.270973 0.945465
vt 0.270973 0.947551
vt 0.253448 0.947551
vt 0.176342 0.947551
vt 0.158817 0.947551
vt 0.158817 0.945465
vt 0.176342 0.945465
vt 0.477684 0.899248
vt 0.457853 0.899249
vt 0.457853 0.897163
vt 0.477684 0.897162
vt 0.814573 0.874939
vt 0.794741 0.874938
vt 0.794741 0.872852
vt 0.814574 0.872853
vt 0.771399 0.935688
vt 0.791231 0.935689
vt 0.791231 0.937774
vt 0.771399 0.937774
vt 0.290671 0.760721
vt 0.290670 0.740889
vt 0.292756 0.740889
vt 0.292757 0.760721
vt 0.336919 0.677034
vt 0.336917 0.696866
vt 0.334832 0.696865
vt 0.334833 0.677033
vt 0.448665 0.919830
vt 0.428833 0.919830
vt 0.428832 0.917745
vt 0.448664 0.917744
vt 0.741392 0.946522
vt 0.721559 0.946521
vt 0.721559 0.944436
vt 0.741392 0.944436
vt 0.995004 0.943416
vt 0.975172 0.943417
vt 0.975172 0.941331
vt 0.995004 0.941331
vt 0.484980 0.944502
vt 0.504813 0.944502
vt 0.504813 0.946587
vt 0.484980 0.946588
vt 0.104205 0.947057
vt 0.084373 0.947057
vt 0.084373 0.944971
vt 0.104205 0.944971
vt 0.484350 0.897162
vt 0.501875 0.897162
vt 0.501875 0.899248
vt 0.484350 0.899248
vt 0.854535 0.514145
vt 0.837010 0.514145
vt 0.837010 0.512060
vt 0.854535 0.512060
vt 0.758974 0.944436
vt 0.758974 0.961957
vt 0.756889 0.961957
vt 0.756889 0.944436
vt 0.075398 0.955451
vt 0.057877 0.955451
vt 0.057877 0.953366
vt 0.075398 0.953366
vt 0.954546 0.941331
vt 0.954546 0.958853
vt 0.952461 0.958853
vt 0.952461 0.941331
vt 0.342891 0.949542
vt 0.325368 0.949542
vt 0.325368 0.947456
vt 0.342891 0.947456
vt 0.208849 0.945465
vt 0.208849 0.962986
vt 0.206764 0.962986
vt 0.206764 0.945465
vt 0.048901 0.955451
vt 0.031380 0.955451
vt 0.031380 0.953366
vt 0.048901 0.953366
vt 0.821869 0.949726
vt 0.839391 0.949726
vt 0.839391 0.951811
vt 0.821869 0.951811
vt 0.868411 0.951811
vt 0.850889 0.951811
vt 0.850889 0.949726
vt 0.868411 0.949726
vt 0.641438 0.946750
vt 0.658963 0.946750
vt 0.658963 0.948836
vt 0.641438 0.948836
vt 0.318920 0.947646
vt 0.301395 0.947646
vt 0.301395 0.945561
vt 0.318920 0.945561
vt 0.564471 0.944502
vt 0.584302 0.944502
vt 0.584302 0.946588
vt 0.564471 0.946588
vt 0.899467 0.941331
vt 0.919299 0.941331
vt 0.919299 0.943417
vt 0.899467 0.943416
vt 0.511477 0.944502
vt 0.531309 0.944502
vt 0.531309 0.946588
vt 0.511477 0.946587
vt 0.870721 0.943417
vt 0.850889 0.943417
vt 0.850889 0.941331
vt 0.870721 0.941331
vt 0.714895 0.946521
vt 0.695063 0.946522
vt 0.695063 0.944436
vt 0.714895 0.944436
vt 0.610800 0.946587
vt 0.590968 0.946587
vt 0.590968 0.944502
vt 0.610800 0.944502
vt 0.475161 0.947145
vt 0.455329 0.947145
vt 0.455329 0.945059
vt 0.475161 0.945059
vt 0.024715 0.947057
vt 0.004883 0.947057
vt 0.004883 0.944971
vt 0.024715 0.944971
vt 0.721559 0.927005
vt 0.739085 0.927005
vt 0.739085 0.929091
vt 0.721559 0.929091
vt 0.882294 0.016178
vt 0.864769 0.016178
vt 0.864769 0.014092
vt 0.882294 0.014092
vt 0.004883 0.953366
vt 0.022404 0.953366
vt 0.022404 0.955451
vt 0.004883 0.955451
vt 0.783242 0.954563
vt 0.765721 0.954563
vt 0.765721 0.952478
vt 0.783242 0.952478
vt 0.797896 0.949725
vt 0.815417 0.949725
vt 0.815417 0.951811
vt 0.797896 0.951811
vt 0.394765 0.956584
vt 0.394765 0.939062
vt 0.396851 0.939062
vt 0.396851 0.956584
vt 0.081850 0.953366
vt 0.099371 0.953366
vt 0.099371 0.955451
vt 0.081850 0.955451
vt 0.445092 0.955539
vt 0.427571 0.955539
vt 0.427571 0.953453
vt 0.445092 0.953453
vt 0.886218 0.958853
vt 0.886218 0.941331
vt 0.888304 0.941331
vt 0.888304 0.958853
vt 0.421119 0.950523
vt 0.403597 0.950523
vt 0.403597 0.948437
vt 0.421119 0.948437
vt 0.277422 0.945561
vt 0.294947 0.945561
vt 0.294947 0.947646
vt 0.277422 0.947646
vt 0.634990 0.948836
vt 0.617465 0.948836
vt 0.617465 0.946750
vt 0.634990 0.946750
vt 0.537974 0.944502
vt 0.557805 0.944502
vt 0.557805 0.946587
vt 0.537974 0.946587
vt 0.057877 0.944971
vt 0.077709 0.944971
vt 0.077709 0.947057
vt 0.057877 0.947057
vt 0.844224 0.943417
vt 0.824392 0.943417
vt 0.824392 0.941331
vt 0.844224 0.941331
vt 0.031380 0.944971
vt 0.051212 0.944971
vt 0.051212 0.947057
vt 0.031380 0.947057
vt 0.925964 0.941331
vt 0.945796 0.941331
vt 0.945796 0.943417
vt 0.925964 0.943416
vt 0.695063 0.927006
vt 0.714895 0.927005
vt 0.714895 0.929091
vt 0.695063 0.929091
vt 0.990506 0.915027
vt 0.990507 0.934860
vt 0.988421 0.934860
vt 0.988421 0.915028
vt 0.771399 0.944083
vt 0.791231 0.944083
vt 0.791231 0.946169
vt 0.771399 0.946169
vt 0.746795 0.916704
vt 0.764320 0.916704
vt 0.764320 0.918790
vt 0.746795 0.918790
vt 0.152369 0.947414
vt 0.134844 0.947414
vt 0.134844 0.945328
vt 0.152369 0.945328
vt 0.709573 0.952830
vt 0.727094 0.952830
vt 0.727094 0.954916
vt 0.709573 0.954916
vt 0.517012 0.954982
vt 0.499491 0.954982
vt 0.499491 0.952896
vt 0.517012 0.952896
vt 0.963378 0.941331
vt 0.963378 0.958853
vt 0.961293 0.958853
vt 0.961293 0.941331
vt 0.750142 0.944436
vt 0.750142 0.961958
vt 0.748056 0.961958
vt 0.748056 0.944436
vt 0.537974 0.952896
vt 0.555496 0.952896
vt 0.555496 0.954982
vt 0.537974 0.954982
vt 0.469066 0.955539
vt 0.451544 0.955539
vt 0.451544 0.953453
vt 0.469066 0.953453
vt 0.970125 0.949726
vt 0.987647 0.949726
vt 0.987647 0.951811
vt 0.970125 0.951811
vt 0.877386 0.958853
vt 0.877386 0.941331
vt 0.879472 0.941331
vt 0.879472 0.958853
vt 0.229475 0.945465
vt 0.247000 0.945465
vt 0.247000 0.947551
vt 0.229475 0.947551
vt 0.200315 0.947551
vt 0.182790 0.947551
vt 0.182790 0.945465
vt 0.200315 0.945465
vt 0.368268 0.939063
vt 0.388100 0.939062
vt 0.388100 0.941148
vt 0.368268 0.941148
vt 0.746358 0.797486
vt 0.746357 0.817319
vt 0.744271 0.817318
vt 0.744272 0.797486
vt 0.817728 0.943416
vt 0.797896 0.943416
vt 0.797896 0.941330
vt 0.817728 0.941331
vt 0.428832 0.945059
vt 0.448665 0.945059
vt 0.448665 0.947145
vt 0.428832 0.947145
vt 0.732284 0.709638
vt 0.761369 0.709638
vt 0.761369 0.712077
vt 0.732284 0.712077
vt 0.789835 0.709638
vt 0.789835 0.712077
vt 0.534272 0.938193
vt 0.505169 0.938193
vt 0.505169 0.935754
vt 0.534272 0.935754
vt 0.562722 0.938193
vt 0.562722 0.935754
vt 0.389728 0.030150
vt 0.385933 0.030150
vt 0.385933 0.027711
vt 0.389728 0.027711
vt 0.453574 0.936311
vt 0.478319 0.936311
vt 0.478319 0.938750
vt 0.453574 0.938750
vt 0.428832 0.936311
vt 0.428832 0.938750
vt 0.110518 0.938663
vt 0.085777 0.938663
vt 0.085777 0.936224
vt 0.110518 0.936224
vt 0.061031 0.938663
vt 0.061031 0.936224
vt 0.036973 0.041248
vt 0.036973 0.045044
vt 0.034534 0.045044
vt 0.034534 0.041248
vt 0.990944 0.457085
vt 0.990944 0.430613
vt 0.994936 0.430613
vt 0.994936 0.457085
vt 0.990944 0.404788
vt 0.994936 0.404788
vt 0.719013 0.827922
vt 0.692539 0.827922
vt 0.692539 0.823930
vt 0.719013 0.823930
vt 0.744834 0.827922
vt 0.744834 0.823930
vt 0.377766 0.917765
vt 0.399881 0.917765
vt 0.399881 0.921757
vt 0.377766 0.921757
vt 0.355651 0.917765
vt 0.355651 0.921757
vt 0.918461 0.926275
vt 0.896349 0.926275
vt 0.896349 0.922283
vt 0.918461 0.922283
vt 0.874232 0.926275
vt 0.874232 0.922283
vt 0.004883 0.227406
vt 0.029361 0.227406
vt 0.029361 0.231398
vt 0.004883 0.231398
vt 0.060286 0.205540
vt 0.035796 0.205540
vt 0.035796 0.201548
vt 0.060286 0.201548
vt 0.271744 0.227975
vt 0.291879 0.227975
vt 0.291879 0.231967
vt 0.271744 0.231967
vt 0.204816 0.767166
vt 0.184683 0.767166
vt 0.184683 0.763174
vt 0.204816 0.763174
vt 0.509531 0.574801
vt 0.489397 0.574801
vt 0.489397 0.570809
vt 0.509531 0.570809
vt 0.800419 0.771635
vt 0.820551 0.771635
vt 0.820551 0.775627
vt 0.800419 0.775627
vt 0.116548 0.227560
vt 0.140405 0.227560
vt 0.140405 0.231551
vt 0.116548 0.231551
vt 0.527751 0.449478
vt 0.503907 0.449478
vt 0.503907 0.445486
vt 0.527751 0.445486
vt 0.312256 0.873729
vt 0.336999 0.873729
vt 0.336999 0.876168
vt 0.312256 0.876168
vt 0.287516 0.873729
vt 0.287516 0.876168
vt 0.166662 0.939019
vt 0.141924 0.939019
vt 0.141924 0.936580
vt 0.166662 0.936580
vt 0.117181 0.939019
vt 0.117179 0.936580
vt 0.033272 0.034940
vt 0.033272 0.031144
vt 0.035711 0.031144
vt 0.035711 0.034940
vt 0.114862 0.566507
vt 0.114862 0.588621
vt 0.110870 0.588621
vt 0.110870 0.566507
vt 0.114862 0.544392
vt 0.110870 0.544392
vt 0.969560 0.926275
vt 0.947449 0.926275
vt 0.947449 0.922283
vt 0.969560 0.922283
vt 0.925333 0.926275
vt 0.925333 0.922283
vt 0.990944 0.483529
vt 0.990944 0.463394
vt 0.994936 0.463394
vt 0.994936 0.483529
vt 0.820552 0.751700
vt 0.800419 0.751700
vt 0.800419 0.747708
vt 0.820552 0.747708
vt 0.524671 0.585102
vt 0.504538 0.585102
vt 0.504538 0.581110
vt 0.524671 0.581110
vt 0.404228 0.774265
vt 0.424359 0.774265
vt 0.424359 0.778256
vt 0.404228 0.778256
vt 0.983374 0.727869
vt 0.983374 0.493109
vt 0.988433 0.493109
vt 0.988433 0.727869
vt 0.984811 0.014092
vt 0.984811 0.248855
vt 0.977696 0.248855
vt 0.977696 0.014093
vt 0.025071 0.195239
vt 0.025071 0.188124
vt 0.038808 0.188124
vt 0.050704 0.195239
vt 0.129178 0.339148
vt 0.129178 0.352886
vt 0.124119 0.352886
vt 0.124119 0.339148
vt 0.045692 0.131544
vt 0.045692 0.121329
vt 0.051900 0.121329
vt 0.051900 0.131544
vt 0.051900 0.136189
vt 0.045692 0.136189
vt 0.038319 0.131544
vt 0.038319 0.136188
vt 0.119715 0.642941
vt 0.119715 0.678654
vt 0.099821 0.678658
vt 0.099821 0.642945
vt 0.119715 0.686310
vt 0.099821 0.686313
vt 0.079648 0.678661
vt 0.079648 0.642949
vt 0.099821 0.635290
vt 0.119715 0.635286
vt 0.119715 0.690315
vt 0.099821 0.690318
vt 0.079648 0.686317
vt 0.059475 0.678665
vt 0.059475 0.642952
vt 0.079648 0.635293
vt 0.079648 0.690322
vt 0.059475 0.686320
vt 0.039581 0.678669
vt 0.039581 0.642956
vt 0.059475 0.635297
vt 0.059475 0.690326
vt 0.039581 0.686324
vt 0.039581 0.635300
vt 0.039581 0.690329
vt 0.206133 0.113958
vt 0.206133 0.108150
vt 0.241031 0.108151
vt 0.241370 0.113958
vt 0.451544 0.356778
vt 0.458683 0.356778
vt 0.458683 0.383842
vt 0.451544 0.383842
vt 0.065646 0.366212
vt 0.058507 0.366212
vt 0.058507 0.339148
vt 0.065759 0.339148
vt 0.800014 0.444167
vt 0.834901 0.444166
vt 0.834901 0.449972
vt 0.799788 0.449971
vt 0.242724 0.374520
vt 0.249862 0.374520
vt 0.249862 0.413186
vt 0.242724 0.413186
vt 0.292567 0.367754
vt 0.292566 0.393818
vt 0.249862 0.339148
vt 0.292566 0.339148
vt 0.292567 0.419951
vt 0.292567 0.446138
vt 0.250032 0.446138
vt 0.137558 0.792101
vt 0.100519 0.792102
vt 0.100519 0.785937
vt 0.137649 0.785936
vt 0.137555 0.801716
vt 0.100527 0.801716
vt 0.092581 0.758219
vt 0.137924 0.751034
vt 0.145492 0.801716
vt 0.145505 0.792100
vt 0.092589 0.801716
vt 0.092586 0.792100
vt 0.092575 0.785937
vt 0.149657 0.792100
vt 0.149645 0.801716
vt 0.145500 0.783874
vt 0.149653 0.783874
vt 0.145499 0.769354
vt 0.149651 0.769354
vt 0.441251 0.014092
vt 0.421953 0.021231
vt 0.389087 0.021403
vt 0.389087 0.014092
vt 0.095962 0.043223
vt 0.069863 0.043229
vt 0.069863 0.035749
vt 0.162602 0.436909
vt 0.169368 0.394213
vt 0.195467 0.401688
vt 0.195467 0.436736
vt 0.935146 0.526538
vt 0.900098 0.526538
vt 0.900098 0.520733
vt 0.934974 0.520733
vt 0.796634 0.035020
vt 0.796634 0.027881
vt 0.815933 0.027881
vt 0.298872 0.381844
vt 0.298872 0.339154
vt 0.324936 0.339148
vt 0.318170 0.381844
vt 0.111327 0.147372
vt 0.103931 0.147372
vt 0.104189 0.114507
vt 0.111327 0.095138
vt 0.722821 0.047234
vt 0.729960 0.027865
vt 0.729960 0.047233
vt 0.009299 0.345913
vt 0.051994 0.339147
vt 0.051989 0.365281
vt 0.009299 0.365281
vt 0.944263 0.561313
vt 0.957565 0.561313
vt 0.957565 0.632614
vt 0.944263 0.632614
vt 0.944263 0.490012
vt 0.957565 0.490012
vt 0.957565 0.707875
vt 0.944263 0.707875
vt 0.944263 0.414751
vt 0.957565 0.414751
vt 0.957565 0.748989
vt 0.944263 0.748989
vt 0.944263 0.373637
vt 0.957565 0.373637
vt 0.957561 0.783478
vt 0.944259 0.783478
vt 0.944259 0.339148
vt 0.957561 0.339148
vt 0.650407 0.940441
vt 0.650407 0.938003
vt 0.675151 0.938003
vt 0.675151 0.940441
vt 0.625666 0.940441
vt 0.625666 0.938003
vt 0.285623 0.939252
vt 0.285623 0.936813
vt 0.310363 0.936813
vt 0.310363 0.939252
vt 0.335109 0.936813
vt 0.335109 0.939252
vt 0.047782 0.061457
vt 0.050221 0.061457
vt 0.050221 0.065252
vt 0.047782 0.065252
vt 0.531699 0.922682
vt 0.531699 0.926674
vt 0.509585 0.926674
vt 0.509585 0.922682
vt 0.553814 0.922682
vt 0.553814 0.926674
vt 0.203677 0.926280
vt 0.203677 0.930271
vt 0.181565 0.930271
vt 0.181565 0.926280
vt 0.159448 0.930271
vt 0.159448 0.926280
vt 0.176429 0.501759
vt 0.176429 0.505751
vt 0.156293 0.505751
vt 0.156293 0.501759
vt 0.262226 0.764902
vt 0.262226 0.768894
vt 0.242093 0.768894
vt 0.242093 0.764902
vt 0.472309 0.741313
vt 0.472309 0.745305
vt 0.452175 0.745305
vt 0.452175 0.741313
vt 0.471045 0.848253
vt 0.471045 0.852245
vt 0.450913 0.852245
vt 0.450913 0.848253
vt 0.764628 0.719846
vt 0.737254 0.732375
vt 0.732905 0.724493
vt 0.799435 0.732375
vt 0.713358 0.732375
vt 0.719325 0.724493
vt 0.732905 0.719846
vt 0.815782 0.719846
vt 0.815782 0.732375
vt 0.713358 0.709638
vt 0.719325 0.709638
vt 0.937495 0.719846
vt 0.937495 0.732375
vt 0.523391 0.775056
vt 0.523391 0.787585
vt 0.452175 0.787585
vt 0.539738 0.775056
vt 0.539738 0.787585
vt 0.452175 0.775055
vt 0.661451 0.775056
vt 0.661451 0.787585
vt 0.011091 0.178494
vt 0.004883 0.178494
vt 0.004883 0.168279
vt 0.011091 0.168279
vt 0.011091 0.183138
vt 0.004883 0.183138
vt 0.018463 0.178493
vt 0.018463 0.183138
vt 0.157359 0.864491
vt 0.124119 0.864491
vt 0.124119 0.859803
vt 0.157359 0.859803
vt 0.127655 0.701316
vt 0.098253 0.701316
vt 0.098253 0.696628
vt 0.127655 0.696628
vt 0.363656 0.827468
vt 0.330416 0.827468
vt 0.330416 0.822780
vt 0.363656 0.822780
vt 0.706801 0.714326
vt 0.677398 0.714326
vt 0.677398 0.709639
vt 0.706801 0.709639
vt 0.395851 0.932753
vt 0.363221 0.932753
vt 0.363221 0.928066
vt 0.395851 0.928066
vt 0.213475 0.743935
vt 0.184683 0.743935
vt 0.184683 0.739247
vt 0.213475 0.739247
vt 0.669651 0.931694
vt 0.637022 0.931694
vt 0.637022 0.927007
vt 0.669651 0.927007
vt 0.087300 0.217096
vt 0.058507 0.217096
vt 0.058507 0.212408
vt 0.087300 0.212408
vt 0.770935 0.849836
vt 0.792954 0.849836
vt 0.792954 0.855585
vt 0.770935 0.855585
vt 0.335901 0.816471
vt 0.342102 0.816471
vt 0.748631 0.849836
vt 0.748631 0.855585
vt 0.335901 0.808914
vt 0.342102 0.808914
vt 0.726326 0.849836
vt 0.726326 0.855585
vt 0.307923 0.816471
vt 0.307923 0.808914
vt 0.704308 0.849836
vt 0.704308 0.855585
vt 0.279945 0.816471
vt 0.279945 0.808914
vt 0.678029 0.849836
vt 0.678029 0.855585
vt 0.344397 0.890779
vt 0.350701 0.890779
vt 0.315957 0.883717
vt 0.315957 0.890779
vt 0.287516 0.883717
vt 0.287516 0.890779
vt 0.489397 0.071294
vt 0.508858 0.071297
vt 0.508858 0.075786
vt 0.489397 0.075783
vt 0.531406 0.071300
vt 0.531406 0.075790
vt 0.553919 0.071303
vt 0.553919 0.075793
vt 0.572561 0.071306
vt 0.572561 0.075796
vt 0.589213 0.071305
vt 0.589213 0.075794
vt 0.597994 0.071300
vt 0.597994 0.075790
vt 0.608391 0.071314
vt 0.608391 0.075803
vt 0.597996 0.062709
vt 0.608391 0.062733
vt 0.608391 0.022702
vt 0.597996 0.022666
vt 0.608391 0.014121
vt 0.597994 0.014092
vt 0.695063 0.935688
vt 0.726088 0.935689
vt 0.726088 0.938127
vt 0.695063 0.938127
vt 0.745450 0.935689
vt 0.745450 0.938127
vt 0.764812 0.935688
vt 0.764812 0.938127
vt 0.337271 0.930505
vt 0.317909 0.930505
vt 0.317909 0.928066
vt 0.337271 0.928066
vt 0.286885 0.930505
vt 0.286885 0.928066
vt 0.356633 0.930505
vt 0.356633 0.928066
vt 0.779176 0.565280
vt 0.779176 0.580762
vt 0.775184 0.580762
vt 0.775184 0.565280
vt 0.671927 0.775055
vt 0.671927 0.790537
vt 0.667935 0.790537
vt 0.667935 0.775055
vt 0.320569 0.917670
vt 0.348883 0.917670
vt 0.348883 0.921661
vt 0.320569 0.921661
vt 0.303919 0.917670
vt 0.303919 0.921661
vt 0.695063 0.916704
vt 0.723376 0.916704
vt 0.723376 0.920696
vt 0.695063 0.920696
vt 0.740027 0.916704
vt 0.740027 0.920696
vt 0.280500 0.917669
vt 0.297151 0.917669
vt 0.297151 0.921661
vt 0.280500 0.921661
vt 0.252187 0.917669
vt 0.252187 0.921661
vt 0.561317 0.916706
vt 0.577967 0.916706
vt 0.577967 0.920698
vt 0.561317 0.920698
vt 0.606281 0.916706
vt 0.606281 0.920698
vt 0.078101 0.888732
vt 0.078101 0.873251
vt 0.100215 0.873251
vt 0.100213 0.888732
vt 0.055985 0.873251
vt 0.055984 0.888732
vt 0.226042 0.754968
vt 0.226042 0.779712
vt 0.223330 0.777000
vt 0.223330 0.756866
vt 0.225228 0.754968
vt 0.195017 0.779710
vt 0.195017 0.776999
vt 0.226042 0.730227
vt 0.223330 0.753070
vt 0.223330 0.732939
vt 0.175655 0.779710
vt 0.178367 0.776999
vt 0.195017 0.730225
vt 0.195017 0.732936
vt 0.175655 0.754968
vt 0.176469 0.754968
vt 0.178367 0.756866
vt 0.175655 0.730225
vt 0.178367 0.732936
vt 0.174403 0.777082
vt 0.174403 0.754968
vt 0.178367 0.753070
vt 0.156293 0.779707
vt 0.158921 0.777080
vt 0.174403 0.732852
vt 0.195017 0.753070
vt 0.195017 0.756866
vt 0.156293 0.754968
vt 0.158921 0.754968
vt 0.156293 0.730223
vt 0.158921 0.732851
vt 0.308966 0.760270
vt 0.308966 0.731957
vt 0.329101 0.731957
vt 0.329099 0.760270
vt 0.308966 0.776920
vt 0.329099 0.776920
vt 0.236032 0.847287
vt 0.236032 0.867420
vt 0.219381 0.867420
vt 0.219381 0.847287
vt 0.264345 0.847289
vt 0.264345 0.867420
vt 0.058507 0.081665
vt 0.060405 0.079767
vt 0.062303 0.081665
vt 0.332185 0.014092
vt 0.332185 0.020929
vt 0.322845 0.020929
vt 0.322845 0.014092
vt 0.995117 0.255164
vt 0.995117 0.398480
vt 0.990944 0.398480
vt 0.990944 0.255164
vt 0.670566 0.604625
vt 0.527249 0.604625
vt 0.527249 0.598933
vt 0.670566 0.598933
vt 0.670566 0.637845
vt 0.527249 0.637845
vt 0.670566 0.657743
vt 0.527249 0.657743
vt 0.670566 0.677642
vt 0.527249 0.677642
vt 0.670566 0.697540
vt 0.527249 0.697540
vt 0.670566 0.717438
vt 0.527249 0.717438
vt 0.971276 0.020928
vt 0.964447 0.020928
vt 0.964447 0.014092
vt 0.971276 0.014092
vt 0.971276 0.080328
vt 0.964447 0.080328
vt 0.971276 0.089996
vt 0.964447 0.089996
vt 0.971276 0.099664
vt 0.964447 0.099664
vt 0.971276 0.118997
vt 0.964447 0.118997
vt 0.971276 0.138330
vt 0.964447 0.138330
vt 0.971276 0.157663
vt 0.964447 0.157663
vt 0.971276 0.176996
vt 0.964447 0.176996
vt 0.971276 0.186664
vt 0.964447 0.186664
vt 0.971276 0.196332
vt 0.964447 0.196332
vt 0.964447 0.284066
vt 0.971276 0.284066
vt 0.964447 0.309699
vt 0.971276 0.544461
vt 0.964447 0.544462
vt 0.964447 0.566588
vt 0.971276 0.566588
vt 0.964447 0.589296
vt 0.971276 0.589296
vt 0.964447 0.612299
vt 0.971276 0.612299
vt 0.964447 0.635302
vt 0.971276 0.635302
vt 0.984524 0.464092
vt 0.977696 0.464092
vt 0.984525 0.441972
vt 0.977696 0.441972
vt 0.977696 0.348568
vt 0.984525 0.348568
vt 0.977696 0.301866
vt 0.984525 0.301866
vt 0.977696 0.255164
vt 0.984525 0.277901
vt 0.984525 0.255164
vt 0.867292 0.045308
vt 0.876632 0.045308
vt 0.876632 0.052144
vt 0.867292 0.052144
vt 0.004883 0.566849
vt 0.010608 0.566849
vt 0.010608 0.628974
vt 0.004883 0.628974
vt 0.004883 0.504725
vt 0.010608 0.504725
vt 0.045940 0.566533
vt 0.045940 0.628975
vt 0.004883 0.442601
vt 0.010608 0.442601
vt 0.045940 0.504726
vt 0.053639 0.566533
vt 0.053639 0.595619
vt 0.065302 0.628976
vt 0.004883 0.394214
vt 0.010608 0.394214
vt 0.045940 0.442601
vt 0.053639 0.538067
vt 0.065302 0.504726
vt 0.084664 0.595627
vt 0.084664 0.628976
vt 0.045940 0.394214
vt 0.053639 0.442601
vt 0.053639 0.467341
vt 0.084664 0.538075
vt 0.084664 0.504726
vt 0.104026 0.595633
vt 0.104026 0.628977
vt 0.053639 0.417856
vt 0.060932 0.394214
vt 0.084664 0.467344
vt 0.104026 0.538081
vt 0.104026 0.504727
vt 0.123388 0.595636
vt 0.123388 0.628977
vt 0.084664 0.417859
vt 0.084664 0.394214
vt 0.104026 0.467344
vt 0.123388 0.538084
vt 0.123388 0.504727
vt 0.127561 0.599317
vt 0.127561 0.628974
vt 0.104026 0.417859
vt 0.104026 0.394214
vt 0.123388 0.467346
vt 0.127561 0.504725
vt 0.127561 0.548119
vt 0.123388 0.566533
vt 0.123388 0.417861
vt 0.123388 0.394214
vt 0.127561 0.457755
vt 0.127561 0.394214
vt 0.127561 0.413734
vt 0.123388 0.442601
vt 0.161185 0.394214
vt 0.161185 0.394214
vt 0.038507 0.124305
vt 0.004883 0.094645
vt 0.004883 0.043447
vt 0.134213 0.605409
vt 0.156827 0.605409
vt 0.156827 0.611134
vt 0.134213 0.611134
vt 0.179438 0.605409
vt 0.179438 0.611134
vt 0.156827 0.646466
vt 0.134213 0.646466
vt 0.202048 0.605409
vt 0.202048 0.611134
vt 0.179438 0.646466
vt 0.154282 0.649011
vt 0.136757 0.649011
vt 0.224659 0.605409
vt 0.224659 0.611134
vt 0.202048 0.646466
vt 0.176893 0.649011
vt 0.159371 0.649011
vt 0.156827 0.665828
vt 0.154282 0.663284
vt 0.134213 0.665828
vt 0.136757 0.663284
vt 0.247269 0.605409
vt 0.247269 0.611134
vt 0.224659 0.646466
vt 0.199503 0.649011
vt 0.181982 0.649011
vt 0.179438 0.665828
vt 0.176893 0.663284
vt 0.159371 0.663284
vt 0.269884 0.605409
vt 0.269884 0.611134
vt 0.247269 0.646466
vt 0.222114 0.649011
vt 0.204592 0.649011
vt 0.202048 0.665828
vt 0.199503 0.663284
vt 0.181982 0.663284
vt 0.154282 0.668373
vt 0.136757 0.668373
vt 0.269884 0.646466
vt 0.244725 0.649011
vt 0.227204 0.649011
vt 0.224659 0.665828
vt 0.222114 0.663284
vt 0.204592 0.663284
vt 0.176893 0.668373
vt 0.159371 0.668373
vt 0.156827 0.685190
vt 0.154282 0.682645
vt 0.134213 0.685190
vt 0.136757 0.682645
vt 0.267339 0.649011
vt 0.249814 0.649011
vt 0.247269 0.665828
vt 0.244725 0.663284
vt 0.227204 0.663284
vt 0.199503 0.668373
vt 0.181982 0.668373
vt 0.179438 0.685190
vt 0.176893 0.682645
vt 0.159371 0.682645
vt 0.269884 0.665828
vt 0.267339 0.663284
vt 0.249814 0.663284
vt 0.222114 0.668373
vt 0.204592 0.668373
vt 0.202048 0.685190
vt 0.199503 0.682645
vt 0.181982 0.682645
vt 0.154282 0.687735
vt 0.136757 0.687735
vt 0.244725 0.668373
vt 0.227204 0.668373
vt 0.224659 0.685190
vt 0.222114 0.682645
vt 0.204592 0.682645
vt 0.176893 0.687735
vt 0.159371 0.687735
vt 0.156827 0.704552
vt 0.154282 0.702007
vt 0.134213 0.704552
vt 0.136757 0.702007
vt 0.267339 0.668373
vt 0.249814 0.668373
vt 0.247269 0.685190
vt 0.244725 0.682645
vt 0.227204 0.682645
vt 0.199503 0.687735
vt 0.181982 0.687735
vt 0.179438 0.704552
vt 0.176893 0.702007
vt 0.159371 0.702007
vt 0.269884 0.685190
vt 0.267339 0.682645
vt 0.249814 0.682645
vt 0.222114 0.687735
vt 0.204592 0.687735
vt 0.202048 0.704552
vt 0.199503 0.702007
vt 0.181982 0.702007
vt 0.154282 0.707096
vt 0.136757 0.707096
vt 0.244725 0.687735
vt 0.227204 0.687735
vt 0.224659 0.704552
vt 0.222114 0.702007
vt 0.204592 0.702007
vt 0.176893 0.707096
vt 0.159371 0.707096
vt 0.156827 0.723914
vt 0.154282 0.721369
vt 0.134213 0.723914
vt 0.136757 0.721369
vt 0.267339 0.687735
vt 0.249814 0.687735
vt 0.247269 0.704552
vt 0.244725 0.702007
vt 0.227204 0.702007
vt 0.199503 0.707096
vt 0.181982 0.707096
vt 0.179438 0.723914
vt 0.176893 0.721369
vt 0.159371 0.721369
vt 0.269884 0.704552
vt 0.267339 0.702007
vt 0.249814 0.702007
vt 0.222114 0.707096
vt 0.204592 0.707096
vt 0.202048 0.723914
vt 0.199503 0.721369
vt 0.181982 0.721369
vt 0.244725 0.707096
vt 0.227204 0.707096
vt 0.224659 0.723914
vt 0.222114 0.721369
vt 0.204592 0.721369
vt 0.180983 0.723914
vt 0.159918 0.723914
vt 0.267339 0.707096
vt 0.249814 0.707096
vt 0.247269 0.723914
vt 0.244725 0.721369
vt 0.227204 0.721369
vt 0.269884 0.723914
vt 0.267339 0.721369
vt 0.249814 0.721369
vt 0.474448 0.054025
vt 0.495517 0.054025
vt 0.500154 0.054025
vt 0.474905 0.068706
vt 0.453384 0.054025
vt 0.453749 0.076893
vt 0.432318 0.054025
vt 0.432318 0.079533
vt 0.411254 0.054025
vt 0.410888 0.076893
vt 0.390189 0.054025
vt 0.389732 0.068706
vt 0.369120 0.054025
vt 0.364483 0.054025
vt 0.096306 0.032958
vt 0.096306 0.014092
vt 0.118426 0.014092
vt 0.118430 0.046477
vt 0.073597 0.024607
vt 0.073597 0.014092
vt 0.205566 0.014092
vt 0.205570 0.046477
vt 0.050594 0.021772
vt 0.050594 0.014092
vt 0.249136 0.014092
vt 0.249140 0.046477
vt 0.118430 0.051889
vt 0.199661 0.051889
vt 0.027591 0.024607
vt 0.027591 0.014092
vt 0.282499 0.014092
vt 0.282499 0.046477
vt 0.249143 0.051889
vt 0.199658 0.071251
vt 0.118430 0.071251
vt 0.004883 0.032958
vt 0.004883 0.014092
vt 0.199658 0.090613
vt 0.118431 0.090613
vt 0.282499 0.071251
vt 0.249142 0.071251
vt 0.199655 0.121638
vt 0.118431 0.109975
vt 0.282499 0.090613
vt 0.249142 0.090613
vt 0.205572 0.129337
vt 0.118432 0.129337
vt 0.282499 0.129337
vt 0.249140 0.121638
vt 0.249142 0.129337
vt 0.205573 0.164669
vt 0.118433 0.164669
vt 0.249143 0.164669
vt 0.118433 0.170394
vt 0.205573 0.170394
vt 0.282499 0.164669
vt 0.249144 0.170394
vt 0.282499 0.170394
vt 0.149398 0.351144
vt 0.149398 0.383529
vt 0.127273 0.383529
vt 0.127273 0.364663
vt 0.346662 0.802605
vt 0.340937 0.802605
vt 0.340937 0.792391
vt 0.346662 0.792390
vt 0.305605 0.802605
vt 0.305605 0.792392
vt 0.340937 0.787746
vt 0.346662 0.787746
vt 0.266881 0.802605
vt 0.266881 0.792393
vt 0.305605 0.787747
vt 0.247519 0.802605
vt 0.247519 0.792393
vt 0.266881 0.787748
vt 0.222745 0.802605
vt 0.222745 0.792394
vt 0.247519 0.787748
vt 0.190361 0.802605
vt 0.190361 0.787751
vt 0.222745 0.787749
vt 0.090682 0.117470
vt 0.097511 0.117470
vt 0.097511 0.129999
vt 0.090682 0.129999
vt 0.818080 0.394214
vt 0.836138 0.394214
vt 0.836138 0.437857
vt 0.818080 0.437857
vt 0.799788 0.394214
vt 0.799788 0.437857
vt 0.335463 0.754425
vt 0.335463 0.731958
vt 0.342494 0.731958
vt 0.342494 0.754425
vt 0.335463 0.777184
vt 0.342494 0.777184
vt 0.006145 0.191374
vt 0.015199 0.201428
vt 0.006145 0.196786
vt 0.015202 0.206841
vt 0.022945 0.207921
vt 0.024643 0.213600
vt 0.034084 0.220359
vt 0.036617 0.216930
vt 0.053506 0.228711
vt 0.053567 0.224107
vt 0.073201 0.231545
vt 0.073206 0.226839
vt 0.092896 0.228711
vt 0.092815 0.224107
vt 0.112319 0.220359
vt 0.109051 0.216930
vt 0.123555 0.207921
vt 0.121760 0.213600
vt 0.131201 0.206841
vt 0.131203 0.201428
vt 0.140258 0.196786
vt 0.140258 0.191374
vt 0.255701 0.495451
vt 0.246033 0.495451
vt 0.245809 0.469825
vt 0.255250 0.476584
vt 0.236365 0.495451
vt 0.236368 0.463066
vt 0.275034 0.495451
vt 0.274673 0.484936
vt 0.211548 0.495451
vt 0.211548 0.462617
vt 0.294367 0.495451
vt 0.294367 0.487770
vt 0.156554 0.495451
vt 0.156554 0.462069
vt 0.227311 0.453011
vt 0.206035 0.457653
vt 0.313701 0.495451
vt 0.314062 0.484936
vt 0.227311 0.447599
vt 0.206037 0.438291
vt 0.333034 0.495451
vt 0.333485 0.476584
vt 0.206037 0.418929
vt 0.228790 0.429880
vt 0.342926 0.469825
vt 0.342701 0.495451
vt 0.206039 0.387905
vt 0.230270 0.412161
vt 0.236366 0.457644
vt 0.236363 0.437420
vt 0.352370 0.495451
vt 0.352367 0.463066
vt 0.231749 0.394442
vt 0.236364 0.417188
vt 0.411769 0.475723
vt 0.411769 0.495451
vt 0.233228 0.387668
vt 0.236364 0.396955
vt 0.411769 0.461826
vt 0.211548 0.344549
vt 0.235928 0.344388
vt 0.236364 0.387668
vt 0.361424 0.453011
vt 0.411769 0.457653
vt 0.156554 0.387905
vt 0.156554 0.344773
vt 0.236365 0.339148
vt 0.211548 0.339148
vt 0.236365 0.344388
vt 0.361424 0.447599
vt 0.156554 0.339148
vt 0.361424 0.429545
vt 0.411769 0.437755
vt 0.136736 0.344873
vt 0.136736 0.339148
vt 0.352370 0.457670
vt 0.352372 0.437755
vt 0.361424 0.411492
vt 0.411769 0.417857
vt 0.352372 0.417857
vt 0.361424 0.393438
vt 0.411769 0.397958
vt 0.352372 0.397958
vt 0.361424 0.386330
vt 0.411769 0.378060
vt 0.352371 0.389006
vt 0.361424 0.343935
vt 0.411769 0.344840
vt 0.352371 0.344840
vt 0.361424 0.339148
vt 0.411769 0.339148
vt 0.352371 0.339148
vt 0.424321 0.593821
vt 0.443930 0.591089
vt 0.443900 0.616500
vt 0.424602 0.616500
vt 0.408085 0.600998
vt 0.418801 0.616500
vt 0.424602 0.685147
vt 0.418801 0.685147
vt 0.391737 0.616500
vt 0.393581 0.610006
vt 0.418801 0.729313
vt 0.424602 0.729313
vt 0.385933 0.616500
vt 0.391737 0.685147
vt 0.391737 0.729313
vt 0.424602 0.735005
vt 0.418801 0.735005
vt 0.385933 0.685147
vt 0.391737 0.735005
vt 0.385933 0.729313
vt 0.463268 0.729313
vt 0.463268 0.735004
vt 0.385933 0.735005
vt 0.469070 0.729313
vt 0.469070 0.735005
vt 0.463268 0.685147
vt 0.469070 0.685147
vt 0.496133 0.729313
vt 0.496133 0.735005
vt 0.463268 0.616500
vt 0.469070 0.616500
vt 0.496133 0.685147
vt 0.501937 0.729313
vt 0.501937 0.735005
vt 0.463569 0.593821
vt 0.480519 0.600998
vt 0.501937 0.685147
vt 0.494191 0.610006
vt 0.496133 0.616500
vt 0.443900 0.616500
vt 0.501937 0.616500
vt 0.418107 0.339151
vt 0.422523 0.339148
vt 0.422281 0.358967
vt 0.418107 0.358967
vt 0.967863 0.861991
vt 0.967863 0.895373
vt 0.948044 0.895373
vt 0.948044 0.861749
vt 0.431356 0.622807
vt 0.451174 0.630506
vt 0.451174 0.641092
vt 0.431356 0.642169
vt 0.451174 0.660096
vt 0.431356 0.661530
vt 0.451174 0.679095
vt 0.431356 0.680892
vt 0.451172 0.700254
vt 0.431356 0.700254
vt 0.559424 0.548968
vt 0.576949 0.548968
vt 0.576949 0.563241
vt 0.559424 0.563241
vt 0.747425 0.896123
vt 0.764947 0.896123
vt 0.764947 0.910396
vt 0.747425 0.910396
vt 0.774553 0.896058
vt 0.792075 0.896058
vt 0.792075 0.910331
vt 0.774553 0.910331
vt 0.636391 0.896124
vt 0.653912 0.896124
vt 0.653912 0.910397
vt 0.636391 0.910397
vt 0.100776 0.895041
vt 0.118298 0.895041
vt 0.118298 0.909314
vt 0.100776 0.909314
vt 0.028856 0.895041
vt 0.046381 0.895041
vt 0.046381 0.909314
vt 0.028856 0.909314
vt 0.339348 0.033910
vt 0.339248 0.014092
vt 0.382379 0.014092
vt 0.374680 0.033910
vt 0.499884 0.848253
vt 0.499884 0.865779
vt 0.485611 0.865779
vt 0.485611 0.848253
vt 0.660364 0.896124
vt 0.677886 0.896124
vt 0.677886 0.910397
vt 0.660364 0.910397
vt 0.124749 0.895041
vt 0.142271 0.895041
vt 0.142271 0.909314
vt 0.124749 0.909314
vt 0.612418 0.896124
vt 0.629939 0.896124
vt 0.629939 0.910397
vt 0.612418 0.910397
vt 0.798526 0.896058
vt 0.816048 0.896058
vt 0.816048 0.910331
vt 0.798526 0.910331
vt 0.004883 0.895041
vt 0.022408 0.895041
vt 0.022408 0.909314
vt 0.004883 0.909314
vt 0.588444 0.891800
vt 0.605970 0.891800
vt 0.605970 0.906073
vt 0.588444 0.906073
vt 0.331677 0.897088
vt 0.349198 0.897088
vt 0.349198 0.911361
vt 0.331677 0.911361
vt 0.723452 0.896123
vt 0.740974 0.896123
vt 0.740974 0.910396
vt 0.723452 0.910396
vt 0.307704 0.897088
vt 0.325225 0.897088
vt 0.325225 0.911361
vt 0.307704 0.911361
vt 0.699479 0.896123
vt 0.717000 0.896123
vt 0.717000 0.910396
vt 0.699479 0.910396
vt 0.076803 0.895041
vt 0.094328 0.895041
vt 0.094328 0.909314
vt 0.076803 0.909314
vt 0.974541 0.894446
vt 0.992067 0.894446
vt 0.992067 0.908719
vt 0.974541 0.908719
vt 0.283731 0.897088
vt 0.301252 0.897088
vt 0.301252 0.911361
vt 0.283731 0.911361
vt 0.846473 0.896058
vt 0.863995 0.896058
vt 0.863995 0.910331
vt 0.846473 0.910331
vt 0.433879 0.897162
vt 0.451401 0.897162
vt 0.451401 0.911435
vt 0.433879 0.911435
vt 0.822500 0.896058
vt 0.840022 0.896058
vt 0.840022 0.910331
vt 0.822500 0.910331
vt 0.052829 0.895041
vt 0.070354 0.895041
vt 0.070354 0.909314
vt 0.052829 0.909314
vt 0.448224 0.345337
vt 0.442812 0.345337
vt 0.447976 0.339148
vt 0.453389 0.339148
vt 0.429293 0.367461
vt 0.433543 0.370586
vt 0.420942 0.390169
vt 0.425356 0.391742
vt 0.418107 0.413173
vt 0.422716 0.413173
vt 0.420942 0.436176
vt 0.425356 0.434603
vt 0.429293 0.458884
vt 0.433543 0.455759
vt 0.442812 0.481009
vt 0.448224 0.481009
vt 0.453389 0.487741
vt 0.447976 0.487741
vt 0.161734 0.955945
vt 0.147461 0.955945
vt 0.147461 0.953859
vt 0.161734 0.953860
vt 0.984398 0.960206
vt 0.970125 0.960206
vt 0.970125 0.958120
vt 0.984398 0.958120
vt 0.373315 0.955852
vt 0.387588 0.955852
vt 0.387588 0.957937
vt 0.373315 0.957937
vt 0.288147 0.953956
vt 0.302419 0.953955
vt 0.302419 0.956041
vt 0.288147 0.956041
vt 0.933297 0.960206
vt 0.919024 0.960206
vt 0.919024 0.958120
vt 0.933297 0.958120
vt 0.259520 0.955945
vt 0.245247 0.955945
vt 0.245247 0.953859
vt 0.259520 0.953860
vt 0.789694 0.958120
vt 0.803967 0.958120
vt 0.803967 0.960205
vt 0.789694 0.960205
vt 0.443974 0.456231
vt 0.443973 0.441958
vt 0.446059 0.441958
vt 0.446060 0.456231
vt 0.668959 0.853544
vt 0.654687 0.853544
vt 0.654686 0.851459
vt 0.668959 0.851458
vt 0.083505 0.444782
vt 0.069232 0.444781
vt 0.069232 0.442696
vt 0.083505 0.442696
vt 0.126642 0.953722
vt 0.140915 0.953723
vt 0.140915 0.955808
vt 0.126642 0.955808
vt 0.650033 0.957230
vt 0.635760 0.957230
vt 0.635760 0.955145
vt 0.650033 0.955145
vt 0.414715 0.586903
vt 0.400443 0.586903
vt 0.400443 0.584818
vt 0.414715 0.584817
vt 0.499491 0.961291
vt 0.513764 0.961291
vt 0.513764 0.963376
vt 0.499491 0.963376
vt 0.796396 0.549054
vt 0.782124 0.549053
vt 0.782124 0.546967
vt 0.796396 0.546968
vt 0.168280 0.953860
vt 0.182553 0.953859
vt 0.182553 0.955945
vt 0.168280 0.955945
vt 0.670852 0.957877
vt 0.656579 0.957877
vt 0.656579 0.955791
vt 0.670852 0.955791
vt 0.126405 0.709711
vt 0.112132 0.709710
vt 0.112132 0.707625
vt 0.126405 0.707625
vt 0.993030 0.958120
vt 0.993030 0.972393
vt 0.990944 0.972393
vt 0.990944 0.958120
vt 0.321977 0.966331
vt 0.307704 0.966331
vt 0.307704 0.964245
vt 0.321977 0.964245
vt 0.614941 0.955145
vt 0.629213 0.955145
vt 0.629214 0.957231
vt 0.614941 0.957231
vt 0.403597 0.956831
vt 0.417870 0.956831
vt 0.417870 0.958917
vt 0.403597 0.958917
vt 0.266066 0.953955
vt 0.280338 0.953955
vt 0.280338 0.956041
vt 0.266066 0.956041
vt 0.060593 0.135142
vt 0.060594 0.149415
vt 0.058508 0.149415
vt 0.058507 0.135142
vt 0.691671 0.957877
vt 0.677398 0.957877
vt 0.677398 0.955791
vt 0.691671 0.955791
vt 0.105823 0.953722
vt 0.120096 0.953723
vt 0.120096 0.955808
vt 0.105823 0.955808
vt 0.224428 0.953859
vt 0.238701 0.953860
vt 0.238701 0.955945
vt 0.224428 0.955945
vt 0.364877 0.957937
vt 0.350604 0.957937
vt 0.350604 0.955852
vt 0.364877 0.955852
vt 0.388219 0.949543
vt 0.373946 0.949543
vt 0.373946 0.947457
vt 0.388219 0.947457
vt 0.329785 0.955852
vt 0.344058 0.955852
vt 0.344058 0.957937
vt 0.329785 0.957937
vt 0.224428 0.962254
vt 0.238701 0.962254
vt 0.238701 0.964340
vt 0.224428 0.964340
vt 0.429464 0.494207
vt 0.429463 0.479934
vt 0.431549 0.479934
vt 0.431550 0.494207
vt 0.527504 0.014092
vt 0.591045 0.047716
vt 0.356281 0.047716
vt 0.480534 0.014092
vt 0.134213 0.515702
vt 0.134213 0.489230
vt 0.149694 0.489230
vt 0.149694 0.515705
vt 0.134213 0.463406
vt 0.149694 0.463408
vt 0.919060 0.877230
vt 0.919060 0.861749
vt 0.941174 0.861749
vt 0.941172 0.877230
vt 0.896945 0.861749
vt 0.896943 0.877230
vt 0.920886 0.014091
vt 0.840028 0.047715
vt 0.796634 0.047715
vt 0.107295 0.050865
vt 0.108534 0.050868
vt 0.108534 0.080526
vt 0.074910 0.050865
vt 0.276791 0.725632
vt 0.276791 0.696547
vt 0.277605 0.696547
vt 0.279502 0.698444
vt 0.279502 0.722922
vt 0.276791 0.668080
vt 0.279502 0.670793
vt 0.279502 0.694649
vt 0.307816 0.725641
vt 0.307816 0.722929
vt 0.307816 0.668089
vt 0.307815 0.670800
vt 0.327177 0.725647
vt 0.324466 0.722935
vt 0.327177 0.668094
vt 0.324466 0.670805
vt 0.327177 0.696547
vt 0.324466 0.698444
vt 0.326364 0.696547
vt 0.324466 0.694649
vt 0.328430 0.696547
vt 0.328430 0.723019
vt 0.328430 0.670722
vt 0.346539 0.725649
vt 0.343911 0.723021
vt 0.307816 0.698444
vt 0.307816 0.694649
vt 0.346539 0.668097
vt 0.343911 0.670725
vt 0.346539 0.696547
vt 0.343911 0.696547
vt 0.918114 0.763429
vt 0.918114 0.788173
vt 0.915403 0.785462
vt 0.915403 0.765326
vt 0.917300 0.763429
vt 0.887090 0.788171
vt 0.887090 0.785460
vt 0.918114 0.738688
vt 0.915403 0.761531
vt 0.915403 0.741400
vt 0.867728 0.788171
vt 0.870439 0.785460
vt 0.887090 0.738686
vt 0.887089 0.741397
vt 0.867728 0.763429
vt 0.868541 0.763429
vt 0.870439 0.765326
vt 0.867728 0.738686
vt 0.870439 0.741397
vt 0.866476 0.785543
vt 0.866476 0.763429
vt 0.870439 0.761531
vt 0.848366 0.788168
vt 0.850994 0.785540
vt 0.866476 0.741314
vt 0.887090 0.761531
vt 0.887090 0.765326
vt 0.848366 0.763429
vt 0.850994 0.763429
vt 0.848366 0.738684
vt 0.850994 0.741312
vt 0.458988 0.435649
vt 0.434510 0.435649
vt 0.434510 0.407336
vt 0.458996 0.407335
vt 0.434510 0.390686
vt 0.459001 0.390686
vt 0.699402 0.048016
vt 0.671089 0.048016
vt 0.671089 0.027881
vt 0.699402 0.027883
vt 0.716053 0.048016
vt 0.716053 0.027883
vt 0.184300 0.847287
vt 0.184300 0.867420
vt 0.167649 0.867420
vt 0.167649 0.847287
vt 0.212613 0.847289
vt 0.212613 0.867420
vt 0.503907 0.422527
vt 0.503907 0.394214
vt 0.527763 0.394214
vt 0.527756 0.422526
vt 0.503907 0.439177
vt 0.527751 0.439177
vt 0.590973 0.033616
vt 0.590973 0.037411
vt 0.589075 0.035513
vt 0.053460 0.073459
vt 0.055358 0.071561
vt 0.057256 0.073459
vt 0.534189 0.399727
vt 0.539153 0.394213
vt 0.538604 0.449207
vt 0.534189 0.449210
vt 0.291968 0.473774
vt 0.291968 0.458292
vt 0.314082 0.458292
vt 0.314080 0.473774
vt 0.269853 0.458292
vt 0.269851 0.473774
vt 0.841778 0.763429
vt 0.841778 0.788173
vt 0.839067 0.785461
vt 0.839067 0.765326
vt 0.840964 0.763429
vt 0.810753 0.788171
vt 0.810753 0.785460
vt 0.841778 0.738688
vt 0.839067 0.761531
vt 0.839067 0.741400
vt 0.791391 0.788171
vt 0.794103 0.785460
vt 0.810753 0.738686
vt 0.810753 0.741398
vt 0.791391 0.763429
vt 0.792205 0.763429
vt 0.794103 0.765326
vt 0.791391 0.738686
vt 0.794103 0.741398
vt 0.790139 0.785543
vt 0.790139 0.763429
vt 0.794103 0.761531
vt 0.772030 0.788168
vt 0.774658 0.785541
vt 0.790139 0.741314
vt 0.810753 0.761531
vt 0.810753 0.765326
vt 0.772030 0.763429
vt 0.774658 0.763429
vt 0.772030 0.738684
vt 0.774658 0.741312
vt 0.720852 0.817621
vt 0.692539 0.817621
vt 0.692539 0.797486
vt 0.720852 0.797488
vt 0.737503 0.817621
vt 0.737503 0.797488
vt 0.508954 0.863422
vt 0.529087 0.863422
vt 0.529087 0.880072
vt 0.508954 0.880072
vt 0.508956 0.835109
vt 0.529087 0.835108
vt 0.095098 0.081103
vt 0.096996 0.083001
vt 0.095098 0.084898
vt 0.532141 0.828800
vt 0.526416 0.828800
vt 0.526416 0.815062
vt 0.532141 0.815062
vt 0.491083 0.815062
vt 0.491083 0.828800
vt 0.476091 0.815062
vt 0.471722 0.828800
vt 0.452360 0.815062
vt 0.452360 0.828800
vt 0.432998 0.815062
vt 0.432998 0.828800
vt 0.413636 0.815062
vt 0.413636 0.828800
vt 0.409463 0.815062
vt 0.409463 0.828800
vt 0.375839 0.828800
vt 0.375839 0.815062
vt 0.805263 0.861899
vt 0.810987 0.861899
vt 0.810987 0.866543
vt 0.805263 0.866543
vt 0.769930 0.861898
vt 0.769930 0.866543
vt 0.731207 0.861897
vt 0.731207 0.866542
vt 0.711845 0.861896
vt 0.711845 0.866541
vt 0.687071 0.861896
vt 0.687071 0.866540
vt 0.654686 0.861892
vt 0.654686 0.866538
vt 0.893578 0.526538
vt 0.823762 0.526538
vt 0.823762 0.520732
vt 0.893578 0.520733
vt 0.768147 0.889814
vt 0.699484 0.889814
vt 0.699479 0.884009
vt 0.768147 0.884008
vt 0.677398 0.598933
vt 0.746647 0.598934
vt 0.746647 0.625033
vt 0.677398 0.625033
vt 0.790244 0.625033
vt 0.790244 0.598847
vt 0.746647 0.651166
vt 0.677398 0.651166
vt 0.790244 0.651166
vt 0.746647 0.677231
vt 0.677414 0.677231
vt 0.790244 0.677231
vt 0.746647 0.703329
vt 0.677414 0.703330
vt 0.790244 0.703329
vt 0.692577 0.889816
vt 0.623799 0.889816
vt 0.623773 0.884008
vt 0.692377 0.884008
vt 0.981833 0.932583
vt 0.981833 0.935022
vt 0.950808 0.935022
vt 0.950808 0.932584
vt 0.931446 0.935022
vt 0.931446 0.932584
vt 0.912084 0.935022
vt 0.912084 0.932583
vt 0.842493 0.935022
vt 0.842493 0.932583
vt 0.861855 0.932583
vt 0.861855 0.935022
vt 0.823131 0.935022
vt 0.823131 0.932583
vt 0.892880 0.932583
vt 0.892880 0.935022
vt 0.841136 0.820623
vt 0.841136 0.824615
vt 0.825654 0.824615
vt 0.825654 0.820623
vt 0.912425 0.850607
vt 0.912425 0.854599
vt 0.896943 0.854599
vt 0.896943 0.850607
vt 0.418107 0.913815
vt 0.422099 0.913815
vt 0.422099 0.942128
vt 0.418107 0.942128
vt 0.418107 0.897164
vt 0.422099 0.897164
vt 0.502817 0.917263
vt 0.502817 0.921255
vt 0.474503 0.921255
vt 0.474503 0.917263
vt 0.457853 0.921255
vt 0.457853 0.917263
vt 0.411374 0.913815
vt 0.407383 0.913815
vt 0.407383 0.897164
vt 0.411374 0.897164
vt 0.411374 0.942128
vt 0.407383 0.942128
vt 0.658013 0.916706
vt 0.658013 0.920698
vt 0.641362 0.920698
vt 0.641362 0.916706
vt 0.613049 0.920698
vt 0.613049 0.916706
vt 0.452175 0.808753
vt 0.452175 0.798538
vt 0.457900 0.798539
vt 0.457900 0.808753
vt 0.452175 0.793894
vt 0.457900 0.793894
vt 0.493232 0.798540
vt 0.493232 0.808753
vt 0.493232 0.793895
vt 0.531955 0.798541
vt 0.531955 0.808753
vt 0.531955 0.793896
vt 0.551317 0.798541
vt 0.551317 0.808753
vt 0.551317 0.793896
vt 0.576092 0.798542
vt 0.576092 0.808753
vt 0.576092 0.793897
vt 0.608476 0.793899
vt 0.608476 0.808753
vt 0.482346 0.646775
vt 0.482346 0.669511
vt 0.475517 0.669512
vt 0.482346 0.622809
vt 0.475517 0.622809
vt 0.139171 0.183532
vt 0.126642 0.183532
vt 0.126642 0.176703
vt 0.139171 0.176703
vt 0.224425 0.101841
vt 0.224425 0.058198
vt 0.242482 0.058198
vt 0.242482 0.101841
vt 0.206133 0.101841
vt 0.206133 0.058198
vt 0.180945 0.892129
vt 0.180945 0.885097
vt 0.203412 0.885097
vt 0.203412 0.892129
vt 0.158186 0.892129
vt 0.158186 0.885097
vt 0.351912 0.872763
vt 0.351912 0.877408
vt 0.346187 0.877408
vt 0.346187 0.872763
vt 0.387245 0.872763
vt 0.387245 0.877407
vt 0.425968 0.872762
vt 0.425968 0.877406
vt 0.445330 0.872761
vt 0.445330 0.877406
vt 0.470105 0.872760
vt 0.470105 0.877405
vt 0.502489 0.872756
vt 0.502489 0.877403
vt 0.004883 0.007783
vt 0.004883 0.007783
vt 0.004883 0.007783
vt 0.004883 0.007783
vt 0.004883 0.007783
vt 0.004883 0.007783
vt 0.004883 0.007783
vt 0.004883 0.007783
vt 0.004883 0.007783
vt 0.004883 0.007783
vt 0.004883 0.007783
vt 0.004883 0.007783
vt 0.004883 0.007783
vt 0.316089 0.709440
vt 0.286254 0.709440
vt 0.286254 0.704753
vt 0.316089 0.704753
vt 0.902752 0.752395
vt 0.876755 0.752395
vt 0.876755 0.747708
vt 0.902752 0.747708
vt 0.422795 0.465479
vt 0.422795 0.495314
vt 0.418107 0.495314
vt 0.418107 0.465479
vt 0.273137 0.745662
vt 0.247140 0.745662
vt 0.247140 0.740974
vt 0.273137 0.740974
vt 0.316089 0.681801
vt 0.286254 0.681801
vt 0.286254 0.677113
vt 0.316089 0.677113
vt 0.983374 0.760175
vt 0.983374 0.734178
vt 0.988061 0.734178
vt 0.988061 0.760175
vt 0.453437 0.471793
vt 0.453437 0.441958
vt 0.458124 0.441958
vt 0.458124 0.471793
vt 0.447259 0.584340
vt 0.421262 0.584340
vt 0.421262 0.579653
vt 0.447259 0.579653
vt 0.069863 0.098796
vt 0.069863 0.096539
vt 0.072763 0.096539
vt 0.072763 0.098796
vt 0.079072 0.105105
vt 0.079072 0.107362
vt 0.076172 0.107362
vt 0.076172 0.105105
vt 0.562207 0.885491
vt 0.562207 0.878044
vt 0.617420 0.878043
vt 0.617420 0.885491
vt 0.535451 0.885491
vt 0.535451 0.878044
vt 0.562274 0.061473
vt 0.507061 0.061473
vt 0.507061 0.054025
vt 0.562274 0.054025
vt 0.589031 0.061473
vt 0.589031 0.054025
vt 0.004883 0.004883
vt 0.007140 0.004883
vt 0.007140 0.007783
vt 0.004883 0.007783
vt 0.007140 0.004883
vt 0.007140 0.007783
vt 0.007140 0.007783
vt 0.004883 0.007783
vt 0.004883 0.004883
vt 0.007140 0.004883
vt 0.007140 0.007783
vt 0.007140 0.004883
vt 0.004883 0.108749
vt 0.007140 0.108749
vt 0.007140 0.111649
vt 0.004883 0.111649
vt 0.067086 0.087974
vt 0.067086 0.090231
vt 0.064185 0.090231
vt 0.064185 0.087974
vt 0.827013 0.030782
vt 0.824757 0.030782
vt 0.824757 0.027882
vt 0.827013 0.027882
vt 0.822500 0.030782
vt 0.822500 0.027882
vt 0.616768 0.834606
vt 0.654647 0.834606
vt 0.671365 0.834606
vt 0.671365 0.834606
vt 0.671365 0.845150
vt 0.538605 0.845150
vt 0.538605 0.834606
vt 0.538605 0.834606
vt 0.015070 0.635284
vt 0.015070 0.796357
vt 0.004883 0.796357
vt 0.004883 0.635284
vt 0.025122 0.796357
vt 0.025122 0.635284
vt 0.032739 0.635284
vt 0.032739 0.796357
vt 0.937018 0.891035
vt 0.876755 0.891035
vt 0.876755 0.883540
vt 0.937018 0.883539
vt 0.551223 0.016992
vt 0.551223 0.014092
vt 0.553479 0.014092
vt 0.553479 0.016992
vt 0.555736 0.014092
vt 0.555736 0.016992
vt 0.950856 0.021968
vt 0.944890 0.014085
vt 0.266716 0.808914
vt 0.273552 0.821088
vt 0.110148 0.195774
vt 0.930963 0.709983
vt 0.012453 0.038801
vt 0.019282 0.053661
vt 0.984524 0.486800
vt 0.977696 0.486800
vt 0.819233 0.849836
vt 0.819233 0.855585
vt 0.344397 0.883717
vt 0.350701 0.883717
vt 0.090963 0.189514
vt 0.688570 0.723747
vt 0.678029 0.835750
vt 0.681331 0.843527
vt 0.443930 0.591089
vt 0.235341 0.758593
vt 0.235341 0.754798
vt 0.839067 0.765326
vt 0.839067 0.761531
vt 0.915403 0.765326
vt 0.915403 0.761531
vt 0.279502 0.698444
vt 0.279502 0.694649
vt 0.223330 0.756866
vt 0.223330 0.753070
vt 0.442876 0.767956
vt 0.442876 0.764160
vt 0.796634 0.696083
vt 0.363852 0.501756
vt 0.535451 0.864906
vt 0.550311 0.871734
vn -1.000000 0.000004 0.000000
vn -1.000000 0.000004 0.000000
vn -1.000000 0.000000 0.000000
vn -1.000000 0.000000 0.000000
vn -1.000000 0.000008 0.000000
vn -1.000000 0.000008 0.000000
vn -1.000000 -0.000008 0.000000
vn -1.000000 0.000012 0.000000
vn -1.000000 0.000012 0.000000
vn -1.000000 0.000028 0.000000
vn -1.000000 -0.000008 0.000000
vn -1.000000 0.000000 0.000000
vn -1.000000 0.000000 0.000000
vn -1.000000 0.000027 0.000000
vn -1.000000 0.000018 0.000000
vn -1.000000 0.000043 0.000000
vn -1.000000 0.000003 0.000000
vn -1.000000 0.000019 0.000000
vn -1.000000 -0.000003 0.000000
vn -1.000000 -0.000015 0.000000
vn -1.000000 -0.000016 0.000000
vn -1.000000 -0.000005 0.000000
vn -1.000000 -0.000005 0.000000
vn -1.000000 -0.000024 0.000000
vn -1.000000 -0.000044 0.000000
vn -1.000000 -0.000024 0.000000
vn -1.000000 0.000086 0.000000
vn -1.000000 0.000127 0.000000
vn -1.000000 -0.000019 0.000000
vn -1.000000 -0.000019 0.000000
vn -1.000000 -0.000017 0.000000
vn -1.000000 -0.000017 0.000000
vn -1.000000 0.000032 0.000000
vn -1.000000 0.000000 0.000000
vn -1.000000 0.000000 0.000000
vn -1.000000 0.000000 0.000000
vn -1.000000 0.000000 0.000000
vn -1.000000 0.000000 0.000000
vn -1.000000 0.000000 0.000000
vn -1.000000 0.000000 0.000000
vn -1.000000 0.000000 0.000000
vn -1.000000 0.000000 0.000000
vn -1.000000 0.000000 0.000000
vn -1.000000 0.000000 0.000000
vn -1.000000 0.000000 0.000000
vn -1.000000 -0.000004 0.000000
vn -1.000000 -0.000004 0.000000
vn -1.000000 0.000000 0.000000
vn -1.000000 0.000000 0.000000
vn -1.000000 -0.000007 0.000000
vn -1.000000 -0.000007 0.000000
vn -1.000000 0.000000 0.000000
vn -1.000000 0.000000 0.000000
vn -1.000000 0.000000 0.000000
vn 0.000000 -1.000000 0.000000
vn 0.000000 -1.000000 0.000000
vn 0.000000 -1.000000 0.000000
vn 0.000000 -1.000000 0.000000
vn 0.000000 0.707083 -0.707130
vn 0.000000 0.707083 -0.707130
vn 0.000000 0.707083 -0.707130
vn 0.000000 0.707083 -0.707130
vn 0.000270 0.000094 1.000000
vn 0.000270 0.000094 1.000000
vn 0.000270 0.000094 1.000000
vn 0.000270 0.000094 1.000000
vn 0.000547 0.000000 1.000000
vn 0.000547 0.000000 1.000000
vn 0.000547 0.000000 1.000000
vn 0.000547 0.000000 1.000000
vn 0.000000 0.000000 -1.000000
vn 0.000000 0.000000 -1.000000
vn 0.000000 0.000000 -1.000000
vn 0.000000 0.000000 -1.000000
vn 0.000000 -1.000000 0.000000
vn 0.000000 -1.000000 0.000000
vn 0.000000 -1.000000 0.000000
vn 0.000000 -1.000000 0.000000
vn 0.000000 0.707083 0.707130
vn 0.000000 0.707083 0.707130
vn 0.000000 0.707083 0.707130
vn 0.000000 0.707083 0.707130
vn 0.000000 -0.000085 -1.000000
vn 0.000000 -0.000085 -1.000000
vn 0.000000 -0.000085 -1.000000
vn 0.000000 -0.000085 -1.000000
vn 0.000288 0.000103 1.000000
vn 0.000288 0.000103 1.000000
vn 0.000288 0.000103 1.000000
vn 0.000288 0.000103 1.000000
vn 0.000000 1.000000 0.000000
vn 0.000000 1.000000 0.000000
vn 0.000000 1.000000 0.000000
vn 0.000000 1.000000 0.000000
vn 0.000000 1.000000 0.000000
vn 0.000000 1.000000 0.000000
vn 0.000000 1.000000 0.000000
vn 0.000000 1.000000 0.000000
vn 0.000000 -0.000116 -1.000000
vn 0.000000 -0.000116 -1.000000
vn 0.000000 -0.000116 -1.000000
vn 0.000000 -0.000116 -1.000000
vn 0.000000 -1.000000 0.000000
vn 0.000000 -1.000000 0.000000
vn 0.000000 -1.000000 0.000000
vn 0.000000 -1.000000 0.000000
vn 0.000000 1.000000 0.000000
vn 0.000000 1.000000 0.000000
vn 0.000000 1.000000 0.000000
vn 0.000000 1.000000 0.000000
vn 0.000000 -0.000132 -1.000000
vn 0.000000 -0.000132 -1.000000
vn 0.000000 -0.000132 -1.000000
vn 0.000000 -0.000132 -1.000000
vn 0.000000 -1.000000 0.000000
vn 0.000000 -1.000000 0.000000
vn 0.000000 -1.000000 0.000000
vn 0.000000 -1.000000 0.000000
vn 0.000000 1.000000 0.000000
vn 0.000000 1.000000 0.000000
vn 0.000000 1.000000 0.000000
vn 0.000000 1.000000 0.000000
vn 0.000000 -1.000000 0.000000
vn 0.000000 -1.000000 0.000000
vn 0.000000 -1.000000 0.000000
vn 0.000000 -1.000000 0.000000
vn 0.000000 0.000105 1.000000
vn 0.000000 0.000105 1.000000
vn 0.000000 0.000105 1.000000
vn 0.000000 0.000105 1.000000
vn 0.000000 0.000000 1.000000
vn 0.000000 0.000000 1.000000
vn 0.000000 0.000000 1.000000
vn 0.000000 0.000000 1.000000
vn 0.000000 1.000000 0.000000
vn 0.000000 1.000000 0.000000
vn 0.000000 1.000000 0.000000
vn 0.000000 1.000000 0.000000
vn 0.000000 -0.000072 -1.000000
vn 0.000000 -0.000072 -1.000000
vn 0.000000 -0.000072 -1.000000
vn 0.000000 -0.000072 -1.000000
vn 0.000000 0.000000 1.000000
vn 0.000000 0.000000 1.000000
vn 0.000000 0.000000 1.000000
vn 0.000000 0.000000 1.000000
vn 0.000000 0.000000 -1.000000
vn 0.000000 0.000000 -1.000000
vn 0.000000 0.000000 -1.000000
vn 0.000000 0.000000 -1.000000
vn 0.000000 -1.000000 0.000000
vn 0.000000 -1.000000 0.000000
vn 0.000000 -1.000000 0.000000
vn 0.000000 -1.000000 0.000000
vn 0.000000 0.000000 -1.000000
vn 0.000000 0.000000 -1.000000
vn 0.000000 0.000000 -1.000000
vn 0.000000 0.000000 -1.000000
vn 0.000000 -1.000000 0.000000
vn 0.000000 -1.000000 0.000000
vn 0.000000 -1.000000 0.000000
vn 0.000000 -1.000000 0.000000
vn 0.000000 0.000000 1.000000
vn 0.000000 0.000000 1.000000
vn 0.000000 0.000000 1.000000
vn 0.000000 0.000000 1.000000
vn 0.000000 1.000000 0.000000
vn 0.000000 1.000000 0.000000
vn 0.000000 1.000000 0.000000
vn 0.000000 1.000000 0.000000
vn 0.000000 0.000000 -1.000000
vn 0.000000 0.000000 -1.000000
vn 0.000000 0.000000 -1.000000
vn 0.000000 0.000000 -1.000000
vn 0.000000 0.000086 1.000000
vn 0.000000 0.000086 1.000000
vn 0.000000 0.000086 1.000000
vn 0.000000 0.000086 1.000000
vn 0.000000 0.000000 1.000000
vn 0.000000 0.000000 1.000000
vn 0.000000 0.000000 1.000000
vn 0.000000 0.000000 1.000000
vn 0.000000 0.000000 1.000000
vn 0.000000 0.000000 1.000000
vn 0.000001 0.000000 1.000000
vn -0.000004 0.000000 1.000000
vn -0.000004 0.000000 1.000000
vn 0.000001 0.000000 1.000000
vn 0.000001 0.000000 1.000000
vn -0.000009 0.000000 1.000000
vn -0.000009 0.000000 1.000000
vn 0.000004 0.000000 1.000000
vn -0.000004 0.000000 1.000000
vn -0.000000 0.000000 1.000000
vn -0.000000 0.000000 1.000000
vn -0.000009 0.000000 1.000000
vn -0.000004 0.000000 1.000000
vn -0.000007 0.000000 1.000000
vn -0.000009 0.000000 1.000000
vn -0.000013 0.000000 1.000000
vn -0.000013 0.000000 1.000000
vn -0.000007 0.000000 1.000000
vn 0.000000 0.000000 1.000000
vn -0.000007 0.000000 1.000000
vn 0.000010 0.000000 1.000000
vn 0.000000 0.000000 1.000000
vn 0.000008 0.000000 1.000000
vn 0.000008 0.000000 1.000000
vn 0.000000 0.000000 1.000000
vn 0.000000 0.000000 1.000000
vn 0.000000 0.000000 1.000000
vn 0.000000 0.000000 1.000000
vn 0.000000 0.000000 1.000000
vn -0.000008 0.000000 1.000000
vn -0.000008 0.000000 1.000000
vn 0.000000 0.000000 1.000000
vn 0.000000 0.000000 1.000000
vn -0.000000 0.000000 1.000000
vn -0.000000 0.000000 1.000000
vn -0.000000 0.000000 1.000000
vn -0.000000 0.000000 1.000000
vn 0.000000 0.000000 1.000000
vn 0.000000 0.000000 1.000000
vn -0.000000 0.000000 1.000000
vn 0.000000 0.000000 1.000000
vn -0.000004 0.000000 1.000000
vn -0.000004 0.000000 1.000000
vn 0.000002 0.000000 1.000000
vn 0.000002 0.000000 1.000000
vn 0.000000 0.000000 1.000000
vn 0.000000 0.000000 1.000000
vn 0.000000 0.000000 1.000000
vn 0.000000 -1.000000 0.000000
vn 0.000000 -1.000000 0.000000
vn 0.000000 -1.000000 0.000000
vn 0.000000 -1.000000 0.000000
vn -0.707120 0.707094 0.000000
vn -0.707120 0.707094 0.000000
vn -0.707120 0.707094 0.000000
vn -0.707120 0.707094 0.000000
vn 1.000000 0.000072 0.000000
vn 1.000000 0.000072 0.000000
vn 1.000000 0.000072 0.000000
vn 1.000000 0.000072 0.000000
vn 1.000000 0.000000 0.000000
vn 1.000000 0.000000 0.000000
vn 1.000000 0.000000 0.000000
vn 1.000000 0.000000 0.000000
vn -1.000000 0.000000 -0.000376
vn -1.000000 0.000000 -0.000376
vn -1.000000 0.000000 -0.000376
vn -1.000000 0.000000 -0.000376
vn 0.000000 -1.000000 0.000000
vn 0.000000 -1.000000 0.000000
vn 0.000000 -1.000000 0.000000
vn 0.707120 0.707094 0.000000
vn 0.707120 0.707094 0.000000
vn 0.707120 0.707094 0.000000
vn 0.707120 0.707094 0.000000
vn -1.000000 -0.000072 -0.000167
vn -1.000000 -0.000072 -0.000167
vn -1.000000 -0.000072 -0.000167
vn -1.000000 -0.000072 -0.000167
vn 1.000000 0.000144 0.000000
vn 1.000000 0.000144 0.000000
vn 1.000000 0.000144 0.000000
vn 1.000000 0.000144 0.000000
vn 0.000000 1.000000 0.000000
vn 0.000000 1.000000 0.000000
vn 0.000000 1.000000 0.000000
vn 0.000000 1.000000 0.000000
vn 0.000000 1.000000 -0.000011
vn 0.000000 1.000000 -0.000011
vn 0.000000 1.000000 -0.000011
vn -1.000000 -0.000072 -0.000710
vn -1.000000 -0.000072 -0.000710
vn -1.000000 -0.000072 -0.000710
vn -1.000000 -0.000072 -0.000710
vn 0.000000 -1.000000 0.000000
vn 0.000000 -1.000000 0.000000
vn 0.000000 -1.000000 0.000000
vn 0.000000 -1.000000 0.000000
vn 0.000000 1.000000 0.000000
vn 0.000000 1.000000 0.000000
vn 0.000000 1.000000 0.000000
vn 0.000000 1.000000 0.000000
vn -1.000000 -0.000132 0.000000
vn -1.000000 -0.000132 0.000000
vn -1.000000 -0.000132 0.000000
vn -1.000000 -0.000132 0.000000
vn 0.000000 -1.000000 0.000000
vn 0.000000 -1.000000 0.000000
vn 0.000000 -1.000000 0.000000
vn 0.000000 -1.000000 0.000000
vn 0.000000 1.000000 0.000000
vn 0.000000 1.000000 0.000000
vn 0.000000 1.000000 0.000000
vn 0.000000 1.000000 0.000000
vn 0.000000 -1.000000 0.000000
vn 0.000000 -1.000000 0.000000
vn 0.000000 -1.000000 0.000000
vn 0.000000 -1.000000 0.000000
vn 1.000000 0.000110 0.000000
vn 1.000000 0.000110 0.000000
vn 1.000000 0.000110 0.000000
vn 1.000000 0.000110 0.000000
vn 1.000000 0.000000 0.000000
vn 1.000000 0.000000 0.000000
vn 1.000000 0.000000 0.000000
vn 1.000000 0.000000 0.000000
vn 0.000000 1.000000 0.000000
vn 0.000000 1.000000 0.000000
vn 0.000000 1.000000 0.000000
vn 0.000000 1.000000 0.000000
vn -1.000000 -0.000072 0.000000
vn -1.000000 -0.000072 0.000000
vn -1.000000 -0.000072 0.000000
vn -1.000000 -0.000072 0.000000
vn 1.000000 0.000000 0.000000
vn 1.000000 0.000000 0.000000
vn 1.000000 0.000000 0.000000
vn 1.000000 0.000000 0.000000
vn -1.000000 0.000000 0.000000
vn -1.000000 0.000000 0.000000
vn -1.000000 0.000000 0.000000
vn -1.000000 0.000000 0.000000
vn 0.000000 -1.000000 0.000000
vn 0.000000 -1.000000 0.000000
vn 0.000000 -1.000000 0.000000
vn 0.000000 -1.000000 0.000000
vn -1.000000 0.000000 0.000000
vn -1.000000 0.000000 0.000000
vn -1.000000 0.000000 0.000000
vn -1.000000 0.000000 0.000000
vn 0.000000 -1.000000 0.000000
vn 0.000000 -1.000000 0.000000
vn 0.000000 -1.000000 0.000000
vn 0.000000 -1.000000 0.000000
vn 1.000000 0.000000 0.000000
vn 1.000000 0.000000 0.000000
vn 1.000000 0.000000 0.000000
vn 1.000000 0.000000 0.000000
vn 0.000000 1.000000 0.000000
vn 0.000000 1.000000 0.000000
vn 0.000000 1.000000 0.000000
vn 0.000000 1.000000 0.000000
vn -1.000000 0.000000 0.000000
vn -1.000000 0.000000 0.000000
vn -1.000000 0.000000 0.000000
vn -1.000000 0.000000 0.000000
vn 1.000000 0.000096 0.000000
vn 1.000000 0.000096 0.000000
vn 1.000000 0.000096 0.000000
vn 1.000000 0.000096 0.000000
vn 1.000000 0.000001 0.000000
vn 1.000000 0.000029 0.000000
vn 1.000000 0.000029 0.000000
vn 1.000000 0.000019 0.000000
vn 1.000000 0.000008 0.000000
vn 1.000000 0.000009 0.000000
vn 1.000000 0.000009 0.000000
vn 1.000000 0.000008 0.000000
vn 1.000000 0.000000 0.000000
vn 1.000000 0.000000 0.000000
vn 1.000000 -0.000010 0.000000
vn 1.000000 -0.000008 0.000000
vn 1.000000 0.000019 0.000000
vn 1.000000 0.000019 0.000000
vn 1.000000 0.000019 0.000000
vn 1.000000 0.000019 0.000000
vn 1.000000 -0.000016 0.000000
vn 1.000000 -0.000016 0.000000
vn 1.000000 -0.000016 0.000000
vn 1.000000 -0.000016 0.000000
vn 1.000000 0.000000 0.000000
vn 1.000000 0.000000 0.000000
vn 1.000000 0.000000 0.000000
vn 1.000000 0.000000 0.000000
vn 1.000000 0.000000 0.000000
vn 1.000000 0.000000 0.000000
vn 1.000000 0.000000 0.000000
vn 1.000000 0.000000 0.000000
vn 0.000000 -1.000000 0.000000
vn 0.000000 -1.000000 0.000000
vn 0.000000 -1.000000 0.000000
vn 0.000000 -1.000000 0.000000
vn 0.000000 1.000000 0.000000
vn 0.000000 1.000000 0.000000
vn 0.000000 1.000000 0.000000
vn 0.000000 1.000000 0.000000
vn 0.000012 -1.000000 0.000004
vn 0.000012 -1.000000 0.000004
vn 0.000012 -1.000000 0.000004
vn -0.000002 -1.000000 0.000000
vn -0.000002 -1.000000 0.000000
vn -0.000002 -1.000000 0.000000
vn -0.000002 -1.000000 0.000000
vn 0.000000 0.000000 0.000000
vn 0.000000 0.000000 0.000000
vn 0.000000 0.000000 0.000000
vn 0.421417 0.726634 -0.542596
vn 0.421417 0.726634 -0.542596
vn 0.421417 0.726634 -0.542596
vn 0.421417 0.726634 -0.542596
vn 0.421417 0.726634 -0.542596
vn 0.421417 0.726634 -0.542596
vn 0.421417 0.726634 -0.542596
vn 0.421417 0.726634 -0.542596
vn 0.000003 -0.847911 0.530139
vn 0.000003 -0.847911 0.530139
vn 0.000003 -0.847911 0.530139
vn 0.000003 -0.847911 0.530139
vn 0.000000 0.000000 1.000000
vn 0.000000 0.000000 1.000000
vn 0.000000 0.000000 1.000000
vn 0.000000 0.000000 1.000000
vn 0.000000 -0.831770 0.555121
vn 0.000000 -0.831770 0.555121
vn 0.000000 -0.831770 0.555121
vn 0.000000 -0.831770 0.555121
vn 0.000000 1.000000 0.000960
vn 0.000000 1.000000 0.000960
vn 0.000000 1.000000 0.000960
vn 0.000000 1.000000 0.000960
vn 1.000000 0.000000 0.000000
vn 1.000000 0.000000 0.000000
vn 1.000000 0.000000 0.000000
vn 1.000000 0.000000 0.000000
vn 1.000000 0.000000 0.000000
vn 1.000000 0.000000 0.000000
vn 1.000000 0.000000 0.000000
vn 1.000000 0.000000 0.000000
vn 1.000000 0.000012 0.000000
vn 1.000000 0.000013 0.000000
vn 1.000000 0.000014 0.000000
vn 1.000000 0.000014 0.000000
vn 1.000000 0.000163 0.000000
vn 1.000000 0.000015 0.000000
vn 1.000000 0.000003 0.000000
vn 1.000000 0.000000 0.000000
vn 1.000000 0.000000 0.000000
vn 1.000000 0.000000 0.000000
vn 1.000000 0.000000 0.000000
vn 0.000000 0.791669 0.610950
vn 0.000000 0.791669 0.610950
vn 0.000000 0.791669 0.610950
vn 0.000000 0.791669 0.610950
vn 1.000000 0.000000 0.000000
vn 1.000000 0.000000 0.000000
vn 1.000000 0.000000 0.000000
vn 0.000000 -1.000000 -0.000004
vn 0.000000 -1.000000 -0.000004
vn 0.000000 -1.000000 -0.000004
vn 0.000000 -1.000000 -0.000004
vn 0.000000 0.000000 1.000000
vn 0.000000 0.000000 1.000000
vn 0.000000 0.000000 1.000000
vn 0.000000 0.000000 1.000000
vn 0.000000 -1.000000 0.000000
vn 0.000000 -1.000000 0.000000
vn 0.000000 -1.000000 0.000000
vn 0.000000 -1.000000 0.000000
vn -0.000000 0.000000 1.000000
vn -0.000000 0.000000 1.000000
vn -0.000000 0.000000 1.000000
vn -0.000000 0.000000 1.000000
vn 1.000000 -0.000077 0.000000
vn 1.000000 -0.000077 0.000000
vn 1.000000 -0.000077 0.000000
vn 1.000000 -0.000077 0.000000
vn -1.000000 0.000000 0.000000
vn -1.000000 -0.000000 0.000000
vn -1.000000 -0.000000 0.000000
vn -1.000000 0.000000 0.000000
vn -1.000000 0.000099 0.000000
vn -1.000000 0.000099 0.000000
vn -1.000000 0.000099 0.000000
vn -1.000000 0.000099 0.000000
vn -1.000000 0.000000 0.000000
vn -1.000000 0.000000 0.000000
vn -1.000000 0.000000 0.000000
vn -1.000000 0.000000 0.000000
vn -1.000000 0.000000 0.000000
vn -1.000000 0.000000 0.000000
vn -1.000000 0.000000 0.000000
vn 0.000000 0.791669 0.610950
vn 0.000000 0.791669 0.610950
vn 0.000000 0.791669 0.610950
vn 0.000000 0.791669 0.610950
vn 1.000000 -0.000017 0.000000
vn 1.000000 -0.000017 0.000000
vn 1.000000 -0.000017 0.000000
vn 1.000000 -0.000017 0.000000
vn 1.000000 -0.000034 0.000000
vn 1.000000 -0.000034 0.000000
vn 1.000000 -0.000034 0.000000
vn 1.000000 -0.000034 0.000000
vn 0.000000 0.791672 0.610947
vn 0.000000 0.791672 0.610947
vn 0.000000 0.791672 0.610947
vn 0.000000 0.791672 0.610947
vn 1.000000 -0.000018 0.000000
vn 1.000000 -0.000018 0.000000
vn 1.000000 -0.000018 0.000000
vn 1.000000 -0.000018 0.000000
vn 1.000000 0.000025 0.000000
vn 1.000000 0.000025 0.000000
vn 1.000000 0.000025 0.000000
vn 1.000000 0.000025 0.000000
vn 1.000000 0.000000 0.000000
vn 1.000000 0.000000 0.000000
vn 1.000000 0.000000 0.000000
vn 1.000000 0.000000 0.000000
vn 1.000000 0.000000 0.000000
vn 1.000000 0.000000 0.000000
vn 1.000000 0.000000 0.000000
vn 1.000000 0.000000 0.000000
vn 1.000000 0.000000 0.000000
vn 1.000000 0.000000 0.000000
vn 1.000000 0.000000 0.000000
vn 1.000000 0.000000 0.000000
vn 0.000000 -1.000000 0.000000
vn 0.000000 -1.000000 0.000000
vn 0.000000 -1.000000 0.000000
vn 0.000000 -1.000000 0.000000
vn 0.000000 1.000000 0.000000
vn 0.000000 1.000000 0.000000
vn 0.000000 1.000000 0.000000
vn 0.000000 1.000000 0.000000
vn 0.000000 0.000000 1.000000
vn 0.000000 0.000000 1.000000
vn 0.000000 0.000000 1.000000
vn 0.000000 0.000000 1.000000
vn 0.000000 -1.000000 0.000000
vn 0.000000 -1.000000 0.000000
vn 0.000000 -1.000000 0.000000
vn 0.000012 -1.000000 -0.000004
vn 0.000012 -1.000000 -0.000004
vn 0.000012 -1.000000 -0.000004
vn -0.000002 -1.000000 0.000000
vn -0.000002 -1.000000 0.000000
vn -0.000002 -1.000000 0.000000
vn -0.000002 -1.000000 0.000000
vn 0.000000 0.000000 0.000000
vn 0.000000 0.000000 0.000000
vn 0.000000 0.000000 0.000000
vn 1.000000 0.000000 0.000006
vn 1.000000 0.000000 0.000006
vn 1.000000 0.000000 0.000006
vn 1.000000 0.000000 0.000006
vn 1.000000 0.000007 0.000000
vn 1.000000 0.000007 0.000000
vn 1.000000 0.000007 0.000000
vn 1.000000 0.000007 0.000000
vn 0.000001 0.831778 0.555109
vn 0.000001 0.831778 0.555109
vn 0.000001 0.831778 0.555109
vn 0.000001 0.831778 0.555109
vn 0.000000 -0.847911 -0.530139
vn 0.000000 -0.847911 -0.530139
vn 0.000000 -0.847911 -0.530139
vn 0.000000 -0.847911 -0.530139
vn -0.000005 0.000000 -1.000000
vn -0.000005 0.000000 -1.000000
vn -0.000005 0.000000 -1.000000
vn -0.000005 0.000000 -1.000000
vn 0.000000 0.831762 0.555133
vn 0.000000 0.831762 0.555133
vn 0.000000 0.831762 0.555133
vn 0.000000 0.831762 0.555133
vn 0.000000 -0.831770 -0.555121
vn 0.000000 -0.831770 -0.555121
vn 0.000000 -0.831770 -0.555121
vn 0.000000 -0.831770 -0.555121
vn 0.000000 1.000000 -0.000960
vn 0.000000 1.000000 -0.000960
vn 0.000000 1.000000 -0.000960
vn 0.000000 1.000000 -0.000960
vn 0.000001 0.000000 1.000000
vn 0.000001 -0.000000 1.000000
vn 0.000000 0.000000 1.000000
vn 0.000001 0.000000 1.000000
vn 0.000000 0.831766 0.555127
vn 0.000000 0.831766 0.555127
vn 0.000000 0.831765 0.555127
vn 0.000000 0.831766 0.555127
vn -0.000000 0.000000 1.000000
vn -0.000000 0.000000 1.000000
vn -0.000000 0.000000 1.000000
vn -0.000000 0.000000 1.000000
vn 0.000003 -0.000001 1.000000
vn 0.000003 -0.000001 1.000000
vn 0.000003 -0.000001 1.000000
vn 0.000003 0.831772 0.555117
vn 0.000003 0.831772 0.555117
vn 0.000003 0.831772 0.555117
vn 0.000003 0.831772 0.555117
vn 1.000000 0.000000 0.000065
vn 1.000000 0.000016 0.000055
vn 1.000000 0.000011 0.000055
vn 1.000000 0.000000 0.000065
vn -1.000000 0.000000 0.000074
vn -1.000000 0.000011 0.000059
vn -1.000000 0.000016 0.000055
vn -1.000000 0.000019 0.000065
vn -1.000000 0.000000 0.000000
vn -1.000000 0.000000 0.000000
vn -1.000000 0.000000 0.000000
vn -1.000000 0.000000 0.000000
vn 1.000000 0.000000 0.000000
vn 1.000000 0.000000 0.000000
vn 1.000000 0.000000 0.000000
vn 1.000000 0.000000 0.000000
vn 0.000000 0.000000 1.000000
vn 0.000000 0.000000 1.000000
vn 0.000000 0.000000 1.000000
vn 0.000000 0.000000 1.000000
vn 0.000000 0.000000 1.000000
vn 0.000000 0.000000 1.000000
vn 0.000000 0.000000 1.000000
vn 0.000000 0.000000 1.000000
vn 0.000000 0.000000 1.000000
vn 0.000000 0.000000 1.000000
vn 0.000000 0.000000 1.000000
vn 0.000000 0.000000 1.000000
vn 0.000000 0.000000 1.000000
vn 0.000000 0.000000 1.000000
vn 0.000000 0.000000 1.000000
vn 0.000000 0.000000 1.000000
vn 0.000000 0.000000 1.000000
vn 0.000000 0.000000 1.000000
vn 0.000000 0.000000 1.000000
vn 0.000000 0.000000 1.000000
vn 0.000000 0.000000 1.000000
vn 0.000000 0.000000 1.000000
vn 0.000001 0.000000 1.000000
vn 0.000001 0.000000 1.000000
vn 0.000000 0.000000 1.000000
vn 0.000001 0.000000 1.000000
vn 0.000001 0.000000 1.000000
vn 0.000000 0.000000 1.000000
vn 0.438431 0.898765 0.000000
vn 0.521389 0.853319 0.000000
vn 0.521388 0.853320 0.000000
vn 0.438431 0.898765 0.000000
vn 0.237694 0.971340 0.000000
vn 0.237694 0.971340 0.000000
vn -0.000001 1.000000 0.000000
vn -0.000001 1.000000 0.000000
vn -0.237694 0.971340 0.000000
vn -0.237694 0.971340 0.000000
vn -0.521399 0.853313 0.000000
vn -0.438435 0.898763 0.000000
vn -0.438435 0.898763 0.000000
vn -0.521399 0.853313 0.000000
vn 0.000001 0.000000 1.000000
vn 0.000001 0.000000 1.000000
vn 0.000001 0.000000 1.000000
vn 0.000001 0.000000 1.000000
vn -0.000002 0.000000 1.000000
vn -0.000002 0.000000 1.000000
vn -0.000002 0.000000 1.000000
vn -0.000002 0.000000 1.000000
vn 0.000002 0.000000 1.000000
vn 0.000002 0.000000 1.000000
vn 0.000002 0.000000 1.000000
vn 0.000002 0.000000 1.000000
vn -0.000001 0.000000 1.000000
vn -0.000001 0.000000 1.000000
vn -0.000001 0.000000 1.000000
vn -0.000001 0.000000 1.000000
vn -0.000002 -0.000002 1.000000
vn -0.000002 -0.000002 1.000000
vn -0.000002 -0.000002 1.000000
vn -0.000002 -0.000002 1.000000
vn -0.000002 -0.000002 1.000000
vn -0.000002 -0.000002 1.000000
vn -0.000002 -0.000002 1.000000
vn -0.000002 -0.000002 1.000000
vn 0.000006 -1.000000 0.000000
vn 0.000006 -1.000000 0.000000
vn 0.000006 -1.000000 0.000000
vn 0.000006 -1.000000 0.000000
vn 0.000003 -1.000000 0.000000
vn 0.000003 -1.000000 0.000000
vn 0.000003 -1.000000 0.000000
vn 0.000003 -1.000000 0.000000
vn 0.000001 -1.000000 0.000000
vn 0.000001 -1.000000 0.000000
vn 0.000001 -1.000000 0.000000
vn 0.000001 -1.000000 0.000000
vn -0.000001 -1.000000 0.000000
vn -0.000001 -1.000000 0.000000
vn -0.000001 -1.000000 0.000000
vn -0.000001 -1.000000 0.000000
vn -0.000004 -1.000000 -0.000001
vn -0.000004 -1.000000 -0.000001
vn -0.000004 -1.000000 -0.000001
vn -0.000004 -1.000000 -0.000001
vn -0.000003 -1.000000 0.000000
vn -0.000003 -1.000000 0.000000
vn -0.000003 -1.000000 0.000000
vn -0.000003 -1.000000 0.000000
vn 0.000000 0.000000 1.000000
vn 0.000000 0.000000 1.000000
vn 0.000000 0.000000 1.000000
vn 0.000000 0.000000 1.000000
vn 0.000000 0.000000 1.000000
vn 0.000000 0.000000 1.000000
vn 0.000000 0.000000 1.000000
vn 0.000000 0.000000 1.000000
vn 0.000000 0.000000 1.000000
vn 0.000000 0.000000 1.000000
vn 0.000000 0.000000 1.000000
vn 0.000000 0.000000 1.000000
vn 0.000000 0.000000 1.000000
vn 0.000000 0.000000 1.000000
vn 0.000000 0.000000 1.000000
vn 0.000000 0.000000 1.000000
vn 0.000000 0.000000 1.000000
vn 0.000000 0.000000 1.000000
vn 0.000000 0.000000 1.000000
vn 0.000000 0.000000 1.000000
vn 0.000000 0.000000 1.000000
vn 0.000000 0.000000 1.000000
vn 0.000000 0.000000 1.000000
vn 0.000000 0.000000 1.000000
vn -0.000007 0.831765 0.555128
vn -0.000007 0.831765 0.555127
vn -0.000007 0.831765 0.555128
vn -0.000007 0.831765 0.555127
vn -0.000002 0.831766 0.555127
vn -0.000002 0.831766 0.555127
vn -0.000002 0.831766 0.555127
vn -0.000002 0.831766 0.555127
vn 0.000000 0.831764 0.555130
vn 0.000000 0.831764 0.555130
vn 0.000000 0.831764 0.555130
vn 0.000000 0.831764 0.555130
vn 0.000000 0.831764 0.555130
vn 0.000000 0.831764 0.555130
vn 0.000000 0.831764 0.555130
vn 0.000000 0.831764 0.555130
vn 0.000005 0.831766 0.555127
vn 0.000005 0.831766 0.555127
vn 0.000005 0.831766 0.555127
vn 0.000005 0.831766 0.555127
vn 0.000002 0.831763 0.555131
vn 0.000002 0.831763 0.555131
vn 0.000002 0.831763 0.555131
vn 0.000002 0.831763 0.555131
vn -0.000004 0.831766 0.555126
vn -0.000004 0.831766 0.555126
vn -0.000004 0.831766 0.555126
vn -0.000004 0.831766 0.555126
vn -0.000002 0.831768 0.555123
vn -0.000002 0.831768 0.555123
vn -0.000002 0.831768 0.555123
vn -0.000002 0.831768 0.555123
vn 0.000000 0.831765 0.555128
vn 0.000000 0.831765 0.555128
vn 0.000000 0.831765 0.555128
vn 0.000000 0.831765 0.555128
vn 0.000000 0.831767 0.555125
vn 0.000000 0.831767 0.555125
vn 0.000000 0.831767 0.555125
vn 0.000000 0.831767 0.555125
vn 0.000002 0.831768 0.555123
vn 0.000002 0.831768 0.555123
vn 0.000002 0.831768 0.555123
vn 0.000002 0.831768 0.555123
vn 0.000002 0.831765 0.555128
vn 0.000002 0.831765 0.555128
vn 0.000002 0.831765 0.555128
vn 0.000002 0.831765 0.555128
vn 0.000000 0.000000 1.000000
vn 0.000000 0.000001 1.000000
vn 0.000000 0.000001 1.000000
vn 0.000000 0.000000 1.000000
vn 0.000000 0.000000 1.000000
vn 0.000000 0.000000 1.000000
vn 0.000000 0.000000 1.000000
vn 0.000000 0.000000 1.000000
vn 0.000000 0.000005 1.000000
vn -0.000001 0.000002 1.000000
vn -0.000001 -0.000000 1.000000
vn 0.000000 0.831764 0.555129
vn 0.000000 0.831764 0.555129
vn 0.000000 0.831764 0.555129
vn 0.000000 0.831764 0.555129
vn -0.000001 0.831765 0.555127
vn -0.000001 0.831766 0.555127
vn -0.000001 0.831766 0.555126
vn -0.000001 0.831766 0.555127
vn -1.000000 0.000030 0.000003
vn -1.000000 0.000025 -0.000002
vn -1.000000 0.000025 -0.000002
vn -1.000000 0.000030 0.000003
vn -1.000000 0.000000 0.000000
vn -1.000000 0.000000 0.000000
vn -1.000000 0.000000 0.000000
vn -1.000000 0.000116 -0.000003
vn -1.000000 0.000116 -0.000003
vn -1.000000 0.000116 -0.000003
vn -1.000000 0.000116 -0.000003
vn 0.000001 -1.000000 0.000000
vn 0.000001 -1.000000 0.000000
vn 0.000001 -1.000000 0.000000
vn -1.000000 -0.000077 -0.000013
vn -1.000000 -0.000118 -0.000003
vn -1.000000 -0.000072 -0.000014
vn -1.000000 -0.000072 -0.000014
vn -1.000000 0.000152 0.000000
vn -1.000000 0.000152 0.000000
vn -1.000000 0.000152 0.000000
vn -1.000000 0.000152 0.000000
vn -1.000000 0.000000 0.000000
vn -1.000000 0.000000 0.000000
vn -1.000000 0.000000 0.000000
vn -0.000558 0.830806 0.556562
vn -0.000558 0.830806 0.556562
vn -0.000589 0.831306 0.555814
vn -0.000607 0.831593 0.555386
vn 0.000000 0.831766 0.555126
vn 0.000000 0.831766 0.555126
vn 0.000001 0.831764 0.555130
vn 0.000001 0.831764 0.555130
vn -0.000001 0.831764 0.555130
vn -0.000001 0.831764 0.555130
vn -0.000001 0.831764 0.555130
vn -0.000001 0.831764 0.555130
vn 0.000000 0.831764 0.555129
vn 0.000000 0.831764 0.555129
vn 0.013431 0.833808 0.551891
vn 0.013070 0.833755 0.551979
vn 0.000000 0.831764 0.555129
vn 0.000000 0.831764 0.555129
vn 0.000000 0.836176 0.548461
vn 0.000000 0.836026 0.548690
vn 0.000001 0.831764 0.555130
vn 0.000001 0.831764 0.555130
vn 0.000001 0.836026 0.548690
vn 0.000001 0.836178 0.548458
vn -0.000001 0.831769 0.555122
vn -0.000001 0.831769 0.555122
vn -0.013564 0.833749 0.551978
vn -0.013937 0.833801 0.551889
vn 0.000000 0.831763 0.555132
vn -0.000000 0.831763 0.555131
vn -0.000000 0.831764 0.555130
vn 0.000000 0.831763 0.555131
vn 1.000000 0.000000 0.000000
vn 1.000000 0.000000 0.000000
vn 1.000000 -0.000001 0.000000
vn 1.000000 -0.000001 0.000000
vn -0.000669 0.832581 0.553903
vn -0.000669 0.832581 0.553903
vn -0.031018 0.835063 0.549279
vn -0.029702 0.835446 0.548769
vn 0.000000 0.843606 0.536962
vn 0.000000 0.843606 0.536962
vn 0.000000 0.843606 0.536962
vn 0.000000 0.843606 0.536962
vn 0.028718 0.835481 0.548769
vn 0.029891 0.835130 0.549240
vn 0.000000 0.831764 0.555130
vn 0.000000 0.831764 0.555130
vn 0.000002 0.831761 0.555134
vn 0.000002 0.831761 0.555134
vn 0.000000 0.831765 0.555128
vn 0.000000 0.831764 0.555130
vn -1.000000 0.000037 0.000000
vn -1.000000 0.000031 0.000000
vn -1.000000 0.000031 0.000000
vn -1.000000 0.000037 0.000000
vn -1.000000 -0.000040 0.000000
vn -1.000000 -0.000040 0.000000
vn -1.000000 -0.000040 0.000000
vn -1.000000 -0.000040 0.000000
vn -1.000000 0.000125 0.000000
vn -1.000000 0.000125 0.000000
vn -1.000000 0.000125 0.000000
vn -1.000000 0.000125 0.000000
vn -1.000000 0.000000 0.000000
vn -1.000000 0.000000 0.000000
vn -1.000000 0.000000 0.000000
vn -1.000000 0.000000 0.000000
vn -1.000000 0.000160 0.000000
vn -1.000000 0.000160 0.000000
vn -1.000000 0.000160 0.000000
vn -1.000000 0.000160 0.000000
vn -1.000000 0.000000 0.000000
vn -1.000000 0.000000 0.000000
vn -1.000000 0.000002 0.000000
vn -1.000000 0.000077 0.000000
vn -1.000000 0.000031 0.000000
vn -1.000000 0.000030 0.000000
vn -1.000000 0.000030 0.000000
vn -1.000000 0.000031 0.000000
vn -1.000000 0.000033 0.000000
vn -1.000000 0.000033 0.000000
vn -1.000000 0.000029 0.000000
vn -1.000000 0.000029 0.000000
vn -1.000000 0.000121 0.000000
vn -1.000000 0.000121 0.000000
vn -1.000000 0.000121 0.000000
vn -1.000000 0.000121 0.000000
vn -1.000000 0.000000 0.000000
vn -1.000000 0.000000 0.000000
vn -1.000000 0.000000 0.000000
vn -1.000000 0.000000 0.000000
vn -1.000000 0.000163 0.000000
vn -1.000000 0.000091 0.000000
vn -1.000000 0.000163 0.000000
vn -1.000000 0.000163 0.000000
vn -1.000000 0.000000 0.000000
vn -1.000000 0.000000 0.000000
vn -1.000000 0.000000 0.000000
vn -1.000000 0.000000 0.000000
vn 0.000000 1.000000 0.000000
vn 0.000000 1.000000 0.000000
vn 0.000000 1.000000 0.000000
vn 0.000001 -1.000000 0.000000
vn 0.000001 -1.000000 0.000000
vn 0.000001 -1.000000 0.000000
vn 0.000000 1.000000 0.000000
vn 0.000000 1.000000 0.000000
vn 0.000000 1.000000 0.000000
vn 0.000000 1.000000 0.000000
vn 0.000000 -1.000000 0.000000
vn 0.000000 -1.000000 0.000000
vn 0.000000 -1.000000 0.000000
vn 0.000000 -1.000000 0.000000
vn 0.000000 1.000000 0.000000
vn 0.000000 1.000000 0.000000
vn 0.000000 1.000000 0.000000
vn 0.000000 1.000000 0.000000
vn 0.000000 0.000000 -1.000000
vn 0.000000 0.000000 -1.000000
vn 0.000000 0.000000 -1.000000
vn 0.000000 0.000000 -1.000000
vn 0.000000 -1.000000 0.000000
vn 0.000000 -1.000000 0.000000
vn 0.000000 -1.000000 0.000000
vn 0.000000 -1.000000 0.000000
vn -1.000000 0.000168 0.000026
vn -1.000000 0.000168 0.000026
vn -1.000000 0.000168 0.000026
vn -1.000000 0.000168 0.000026
vn -1.000000 0.000000 0.000000
vn -1.000000 0.000000 0.000000
vn -1.000000 0.000000 0.000000
vn -1.000000 0.000000 0.000000
vn -1.000000 0.000000 0.000000
vn -1.000000 0.000000 0.000000
vn -1.000000 0.000000 0.000000
vn -1.000000 0.000000 0.000000
vn 0.000000 -0.842542 -0.538631
vn 0.000000 -0.842541 -0.538632
vn 0.000000 -0.842542 -0.538631
vn 0.000000 -0.842541 -0.538632
vn 0.000000 -0.842492 -0.538708
vn 0.000000 -0.842492 -0.538708
vn 0.000000 -0.842492 -0.538708
vn 0.000000 -0.842492 -0.538708
vn 0.000000 -0.842496 -0.538703
vn 0.000000 -0.842496 -0.538703
vn 0.000000 -0.842496 -0.538703
vn 0.000000 -0.842496 -0.538703
vn 1.000000 0.000000 0.000000
vn 1.000000 0.000000 0.000000
vn 1.000000 0.000000 0.000000
vn 1.000000 0.000000 0.000000
vn 1.000000 0.000000 0.000000
vn 0.474038 0.880504 0.000000
vn 0.474037 0.880505 0.000000
vn 0.474037 0.880505 0.000000
vn 0.238826 -0.818325 -0.522787
vn 0.238826 -0.818325 -0.522787
vn 0.238826 -0.818325 -0.522787
vn 0.238826 -0.818325 -0.522787
vn 1.000000 -0.000003 0.000000
vn 1.000000 0.000000 0.000000
vn 1.000000 0.000000 0.000000
vn 1.000000 -0.000003 0.000000
vn 0.000000 -1.000000 0.000000
vn 0.000000 -1.000000 0.000000
vn 0.000000 -1.000000 0.000000
vn 0.000000 -1.000000 0.000000
vn 1.000000 0.000006 0.000000
vn 1.000000 0.000003 0.000000
vn 1.000000 0.000003 0.000000
vn 1.000000 0.000006 0.000000
vn -0.044844 0.830927 0.554572
vn 0.000000 0.000000 1.000000
vn 0.000000 0.000000 1.000000
vn 0.000000 0.000000 1.000000
vn 0.000000 0.000000 1.000000
vn 1.000000 0.000000 -0.000010
vn 1.000000 0.000000 -0.000000
vn 1.000000 0.000000 -0.000000
vn 1.000000 0.000000 -0.000010
vn 0.000000 0.000000 1.000000
vn 0.000000 0.000000 1.000000
vn 0.000000 0.000000 1.000000
vn 0.000000 0.000000 1.000000
vn 0.000000 0.000000 1.000000
vn 0.000000 0.000000 1.000000
vn 0.000000 0.000000 1.000000
vn 0.000000 0.000000 1.000000
vn 1.000000 0.000000 -0.000008
vn 1.000000 0.000000 -0.000000
vn 1.000000 0.000000 -0.000000
vn 1.000000 0.000000 -0.000008
vn 0.000000 0.000000 1.000000
vn 0.000000 0.000000 1.000000
vn 0.000000 0.000000 1.000000
vn 0.000000 0.000000 1.000000
vn 0.000000 -0.994203 -0.107515
vn 0.000000 -0.994203 -0.107515
vn 0.000000 -0.994203 -0.107515
vn 0.000000 -0.994203 -0.107515
vn -0.153634 -0.988128 -0.000005
vn -0.153633 -0.988128 -0.000000
vn -0.153633 -0.988128 -0.000000
vn -0.153634 -0.988128 -0.000005
vn 0.000000 -0.994203 -0.107520
vn 0.000000 -0.994203 -0.107520
vn 0.000000 -0.994203 -0.107520
vn 0.000000 -0.994203 -0.107520
vn 0.000000 -1.000000 0.000002
vn 0.000000 -1.000000 0.000002
vn 0.000000 -1.000000 0.000002
vn 0.000000 -1.000000 0.000002
vn 0.000000 0.000000 1.000000
vn 0.000000 0.000000 1.000000
vn 0.000000 0.000000 1.000000
vn 0.000000 0.000000 1.000000
vn -0.000000 0.831774 0.555115
vn 0.000000 0.831765 0.555128
vn 0.000000 0.831765 0.555128
vn -0.000000 0.831773 0.555116
vn -0.000000 0.831778 0.555108
vn -0.000000 0.831778 0.555109
vn 0.000000 0.831774 0.555115
vn 0.000000 0.831774 0.555114
vn 0.000000 0.831779 0.555107
vn 0.000000 0.831779 0.555107
vn 0.000000 0.831765 0.555128
vn 0.000000 0.831765 0.555128
vn 0.000000 0.000000 1.000000
vn 0.000000 0.000000 1.000000
vn 0.000000 0.000000 1.000000
vn 0.000000 0.000000 1.000000
vn -0.000000 -1.000000 0.000001
vn -0.000000 -1.000000 0.000001
vn -0.000000 -1.000000 0.000001
vn -0.000000 -1.000000 0.000001
vn -0.000000 -1.000000 0.000001
vn -0.000000 -1.000000 0.000001
vn -0.001318 0.000000 0.999999
vn -0.001682 0.001545 0.999997
vn -0.001466 0.000287 0.999999
vn -0.001709 -0.001561 0.999997
vn -0.001318 0.000000 0.999999
vn -0.001466 -0.000287 0.999999
vn 0.000000 0.831783 0.555100
vn 0.000000 0.831777 0.555110
vn 0.000000 0.831781 0.555104
vn 0.000000 0.831779 0.555106
vn 0.000000 0.831775 0.555113
vn 0.000000 0.831776 0.555112
vn 0.000000 0.831779 0.555107
vn 0.000000 0.831774 0.555115
vn 0.000000 0.831779 0.555106
vn 0.000000 0.831774 0.555114
vn 0.000000 0.831777 0.555109
vn 0.000000 0.831774 0.555115
vn 0.000000 0.831778 0.555108
vn 0.000000 0.831774 0.555115
vn -0.001147 0.001510 0.999998
vn -0.001195 -0.001544 0.999998
vn 0.000000 0.831766 0.555126
vn 0.000000 0.831767 0.555125
vn 0.000000 0.831765 0.555128
vn 0.000000 0.831764 0.555129
vn 0.000000 0.831767 0.555125
vn 0.000000 0.831766 0.555126
vn 0.000000 0.831767 0.555125
vn 0.000000 0.000000 1.000000
vn 0.000000 0.000000 1.000000
vn 0.000000 0.000000 1.000000
vn 0.000000 0.000000 1.000000
vn 0.000000 0.000000 1.000000
vn 0.000000 0.000000 1.000000
vn 0.000000 0.000000 1.000000
vn 0.000000 0.000000 1.000000
vn 0.000000 0.000000 1.000000
vn 0.000000 0.000000 1.000000
vn 0.000000 0.000000 1.000000
vn 0.000000 0.000000 1.000000
vn 0.000000 0.000000 1.000000
vn 0.000000 0.000000 1.000000
vn 0.000000 -1.000000 0.000001
vn 0.000000 -1.000000 0.000001
vn 0.000000 -1.000000 0.000001
vn 0.000000 -1.000000 0.000001
vn -0.000000 -1.000000 0.000001
vn -0.000000 -1.000000 0.000001
vn -0.000000 -1.000000 0.000001
vn -0.000000 -1.000000 0.000001
vn 0.000000 -1.000000 0.000002
vn 0.000000 -1.000000 0.000002
vn 0.000000 -1.000000 0.000001
vn 0.000000 -1.000000 0.000001
vn 0.000000 -1.000000 0.000002
vn 0.000000 -1.000000 0.000002
vn -0.000421 0.001286 0.999999
vn -0.000356 0.000757 1.000000
vn -0.000337 0.000705 1.000000
vn -0.000418 0.001175 0.999999
vn -0.000377 0.002083 0.999998
vn -0.000389 0.001960 0.999998
vn -0.000076 0.003076 0.999995
vn -0.000076 0.003076 0.999995
vn 0.000297 0.002663 0.999996
vn 0.000320 0.002570 0.999997
vn 0.000368 0.001293 0.999999
vn 0.000419 0.001433 0.999999
vn 0.000397 0.001372 0.999999
vn 0.000368 0.001293 0.999999
vn 0.000432 0.001993 0.999998
vn 0.000448 0.001881 0.999998
vn -0.000297 0.000321 1.000000
vn -0.000473 0.000688 1.000000
vn -0.000778 0.001196 0.999999
vn -0.000285 0.000289 1.000000
vn -0.000195 0.000093 1.000000
vn -0.000204 0.000107 1.000000
vn -0.000174 0.000059 1.000000
vn -0.000174 0.000059 1.000000
vn -0.000100 -0.000083 1.000000
vn -0.000076 -0.000056 1.000000
vn -0.000076 -0.000056 1.000000
vn -0.000107 -0.000090 1.000000
vn 0.000000 -0.000667 1.000000
vn -0.000059 -0.000416 1.000000
vn -0.000054 -0.000436 1.000000
vn -0.000109 -0.000301 1.000000
vn -0.000135 -0.000243 1.000000
vn -0.000329 0.001784 0.999998
vn -0.000329 0.001784 0.999998
vn -0.000329 0.001784 0.999998
vn -0.000329 0.001784 0.999998
vn 0.000563 -0.003932 0.999992
vn 0.000563 -0.003932 0.999992
vn 0.000563 -0.003932 0.999992
vn -0.000172 -0.000012 1.000000
vn -0.000172 -0.000012 1.000000
vn -0.000172 -0.000012 1.000000
vn -0.000172 -0.000012 1.000000
vn 0.000791 0.000000 1.000000
vn 0.000791 0.000000 1.000000
vn 0.000791 0.000000 1.000000
vn 0.000695 0.000550 1.000000
vn 0.000695 0.000550 1.000000
vn 0.000695 0.000550 1.000000
vn 0.000695 0.000550 1.000000
vn -0.004406 0.000001 0.999990
vn -0.004406 0.000001 0.999990
vn -0.004406 0.000000 0.999990
vn -0.004406 0.000000 0.999990
vn 0.000463 0.000061 1.000000
vn 0.000463 0.000062 1.000000
vn 0.000414 0.000175 1.000000
vn 0.000414 0.000175 1.000000
vn 0.001772 0.000001 0.999999
vn 0.001774 0.000001 0.999999
vn 0.001790 0.000001 0.999998
vn 0.001790 0.000001 0.999998
vn -0.000004 -0.000055 1.000000
vn -0.000022 -0.000062 1.000000
vn -0.000077 -0.000038 1.000000
vn -0.000005 -0.000018 1.000000
vn -0.000088 0.000052 1.000000
vn -0.000088 0.000052 1.000000
vn -0.000088 0.000052 1.000000
vn -0.000088 0.000052 1.000000
vn -0.000142 0.000060 1.000000
vn -0.000142 0.000060 1.000000
vn -0.000119 0.000019 1.000000
vn -0.000118 0.000017 1.000000
vn 0.000001 0.000001 1.000000
vn 0.000001 0.000003 1.000000
vn 0.000001 0.000002 1.000000
vn 0.000001 0.000001 1.000000
vn 0.000000 0.000001 1.000000
vn 1.000000 0.000000 0.000046
vn 1.000000 0.000000 0.000046
vn 1.000000 0.000000 0.000046
vn 1.000000 0.000000 0.000046
vn 0.000000 0.000000 1.000000
vn 0.000000 0.000000 1.000000
vn 0.000000 0.000000 1.000000
vn 0.000000 0.000000 1.000000
vn 0.000000 0.000000 1.000000
vn 0.000000 0.000000 1.000000
vn 0.000000 0.000000 1.000000
vn 0.000000 0.000000 1.000000
vn 0.000000 0.000000 1.000000
vn 0.000000 0.000000 1.000000
vn 0.000000 0.000000 1.000000
vn 0.000000 0.000000 1.000000
vn 0.000000 0.000000 1.000000
vn 0.000000 0.000000 1.000000
vn 0.000000 0.000000 1.000000
vn 0.000000 0.000000 1.000000
vn 0.000000 0.000000 1.000000
vn 0.000000 0.000000 1.000000
vn 0.000000 0.000000 1.000000
vn 0.000000 0.000000 1.000000
vn 0.000000 0.000000 1.000000
vn 0.000000 0.000000 1.000000
vn 0.000000 0.000000 1.000000
vn 0.000000 0.000000 1.000000
vn -1.000000 -0.000019 0.000036
vn -1.000000 -0.000019 0.000036
vn -1.000000 -0.000019 0.000036
vn -1.000000 -0.000019 0.000036
vn -1.000000 0.000051 -0.000004
vn -1.000000 0.000022 -0.000023
vn -1.000000 0.000034 -0.000044
vn -1.000000 0.000071 0.000000
vn -1.000000 0.000076 0.000000
vn -1.000000 0.000291 0.000000
vn -1.000000 0.000291 0.000000
vn -1.000000 0.000058 -0.000000
vn -1.000000 0.000061 0.000001
vn -1.000000 0.000037 0.000011
vn -1.000000 0.000041 -0.000000
vn 0.001793 0.000001 0.999998
vn 0.001793 0.000001 0.999998
vn 1.000000 0.000000 0.000000
vn 1.000000 0.000000 0.000000
vn 1.000000 0.000000 0.000000
vn 1.000000 0.000000 0.000000
vn -0.000000 0.000000 1.000000
vn -0.000000 0.000000 1.000000
vn -0.000000 0.000000 1.000000
vn -0.000000 0.000000 1.000000
vn -1.000000 0.000000 0.000000
vn -1.000000 0.000000 0.000000
vn -1.000000 0.000001 0.000000
vn -1.000000 0.000001 0.000000
vn 0.000578 0.000112 1.000000
vn 0.000575 0.000114 1.000000
vn 0.000493 0.000073 1.000000
vn 0.000487 0.000066 1.000000
vn -0.004408 0.000000 0.999990
vn -0.004408 0.000000 0.999990
vn -0.004407 0.000000 0.999990
vn -0.004406 0.000001 0.999990
vn 1.000000 0.000000 0.000065
vn 1.000000 0.000021 0.000055
vn 1.000000 0.000019 0.000036
vn 1.000000 0.000019 0.000036
vn 1.000000 0.000019 0.000036
vn 1.000000 0.000019 0.000036
vn 1.000000 0.000000 0.000000
vn 1.000000 0.000000 0.000000
vn 0.521388 0.853320 0.000000
vn 0.521388 0.853320 0.000000
vn 0.345178 0.938537 0.000000
vn 0.345178 0.938537 0.000000
vn 0.122286 0.992495 0.000000
vn 0.122286 0.992495 0.000000
vn -0.122288 0.992495 0.000000
vn -0.122288 0.992495 0.000000
vn -0.345177 0.938538 0.000000
vn -0.345177 0.938538 0.000000
vn -0.521399 0.853313 0.000000
vn -0.521399 0.853313 0.000000
vn -1.000000 0.000000 0.000000
vn -1.000000 0.000000 0.000000
vn -1.000000 0.000000 0.000041
vn -1.000000 0.000000 0.000041
vn -1.000000 0.000000 0.000041
vn -1.000000 0.000000 0.000041
vn -1.000000 0.000021 0.000050
vn -1.000000 0.000038 0.000057
vn -0.000087 -0.000041 1.000000
vn -0.000087 -0.000041 1.000000
vn 1.000000 0.000027 0.000052
vn 1.000000 0.000018 0.000052
vn 1.000000 0.000010 0.000052
vn -0.000000 0.000000 1.000000
vn 0.000000 0.000000 1.000000
vn 0.000000 0.000000 1.000000
vn 0.000000 0.000000 1.000000
vn 0.000000 0.000000 1.000000
vn 0.000000 0.000000 1.000000
vn 0.000000 0.000000 1.000000
vn -1.000000 0.000013 0.000056
vn -1.000000 0.000017 0.000053
vn -1.000000 0.000022 0.000049
vn 0.000000 0.000000 1.000000
vn 0.000000 0.000000 1.000000
vn 0.001781 0.000000 0.999998
vn 1.000000 -0.000009 0.000000
vn 1.000000 -0.000009 0.000000
vn 1.000000 -0.000009 0.000000
vn 1.000000 -0.000009 0.000000
vn -0.000000 0.000001 1.000000
vn -0.000000 0.000001 1.000000
vn -0.000000 0.000001 1.000000
vn -0.000000 0.000001 1.000000
vn -1.000000 0.000001 0.000000
vn -1.000000 0.000001 0.000000
vn -1.000000 0.000001 0.000000
vn -1.000000 0.000001 0.000000
vn 0.000709 0.000097 1.000000
vn 0.000701 0.000097 1.000000
vn 0.000632 0.000097 1.000000
vn 0.000637 0.000097 1.000000
vn -0.004298 -0.000103 0.999991
vn -0.004104 -0.000285 0.999992
vn -0.004408 0.000000 0.999990
vn -0.004408 0.000000 0.999990
vn 0.001453 -0.000286 0.999999
vn 0.001642 -0.000117 0.999999
vn 0.001771 0.000000 0.999998
vn 0.001771 -0.000000 0.999999
vn -0.000119 -0.000015 1.000000
vn -0.000117 -0.000015 1.000000
vn -0.000149 -0.000015 1.000000
vn -0.000150 -0.000015 1.000000
vn 1.000000 0.000019 0.000021
vn 1.000000 0.000019 0.000021
vn 1.000000 0.000019 0.000021
vn 1.000000 0.000019 0.000021
vn 1.000000 0.000019 0.000015
vn 1.000000 0.000019 0.000015
vn 1.000000 0.000019 0.000015
vn 1.000000 0.000019 0.000015
vn 0.000000 0.000000 1.000000
vn 0.000000 0.000000 1.000000
vn 0.000000 0.000000 1.000000
vn 0.000000 0.000000 1.000000
vn 0.000000 0.000000 1.000000
vn 0.000000 0.000000 1.000000
vn 0.000000 0.000000 1.000000
vn 0.000000 0.000000 1.000000
vn 0.000000 0.000000 1.000000
vn 0.000000 0.000000 1.000000
vn 0.000000 0.000000 1.000000
vn 0.000000 0.000000 1.000000
vn 0.000000 0.000000 1.000000
vn 0.000000 0.000000 1.000000
vn 0.000000 0.000000 1.000000
vn 0.000000 0.000000 1.000000
vn 0.000000 0.000000 1.000000
vn 0.000000 0.000000 1.000000
vn 0.000000 0.000000 1.000000
vn 0.000000 0.000000 1.000000
vn 0.000000 0.000000 1.000000
vn 0.000000 0.000000 1.000000
vn 0.000000 0.000000 1.000000
vn 0.000000 0.000000 1.000000
vn -1.000000 0.000000 0.000021
vn -1.000000 0.000000 0.000021
vn -1.000000 0.000000 0.000021
vn -1.000000 0.000000 0.000021
vn -1.000000 0.000019 0.000021
vn -1.000000 0.000019 0.000021
vn -1.000000 0.000019 0.000021
vn -1.000000 0.000019 0.000021
vn 0.000000 -0.000001 1.000000
vn 0.000000 -0.000001 1.000000
vn 0.000000 0.000000 1.000000
vn 0.000000 0.000000 1.000000
vn -1.000000 0.000015 -0.000035
vn -1.000000 0.000015 -0.000035
vn -1.000000 0.000018 -0.000009
vn -1.000000 0.000018 -0.000009
vn -1.000000 0.000007 0.000000
vn -1.000000 0.000007 0.000010
vn -1.000000 0.000014 0.000005
vn -1.000000 0.000014 0.000000
vn 0.000000 0.000000 1.000000
vn 0.000000 0.000000 1.000000
vn -1.000000 0.000001 0.000000
vn -1.000000 0.000001 0.000000
vn 0.000740 0.000097 1.000000
vn 0.000740 0.000097 1.000000
vn -0.003995 -0.000388 0.999992
vn -0.003995 -0.000388 0.999992
vn 0.001366 -0.000364 0.999999
vn 0.001366 -0.000364 0.999999
vn -0.000163 -0.000014 1.000000
vn -0.000163 -0.000014 1.000000
vn 1.000000 0.000038 0.000005
vn 1.000000 0.000038 0.000005
vn 1.000000 0.000038 0.000005
vn 1.000000 0.000038 0.000005
vn 1.000000 0.000000 0.000005
vn 1.000000 0.000000 0.000005
vn 1.000000 0.000000 0.000005
vn 1.000000 0.000000 0.000005
vn 0.000000 0.000000 1.000000
vn 0.000000 0.000000 1.000000
vn 0.000000 0.000000 1.000000
vn 0.000000 0.000000 1.000000
vn 0.000000 0.000000 1.000000
vn 0.000000 0.000000 1.000000
vn 0.000000 0.000000 1.000000
vn 0.000000 0.000000 1.000000
vn 0.000000 0.000000 1.000000
vn 0.000000 0.000000 1.000000
vn 0.000000 0.000000 1.000000
vn 0.000000 0.000000 1.000000
vn 0.000000 0.000000 1.000000
vn 0.000000 0.000000 1.000000
vn 0.000000 0.000000 1.000000
vn 0.000000 0.000000 1.000000
vn 0.000000 0.000000 1.000000
vn 0.000000 0.000000 1.000000
vn 0.000000 0.000000 1.000000
vn 0.000000 0.000000 1.000000
vn 0.000000 0.000000 1.000000
vn 0.000000 0.000000 1.000000
vn 0.000000 0.000000 1.000000
vn 0.000000 0.000000 1.000000
vn -1.000000 0.000019 0.000005
vn -1.000000 0.000019 0.000005
vn -1.000000 0.000019 0.000005
vn -1.000000 0.000019 0.000005
vn -1.000000 0.000038 0.000010
vn -1.000000 0.000038 0.000010
vn -1.000000 0.000038 0.000010
vn -1.000000 0.000038 0.000010
vn 0.000000 0.000000 1.000000
vn 0.000000 0.000000 1.000000
vn -1.000000 0.000018 -0.000005
vn -1.000000 0.000018 -0.000005
vn -1.000000 0.000018 0.000002
vn -1.000000 0.000018 0.000000
vn 1.000000 0.000038 0.000026
vn 1.000000 0.000038 0.000026
vn 1.000000 0.000038 0.000026
vn 1.000000 0.000038 0.000026
vn 1.000000 0.000019 0.000031
vn 1.000000 0.000019 0.000031
vn 1.000000 0.000019 0.000031
vn 1.000000 0.000019 0.000031
vn 0.000000 0.000000 1.000000
vn 0.000000 0.000000 1.000000
vn 0.000000 0.000000 1.000000
vn 0.000000 0.000000 1.000000
vn 0.000000 0.000000 1.000000
vn 0.000000 0.000000 1.000000
vn 0.000000 0.000000 1.000000
vn 0.000000 0.000000 1.000000
vn 0.000000 0.000000 1.000000
vn 0.000000 0.000000 1.000000
vn 0.000000 0.000000 1.000000
vn 0.000000 0.000000 1.000000
vn 0.000000 0.000000 1.000000
vn 0.000000 0.000000 1.000000
vn 0.000000 0.000000 1.000000
vn 0.000000 0.000000 1.000000
vn 0.000000 0.000000 1.000000
vn 0.000000 0.000000 1.000000
vn 0.000000 0.000000 1.000000
vn 0.000000 0.000000 1.000000
vn 0.000000 0.000000 1.000000
vn 0.000000 0.000000 1.000000
vn 0.000000 0.000000 1.000000
vn 0.000000 0.000000 1.000000
vn -1.000000 0.000019 0.000036
vn -1.000000 0.000019 0.000036
vn -1.000000 0.000019 0.000036
vn -1.000000 0.000019 0.000036
vn -1.000000 0.000000 0.000021
vn -1.000000 0.000000 0.000021
vn -1.000000 0.000000 0.000021
vn -1.000000 0.000000 0.000021
vn 0.640692 -0.767798 0.000000
vn 0.640692 -0.767798 0.000000
vn 0.640692 -0.767798 0.000000
vn 0.640692 -0.767798 0.000000
vn 0.000000 0.000000 1.000000
vn 0.000000 0.000000 1.000000
vn 0.000000 0.000000 1.000000
vn 0.000000 0.000000 1.000000
vn -0.640692 0.767798 0.000000
vn -0.640692 0.767798 0.000000
vn -0.640692 0.767798 0.000000
vn -0.640692 0.767798 0.000000
vn 0.640692 -0.767798 0.000000
vn 0.640692 -0.767798 0.000000
vn 0.640692 -0.767798 0.000000
vn 0.640692 -0.767798 0.000000
vn -0.640692 0.767798 0.000000
vn -0.640692 0.767798 0.000000
vn -0.640692 0.767798 0.000000
vn -0.640692 0.767798 0.000000
vn -0.608639 -0.793448 -0.000002
vn -0.608639 -0.793448 -0.000002
vn -0.608639 -0.793448 -0.000002
vn -0.608639 -0.793448 -0.000002
vn 0.608639 0.793448 0.000000
vn 0.608639 0.793448 0.000000
vn 0.608639 0.793448 0.000000
vn 0.608639 0.793448 0.000000
vn -0.000009 0.000000 1.000000
vn -0.000009 0.000000 1.000000
vn -0.000009 0.000000 1.000000
vn -0.000009 0.000000 1.000000
vn -0.608645 -0.793443 0.000002
vn -0.608645 -0.793443 0.000002
vn -0.608645 -0.793443 0.000002
vn -0.608645 -0.793443 0.000002
vn 0.608639 0.793448 0.000000
vn 0.608639 0.793448 0.000000
vn 0.608639 0.793448 0.000000
vn 0.608639 0.793448 0.000000
vn 1.000000 -0.000034 0.000026
vn 1.000000 -0.000034 0.000026
vn 1.000000 0.000017 0.000028
vn 1.000000 0.000055 0.000021
vn 1.000000 0.000010 0.000021
vn 1.000000 0.000055 0.000021
vn -0.000004 0.000000 1.000000
vn 0.000007 0.000000 1.000000
vn -0.000002 0.000000 1.000000
vn -0.000004 0.000000 1.000000
vn 0.000001 0.000000 1.000000
vn 0.000007 0.000000 1.000000
vn -0.000004 0.000000 1.000000
vn 0.000007 0.000000 1.000000
vn -0.000004 0.000000 1.000000
vn 0.000001 0.000000 1.000000
vn 0.000007 0.000000 1.000000
vn -0.000004 0.000000 1.000000
vn 0.000007 0.000000 1.000000
vn -0.000004 0.000000 1.000000
vn 0.000001 0.000000 1.000000
vn 0.000007 0.000000 1.000000
vn -0.000004 0.000000 1.000000
vn 0.000007 0.000000 1.000000
vn -0.000004 0.000000 1.000000
vn 0.000001 0.000000 1.000000
vn 0.000007 0.000000 1.000000
vn -0.000004 0.000000 1.000000
vn 0.000007 0.000000 1.000000
vn -0.000004 0.000000 1.000000
vn 0.000001 0.000000 1.000000
vn 0.000007 0.000000 1.000000
vn -0.000004 0.000000 1.000000
vn 0.000007 0.000000 1.000000
vn -0.000004 0.000000 1.000000
vn 0.000004 0.000000 1.000000
vn 0.000007 0.000000 1.000000
vn -1.000000 0.000017 0.000028
vn -1.000000 0.000049 0.000032
vn -1.000000 0.000061 0.000035
vn -1.000000 0.000048 0.000035
vn -1.000000 0.000041 0.000041
vn -1.000000 0.000027 0.000041
vn 1.000000 0.000024 0.000035
vn 1.000000 0.000020 0.000035
vn 1.000000 0.000027 0.000035
vn 1.000000 0.000055 0.000041
vn 1.000000 0.000061 0.000041
vn -1.000000 0.000055 0.000046
vn -1.000000 0.000075 0.000046
vn -1.000000 0.000075 0.000035
vn -1.000000 0.000092 0.000035
vn -1.000000 0.000095 0.000035
vn 1.000000 0.000030 0.000007
vn 1.000000 0.000014 0.000005
vn 1.000000 0.000020 0.000005
vn 1.000000 0.000027 0.000005
vn 1.000000 0.000015 0.000017
vn 1.000000 0.000020 0.000016
vn 1.000000 0.000024 0.000023
vn 1.000000 0.000027 0.000016
vn 1.000000 0.000003 0.000010
vn 1.000000 -0.000027 0.000010
vn 1.000000 -0.000034 0.000010
vn 1.000000 0.000041 0.000005
vn 1.000000 0.000000 0.000005
vn 1.000000 0.000034 0.000005
vn 0.000000 0.000000 1.000000
vn -0.000004 0.000000 1.000000
vn -0.000007 0.000000 1.000000
vn 0.000007 0.000000 1.000000
vn -0.000004 0.000000 1.000000
vn -0.000007 0.000000 1.000000
vn 0.000000 0.000000 1.000000
vn 0.000007 0.000000 1.000000
vn 0.000000 0.000000 1.000000
vn -0.000007 0.000000 1.000000
vn 0.000007 0.000000 1.000000
vn -0.000007 0.000000 1.000000
vn 0.000000 0.000000 1.000000
vn 0.000007 0.000000 1.000000
vn 0.000000 0.000000 1.000000
vn -0.000007 0.000000 1.000000
vn 0.000007 0.000000 1.000000
vn -0.000007 0.000000 1.000000
vn 0.000000 0.000000 1.000000
vn 0.000007 0.000000 1.000000
vn 0.000000 0.000000 1.000000
vn -0.000007 0.000000 1.000000
vn 0.000007 0.000000 1.000000
vn -0.000007 0.000000 1.000000
vn 0.000000 0.000000 1.000000
vn 0.000007 0.000000 1.000000
vn 0.000000 0.000000 1.000000
vn -0.000007 0.000000 1.000000
vn 0.000007 0.000000 1.000000
vn -0.000007 0.000000 1.000000
vn 0.000000 0.000000 1.000000
vn 0.000007 0.000000 1.000000
vn 0.000004 0.000000 1.000000
vn -0.000007 0.000000 1.000000
vn 0.000007 0.000000 1.000000
vn -0.000007 0.000000 1.000000
vn 0.000004 0.000000 1.000000
vn 0.000007 0.000000 1.000000
vn -1.000000 -0.000003 0.000005
vn -1.000000 0.000005 0.000008
vn -1.000000 0.000007 0.000005
vn -1.000000 -0.000007 0.000005
vn -1.000000 0.000014 0.000017
vn -1.000000 0.000000 0.000016
vn -1.000000 -0.000010 0.000016
vn -1.000000 -0.000014 0.000016
vn -1.000000 0.000034 0.000018
vn -1.000000 0.000048 0.000010
vn -1.000000 0.000041 0.000010
vn -1.000000 0.000014 0.000010
vn -1.000000 0.000007 0.000010
vn -1.000000 0.000007 0.000010
vn 1.000000 0.000010 0.000002
vn 1.000000 0.000027 -0.000012
vn 1.000000 0.000016 -0.000040
vn 1.000000 0.000036 0.000009
vn 1.000000 0.000016 -0.000040
vn 1.000000 0.000016 -0.000040
vn 1.000000 0.000016 -0.000040
vn 1.000000 0.000016 -0.000040
vn 1.000000 -0.000036 0.000000
vn 1.000000 -0.000036 0.000000
vn 1.000000 -0.000036 0.000000
vn 1.000000 -0.000036 0.000000
vn 1.000000 -0.000034 0.000022
vn 1.000000 -0.000034 0.000005
vn 1.000000 0.000007 0.000020
vn 1.000000 0.000007 0.000003
vn 1.000000 0.000007 0.000003
vn 0.000000 0.000000 1.000000
vn 0.000000 0.000000 1.000000
vn 0.000000 0.000000 1.000000
vn 0.000000 0.000000 1.000000
vn 0.000000 0.000000 1.000000
vn 0.000000 0.000000 1.000000
vn 0.000000 0.000000 1.000000
vn 0.000000 0.000000 1.000000
vn 0.000000 0.000000 1.000000
vn 0.000000 0.000000 1.000000
vn 0.000000 0.000000 1.000000
vn 0.000000 0.000000 1.000000
vn 0.000000 0.000000 1.000000
vn 0.000000 0.000000 1.000000
vn 0.000000 0.000000 1.000000
vn 0.000000 0.000000 1.000000
vn 0.000000 0.000000 1.000000
vn 0.000000 0.000000 1.000000
vn 0.000000 0.000000 1.000000
vn 0.000000 0.000000 1.000000
vn 0.000000 0.000000 1.000000
vn 0.000000 0.000000 1.000000
vn 0.000000 0.000000 1.000000
vn 0.000000 0.000000 1.000000
vn 0.000000 0.000000 1.000000
vn 0.000000 0.000000 1.000000
vn 0.000000 0.000000 1.000000
vn 0.000000 0.000000 1.000000
vn 0.000000 0.000000 1.000000
vn 0.000000 0.000000 1.000000
vn 0.000000 0.000000 1.000000
vn -1.000000 -0.000000 0.000000
vn -1.000000 0.000007 0.000005
vn -1.000000 0.000000 0.000000
vn -1.000000 0.000000 0.000005
vn -1.000000 -0.000007 0.000000
vn -1.000000 -0.000007 0.000000
vn -1.000000 -0.000007 0.000010
vn -1.000000 0.000007 0.000010
vn -1.000000 0.000000 0.000000
vn -1.000000 -0.000012 0.000000
vn -1.000000 -0.000012 0.000000
vn -1.000000 0.000048 0.000000
vn -1.000000 0.000048 0.000000
vn 1.000000 0.000014 0.000030
vn 1.000000 0.000020 0.000030
vn 1.000000 0.000014 0.000035
vn 1.000000 0.000020 0.000035
vn 1.000000 -0.000020 0.000021
vn 1.000000 -0.000034 0.000021
vn 1.000000 0.000055 0.000010
vn 1.000000 0.000041 0.000010
vn 0.000000 0.000000 1.000000
vn 0.000000 0.000000 1.000000
vn 0.000000 0.000000 1.000000
vn 0.000000 0.000000 1.000000
vn 0.000000 0.000000 1.000000
vn 0.000000 0.000000 1.000000
vn 0.000000 0.000000 1.000000
vn 0.000000 0.000000 1.000000
vn 0.000000 0.000000 1.000000
vn 0.000000 0.000000 1.000000
vn 0.000000 0.000000 1.000000
vn 0.000000 0.000000 1.000000
vn 0.000000 0.000000 1.000000
vn 0.000000 0.000000 1.000000
vn 0.000000 0.000000 1.000000
vn 0.000000 0.000000 1.000000
vn 0.000000 0.000000 1.000000
vn 0.000000 0.000000 1.000000
vn 0.000000 0.000000 1.000000
vn 0.000000 0.000000 1.000000
vn 0.000000 0.000000 1.000000
vn 0.000000 0.000000 1.000000
vn 0.000000 0.000000 1.000000
vn 0.000000 0.000000 1.000000
vn -1.000000 -0.000007 0.000016
vn -1.000000 -0.000007 0.000016
vn -1.000000 -0.000014 0.000021
vn -1.000000 -0.000014 0.000021
vn -1.000000 0.000075 0.000035
vn -1.000000 0.000089 0.000035
vn -1.000000 0.000014 0.000025
vn -1.000000 0.000027 0.000025
vn 0.000000 1.000000 0.000000
vn 0.000000 1.000000 0.000000
vn 0.000000 1.000000 0.000000
vn 0.000000 1.000000 0.000000
vn -0.000046 -0.000000 1.000000
vn -0.000046 -0.000000 1.000000
vn -0.000046 -0.000000 1.000000
vn -0.000046 -0.000000 1.000000
vn 0.000000 -1.000000 0.000000
vn 0.000000 -1.000000 0.000000
vn 0.000000 -1.000000 0.000000
vn 0.000000 -1.000000 0.000000
vn 0.000046 0.000000 -1.000000
vn 0.000046 0.000000 -1.000000
vn 0.000046 0.000000 -1.000000
vn 0.000046 0.000000 -1.000000
vn 0.000000 1.000000 0.000000
vn 0.000000 1.000000 0.000000
vn 0.000000 1.000000 0.000000
vn 0.000000 1.000000 0.000000
vn -1.000000 0.000000 0.000000
vn -1.000000 0.000000 0.000000
vn -1.000000 0.000000 0.000000
vn -1.000000 0.000000 0.000000
vn 0.000000 -1.000000 0.000000
vn 0.000000 -1.000000 0.000000
vn 0.000000 -1.000000 0.000000
vn 0.000000 -1.000000 0.000000
vn 1.000000 0.000000 0.000000
vn 1.000000 0.000000 0.000000
vn 1.000000 0.000000 0.000000
vn 1.000000 0.000000 0.000000
vn 0.000000 1.000000 0.000000
vn 0.000000 1.000000 0.000000
vn 0.000000 1.000000 0.000000
vn 0.000000 1.000000 0.000000
vn -1.000000 0.000000 0.000000
vn -1.000000 0.000000 0.000000
vn -1.000000 0.000000 0.000000
vn -1.000000 0.000000 0.000000
vn 0.000000 -1.000000 0.000000
vn 0.000000 -1.000000 0.000000
vn 0.000000 -1.000000 0.000000
vn 0.000000 -1.000000 0.000000
vn 1.000000 0.000000 0.000000
vn 1.000000 0.000000 0.000000
vn 1.000000 0.000000 0.000000
vn 1.000000 0.000000 0.000000
vn 0.000000 1.000000 0.000000
vn 0.000000 1.000000 0.000000
vn 0.000000 1.000000 0.000000
vn 0.000000 1.000000 0.000000
vn -1.000000 0.000000 0.000000
vn -1.000000 0.000000 0.000000
vn -1.000000 0.000000 0.000000
vn -1.000000 0.000000 0.000000
vn 0.000000 -1.000000 0.000000
vn 0.000000 -1.000000 0.000000
vn 0.000000 -1.000000 0.000000
vn 0.000000 -1.000000 0.000000
vn 1.000000 0.000000 0.000000
vn 1.000000 0.000000 0.000000
vn 1.000000 0.000000 0.000000
vn 1.000000 0.000000 0.000000
vn 0.000000 1.000000 0.000000
vn 0.000000 1.000000 0.000000
vn 0.000000 1.000000 0.000000
vn 0.000000 1.000000 0.000000
vn -1.000000 0.000000 0.000000
vn -1.000000 0.000000 0.000000
vn -1.000000 0.000000 0.000000
vn -1.000000 0.000000 0.000000
vn 0.000000 -1.000000 0.000000
vn 0.000000 -1.000000 0.000000
vn 0.000000 -1.000000 0.000000
vn 0.000000 -1.000000 0.000000
vn 1.000000 0.000000 0.000000
vn 1.000000 0.000000 0.000000
vn 1.000000 0.000000 0.000000
vn 1.000000 0.000000 0.000000
vn 0.000000 1.000000 0.000000
vn 0.000000 1.000000 0.000000
vn 0.000000 1.000000 0.000000
vn 0.000000 1.000000 0.000000
vn -1.000000 0.000000 0.000000
vn -1.000000 0.000000 0.000000
vn -1.000000 0.000000 0.000000
vn -1.000000 0.000000 0.000000
vn 0.000000 -1.000000 0.000000
vn 0.000000 -1.000000 0.000000
vn 0.000000 -1.000000 0.000000
vn 0.000000 -1.000000 0.000000
vn 1.000000 0.000000 0.000000
vn 1.000000 0.000000 0.000000
vn 1.000000 0.000000 0.000000
vn 1.000000 0.000000 0.000000
vn 0.000000 1.000000 0.000000
vn 0.000000 1.000000 0.000000
vn 0.000000 1.000000 0.000000
vn 0.000000 1.000000 0.000000
vn -1.000000 0.000000 0.000000
vn -1.000000 0.000000 0.000000
vn -1.000000 0.000000 0.000000
vn -1.000000 0.000000 0.000000
vn 0.000000 -1.000000 0.000000
vn 0.000000 -1.000000 0.000000
vn 0.000000 -1.000000 0.000000
vn 0.000000 -1.000000 0.000000
vn 1.000000 0.000000 0.000000
vn 1.000000 0.000000 0.000000
vn 1.000000 0.000000 0.000000
vn 1.000000 0.000000 0.000000
vn 0.000018 -1.000000 0.000000
vn 0.000018 -1.000000 0.000000
vn 0.000018 -1.000000 0.000000
vn 0.000018 -1.000000 0.000000
vn 0.000051 0.000000 1.000000
vn 0.000051 0.000000 1.000000
vn 0.000051 0.000000 1.000000
vn 0.000051 0.000000 1.000000
vn -0.000018 1.000000 0.000000
vn -0.000018 1.000000 0.000000
vn -0.000018 1.000000 0.000000
vn -0.000018 1.000000 0.000000
vn -0.000037 -0.000000 -1.000000
vn -0.000037 -0.000000 -1.000000
vn -0.000037 -0.000000 -1.000000
vn -0.000037 -0.000000 -1.000000
vn -0.000000 -1.000000 0.000000
vn -0.000000 -1.000000 0.000000
vn -0.000000 -1.000000 0.000000
vn -0.000000 -1.000000 0.000000
vn 0.000046 0.000000 -1.000000
vn 0.000046 0.000000 -1.000000
vn 0.000046 0.000000 -1.000000
vn 0.000046 0.000000 -1.000000
vn 0.000000 1.000000 0.000000
vn 0.000000 1.000000 0.000000
vn 0.000000 1.000000 0.000000
vn 0.000000 1.000000 0.000000
vn -0.000046 -0.000000 1.000000
vn -0.000046 -0.000000 1.000000
vn -0.000046 -0.000000 1.000000
vn -0.000046 -0.000000 1.000000
vn 0.000000 1.000000 0.000000
vn 0.000000 1.000000 0.000000
vn 0.000000 1.000000 0.000000
vn 0.000000 1.000000 0.000000
vn -0.000046 0.000000 -1.000000
vn -0.000046 0.000000 -1.000000
vn -0.000046 0.000000 -1.000000
vn -0.000046 0.000000 -1.000000
vn 0.000000 -1.000000 0.000000
vn 0.000000 -1.000000 0.000000
vn 0.000000 -1.000000 0.000000
vn 0.000000 -1.000000 0.000000
vn 0.000046 -0.000000 1.000000
vn 0.000046 -0.000000 1.000000
vn 0.000046 -0.000000 1.000000
vn 0.000046 -0.000000 1.000000
vn 0.000018 -1.000000 0.000000
vn 0.000018 -1.000000 0.000000
vn 0.000018 -1.000000 0.000000
vn 0.000018 -1.000000 0.000000
vn 0.000001 0.000000 -1.000000
vn 0.000001 0.000000 -1.000000
vn 0.000001 0.000000 -1.000000
vn 0.000001 0.000000 -1.000000
vn -0.000018 1.000000 -0.000001
vn -0.000018 1.000000 -0.000001
vn -0.000018 1.000000 -0.000001
vn -0.000018 1.000000 -0.000001
vn 0.000003 0.000000 1.000000
vn 0.000003 0.000000 1.000000
vn 0.000003 0.000000 1.000000
vn 0.000003 0.000000 1.000000
vn -0.000018 1.000000 0.000000
vn -0.000018 1.000000 0.000000
vn -0.000018 1.000000 0.000000
vn -0.000018 1.000000 0.000000
vn -0.000006 0.000000 1.000000
vn -0.000006 0.000000 1.000000
vn -0.000006 0.000000 1.000000
vn -0.000006 0.000000 1.000000
vn 0.000018 -1.000000 0.000000
vn 0.000018 -1.000000 0.000000
vn 0.000018 -1.000000 0.000000
vn 0.000018 -1.000000 0.000000
vn -0.000008 0.000000 -1.000000
vn -0.000008 0.000000 -1.000000
vn -0.000008 0.000000 -1.000000
vn -0.000008 0.000000 -1.000000
vn 0.000000 1.000000 0.000000
vn 0.000000 1.000000 0.000000
vn 0.000000 1.000000 0.000000
vn 0.000000 1.000000 0.000000
vn -1.000000 0.000000 0.000000
vn -1.000000 0.000000 0.000000
vn -1.000000 0.000000 0.000000
vn -1.000000 0.000000 0.000000
vn 0.000000 -1.000000 0.000000
vn 0.000000 -1.000000 0.000000
vn 0.000000 -1.000000 0.000000
vn 0.000000 -1.000000 0.000000
vn 1.000000 0.000000 0.000000
vn 1.000000 0.000000 0.000000
vn 1.000000 0.000000 0.000000
vn 1.000000 0.000000 0.000000
vn 0.000000 1.000000 0.000000
vn 0.000000 1.000000 0.000000
vn 0.000000 1.000000 0.000000
vn 0.000000 1.000000 0.000000
vn -1.000000 0.000000 0.000000
vn -1.000000 0.000000 0.000000
vn -1.000000 0.000000 0.000000
vn -1.000000 0.000000 0.000000
vn 0.000000 -1.000000 0.000000
vn 0.000000 -1.000000 0.000000
vn 0.000000 -1.000000 0.000000
vn 0.000000 -1.000000 0.000000
vn 1.000000 0.000000 0.000000
vn 1.000000 0.000000 0.000000
vn 1.000000 0.000000 0.000000
vn 1.000000 0.000000 0.000000
vn 0.000000 1.000000 0.000000
vn 0.000000 1.000000 0.000000
vn 0.000000 1.000000 0.000000
vn 0.000000 1.000000 0.000000
vn -1.000000 0.000000 0.000000
vn -1.000000 0.000000 0.000000
vn -1.000000 0.000000 0.000000
vn -1.000000 0.000000 0.000000
vn 0.000000 -1.000000 0.000000
vn 0.000000 -1.000000 0.000000
vn 0.000000 -1.000000 0.000000
vn 0.000000 -1.000000 0.000000
vn 1.000000 0.000000 0.000000
vn 1.000000 0.000000 0.000000
vn 1.000000 0.000000 0.000000
vn 1.000000 0.000000 0.000000
vn 0.000000 1.000000 0.000000
vn 0.000000 1.000000 0.000000
vn 0.000000 1.000000 0.000000
vn 0.000000 1.000000 0.000000
vn -1.000000 0.000000 0.000000
vn -1.000000 0.000000 0.000000
vn -1.000000 0.000000 0.000000
vn -1.000000 0.000000 0.000000
vn 0.000000 -1.000000 0.000000
vn 0.000000 -1.000000 0.000000
vn 0.000000 -1.000000 0.000000
vn 0.000000 -1.000000 0.000000
vn 1.000000 0.000000 0.000000
vn 1.000000 0.000000 0.000000
vn 1.000000 0.000000 0.000000
vn 1.000000 0.000000 0.000000
vn 0.000000 1.000000 0.000000
vn 0.000000 1.000000 0.000000
vn 0.000000 1.000000 0.000000
vn 0.000000 1.000000 0.000000
vn -1.000000 0.000000 0.000000
vn -1.000000 0.000000 0.000000
vn -1.000000 0.000000 0.000000
vn -1.000000 0.000000 0.000000
vn 0.000000 -1.000000 0.000000
vn 0.000000 -1.000000 0.000000
vn 0.000000 -1.000000 0.000000
vn 0.000000 -1.000000 0.000000
vn 1.000000 0.000000 0.000000
vn 1.000000 0.000000 0.000000
vn 1.000000 0.000000 0.000000
vn 1.000000 0.000000 0.000000
vn 0.000000 1.000000 0.000000
vn 0.000000 1.000000 0.000000
vn 0.000000 1.000000 0.000000
vn 0.000000 1.000000 0.000000
vn -1.000000 0.000000 0.000000
vn -1.000000 0.000000 0.000000
vn -1.000000 0.000000 0.000000
vn -1.000000 0.000000 0.000000
vn 0.000000 -1.000000 0.000000
vn 0.000000 -1.000000 0.000000
vn 0.000000 -1.000000 0.000000
vn 0.000000 -1.000000 0.000000
vn 1.000000 0.000000 0.000000
vn 1.000000 0.000000 0.000000
vn 1.000000 0.000000 0.000000
vn 1.000000 0.000000 0.000000
vn 0.000000 -1.000000 0.000000
vn 0.000000 -1.000000 0.000000
vn 0.000000 -1.000000 0.000000
vn 0.000000 -1.000000 0.000000
vn 0.000000 0.000000 1.000000
vn 0.000000 0.000000 1.000000
vn 0.000000 0.000000 1.000000
vn 0.000000 0.000000 1.000000
vn 0.000000 1.000000 0.000000
vn 0.000000 1.000000 0.000000
vn 0.000000 1.000000 0.000000
vn 0.000000 1.000000 0.000000
vn 0.000000 0.000000 -1.000000
vn 0.000000 0.000000 -1.000000
vn 0.000000 0.000000 -1.000000
vn 0.000000 0.000000 -1.000000
vn 0.000018 1.000000 0.000000
vn 0.000018 1.000000 0.000000
vn 0.000018 1.000000 0.000000
vn 0.000018 1.000000 0.000000
vn 0.000001 0.000000 -1.000000
vn 0.000001 0.000000 -1.000000
vn 0.000001 0.000000 -1.000000
vn 0.000001 0.000000 -1.000000
vn -0.000018 -1.000000 0.000000
vn -0.000018 -1.000000 0.000000
vn -0.000018 -1.000000 0.000000
vn -0.000018 -1.000000 0.000000
vn 0.000003 0.000000 1.000000
vn 0.000003 0.000000 1.000000
vn 0.000003 0.000000 1.000000
vn 0.000003 0.000000 1.000000
vn 0.000002 0.000000 -1.000000
vn 0.000002 0.000000 -1.000000
vn 0.000002 0.000000 -1.000000
vn 0.000002 0.000000 -1.000000
vn -0.000037 1.000000 0.000000
vn -0.000037 1.000000 0.000000
vn -0.000037 1.000000 0.000000
vn -0.000037 1.000000 0.000000
vn 0.000007 0.000000 1.000000
vn 0.000007 0.000000 1.000000
vn 0.000007 0.000000 1.000000
vn 0.000007 0.000000 1.000000
vn 0.000040 -1.000000 0.000000
vn 0.000040 -1.000000 0.000000
vn 0.000040 -1.000000 0.000000
vn 0.000040 -1.000000 0.000000
vn 0.000000 1.000000 0.000000
vn 0.000000 1.000000 0.000000
vn 0.000000 1.000000 0.000000
vn 0.000000 1.000000 0.000000
vn 0.000000 0.000000 1.000000
vn 0.000000 0.000000 1.000000
vn 0.000000 0.000000 1.000000
vn 0.000000 0.000000 1.000000
vn 0.000000 -1.000000 0.000000
vn 0.000000 -1.000000 0.000000
vn 0.000000 -1.000000 0.000000
vn 0.000000 -1.000000 0.000000
vn 0.000000 0.000000 -1.000000
vn 0.000000 0.000000 -1.000000
vn 0.000000 0.000000 -1.000000
vn 0.000000 0.000000 -1.000000
vn 0.000000 1.000000 0.000000
vn 0.000000 1.000000 0.000000
vn 0.000000 1.000000 0.000000
vn 0.000000 1.000000 0.000000
vn -1.000000 0.000000 0.000000
vn -1.000000 0.000000 0.000000
vn -1.000000 0.000000 0.000000
vn -1.000000 0.000000 0.000000
vn 0.000000 -1.000000 0.000000
vn 0.000000 -1.000000 0.000000
vn 0.000000 -1.000000 0.000000
vn 0.000000 -1.000000 0.000000
vn 1.000000 0.000000 0.000000
vn 1.000000 0.000000 0.000000
vn 1.000000 0.000000 0.000000
vn 1.000000 0.000000 0.000000
vn 0.000000 1.000000 0.000000
vn 0.000000 1.000000 0.000000
vn 0.000000 1.000000 0.000000
vn 0.000000 1.000000 0.000000
vn -1.000000 0.000000 0.000000
vn -1.000000 0.000000 0.000000
vn -1.000000 0.000000 0.000000
vn -1.000000 0.000000 0.000000
vn 0.000000 -1.000000 0.000000
vn 0.000000 -1.000000 0.000000
vn 0.000000 -1.000000 0.000000
vn 0.000000 -1.000000 0.000000
vn 1.000000 0.000000 0.000000
vn 1.000000 0.000000 0.000000
vn 1.000000 0.000000 0.000000
vn 1.000000 0.000000 0.000000
vn 0.000000 1.000000 0.000000
vn 0.000000 1.000000 0.000000
vn 0.000000 1.000000 0.000000
vn 0.000000 1.000000 0.000000
vn -1.000000 0.000000 0.000000
vn -1.000000 0.000000 0.000000
vn -1.000000 0.000000 0.000000
vn -1.000000 0.000000 0.000000
vn 0.000000 -1.000000 0.000000
vn 0.000000 -1.000000 0.000000
vn 0.000000 -1.000000 0.000000
vn 0.000000 -1.000000 0.000000
vn 1.000000 0.000000 0.000000
vn 1.000000 0.000000 0.000000
vn 1.000000 0.000000 0.000000
vn 1.000000 0.000000 0.000000
vn 0.000000 1.000000 0.000000
vn 0.000000 1.000000 0.000000
vn 0.000000 1.000000 0.000000
vn 0.000000 1.000000 0.000000
vn -1.000000 0.000000 0.000000
vn -1.000000 0.000000 0.000000
vn -1.000000 0.000000 0.000000
vn -1.000000 0.000000 0.000000
vn 0.000000 -1.000000 0.000000
vn 0.000000 -1.000000 0.000000
vn 0.000000 -1.000000 0.000000
vn 0.000000 -1.000000 0.000000
vn 1.000000 0.000000 0.000000
vn 1.000000 0.000000 0.000000
vn 1.000000 0.000000 0.000000
vn 1.000000 0.000000 0.000000
vn 0.000000 1.000000 0.000000
vn 0.000000 1.000000 0.000000
vn 0.000000 1.000000 0.000000
vn 0.000000 1.000000 0.000000
vn -1.000000 0.000000 0.000000
vn -1.000000 0.000000 0.000000
vn -1.000000 0.000000 0.000000
vn -1.000000 0.000000 0.000000
vn 0.000000 -1.000000 0.000000
vn 0.000000 -1.000000 0.000000
vn 0.000000 -1.000000 0.000000
vn 0.000000 -1.000000 0.000000
vn 1.000000 0.000000 0.000000
vn 1.000000 0.000000 0.000000
vn 1.000000 0.000000 0.000000
vn 1.000000 0.000000 0.000000
vn 0.000000 1.000000 0.000000
vn 0.000000 1.000000 0.000000
vn 0.000000 1.000000 0.000000
vn 0.000000 1.000000 0.000000
vn -1.000000 0.000000 0.000000
vn -1.000000 0.000000 0.000000
vn -1.000000 0.000000 0.000000
vn -1.000000 0.000000 0.000000
vn 0.000000 -1.000000 0.000000
vn 0.000000 -1.000000 0.000000
vn 0.000000 -1.000000 0.000000
vn 0.000000 -1.000000 0.000000
vn 1.000000 0.000000 0.000000
vn 1.000000 0.000000 0.000000
vn 1.000000 0.000000 0.000000
vn 1.000000 0.000000 0.000000
vn 0.000008 0.000000 1.000000
vn 0.000008 0.000000 1.000000
vn 0.000008 0.000000 1.000000
vn 0.000008 0.000000 1.000000
vn 0.000018 1.000000 0.000000
vn 0.000018 1.000000 0.000000
vn 0.000018 1.000000 0.000000
vn 0.000018 1.000000 0.000000
vn 0.000015 0.000000 -1.000000
vn 0.000015 0.000000 -1.000000
vn 0.000015 0.000000 -1.000000
vn 0.000015 0.000000 -1.000000
vn -0.000024 -1.000000 0.000000
vn -0.000024 -1.000000 0.000000
vn -0.000024 -1.000000 0.000000
vn -0.000024 -1.000000 0.000000
vn 0.000037 1.000000 0.000000
vn 0.000037 1.000000 0.000000
vn 0.000037 1.000000 0.000000
vn 0.000037 1.000000 0.000000
vn 0.000002 0.000000 -1.000000
vn 0.000002 0.000000 -1.000000
vn 0.000002 0.000000 -1.000000
vn 0.000002 0.000000 -1.000000
vn -0.000037 -1.000000 0.000000
vn -0.000037 -1.000000 0.000000
vn -0.000037 -1.000000 0.000000
vn -0.000037 -1.000000 0.000000
vn 0.000007 0.000000 1.000000
vn 0.000007 0.000000 1.000000
vn 0.000007 0.000000 1.000000
vn 0.000007 0.000000 1.000000
vn 0.000037 -1.000000 0.000000
vn 0.000037 -1.000000 0.000000
vn 0.000037 -1.000000 0.000000
vn 0.000037 -1.000000 0.000000
vn 0.000047 0.000000 -1.000000
vn 0.000047 0.000000 -1.000000
vn 0.000047 0.000000 -1.000000
vn 0.000047 0.000000 -1.000000
vn -0.000037 1.000000 -0.000000
vn -0.000037 1.000000 -0.000000
vn -0.000037 1.000000 -0.000000
vn -0.000037 1.000000 -0.000000
vn -0.000039 -0.000000 1.000000
vn -0.000039 -0.000000 1.000000
vn -0.000039 -0.000000 1.000000
vn -0.000039 -0.000000 1.000000
vn -0.000018 1.000000 0.000000
vn -0.000018 1.000000 0.000000
vn -0.000018 1.000000 0.000000
vn -0.000018 1.000000 0.000000
vn -0.000051 -0.000000 1.000000
vn -0.000051 -0.000000 1.000000
vn -0.000051 -0.000000 1.000000
vn -0.000051 -0.000000 1.000000
vn 0.000018 -1.000000 0.000000
vn 0.000018 -1.000000 0.000000
vn 0.000018 -1.000000 0.000000
vn 0.000018 -1.000000 0.000000
vn 0.000037 0.000000 -1.000000
vn 0.000037 0.000000 -1.000000
vn 0.000037 0.000000 -1.000000
vn 0.000037 0.000000 -1.000000
vn 0.000000 1.000000 0.000000
vn 0.000000 1.000000 0.000000
vn 0.000000 1.000000 0.000000
vn 0.000000 1.000000 0.000000
vn -1.000000 0.000000 0.000000
vn -1.000000 0.000000 0.000000
vn -1.000000 0.000000 0.000000
vn -1.000000 0.000000 0.000000
vn 0.000000 -1.000000 0.000000
vn 0.000000 -1.000000 0.000000
vn 0.000000 -1.000000 0.000000
vn 0.000000 -1.000000 0.000000
vn 1.000000 0.000000 0.000000
vn 1.000000 0.000000 0.000000
vn 1.000000 0.000000 0.000000
vn 1.000000 0.000000 0.000000
vn 0.000000 1.000000 0.000000
vn 0.000000 1.000000 0.000000
vn 0.000000 1.000000 0.000000
vn 0.000000 1.000000 0.000000
vn -1.000000 0.000000 0.000000
vn -1.000000 0.000000 0.000000
vn -1.000000 0.000000 0.000000
vn -1.000000 0.000000 0.000000
vn 0.000000 -1.000000 0.000000
vn 0.000000 -1.000000 0.000000
vn 0.000000 -1.000000 0.000000
vn 0.000000 -1.000000 0.000000
vn 1.000000 0.000000 0.000000
vn 1.000000 0.000000 0.000000
vn 1.000000 0.000000 0.000000
vn 1.000000 0.000000 0.000000
vn 0.000000 1.000000 0.000000
vn 0.000000 1.000000 0.000000
vn 0.000000 1.000000 0.000000
vn 0.000000 1.000000 0.000000
vn -1.000000 0.000000 0.000000
vn -1.000000 0.000000 0.000000
vn -1.000000 0.000000 0.000000
vn -1.000000 0.000000 0.000000
vn 0.000000 -1.000000 0.000000
vn 0.000000 -1.000000 0.000000
vn 0.000000 -1.000000 0.000000
vn 0.000000 -1.000000 0.000000
vn 1.000000 0.000000 0.000000
vn 1.000000 0.000000 0.000000
vn 1.000000 0.000000 0.000000
vn 1.000000 0.000000 0.000000
vn 0.000000 1.000000 0.000000
vn 0.000000 1.000000 0.000000
vn 0.000000 1.000000 0.000000
vn 0.000000 1.000000 0.000000
vn -1.000000 0.000000 0.000000
vn -1.000000 0.000000 0.000000
vn -1.000000 0.000000 0.000000
vn -1.000000 0.000000 0.000000
vn 0.000000 -1.000000 0.000000
vn 0.000000 -1.000000 0.000000
vn 0.000000 -1.000000 0.000000
vn 0.000000 -1.000000 0.000000
vn 1.000000 0.000000 0.000000
vn 1.000000 0.000000 0.000000
vn 1.000000 0.000000 0.000000
vn 1.000000 0.000000 0.000000
vn 0.000000 1.000000 0.000000
vn 0.000000 1.000000 0.000000
vn 0.000000 1.000000 0.000000
vn 0.000000 1.000000 0.000000
vn -1.000000 0.000000 0.000000
vn -1.000000 0.000000 0.000000
vn -1.000000 0.000000 0.000000
vn -1.000000 0.000000 0.000000
vn 0.000000 -1.000000 0.000000
vn 0.000000 -1.000000 0.000000
vn 0.000000 -1.000000 0.000000
vn 0.000000 -1.000000 0.000000
vn 1.000000 0.000000 0.000000
vn 1.000000 0.000000 0.000000
vn 1.000000 0.000000 0.000000
vn 1.000000 0.000000 0.000000
vn 0.000000 1.000000 0.000000
vn 0.000000 1.000000 0.000000
vn 0.000000 1.000000 0.000000
vn 0.000000 1.000000 0.000000
vn -1.000000 0.000000 0.000000
vn -1.000000 0.000000 0.000000
vn -1.000000 0.000000 0.000000
vn -1.000000 0.000000 0.000000
vn 0.000000 -1.000000 0.000000
vn 0.000000 -1.000000 0.000000
vn 0.000000 -1.000000 0.000000
vn 0.000000 -1.000000 0.000000
vn 1.000000 0.000000 0.000000
vn 1.000000 0.000000 0.000000
vn 1.000000 0.000000 0.000000
vn 1.000000 0.000000 0.000000
vn -0.000018 -1.000000 0.000000
vn -0.000018 -1.000000 0.000000
vn -0.000018 -1.000000 0.000000
vn -0.000018 -1.000000 0.000000
vn 0.000040 -0.000000 1.000000
vn 0.000040 -0.000000 1.000000
vn 0.000040 -0.000000 1.000000
vn 0.000040 -0.000000 1.000000
vn 0.000018 1.000000 0.000000
vn 0.000018 1.000000 0.000000
vn 0.000018 1.000000 0.000000
vn 0.000018 1.000000 0.000000
vn -0.000054 0.000000 -1.000000
vn -0.000054 0.000000 -1.000000
vn -0.000054 0.000000 -1.000000
vn -0.000054 0.000000 -1.000000
vn 0.000000 1.000000 0.000000
vn 0.000000 1.000000 0.000000
vn 0.000000 1.000000 0.000000
vn 0.000000 1.000000 0.000000
vn 0.000000 0.000000 -1.000000
vn 0.000000 0.000000 -1.000000
vn 0.000000 0.000000 -1.000000
vn 0.000000 0.000000 -1.000000
vn 0.000000 -1.000000 0.000000
vn 0.000000 -1.000000 0.000000
vn 0.000000 -1.000000 0.000000
vn 0.000000 -1.000000 0.000000
vn 0.000000 0.000000 1.000000
vn 0.000000 0.000000 1.000000
vn 0.000000 0.000000 1.000000
vn 0.000000 0.000000 1.000000
vn 0.000000 0.000000 1.000000
vn -0.000000 0.000000 1.000000
vn 0.000001 -0.000000 1.000000
vn 0.000001 0.000000 1.000000
vn 0.000001 0.000000 1.000000
vn -0.000000 0.000000 1.000000
vn -0.000000 0.000000 1.000000
vn 0.000001 0.000000 1.000000
vn -0.000001 0.000000 1.000000
vn 0.000001 0.000000 1.000000
vn -0.000000 -0.000003 1.000000
vn -0.000000 -0.000003 1.000000
vn -0.000000 -0.000003 1.000000
vn -0.000000 -0.000003 1.000000
vn 0.000000 -0.000003 1.000000
vn 0.000000 -0.000009 1.000000
vn 0.000000 -0.000012 1.000000
vn -0.000000 0.000000 1.000000
vn -0.000001 0.000000 1.000000
vn 0.000000 -0.000001 1.000000
vn 0.000000 -0.000001 1.000000
vn 0.000000 0.000000 1.000000
vn 0.000000 0.000000 1.000000
vn 0.000000 -0.000003 1.000000
vn 0.000000 -0.000003 1.000000
vn 0.000000 -0.000003 1.000000
vn 0.000000 0.000000 1.000000
vn 0.000000 0.000000 1.000000
vn 0.000000 0.000000 1.000000
vn 0.000000 0.000000 1.000000
vn 0.000000 0.000000 1.000000
vn 0.000000 0.000000 1.000000
vn 0.000000 0.000000 1.000000
vn 0.000000 0.000000 1.000000
vn 0.000002 -0.000001 1.000000
vn 0.000002 -0.000001 1.000000
vn 0.000004 -0.000001 1.000000
vn 0.000004 -0.000001 1.000000
vn 0.000002 0.000001 1.000000
vn 0.000002 0.000001 1.000000
vn 0.000002 0.000001 1.000000
vn 0.000002 0.000001 1.000000
vn 0.000000 0.000000 1.000000
vn 0.000000 0.000000 1.000000
vn 0.000001 0.000000 1.000000
vn -0.000001 0.000000 1.000000
vn 0.000000 0.000000 1.000000
vn 0.000000 0.000000 1.000000
vn 0.000000 0.000000 1.000000
vn 0.000000 0.000000 1.000000
vn 0.000001 0.000000 1.000000
vn -0.000000 0.000002 1.000000
vn 0.000000 0.000000 1.000000
vn 0.000000 -0.000000 1.000000
vn 0.000001 0.000001 1.000000
vn 0.000001 0.000001 1.000000
vn 0.000000 -0.000000 1.000000
vn 0.000000 -0.000000 1.000000
vn 0.000000 0.000000 1.000000
vn 0.000000 0.000000 1.000000
vn 0.000000 0.000000 1.000000
vn 0.000000 0.000000 1.000000
vn 0.000000 0.000000 1.000000
vn 0.000000 0.000000 1.000000
vn 0.000000 -0.000002 1.000000
vn 0.000000 -0.000003 1.000000
vn 0.000000 -0.000003 1.000000
vn 0.000000 -0.000003 1.000000
vn 0.000003 -0.000002 1.000000
vn 0.000003 -0.000002 1.000000
vn 0.000003 -0.000002 1.000000
vn 0.000003 -0.000002 1.000000
vn 0.000003 -0.000006 1.000000
vn 0.000003 -0.000006 1.000000
vn 0.000003 -0.000006 1.000000
vn 0.000003 -0.000006 1.000000
vn 0.000000 0.000000 1.000000
vn 0.000000 -0.000003 1.000000
vn 0.000000 -0.000003 1.000000
vn 0.000000 -0.000003 1.000000
vn 0.000006 0.000000 1.000000
vn -0.000000 0.000000 1.000000
vn -0.000000 0.000000 1.000000
vn 0.000000 0.000000 1.000000
vn 0.000006 0.000000 1.000000
vn 0.000002 0.000000 1.000000
vn 0.000002 0.000000 1.000000
vn 0.000000 0.000000 1.000000
vn -0.000007 0.000000 1.000000
vn -0.000005 0.000000 1.000000
vn 0.000000 0.000000 1.000000
vn 0.000000 0.000000 1.000000
vn -0.000005 0.000000 1.000000
vn -0.000005 0.000000 1.000000
vn -0.000001 0.000000 1.000000
vn -0.000005 0.000000 1.000000
vn -0.000005 0.000000 1.000000
vn 0.000001 0.000000 1.000000
vn 0.000001 0.000000 1.000000
vn 0.000000 0.000000 1.000000
vn -0.000000 0.000000 1.000000
vn 0.000004 0.000000 1.000000
vn 0.000004 0.000000 1.000000
vn -0.000001 0.000000 1.000000
vn -0.000000 0.000000 1.000000
vn 0.000010 0.000000 1.000000
vn 0.000010 0.000000 1.000000
vn 0.000004 0.000000 1.000000
vn 0.000005 0.000000 1.000000
vn 0.000000 0.000000 1.000000
vn 0.000000 0.000000 1.000000
vn 0.000009 0.000000 1.000000
vn -0.000007 0.000000 1.000000
vn -0.000006 0.000000 1.000000
vn 0.000009 0.000000 1.000000
vn -0.000002 0.000000 1.000000
vn -0.000002 0.000000 1.000000
vn 0.000003 0.000000 1.000000
vn 0.000000 0.000000 1.000000
vn 0.000003 0.000000 1.000000
vn 0.000000 0.000000 1.000000
vn -0.000006 0.000000 1.000000
vn 0.000000 0.000000 1.000000
vn -0.000004 0.000000 1.000000
vn -0.000004 0.000000 1.000000
vn 0.000000 0.000000 1.000000
vn 0.000001 0.000000 1.000000
vn 0.000001 0.000000 1.000000
vn 0.000001 0.000000 1.000000
vn 0.000001 0.000000 1.000000
vn 0.000000 0.000000 1.000000
vn 0.000001 0.000000 1.000000
vn 0.000001 0.000000 1.000000
vn 0.000000 0.000000 1.000000
vn 0.000000 0.000000 1.000000
vn -0.000006 0.000000 1.000000
vn -0.000005 0.000000 1.000000
vn -0.000005 0.000000 1.000000
vn 0.000000 0.000000 1.000000
vn 0.000000 0.000000 1.000000
vn 0.000000 0.000000 1.000000
vn 0.000000 0.000000 1.000000
vn 0.000008 0.000000 1.000000
vn 0.000008 0.000000 1.000000
vn 0.000000 0.000000 1.000000
vn 0.000000 0.000000 1.000000
vn 0.000000 0.000000 1.000000
vn 0.000000 0.000000 1.000000
vn 0.000000 0.000000 1.000000
vn 0.000000 0.000000 1.000000
vn 0.000000 0.000000 1.000000
vn 0.000000 0.000000 1.000000
vn -0.000000 0.000000 1.000000
vn -0.000000 0.000000 1.000000
vn -0.000000 0.000000 1.000000
vn -0.000000 0.000000 1.000000
vn 0.000000 0.000000 1.000000
vn 0.000000 0.000000 1.000000
vn -0.000002 0.000000 1.000000
vn -0.000002 0.000000 1.000000
vn -0.000004 0.000000 1.000000
vn -0.000004 0.000000 1.000000
vn 0.000000 0.000000 1.000000
vn 0.000000 0.000000 1.000000
vn 0.000000 0.000000 1.000000
vn 0.000000 0.000000 1.000000
vn 0.000000 0.000000 1.000000
vn 0.000000 0.000000 1.000000
vn 0.000000 0.000000 1.000000
vn 0.000000 0.000000 1.000000
vn 0.000000 0.000000 1.000000
vn 0.000000 0.000000 1.000000
vn 0.000000 0.000000 1.000000
vn 0.000000 0.000000 1.000000
vn 0.000000 0.000000 1.000000
vn 0.000000 0.000000 1.000000
vn 0.000000 -1.000000 0.000000
vn 0.000000 -1.000000 0.000000
vn 0.000000 -1.000000 0.000000
vn 0.000000 -1.000000 0.000000
vn 0.707120 0.707094 0.000000
vn 0.707120 0.707094 0.000000
vn 0.707120 0.707094 0.000000
vn 0.707120 0.707094 0.000000
vn -1.000000 -0.000278 0.000000
vn -1.000000 -0.000278 0.000000
vn -1.000000 -0.000278 0.000000
vn -1.000000 -0.000278 0.000000
vn -1.000000 -0.000302 0.000000
vn -1.000000 -0.000302 0.000000
vn -1.000000 -0.000302 0.000000
vn -1.000000 -0.000302 0.000000
vn 0.000000 -1.000000 0.000000
vn 0.000000 -1.000000 0.000000
vn 0.000000 -1.000000 0.000000
vn 0.000000 -1.000000 0.000000
vn -0.707120 0.707094 0.000000
vn -0.707120 0.707094 0.000000
vn -0.707120 0.707094 0.000000
vn -0.707120 0.707094 0.000000
vn 1.000000 0.000270 0.000000
vn 1.000000 0.000270 0.000000
vn 1.000000 0.000270 0.000000
vn 1.000000 0.000270 0.000000
vn 1.000000 0.000273 0.000000
vn 1.000000 0.000273 0.000000
vn 1.000000 0.000273 0.000000
vn 1.000000 0.000273 0.000000
vn 0.000000 1.000000 0.000000
vn 0.000000 1.000000 0.000000
vn 0.000000 1.000000 0.000000
vn 0.000000 1.000000 0.000000
vn -1.000000 -0.000130 -0.000042
vn -1.000000 -0.000130 -0.000042
vn -1.000000 -0.000130 -0.000042
vn -1.000000 -0.000130 -0.000042
vn 1.000000 0.000158 0.000000
vn 1.000000 0.000158 0.000000
vn 1.000000 0.000158 0.000000
vn 1.000000 0.000158 0.000000
vn 0.000000 1.000000 0.000000
vn 0.000000 1.000000 0.000000
vn 0.000000 1.000000 0.000000
vn 0.000000 1.000000 0.000000
vn 0.000000 -1.000000 0.000000
vn 0.000000 -1.000000 0.000000
vn 0.000000 -1.000000 0.000000
vn 0.000000 -1.000000 0.000000
vn 0.000000 -1.000000 0.000000
vn 0.000000 -1.000000 0.000000
vn 0.000000 -1.000000 0.000000
vn 0.000000 -1.000000 0.000000
vn -0.707120 0.707094 0.000000
vn -0.707120 0.707094 0.000000
vn -0.707120 0.707094 0.000000
vn -0.707120 0.707094 0.000000
vn 1.000000 0.000081 0.000000
vn 1.000000 0.000081 0.000000
vn 1.000000 0.000081 0.000000
vn 1.000000 0.000081 0.000000
vn 1.000000 0.000000 0.000000
vn 1.000000 0.000000 0.000000
vn 1.000000 0.000000 0.000000
vn 1.000000 0.000000 0.000000
vn -1.000000 0.000000 0.000000
vn -1.000000 0.000000 0.000000
vn -1.000000 0.000000 0.000000
vn -1.000000 0.000000 0.000000
vn 0.000000 -1.000000 0.000000
vn 0.000000 -1.000000 0.000000
vn 0.000000 -1.000000 0.000000
vn 0.000000 -1.000000 0.000000
vn 0.707120 0.707094 0.000000
vn 0.707120 0.707094 0.000000
vn 0.707120 0.707094 0.000000
vn 0.707120 0.707094 0.000000
vn -1.000000 -0.000090 0.000000
vn -1.000000 -0.000090 0.000000
vn -1.000000 -0.000090 0.000000
vn -1.000000 -0.000090 0.000000
vn 1.000000 0.000130 0.000000
vn 1.000000 0.000130 0.000000
vn 1.000000 0.000130 0.000000
vn 1.000000 0.000130 0.000000
vn 0.000000 1.000000 0.000000
vn 0.000000 1.000000 0.000000
vn 0.000000 1.000000 0.000000
vn 0.000000 1.000000 0.000000
vn 0.000000 1.000000 0.000000
vn 0.000000 1.000000 0.000000
vn 0.000000 1.000000 0.000000
vn 0.000000 1.000000 0.000000
vn -1.000000 -0.000115 0.000000
vn -1.000000 -0.000115 0.000000
vn -1.000000 -0.000115 0.000000
vn -1.000000 -0.000115 0.000000
vn 0.000000 -1.000000 0.000000
vn 0.000000 -1.000000 0.000000
vn 0.000000 -1.000000 0.000000
vn 0.000000 -1.000000 0.000000
vn 0.000000 1.000000 0.000000
vn 0.000000 1.000000 0.000000
vn 0.000000 1.000000 0.000000
vn 0.000000 1.000000 0.000000
vn 0.000000 -1.000000 0.000000
vn 0.000000 -1.000000 0.000000
vn 0.000000 -1.000000 0.000000
vn 0.000000 -1.000000 0.000000
vn 1.000000 0.000132 0.000000
vn 1.000000 0.000132 0.000000
vn 1.000000 0.000132 0.000000
vn 1.000000 0.000132 0.000000
vn 0.000000 1.000000 0.000000
vn 0.000000 1.000000 0.000000
vn 0.000000 1.000000 0.000000
vn 0.000000 1.000000 0.000000
vn -1.000000 -0.000154 0.000000
vn -1.000000 -0.000154 0.000000
vn -1.000000 -0.000154 0.000000
vn -1.000000 -0.000154 0.000000
vn 0.000000 -1.000000 0.000000
vn 0.000000 -1.000000 0.000000
vn 0.000000 -1.000000 0.000000
vn 0.000000 -1.000000 0.000000
vn 0.000000 1.000000 0.000000
vn 0.000000 1.000000 0.000000
vn 0.000000 1.000000 0.000000
vn 0.000000 1.000000 0.000000
vn -1.000000 -0.000132 0.000000
vn -1.000000 -0.000132 0.000000
vn -1.000000 -0.000132 0.000000
vn -1.000000 -0.000132 0.000000
vn 0.000000 -1.000000 0.000000
vn 0.000000 -1.000000 0.000000
vn 0.000000 -1.000000 0.000000
vn 0.000000 -1.000000 0.000000
vn 0.000000 1.000000 0.000000
vn 0.000000 1.000000 0.000000
vn 0.000000 1.000000 0.000000
vn 0.000000 1.000000 0.000000
vn 0.000000 -1.000000 0.000000
vn 0.000000 -1.000000 0.000000
vn 0.000000 -1.000000 0.000000
vn 0.000000 -1.000000 0.000000
vn 1.000000 0.000110 0.000000
vn 1.000000 0.000110 0.000000
vn 1.000000 0.000110 0.000000
vn 1.000000 0.000110 0.000000
vn 0.000000 1.000000 0.000000
vn 0.000000 1.000000 0.000000
vn 0.000000 1.000000 0.000000
vn 0.000000 1.000000 0.000000
vn -1.000000 0.000000 0.000000
vn -1.000000 0.000000 0.000000
vn -1.000000 0.000000 0.000000
vn -1.000000 0.000000 0.000000
vn 1.000000 0.000277 0.000000
vn 1.000000 0.000277 0.000000
vn 1.000000 0.000277 0.000000
vn 1.000000 0.000277 0.000000
vn -1.000000 0.000000 0.000000
vn -1.000000 0.000000 0.000000
vn -1.000000 0.000000 0.000000
vn -1.000000 0.000000 0.000000
vn 0.000000 -1.000000 0.000000
vn 0.000000 -1.000000 0.000000
vn 0.000000 -1.000000 0.000000
vn 0.000000 -1.000000 0.000000
vn 1.000000 0.000307 0.000000
vn 1.000000 0.000307 0.000000
vn 1.000000 0.000307 0.000000
vn 1.000000 0.000307 0.000000
vn 1.000000 0.000000 0.000000
vn 1.000000 0.000000 0.000000
vn 1.000000 0.000000 0.000000
vn 1.000000 0.000000 0.000000
vn 0.000000 1.000000 0.000000
vn 0.000000 1.000000 0.000000
vn 0.000000 1.000000 0.000000
vn 0.000000 1.000000 0.000000
vn -1.000000 -0.000072 0.000000
vn -1.000000 -0.000072 0.000000
vn -1.000000 -0.000072 0.000000
vn -1.000000 -0.000072 0.000000
vn 1.000000 0.000000 0.000000
vn 1.000000 0.000000 0.000000
vn 1.000000 0.000000 0.000000
vn 1.000000 0.000000 0.000000
vn -1.000000 0.000000 0.000000
vn -1.000000 0.000000 0.000000
vn -1.000000 0.000000 0.000000
vn -1.000000 0.000000 0.000000
vn 0.000000 -1.000000 0.000000
vn 0.000000 -1.000000 0.000000
vn 0.000000 -1.000000 0.000000
vn 0.000000 -1.000000 0.000000
vn -1.000000 0.000000 0.000000
vn -1.000000 0.000000 0.000000
vn -1.000000 0.000000 0.000000
vn -1.000000 0.000000 0.000000
vn 0.000000 -1.000000 0.000000
vn 0.000000 -1.000000 0.000000
vn 0.000000 -1.000000 0.000000
vn 0.000000 -1.000000 0.000000
vn 1.000000 0.000000 0.000000
vn 1.000000 0.000000 0.000000
vn 1.000000 0.000000 0.000000
vn 1.000000 0.000000 0.000000
vn 0.000000 1.000000 0.000000
vn 0.000000 1.000000 0.000000
vn 0.000000 1.000000 0.000000
vn 0.000000 1.000000 0.000000
vn -1.000000 0.000000 0.000000
vn -1.000000 0.000000 0.000000
vn -1.000000 0.000000 0.000000
vn -1.000000 0.000000 0.000000
vn 1.000000 0.000084 0.000000
vn 1.000000 0.000084 0.000000
vn 1.000000 0.000084 0.000000
vn 1.000000 0.000084 0.000000
vn 1.000000 0.000000 0.000000
vn 1.000000 0.000000 0.000000
vn 1.000000 0.000000 0.000000
vn 1.000000 0.000000 0.000000
vn 0.000000 1.000000 0.000000
vn 0.000000 1.000000 0.000000
vn 0.000000 1.000000 0.000000
vn 0.000000 1.000000 0.000000
vn -1.000000 -0.000265 0.000000
vn -1.000000 -0.000265 0.000000
vn -1.000000 -0.000265 0.000000
vn -1.000000 -0.000265 0.000000
vn 1.000000 0.000000 0.000000
vn 1.000000 0.000000 0.000000
vn 1.000000 0.000000 0.000000
vn 1.000000 0.000000 0.000000
vn -1.000000 -0.000286 0.000000
vn -1.000000 -0.000286 0.000000
vn -1.000000 -0.000286 0.000000
vn -1.000000 -0.000286 0.000000
vn 0.000000 -1.000000 0.000000
vn 0.000000 -1.000000 0.000000
vn 0.000000 -1.000000 0.000000
vn 0.000000 -1.000000 0.000000
vn 0.000000 0.000000 1.000000
vn 0.000000 0.000000 1.000000
vn 0.000000 0.000000 1.000000
vn 0.000000 0.000000 1.000000
vn 0.000000 0.000000 1.000000
vn 0.000000 0.000000 1.000000
vn -0.000000 0.000000 1.000000
vn -0.000000 0.000000 1.000000
vn -0.000000 0.000000 1.000000
vn -0.000000 0.000000 1.000000
vn 0.000000 0.000000 1.000000
vn 0.000000 0.000000 1.000000
vn 0.000000 0.000000 1.000000
vn 0.000000 0.000000 1.000000
vn 0.000000 0.000000 1.000000
vn 0.000000 0.000000 1.000000
vn 0.000000 0.000000 1.000000
vn 0.000000 0.000000 1.000000
vn 0.000000 0.000000 1.000000
vn 0.000000 0.000000 1.000000
vn 0.000000 0.000000 1.000000
vn 0.000000 0.000000 1.000000
vn 0.000000 -1.000000 0.000000
vn 0.000000 -1.000000 0.000000
vn 0.000000 -1.000000 0.000000
vn 0.000000 -1.000000 0.000000
vn 0.000000 0.000000 1.000000
vn 0.000000 0.000000 1.000000
vn 0.000000 0.000000 1.000000
vn 0.000000 0.000000 1.000000
vn 0.000000 0.831764 0.555129
vn 0.000000 0.831764 0.555129
vn 0.000000 0.831764 0.555129
vn 0.000000 0.831764 0.555129
vn 0.000000 0.831765 0.555127
vn 0.000000 0.831765 0.555127
vn -0.000000 0.831765 0.555128
vn -0.000000 0.831765 0.555128
vn -0.000000 0.831765 0.555129
vn -0.000000 0.831764 0.555129
vn -0.000000 0.831764 0.555129
vn -0.000000 0.831765 0.555128
vn 0.000000 0.000000 1.000000
vn 0.000000 0.000000 1.000000
vn 0.000000 0.000000 1.000000
vn -0.000001 -0.000001 1.000000
vn 0.000000 0.000000 1.000000
vn 0.000000 0.000000 1.000000
vn 0.000000 0.000000 1.000000
vn 0.000000 0.000000 1.000000
vn -0.000000 -1.000000 0.000000
vn -0.000000 -1.000000 0.000000
vn 0.000000 0.000002 1.000000
vn 0.000000 0.000002 1.000000
vn -0.000003 -0.000129 1.000000
vn -0.000045 -0.000097 1.000000
vn -0.000018 -0.000080 1.000000
vn -0.000004 -0.000087 1.000000
vn -0.000043 -0.000079 1.000000
vn -0.000053 -0.000112 1.000000
vn -0.000126 -0.000222 1.000000
vn -0.000299 -0.000077 1.000000
vn -0.000366 -0.000071 1.000000
vn -0.000403 -0.000077 1.000000
vn -0.000474 -0.000089 1.000000
vn -0.000474 -0.000089 1.000000
vn -0.000596 -0.000000 1.000000
vn -0.000596 -0.000000 1.000000
vn -0.000596 -0.000000 1.000000
vn -0.000596 -0.000000 1.000000
vn -0.000435 -0.000215 1.000000
vn -0.000435 -0.000215 1.000000
vn -0.000333 -0.000380 1.000000
vn -0.000155 -0.000668 1.000000
vn -0.000132 0.000443 1.000000
vn -0.000132 0.000443 1.000000
vn -0.000090 0.000291 1.000000
vn -0.000090 0.000290 1.000000
vn -0.000002 -0.000070 1.000000
vn -0.000070 -0.000805 1.000000
vn -0.000070 -0.000805 1.000000
vn -0.000072 0.000223 1.000000
vn -0.000072 0.000223 1.000000
vn 0.000000 0.000000 1.000000
vn 0.000000 0.000000 1.000000
vn 0.000000 0.000000 1.000000
vn 0.000000 0.000000 1.000000
vn 0.000000 0.000000 1.000000
vn 0.000000 0.000000 1.000000
vn 0.000000 0.000000 1.000000
vn -0.000007 0.000000 1.000000
vn -0.000007 0.000000 1.000000
vn 0.000000 0.000000 1.000000
vn 0.000000 0.000000 1.000000
vn -0.000011 0.000000 1.000000
vn -0.000011 0.000000 1.000000
vn -0.000005 0.000000 1.000000
vn -0.000004 0.000000 1.000000
vn 0.000000 0.000000 1.000000
vn 0.000000 0.000000 1.000000
vn 0.000000 0.000000 1.000000
vn -0.000004 0.000000 1.000000
vn -0.000015 0.000000 1.000000
vn 0.000000 0.000000 1.000000
vn -0.000008 0.000000 1.000000
vn -0.000008 0.000000 1.000000
vn 0.000005 0.000000 1.000000
vn 0.000000 0.000000 1.000000
vn 0.000005 0.000000 1.000000
vn -0.000005 0.000000 1.000000
vn 0.000000 0.000000 1.000000
vn -0.000004 0.000000 1.000000
vn -0.000004 0.000000 1.000000
vn 0.000000 0.000000 1.000000
vn 0.000000 0.000000 1.000000
vn 0.000008 0.000000 1.000000
vn 0.000006 0.000000 1.000000
vn 0.000006 0.000000 1.000000
vn 0.000000 0.000000 1.000000
vn 0.000000 0.000000 1.000000
vn 0.000000 0.000000 1.000000
vn 0.000000 0.000000 1.000000
vn -0.000000 0.000000 1.000000
vn -0.000001 0.000000 1.000000
vn -0.000001 0.000000 1.000000
vn -0.000000 0.000000 1.000000
vn 0.000000 0.000000 1.000000
vn 0.000000 0.000000 1.000000
vn 0.000002 0.000000 1.000000
vn 0.000002 0.000000 1.000000
vn 0.000000 0.000000 1.000000
vn 0.000000 0.000000 1.000000
vn 0.000002 0.000000 1.000000
vn 0.000002 0.000000 1.000000
vn 0.000000 0.000000 1.000000
vn 0.000000 0.000000 1.000000
vn 0.000000 0.000000 1.000000
vn 0.000000 -1.000000 0.000000
vn 0.000000 -1.000000 0.000000
vn 0.000000 -1.000000 0.000000
vn 0.000000 -1.000000 0.000000
vn -0.707113 0.707100 0.000002
vn -0.707113 0.707100 0.000002
vn -0.707113 0.707100 0.000002
vn -0.707113 0.707100 0.000002
vn 1.000000 0.000063 0.000000
vn 1.000000 0.000063 0.000000
vn 1.000000 0.000063 0.000000
vn 1.000000 0.000063 0.000000
vn 1.000000 0.000000 0.000000
vn 1.000000 0.000000 0.000000
vn 1.000000 0.000000 0.000000
vn 1.000000 0.000000 0.000000
vn -1.000000 0.000000 0.000000
vn -1.000000 0.000000 0.000000
vn -1.000000 0.000000 0.000000
vn -1.000000 0.000000 0.000000
vn 0.000000 -1.000000 -0.000000
vn 0.000000 -1.000000 -0.000000
vn 0.000000 -1.000000 -0.000000
vn 0.000000 -1.000000 -0.000000
vn 0.707115 0.707098 0.000000
vn 0.707115 0.707098 0.000000
vn 0.707115 0.707098 0.000000
vn 0.707115 0.707098 0.000000
vn -1.000000 -0.000081 0.000042
vn -1.000000 -0.000081 0.000042
vn -1.000000 -0.000081 0.000042
vn -1.000000 -0.000081 0.000042
vn 1.000000 0.000158 0.000000
vn 1.000000 0.000158 0.000000
vn 1.000000 0.000158 0.000000
vn 1.000000 0.000158 0.000000
vn 0.000000 1.000000 0.000000
vn 0.000000 1.000000 0.000000
vn 0.000000 1.000000 0.000000
vn 0.000000 1.000000 0.000000
vn 0.000000 1.000000 -0.000006
vn 0.000000 1.000000 -0.000006
vn 0.000000 1.000000 -0.000006
vn 0.000000 1.000000 -0.000006
vn -1.000000 -0.000058 -0.000501
vn -1.000000 -0.000058 -0.000501
vn -1.000000 -0.000058 -0.000501
vn -1.000000 -0.000058 -0.000501
vn -0.000001 -1.000000 0.000002
vn -0.000001 -1.000000 0.000002
vn -0.000001 -1.000000 0.000002
vn -0.000001 -1.000000 0.000002
vn 0.000000 1.000000 0.000000
vn 0.000000 1.000000 0.000000
vn 0.000000 1.000000 0.000000
vn 0.000000 1.000000 0.000000
vn -1.000000 -0.000154 0.000000
vn -1.000000 -0.000154 0.000000
vn -1.000000 -0.000154 0.000000
vn -1.000000 -0.000154 0.000000
vn 0.000000 -1.000000 0.000000
vn 0.000000 -1.000000 0.000000
vn 0.000000 -1.000000 0.000000
vn 0.000000 -1.000000 0.000000
vn 0.000000 1.000000 0.000000
vn 0.000000 1.000000 0.000000
vn 0.000000 1.000000 0.000000
vn 0.000000 1.000000 0.000000
vn 0.000000 -1.000000 0.000000
vn 0.000000 -1.000000 0.000000
vn 0.000000 -1.000000 0.000000
vn 0.000000 -1.000000 0.000000
vn 1.000000 0.000110 0.000000
vn 1.000000 0.000110 0.000000
vn 1.000000 0.000110 0.000000
vn 1.000000 0.000110 0.000000
vn 1.000000 0.000000 0.000000
vn 1.000000 0.000000 0.000000
vn 1.000000 0.000000 0.000000
vn 1.000000 0.000000 0.000000
vn -0.000000 1.000000 0.000000
vn -0.000000 1.000000 0.000000
vn -0.000000 1.000000 0.000000
vn -0.000000 1.000000 0.000000
vn -1.000000 -0.000060 0.000000
vn -1.000000 -0.000060 0.000000
vn -1.000000 -0.000060 0.000000
vn -1.000000 -0.000060 0.000000
vn 1.000000 0.000000 0.000000
vn 1.000000 0.000000 0.000000
vn 1.000000 0.000000 0.000000
vn 1.000000 0.000000 0.000000
vn -1.000000 0.000000 0.000000
vn -1.000000 0.000000 0.000000
vn -1.000000 0.000000 0.000000
vn -1.000000 0.000000 0.000000
vn 0.000000 -1.000000 0.000000
vn 0.000000 -1.000000 0.000000
vn 0.000000 -1.000000 0.000000
vn 0.000000 -1.000000 0.000000
vn -1.000000 0.000000 0.000000
vn -1.000000 0.000000 0.000000
vn -1.000000 0.000000 0.000000
vn -1.000000 0.000000 0.000000
vn -0.000000 -1.000000 0.000000
vn -0.000000 -1.000000 0.000000
vn -0.000000 -1.000000 0.000000
vn -0.000000 -1.000000 0.000000
vn 1.000000 0.000000 0.000000
vn 1.000000 0.000000 0.000000
vn 1.000000 0.000000 0.000000
vn 1.000000 0.000000 0.000000
vn 0.000000 1.000000 0.000000
vn 0.000000 1.000000 0.000000
vn 0.000000 1.000000 0.000000
vn 0.000000 1.000000 0.000000
vn -1.000000 0.000000 0.000000
vn -1.000000 0.000000 0.000000
vn -1.000000 0.000000 0.000000
vn -1.000000 0.000000 0.000000
vn 1.000000 0.000084 0.000000
vn 1.000000 0.000084 0.000000
vn 1.000000 0.000084 0.000000
vn 1.000000 0.000084 0.000000
vn 0.000000 -1.000000 0.000000
vn 0.000000 -1.000000 0.000000
vn 0.000000 -1.000000 0.000000
vn 0.000000 -1.000000 0.000000
vn 0.000000 -1.000000 -0.000001
vn 0.000000 -1.000000 -0.000001
vn 0.000000 -1.000000 -0.000001
vn 0.000000 -1.000000 -0.000001
vn -0.000000 0.000000 1.000000
vn -0.000000 0.000000 1.000000
vn -0.000000 0.000000 1.000000
vn -0.000000 0.000000 1.000000
vn -0.000000 0.000000 1.000000
vn -0.000000 0.000000 1.000000
vn 0.000001 0.000000 1.000000
vn 0.000002 0.000000 1.000000
vn 0.000002 0.000000 1.000000
vn 0.000002 0.000000 1.000000
vn 0.000000 0.000000 1.000000
vn 0.000000 0.000000 1.000000
vn 0.000000 0.000000 1.000000
vn 0.000000 0.000000 1.000000
vn 0.000000 0.000000 1.000000
vn 0.000000 0.000000 1.000000
vn 0.000000 0.000001 1.000000
vn 0.000000 0.000001 1.000000
vn 0.000000 0.000001 1.000000
vn 0.000000 0.000001 1.000000
vn 0.000000 -1.000000 0.000000
vn 0.000000 -1.000000 0.000000
vn 0.000000 -1.000000 0.000000
vn 0.000000 -1.000000 0.000000
vn 0.000000 0.000000 1.000000
vn 1.000000 0.000000 0.000000
vn 1.000000 0.000000 0.000000
vn 1.000000 0.000000 0.000000
vn 1.000000 0.000000 0.000000
vn -1.000000 0.000000 0.000000
vn -1.000000 0.000000 0.000000
vn -1.000000 0.000000 0.000000
vn -1.000000 0.000000 0.000000
vn 0.000000 -1.000000 0.000000
vn 0.000000 -1.000000 0.000000
vn 0.000000 -1.000000 0.000000
vn 0.000000 -1.000000 0.000000
vn -1.000000 0.000000 0.000000
vn -1.000000 0.000000 0.000000
vn -1.000000 0.000000 0.000000
vn -1.000000 0.000000 0.000000
vn 1.000000 0.000000 0.000000
vn 1.000000 0.000000 0.000000
vn 1.000000 0.000000 0.000000
vn 1.000000 0.000000 0.000000
vn -1.000000 0.000000 0.000000
vn -1.000000 0.000000 0.000000
vn -1.000000 0.000000 0.000000
vn -1.000000 0.000000 0.000000
vn 1.000000 0.000000 0.000000
vn 1.000000 0.000000 0.000000
vn 1.000000 0.000000 0.000000
vn 1.000000 0.000000 0.000000
vn -1.000000 0.000000 0.000000
vn -1.000000 0.000000 0.000000
vn -1.000000 0.000000 0.000000
vn -1.000000 0.000000 0.000000
vn 1.000000 0.000000 0.000000
vn 1.000000 0.000000 0.000000
vn 1.000000 0.000000 0.000000
vn 1.000000 0.000000 0.000000
vn -1.000000 -0.000014 0.000000
vn -1.000000 -0.000014 0.000000
vn -1.000000 -0.000014 0.000000
vn -1.000000 -0.000014 0.000000
vn 1.000000 0.000000 0.000000
vn 1.000000 0.000000 0.000000
vn 1.000000 0.000000 0.000000
vn 1.000000 0.000000 0.000000
vn -1.000000 0.000014 0.000000
vn -1.000000 0.000014 0.000000
vn -1.000000 0.000014 0.000000
vn -1.000000 0.000014 0.000000
vn 1.000000 0.000000 0.000000
vn 1.000000 0.000000 0.000000
vn 1.000000 0.000000 0.000000
vn 1.000000 0.000000 0.000000
vn -1.000000 0.000000 0.000000
vn -1.000000 0.000000 0.000000
vn -1.000000 0.000000 0.000000
vn -1.000000 0.000000 0.000000
vn 1.000000 0.000000 0.000000
vn 1.000000 0.000000 0.000000
vn 1.000000 0.000000 0.000000
vn 1.000000 0.000000 0.000000
vn 1.000000 0.000000 0.000000
vn 1.000000 0.000000 0.000000
vn 1.000000 0.000000 0.000000
vn 1.000000 0.000000 0.000000
vn -1.000000 0.000000 0.000000
vn -1.000000 0.000000 0.000000
vn -1.000000 0.000000 0.000000
vn -1.000000 0.000000 0.000000
vn 0.000000 0.000001 1.000000
vn 0.000000 0.000000 1.000000
vn -0.000000 0.000000 1.000000
vn -0.000001 -0.000000 1.000000
vn -0.000001 -0.000000 1.000000
vn -0.000000 0.000000 1.000000
vn -0.000000 0.000000 1.000000
vn -0.000001 0.000000 1.000000
vn -0.000001 0.000000 1.000000
vn 0.000000 0.000000 1.000000
vn 0.000000 0.000000 1.000000
vn 0.000000 0.000000 1.000000
vn -0.000000 -1.000000 0.000000
vn -0.000000 -1.000000 0.000000
vn -1.000000 0.000000 -0.000014
vn -1.000000 0.000018 0.000010
vn -1.000000 0.000018 0.000010
vn -1.000000 0.000000 -0.000014
vn -1.000000 0.000027 0.000014
vn -1.000000 0.000027 0.000014
vn -1.000000 0.000032 0.000009
vn -1.000000 0.000032 0.000009
vn -1.000000 0.000029 0.000000
vn -1.000000 0.000029 0.000000
vn -1.000000 0.000030 0.000000
vn -1.000000 0.000030 0.000000
vn -1.000000 0.000064 0.000000
vn -1.000000 0.000064 0.000000
vn -1.000000 0.000064 0.000000
vn -1.000000 0.000064 0.000000
vn -1.000000 -0.000142 0.000037
vn -1.000000 -0.000107 0.000055
vn 0.000001 -1.000000 0.000001
vn 0.000001 -1.000000 0.000001
vn 0.000001 -1.000000 0.000001
vn 0.000001 -1.000000 0.000001
vn 0.000001 -1.000000 0.000001
vn 0.000001 -1.000000 0.000001
vn 0.000001 -1.000000 0.000001
vn 0.000001 -1.000000 0.000001
vn -0.000000 -1.000000 0.000000
vn 0.000000 -1.000000 0.000001
vn 1.000000 -0.000038 0.000000
vn 1.000000 -0.000038 0.000000
vn 1.000000 -0.000038 0.000000
vn 1.000000 -0.000038 0.000000
vn -1.000000 0.000038 0.000000
vn -1.000000 0.000038 0.000000
vn -1.000000 0.000038 0.000000
vn -1.000000 0.000038 0.000000
vn 0.000000 -1.000000 0.000000
vn 0.000000 -1.000000 0.000000
vn 0.000000 -1.000000 0.000000
vn 0.000000 -1.000000 0.000000
vn 1.000000 0.000000 0.000000
vn 1.000000 0.000000 0.000000
vn 1.000000 0.000000 0.000000
vn 1.000000 0.000000 0.000000
vn -1.000000 0.000054 0.000000
vn -1.000000 0.000054 0.000000
vn -1.000000 0.000054 0.000000
vn 1.000000 0.000012 0.000000
vn 1.000000 0.000012 0.000000
vn 1.000000 0.000012 0.000000
vn 1.000000 0.000012 0.000000
vn -1.000000 0.000025 0.000000
vn -1.000000 0.000025 0.000000
vn -1.000000 0.000025 0.000000
vn -1.000000 0.000025 0.000000
vn 1.000000 0.000000 0.000000
vn 1.000000 0.000000 0.000000
vn 1.000000 0.000000 0.000000
vn 1.000000 0.000000 0.000000
vn -1.000000 0.000034 0.000000
vn -1.000000 0.000034 0.000000
vn -1.000000 0.000034 0.000000
vn -1.000000 0.000034 0.000000
vn 1.000000 0.000000 0.000000
vn 1.000000 0.000000 0.000000
vn 1.000000 0.000000 0.000000
vn 1.000000 0.000000 0.000000
vn -1.000000 0.000027 0.000000
vn -1.000000 0.000027 0.000000
vn -1.000000 0.000027 0.000000
vn -1.000000 0.000027 0.000000
vn 1.000000 -0.000006 0.000000
vn 1.000000 -0.000006 0.000000
vn 1.000000 -0.000006 0.000000
vn 1.000000 -0.000006 0.000000
vn -1.000000 0.000028 0.000000
vn -1.000000 0.000028 0.000000
vn -1.000000 0.000028 0.000000
vn -1.000000 0.000028 0.000000
vn 0.000000 -0.000009 -1.000000
vn 0.000000 -0.000009 -1.000000
vn 0.000000 -0.000009 -1.000000
vn 0.000000 -0.000009 -1.000000
vn 0.000000 -1.000000 -0.000000
vn 0.000000 -1.000000 -0.000000
vn 0.000000 -1.000000 -0.000000
vn 0.000000 -1.000000 -0.000000
vn 0.000000 0.000000 -1.000000
vn 0.000000 0.000000 -1.000000
vn 0.000000 0.000000 -1.000000
vn 0.000000 0.000000 -1.000000
vn 0.000000 0.000000 -1.000000
vn 0.000000 0.000000 -1.000000
vn 0.000000 0.000000 -1.000000
vn 0.000000 0.000000 -1.000000
vn 0.000000 0.000000 -1.000000
vn 0.000000 0.000000 -1.000000
vn 0.000000 0.000000 -1.000000
vn 0.000000 0.000000 -1.000000
vn 0.000000 0.000000 -1.000000
vn 0.000000 0.000000 -1.000000
vn 0.000000 0.000000 -1.000000
vn 0.000000 0.000000 -1.000000
vn 0.000000 0.000000 -1.000000
vn 0.000000 0.000000 -1.000000
vn 0.000000 0.000000 -1.000000
vn 0.000000 0.000000 -1.000000
vn 0.000000 -1.000000 0.000000
vn 0.000000 -1.000000 0.000000
vn 0.000000 -1.000000 0.000000
vn 0.000000 -1.000000 0.000000
vn 0.000000 0.000000 1.000000
vn 0.000000 0.000000 1.000000
vn 0.000000 0.000000 1.000000
vn 0.000000 0.000000 1.000000
vn 0.000000 0.000000 1.000000
vn 0.000000 0.000000 1.000000
vn 0.000000 0.000000 1.000000
vn 0.000000 0.000000 1.000000
vn 0.000000 0.000000 1.000000
vn 0.000000 0.000000 1.000000
vn 0.000000 0.000000 1.000000
vn 0.000000 0.000000 1.000000
vn 0.000000 0.000000 1.000000
vn 0.000000 0.000000 1.000000
vn 0.000000 0.000000 1.000000
vn 0.000000 0.000000 1.000000
vn 0.000000 0.000000 1.000000
vn 0.000000 0.000000 1.000000
vn 0.000000 0.000000 1.000000
vn 0.000000 0.000000 1.000000
vn 0.000000 0.000000 1.000000
vn 0.000000 0.000000 1.000000
vn 0.000000 0.000000 1.000000
vn 0.000000 1.000000 0.000000
vn 0.000000 1.000000 0.000000
vn 0.000000 1.000000 0.000000
vn -1.000000 0.000000 0.000000
vn -1.000000 0.000000 0.000000
vn -1.000000 0.000000 0.000000
vn -1.000000 0.000000 0.000000
vn 1.000000 0.000000 0.000000
vn 1.000000 0.000000 0.000000
vn 1.000000 0.000000 0.000000
vn 1.000000 0.000000 0.000000
vn 0.000000 0.000000 1.000000
vn 0.000000 0.000000 1.000000
vn 0.000000 0.000000 1.000000
vn 0.000000 0.000000 1.000000
vn 0.000000 0.000000 1.000000
vn 0.000000 0.000000 1.000000
vn 0.000000 0.000000 1.000000
vn 0.000000 0.000000 1.000000
vn 0.000000 0.000000 1.000000
vn 0.000000 0.000000 1.000000
vn 0.000000 0.000000 1.000000
vn 0.000000 0.000000 1.000000
vn 0.000000 0.000000 1.000000
vn 0.000000 0.000000 1.000000
vn 0.000000 0.000000 1.000000
vn 0.000000 0.000000 1.000000
vn 0.000000 0.000000 1.000000
vn 0.000000 0.000000 1.000000
vn 0.000000 0.000000 1.000000
vn 0.000000 0.000000 1.000000
vn 0.000000 0.000000 1.000000
vn 0.000000 0.000000 1.000000
vn 0.000000 0.000000 1.000000
vn 0.000000 0.000000 1.000000
vn 0.000000 0.000000 1.000000
vn 0.000000 0.000000 1.000000
vn 0.000000 0.000000 1.000000
vn 0.000000 0.000000 1.000000
vn -1.000000 -0.000001 0.000000
vn -1.000000 -0.000001 0.000000
vn -1.000000 -0.000001 0.000000
vn -1.000000 -0.000001 0.000000
vn 1.000000 0.000000 0.000000
vn 1.000000 0.000000 0.000000
vn 1.000000 0.000000 0.000000
vn 1.000000 0.000000 0.000000
vn 0.000000 0.000000 1.000000
vn 0.000000 0.000000 1.000000
vn 0.000000 0.000000 1.000000
vn 0.000000 0.000000 1.000000
vn -1.000000 0.000000 0.000000
vn -1.000000 0.000000 0.000000
vn -1.000000 0.000000 0.000000
vn -1.000000 0.000000 0.000000
vn 1.000000 0.000000 0.000000
vn 1.000000 0.000000 0.000000
vn 1.000000 0.000000 0.000000
vn 1.000000 0.000000 0.000000
vn -1.000000 -0.000012 0.000005
vn -1.000000 0.000000 0.000005
vn -1.000000 -0.000016 0.000018
vn -1.000000 -0.000020 0.000014
vn -1.000000 -0.000017 0.000020
vn -1.000000 -0.000021 0.000015
vn 1.000000 0.000001 0.000029
vn 1.000000 0.000000 0.000029
vn 1.000000 -0.000000 0.000029
vn 1.000000 -0.000002 0.000028
vn 1.000000 -0.000004 0.000029
vn 1.000000 -0.000027 0.000024
vn 1.000000 -0.000128 0.000027
vn 1.000000 -0.000007 0.000051
vn -1.000000 -0.000022 0.000000
vn -1.000000 -0.000069 0.000000
vn -1.000000 0.000000 0.000024
vn -1.000000 0.000000 0.000000
vn 1.000000 0.000000 0.000054
vn 1.000000 0.000000 0.000054
vn 1.000000 0.000008 0.000054
vn 1.000000 0.000000 0.000054
vn -1.000000 0.000000 0.000027
vn -1.000000 -0.000017 0.000000
vn 1.000000 0.000010 -0.000055
vn 1.000000 0.000010 -0.000055
vn 1.000000 0.000010 -0.000055
vn 1.000000 0.000010 -0.000055
vn 0.000000 0.000000 1.000000
vn 0.000000 0.000000 1.000000
vn 0.000000 0.000000 1.000000
vn 0.000000 0.000000 1.000000
vn -1.000000 -0.000001 0.000054
vn -1.000000 -0.000001 0.000054
vn -1.000000 -0.000001 0.000054
vn -1.000000 -0.000001 0.000054
vn 0.000000 0.000000 1.000000
vn 0.000000 0.000000 1.000000
vn 0.000000 0.000000 1.000000
vn 0.000000 0.000000 1.000000
vn 1.000000 -0.000011 0.000136
vn 1.000000 -0.000011 0.000136
vn 1.000000 -0.000011 0.000136
vn 1.000000 -0.000011 0.000136
vn -1.000000 0.000011 -0.000164
vn -1.000000 0.000011 -0.000164
vn -1.000000 0.000011 -0.000164
vn -1.000000 0.000011 -0.000164
vn 0.000000 -1.000000 0.000001
vn 0.000000 -1.000000 0.000001
vn -0.000313 0.000638 1.000000
vn -0.000313 0.000638 1.000000
vn 0.742261 -0.670110 -0.000714
vn 0.741895 -0.670516 -0.000269
vn 0.741895 -0.670516 -0.000273
vn 0.742261 -0.670111 -0.000714
vn -1.000000 0.000000 0.000000
vn -1.000000 0.000000 0.000000
vn -1.000000 0.000000 0.000000
vn -1.000000 0.000000 0.000000
vn -0.742983 0.669311 0.000000
vn -0.742982 0.669311 0.000000
vn -0.672597 0.740009 0.000000
vn -0.672606 0.740001 0.000000
vn -0.582130 0.813096 0.000000
vn -0.582131 0.813095 0.000000
vn -0.463806 0.885937 0.000000
vn -0.463816 0.885932 0.000000
vn -0.274927 0.961465 0.000000
vn -0.274944 0.961460 0.000000
vn 0.000009 1.000000 0.000000
vn -0.000012 1.000000 0.000000
vn 0.274942 0.961461 0.000000
vn 0.274924 0.961466 0.000000
vn 0.463815 0.885932 0.000000
vn 0.463805 0.885938 0.000000
vn 0.582129 0.813096 0.000000
vn 0.582129 0.813096 0.000000
vn 0.672602 0.740005 0.000000
vn 0.672592 0.740013 0.000000
vn 0.742977 0.669317 0.000000
vn 0.742977 0.669317 0.000000
vn 1.000000 0.000000 0.000000
vn 1.000000 0.000000 0.000000
vn 1.000000 0.000000 0.000000
vn 1.000000 0.000000 0.000000
vn -0.742763 -0.669554 -0.000512
vn -0.742524 -0.669819 -0.000139
vn -0.742524 -0.669819 -0.000140
vn -0.742764 -0.669553 -0.000511
vn 1.000000 0.000000 0.000000
vn 1.000000 0.000000 0.000000
vn -1.000000 0.000000 0.000000
vn -1.000000 0.000000 0.000000
vn -0.743647 -0.668572 0.000062
vn -0.743647 -0.668573 0.000062
vn 0.743498 -0.668736 0.001974
vn 0.743498 -0.668735 0.001974
vn 0.742972 0.669323 0.000000
vn 0.672590 0.740016 0.000000
vn -0.672612 0.739995 0.000000
vn -0.742985 0.669308 0.000000
vn -0.463820 0.885930 0.000000
vn -0.582132 0.813094 0.000000
vn -0.274948 0.961459 0.000000
vn -0.000016 1.000000 0.000000
vn 0.274920 0.961467 0.000000
vn 0.582129 0.813097 0.000000
vn 0.463801 0.885940 0.000000
vn 0.741422 -0.671024 0.004481
vn 0.741422 -0.671024 0.004481
vn -1.000000 0.000000 0.000000
vn -1.000000 0.000000 0.000000
vn -0.742982 0.669311 0.000000
vn -0.672595 0.740011 0.000000
vn -0.582130 0.813096 0.000000
vn -0.463809 0.885935 0.000000
vn -0.274925 0.961466 0.000000
vn 0.000016 1.000000 0.000000
vn 0.274947 0.961459 0.000000
vn 0.463816 0.885932 0.000000
vn 0.582129 0.813097 0.000000
vn 0.672605 0.740002 0.000000
vn 0.742972 0.669323 0.000000
vn 1.000000 0.000000 0.000000
vn 1.000000 0.000000 0.000000
vn -0.742290 -0.670075 0.002166
vn -0.742290 -0.670075 0.002166
vn 0.000000 -0.000070 1.000000
vn 0.000000 -0.000070 1.000000
vn 0.000000 -0.000070 1.000000
vn 0.000000 -0.000070 1.000000
vn -0.016411 0.999429 -0.029553
vn -0.016411 0.999429 -0.029553
vn -0.016411 0.999429 -0.029553
vn -0.016411 0.999429 -0.029553
vn 1.000000 -0.000005 0.000028
vn 1.000000 -0.000005 0.000028
vn 1.000000 -0.000005 0.000028
vn 1.000000 -0.000005 0.000028
vn 0.000000 1.000000 0.000000
vn 0.000000 1.000000 0.000000
vn 0.000000 1.000000 0.000000
vn 0.000000 1.000000 0.000000
vn 0.000000 1.000000 0.000000
vn 0.000000 1.000000 0.000000
vn 0.000000 1.000000 0.000000
vn 0.000000 1.000000 0.000000
vn -1.000000 0.000005 -0.000028
vn -1.000000 0.000005 -0.000028
vn -1.000000 0.000005 -0.000028
vn -1.000000 0.000005 -0.000028
vn 0.000000 -0.000071 1.000000
vn 0.000000 -0.000071 1.000000
vn 0.000000 -0.000071 1.000000
vn 0.000000 -0.000071 1.000000
vn 0.000000 1.000000 0.000000
vn 0.000000 1.000000 0.000000
vn 0.000000 1.000000 0.000000
vn 0.000000 1.000000 0.000000
vn 0.000000 0.000000 1.000000
vn 0.000000 0.000000 1.000000
vn 0.000000 0.000000 1.000000
vn 0.000000 0.000000 1.000000
vn 0.000000 1.000000 0.000000
vn 0.000000 1.000000 0.000000
vn 0.000000 1.000000 0.000000
vn 0.000000 1.000000 0.000000
vn 0.000000 1.000000 -0.000000
vn 0.000000 1.000000 -0.000000
vn 0.000000 1.000000 -0.000000
vn 0.000000 1.000000 -0.000000
vn 0.000000 1.000000 -0.000000
vn 0.000000 1.000000 -0.000000
vn 0.000000 1.000000 -0.000000
vn 0.000000 1.000000 -0.000000
vn 0.000000 1.000000 0.000000
vn 0.000000 1.000000 0.000000
vn 0.000000 1.000000 0.000000
vn 0.000000 1.000000 0.000000
vn 1.000000 0.000010 0.000028
vn 1.000000 0.000010 0.000028
vn 1.000000 0.000010 0.000028
vn 1.000000 0.000010 0.000028
vn -1.000000 0.000016 -0.000000
vn -1.000000 0.000016 -0.000000
vn -1.000000 0.000016 -0.000000
vn -1.000000 0.000016 -0.000000
vn -0.000135 -0.000103 1.000000
vn -0.000135 -0.000103 1.000000
vn -0.000134 -0.000136 1.000000
vn -0.000134 -0.000136 1.000000
vn 0.000133 -0.000103 1.000000
vn 0.000133 -0.000103 1.000000
vn 0.000133 -0.000136 1.000000
vn 0.000133 -0.000136 1.000000
vn -0.000035 0.000007 1.000000
vn -0.000035 0.000007 1.000000
vn -0.000024 0.000014 1.000000
vn -0.000024 0.000014 1.000000
vn 0.000048 0.000000 1.000000
vn 0.000048 0.000000 1.000000
vn 0.000048 0.000000 1.000000
vn 0.000048 0.000000 1.000000
vn 0.999998 -0.002001 -0.000152
vn 0.999998 -0.002001 -0.000152
vn 0.999998 -0.002001 -0.000152
vn 0.999998 -0.002011 0.000034
vn 0.999998 -0.002011 0.000034
vn 0.999998 -0.002011 0.000034
vn 0.999998 -0.002011 0.000034
vn 0.036662 -0.001915 -0.999326
vn 0.036662 -0.001915 -0.999326
vn 0.036662 -0.001915 -0.999326
vn 0.036662 -0.001915 -0.999326
vn -1.000000 0.000000 0.000000
vn -1.000000 0.000000 0.000000
vn -1.000000 0.000000 0.000000
vn -1.000000 0.000000 0.000005
vn -1.000000 0.000000 0.000005
vn -1.000000 0.000000 0.000005
vn -1.000000 0.000000 0.000005
vn -0.000045 0.000000 1.000000
vn -0.000045 0.000000 1.000000
vn -0.000132 -0.000168 1.000000
vn -0.000132 -0.000168 1.000000
vn 0.000133 -0.000168 1.000000
vn 0.000133 -0.000168 1.000000
vn 0.000048 0.000000 1.000000
vn 0.000048 0.000000 1.000000
vn 0.002187 -0.999992 -0.003450
vn 0.002187 -0.999992 -0.003450
vn 0.002187 -0.999992 -0.003450
vn 0.002187 -0.999992 -0.003450
vn -0.000585 -0.999996 0.002694
vn -0.000585 -0.999996 0.002694
vn -0.000585 -0.999996 0.002694
vn -0.000585 -0.999996 0.002694
vn 0.000000 -1.000000 0.000728
vn 0.000000 -1.000000 0.000728
vn 0.000000 -1.000000 0.000728
vn -0.000611 -0.999999 -0.001188
vn -0.000611 -0.999999 -0.001188
vn -0.000611 -0.999999 -0.001188
vn -0.000611 -0.999999 -0.001188
vn -0.000499 -0.999998 -0.001980
vn -0.000499 -0.999998 -0.001980
vn -0.000499 -0.999998 -0.001980
vn -0.000499 -0.999998 -0.001980
vn 0.000000 -1.000000 0.000000
vn 0.000000 -1.000000 0.000000
vn 0.000000 -1.000000 0.000000
vn -0.000360 -1.000000 -0.000602
vn -0.000360 -1.000000 -0.000602
vn -0.000360 -1.000000 -0.000602
vn -0.000360 -1.000000 -0.000602
vn 0.000872 -0.999992 0.004017
vn 0.000872 -0.999992 0.004017
vn 0.000872 -0.999992 0.004017
vn 0.000872 -0.999992 0.004017
vn 0.001044 -0.999998 -0.001900
vn 0.001044 -0.999998 -0.001900
vn 0.001044 -0.999998 -0.001900
vn 0.001044 -0.999998 -0.001900
vn 0.000000 -1.000000 0.000000
vn 0.000000 -1.000000 0.000000
vn 0.000000 -1.000000 0.000000
vn 0.000000 -1.000000 -0.000000
vn 0.000000 -1.000000 -0.000000
vn 0.000000 -1.000000 -0.000000
vn 0.000000 -1.000000 -0.000765
vn 0.000000 -1.000000 -0.000765
vn 0.000000 -1.000000 -0.000765
vn 0.000000 -1.000000 -0.000765
vn 0.000000 1.000000 -0.000000
vn 0.474037 0.880505 0.000000
vn 0.474037 0.880505 0.000000
vn -0.474129 0.880455 0.000000
vn -0.474129 0.880455 0.000000
vn -0.474129 0.880455 0.000000
vn -1.000000 0.000000 0.000000
vn -1.000000 0.000000 0.000000
vn -1.000000 0.000000 0.000000
vn -1.000000 0.000000 0.000000
vn 0.000000 -1.000000 0.000000
vn 0.000000 -1.000000 0.000000
vn 0.000000 -1.000000 0.000000
vn 0.000000 -1.000000 0.000000
vn 0.043424 0.830978 0.554608
vn -1.000000 0.000000 0.000000
vn -1.000000 0.000000 0.000000
vn -1.000000 0.000000 0.000000
vn -1.000000 0.000000 0.000000
vn -1.000000 0.000000 0.000000
vn -1.000000 0.000000 0.000000
vn -1.000000 0.000000 0.000000
vn -1.000000 0.000000 0.000000
vn 0.153632 -0.988128 0.000000
vn 0.153632 -0.988128 0.000000
vn 0.153632 -0.988128 -0.000006
vn 0.153632 -0.988128 -0.000006
vn 0.000000 0.831765 0.555128
vn 0.000000 0.831765 0.555128
vn -1.000000 0.000010 0.000000
vn -1.000000 0.000005 0.000000
vn -1.000000 0.000005 0.000000
vn -1.000000 0.000010 0.000000
vn -1.000000 0.000016 0.000000
vn -1.000000 0.000016 0.000000
vn -1.000000 -0.000044 0.000000
vn -1.000000 -0.000044 0.000000
vn -1.000000 0.000000 0.000000
vn -1.000000 -0.000000 0.000000
vn -1.000000 -0.000000 0.000000
vn -1.000000 -0.000000 0.000000
vn -1.000000 -0.000000 0.000000
vn -1.000000 0.000000 0.000000
vn -1.000000 0.000014 0.000000
vn -1.000000 0.000000 0.000000
vn -1.000000 0.000000 0.000000
vn -1.000000 0.000030 0.000000
vn -1.000000 0.000000 0.000000
vn -1.000000 0.000000 0.000000
vn -1.000000 0.000000 0.000000
vn -1.000000 -0.000003 0.000000
vn -1.000000 -0.000003 0.000000
vn -1.000000 -0.000041 0.000000
vn -1.000000 -0.000041 0.000000
vn -1.000000 -0.000088 0.000000
vn -1.000000 0.000093 0.000000
vn -1.000000 0.000082 0.000000
vn -1.000000 -0.000003 0.000000
vn -1.000000 -0.000003 0.000000
vn -1.000000 0.000000 0.000000
vn -1.000000 0.000000 0.000000
vn -1.000000 0.000000 0.000000
vn -1.000000 0.000000 0.000000
vn -1.000000 0.000000 0.000000
vn -1.000000 0.000000 0.000000
vn -1.000000 0.000000 0.000000
vn -1.000000 0.000000 0.000000
vn -1.000000 0.000000 0.000000
vn -1.000000 0.000000 0.000000
vn -1.000000 0.000000 0.000000
vn -1.000000 0.000000 0.000000
vn -1.000000 0.000000 0.000000
vn -1.000000 0.000000 0.000000
vn -1.000000 0.000000 0.000000
vn -1.000000 -0.000006 0.000000
vn -1.000000 0.000000 0.000000
vn -1.000000 0.000000 0.000000
vn -1.000000 -0.000006 0.000000
vn -1.000000 -0.000010 0.000000
vn -1.000000 -0.000010 0.000000
vn -1.000000 0.000000 0.000000
vn -1.000000 0.000000 0.000000
vn -1.000000 0.000000 0.000000
vn 0.000000 -1.000000 0.000000
vn 0.000000 -1.000000 0.000000
vn 0.000000 -1.000000 0.000000
vn 0.000000 -1.000000 0.000000
vn 0.000000 0.707083 0.707130
vn 0.000000 0.707083 0.707130
vn 0.000000 0.707083 0.707130
vn 0.000000 0.707083 0.707130
vn 0.000279 0.000094 -1.000000
vn 0.000279 0.000094 -1.000000
vn 0.000279 0.000094 -1.000000
vn 0.000279 0.000094 -1.000000
vn 0.000547 0.000000 -1.000000
vn 0.000547 0.000000 -1.000000
vn 0.000547 0.000000 -1.000000
vn 0.000547 0.000000 -1.000000
vn 0.000000 0.000000 1.000000
vn 0.000000 0.000000 1.000000
vn 0.000000 0.000000 1.000000
vn 0.000000 0.000000 1.000000
vn 0.000000 -1.000000 0.000000
vn 0.000000 -1.000000 0.000000
vn 0.000000 -1.000000 0.000000
vn 0.000000 -1.000000 0.000000
vn 0.000000 0.707083 -0.707130
vn 0.000000 0.707083 -0.707130
vn 0.000000 0.707083 -0.707130
vn 0.000000 0.707083 -0.707130
vn 0.000000 -0.000085 1.000000
vn 0.000000 -0.000085 1.000000
vn 0.000000 -0.000085 1.000000
vn 0.000000 -0.000085 1.000000
vn 0.000274 0.000103 -1.000000
vn 0.000274 0.000103 -1.000000
vn 0.000274 0.000103 -1.000000
vn 0.000274 0.000103 -1.000000
vn 0.000000 1.000000 0.000000
vn 0.000000 1.000000 0.000000
vn 0.000000 1.000000 0.000000
vn 0.000000 1.000000 0.000000
vn 0.000000 1.000000 0.000000
vn 0.000000 1.000000 0.000000
vn 0.000000 1.000000 0.000000
vn 0.000000 1.000000 0.000000
vn 0.000000 -0.000116 1.000000
vn 0.000000 -0.000116 1.000000
vn 0.000000 -0.000116 1.000000
vn 0.000000 -0.000116 1.000000
vn 0.000000 -1.000000 0.000000
vn 0.000000 -1.000000 0.000000
vn 0.000000 -1.000000 0.000000
vn 0.000000 -1.000000 0.000000
vn 0.000000 1.000000 0.000000
vn 0.000000 1.000000 0.000000
vn 0.000000 1.000000 0.000000
vn 0.000000 1.000000 0.000000
vn 0.000000 -0.000132 1.000000
vn 0.000000 -0.000132 1.000000
vn 0.000000 -0.000132 1.000000
vn 0.000000 -0.000132 1.000000
vn 0.000000 -1.000000 0.000000
vn 0.000000 -1.000000 0.000000
vn 0.000000 -1.000000 0.000000
vn 0.000000 -1.000000 0.000000
vn 0.000000 1.000000 0.000000
vn 0.000000 1.000000 0.000000
vn 0.000000 1.000000 0.000000
vn 0.000000 1.000000 0.000000
vn 0.000000 -1.000000 0.000000
vn 0.000000 -1.000000 0.000000
vn 0.000000 -1.000000 0.000000
vn 0.000000 -1.000000 0.000000
vn 0.000000 0.000105 -1.000000
vn 0.000000 0.000105 -1.000000
vn 0.000000 0.000105 -1.000000
vn 0.000000 0.000105 -1.000000
vn 0.000000 0.000000 -1.000000
vn 0.000000 0.000000 -1.000000
vn 0.000000 0.000000 -1.000000
vn 0.000000 0.000000 -1.000000
vn 0.000000 1.000000 0.000000
vn 0.000000 1.000000 0.000000
vn 0.000000 1.000000 0.000000
vn 0.000000 1.000000 0.000000
vn 0.000000 -0.000072 1.000000
vn 0.000000 -0.000072 1.000000
vn 0.000000 -0.000072 1.000000
vn 0.000000 -0.000072 1.000000
vn 0.000000 0.000000 -1.000000
vn 0.000000 0.000000 -1.000000
vn 0.000000 0.000000 -1.000000
vn 0.000000 0.000000 -1.000000
vn 0.000000 0.000000 1.000000
vn 0.000000 0.000000 1.000000
vn 0.000000 0.000000 1.000000
vn 0.000000 0.000000 1.000000
vn 0.000000 -1.000000 0.000000
vn 0.000000 -1.000000 0.000000
vn 0.000000 -1.000000 0.000000
vn 0.000000 -1.000000 0.000000
vn 0.000000 0.000000 1.000000
vn 0.000000 0.000000 1.000000
vn 0.000000 0.000000 1.000000
vn 0.000000 0.000000 1.000000
vn 0.000000 -1.000000 0.000000
vn 0.000000 -1.000000 0.000000
vn 0.000000 -1.000000 0.000000
vn 0.000000 -1.000000 0.000000
vn 0.000000 0.000000 -1.000000
vn 0.000000 0.000000 -1.000000
vn 0.000000 0.000000 -1.000000
vn 0.000000 0.000000 -1.000000
vn 0.000000 1.000000 0.000000
vn 0.000000 1.000000 0.000000
vn 0.000000 1.000000 0.000000
vn 0.000000 1.000000 0.000000
vn 0.000000 0.000000 1.000000
vn 0.000000 0.000000 1.000000
vn 0.000000 0.000000 1.000000
vn 0.000000 0.000000 1.000000
vn 0.000000 0.000086 -1.000000
vn 0.000000 0.000086 -1.000000
vn 0.000000 0.000086 -1.000000
vn 0.000000 0.000086 -1.000000
vn 0.000003 0.000000 -1.000000
vn 0.000003 0.000000 -1.000000
vn 0.000007 0.000001 -1.000000
vn 0.000007 0.000001 -1.000000
vn 0.000000 0.000000 -1.000000
vn 0.000000 0.000000 -1.000000
vn 0.000000 0.000000 -1.000000
vn 0.000000 0.000000 -1.000000
vn 0.000001 0.000005 -1.000000
vn -0.000002 -0.000000 -1.000000
vn -0.000001 0.000002 -1.000000
vn -1.000000 0.000017 -0.000003
vn -1.000000 0.000017 -0.000003
vn -1.000000 0.000023 0.000002
vn -1.000000 0.000023 0.000002
vn -1.000000 0.000000 0.000000
vn -1.000000 0.000000 0.000000
vn -1.000000 0.000000 0.000000
vn -1.000000 0.000116 0.000003
vn -1.000000 0.000116 0.000003
vn -1.000000 0.000116 0.000003
vn -1.000000 0.000116 0.000003
vn 0.000001 -1.000000 0.000000
vn 0.000001 -1.000000 0.000001
vn 0.000001 -1.000000 -0.000000
vn -1.000000 -0.000089 0.000013
vn -1.000000 -0.000084 0.000014
vn -1.000000 -0.000084 0.000014
vn -1.000000 -0.000125 0.000003
vn -1.000000 0.000162 0.000000
vn -1.000000 0.000162 0.000000
vn -1.000000 0.000162 0.000000
vn -1.000000 0.000162 0.000000
vn -1.000000 0.000000 0.000000
vn -1.000000 0.000000 0.000000
vn -1.000000 0.000000 0.000000
vn 1.000000 -0.000003 0.000000
vn 1.000000 -0.000003 0.000000
vn -1.000000 0.000037 0.000000
vn -1.000000 0.000037 0.000000
vn -1.000000 0.000031 0.000000
vn -1.000000 0.000031 0.000000
vn -1.000000 -0.000029 0.000000
vn -1.000000 -0.000029 0.000000
vn -1.000000 -0.000029 0.000000
vn -1.000000 -0.000029 0.000000
vn -1.000000 0.000123 0.000000
vn -1.000000 0.000123 0.000000
vn -1.000000 0.000123 0.000000
vn -1.000000 0.000123 0.000000
vn -1.000000 0.000000 0.000000
vn -1.000000 0.000000 0.000000
vn -1.000000 0.000000 0.000000
vn -1.000000 0.000000 0.000000
vn -1.000000 0.000166 0.000000
vn -1.000000 0.000166 0.000000
vn -1.000000 0.000166 0.000000
vn -1.000000 0.000166 0.000000
vn -1.000000 0.000002 0.000000
vn -1.000000 0.000077 0.000000
vn -1.000000 -0.000001 0.000000
vn -1.000000 0.000002 0.000000
vn -1.000000 0.000031 0.000000
vn -1.000000 0.000030 0.000000
vn -1.000000 0.000026 0.000000
vn -1.000000 0.000026 0.000000
vn -1.000000 0.000120 0.000000
vn -1.000000 0.000120 0.000000
vn -1.000000 0.000120 0.000000
vn -1.000000 0.000120 0.000000
vn -1.000000 0.000000 0.000000
vn -1.000000 0.000000 0.000000
vn -1.000000 0.000000 0.000000
vn -1.000000 0.000000 0.000000
vn -1.000000 0.000162 0.000000
vn -1.000000 0.000162 0.000000
vn -1.000000 0.000000 0.000000
vn -1.000000 0.000000 0.000000
vn -1.000000 0.000000 0.000000
vn -1.000000 0.000000 0.000000
vn 0.000000 1.000000 0.000000
vn 0.000000 1.000000 0.000000
vn 0.000000 1.000000 0.000000
vn 0.000001 -1.000000 0.000000
vn 0.000001 -1.000000 0.000000
vn 0.000001 -1.000000 0.000000
vn 0.000000 1.000000 0.000000
vn 0.000000 1.000000 0.000000
vn 0.000000 1.000000 0.000000
vn 0.000000 1.000000 0.000000
vn 0.000000 -1.000000 0.000000
vn 0.000000 -1.000000 0.000000
vn 0.000000 -1.000000 0.000000
vn 0.000000 -1.000000 0.000000
vn 0.000000 1.000000 0.000000
vn 0.000000 1.000000 0.000000
vn 0.000000 1.000000 0.000000
vn 0.000000 1.000000 0.000000
vn 0.000000 0.000000 1.000000
vn 0.000000 0.000000 1.000000
vn 0.000000 0.000000 1.000000
vn 0.000000 0.000000 1.000000
vn 0.000000 -1.000000 0.000000
vn 0.000000 -1.000000 0.000000
vn 0.000000 -1.000000 0.000000
vn 0.000000 -1.000000 0.000000
vn -1.000000 0.000185 -0.000026
vn -1.000000 0.000185 -0.000026
vn -1.000000 0.000185 -0.000026
vn -1.000000 0.000185 -0.000026
vn -1.000000 0.000000 0.000000
vn -1.000000 0.000000 0.000000
vn -1.000000 0.000000 0.000000
vn -1.000000 0.000000 0.000000
vn -1.000000 0.000000 0.000000
vn -1.000000 0.000000 0.000000
vn -1.000000 0.000000 0.000000
vn -1.000000 0.000000 0.000000
vn 0.000000 -0.842541 0.538632
vn 0.000000 -0.842541 0.538632
vn 0.000000 -0.842541 0.538632
vn 0.000000 -0.842541 0.538632
vn 0.000000 -0.842492 0.538708
vn 0.000000 -0.842492 0.538708
vn 0.000000 -0.842492 0.538708
vn 0.000000 -0.842492 0.538708
vn 0.000000 -0.842496 0.538703
vn 0.000000 -0.842496 0.538703
vn 0.000000 -0.842496 0.538703
vn 0.000000 -0.842496 0.538703
vn 1.000000 0.000001 0.000000
vn 1.000000 0.000001 0.000000
vn 0.474038 0.880504 0.000000
vn 0.474037 0.880505 0.000000
vn 0.907800 -0.369399 0.198606
vn 0.907800 -0.369399 0.198606
vn 0.907800 -0.369399 0.198606
vn 0.907800 -0.369399 0.198606
vn 1.000000 -0.000005 0.000000
vn 1.000000 -0.000005 0.000000
vn 0.000000 -1.000000 0.000000
vn 0.000000 -1.000000 0.000000
vn 1.000000 0.000000 0.000000
vn 1.000000 0.000000 0.000000
vn 0.000000 0.000000 -1.000000
vn 0.000000 0.000000 -1.000000
vn 0.000000 0.000000 -1.000000
vn 0.000000 0.000000 -1.000000
vn 1.000000 0.000000 0.000010
vn 1.000000 0.000000 0.000010
vn 0.000000 0.000000 -1.000000
vn 0.000000 0.000000 -1.000000
vn 0.000000 0.000000 -1.000000
vn 0.000000 0.000000 -1.000000
vn 0.000000 0.000000 -1.000000
vn 0.000000 0.000000 -1.000000
vn 0.000000 0.000000 -1.000000
vn 0.000000 0.000000 -1.000000
vn 1.000000 0.000000 0.000008
vn 1.000000 0.000000 0.000008
vn 0.000000 0.000000 -1.000000
vn 0.000000 0.000000 -1.000000
vn 0.000000 0.000000 -1.000000
vn 0.000000 0.000000 -1.000000
vn 0.000000 -0.994203 0.107522
vn 0.000000 -0.994203 0.107522
vn 0.000000 -0.994203 0.107522
vn 0.000000 -0.994203 0.107522
vn -0.153632 -0.988128 0.000005
vn -0.153632 -0.988128 0.000005
vn 0.000000 -0.994203 0.107523
vn 0.000000 -0.994203 0.107523
vn 0.000000 -0.994203 0.107523
vn 0.000000 -0.994203 0.107523
vn -1.000000 0.000052 0.000004
vn -1.000000 0.000037 0.000044
vn -1.000000 0.000023 0.000023
vn -1.000000 0.000069 0.000000
vn -1.000000 0.000281 0.000000
vn -1.000000 0.000281 0.000000
vn -1.000000 0.000074 0.000000
vn -1.000000 0.000037 -0.000011
vn -1.000000 0.000061 -0.000001
vn 0.000006 0.000000 -1.000000
vn 0.000006 0.000000 -1.000000
vn 0.000004 -0.000001 -1.000000
vn 0.000000 0.000000 -1.000000
vn 0.000000 0.000000 -1.000000
vn 0.000004 -0.000001 -1.000000
vn -1.000000 0.000016 0.000035
vn -1.000000 0.000017 0.000009
vn -1.000000 0.000017 0.000009
vn -1.000000 0.000016 0.000035
vn -1.000000 0.000014 -0.000005
vn -1.000000 0.000007 -0.000010
vn 0.000000 0.000000 -1.000000
vn 0.000000 0.000000 -1.000000
vn -1.000000 0.000016 0.000005
vn -1.000000 0.000016 0.000005
vn -1.000000 0.000018 -0.000002
vn 0.000001 0.000005 -1.000000
vn 0.000001 0.000005 -1.000000
vn -1.000000 0.000000 0.000014
vn -1.000000 0.000000 0.000014
vn -1.000000 0.000018 -0.000010
vn -1.000000 0.000018 -0.000010
vn -1.000000 0.000027 -0.000014
vn -1.000000 0.000027 -0.000014
vn -1.000000 0.000032 -0.000009
vn -1.000000 0.000032 -0.000009
vn -1.000000 0.000029 0.000000
vn -1.000000 0.000029 0.000000
vn -1.000000 0.000030 0.000000
vn -1.000000 0.000030 0.000000
vn -1.000000 0.000064 0.000000
vn -1.000000 0.000064 0.000000
vn -1.000000 0.000064 0.000000
vn -1.000000 0.000064 0.000000
vn -1.000000 -0.000142 -0.000037
vn -1.000000 -0.000107 -0.000055
vn 0.000001 -1.000000 -0.000001
vn 0.000001 -1.000000 -0.000001
vn 0.000001 -1.000000 -0.000001
vn 0.000001 -1.000000 -0.000001
vn 0.000001 -1.000000 -0.000002
vn 0.000001 -1.000000 -0.000002
vn 0.000001 -1.000000 -0.000002
vn 0.000001 -1.000000 -0.000002
vn 0.000000 -1.000000 -0.000001
vn -1.000000 0.000038 0.000000
vn -1.000000 0.000038 0.000000
vn -1.000000 0.000038 0.000000
vn -1.000000 0.000038 0.000000
vn 0.000000 -1.000000 0.000000
vn 0.000000 -1.000000 0.000000
vn 0.000000 -1.000000 0.000000
vn 0.000000 -1.000000 0.000000
vn -1.000000 0.000054 0.000000
vn -1.000000 0.000054 0.000000
vn -1.000000 0.000054 0.000000
vn -1.000000 0.000025 0.000000
vn -1.000000 0.000025 0.000000
vn -1.000000 0.000025 0.000000
vn -1.000000 0.000025 0.000000
vn -1.000000 0.000034 0.000000
vn -1.000000 0.000034 0.000000
vn -1.000000 0.000034 0.000000
vn -1.000000 0.000034 0.000000
vn -1.000000 0.000027 0.000000
vn -1.000000 0.000027 0.000000
vn -1.000000 0.000027 0.000000
vn -1.000000 0.000027 0.000000
vn -1.000000 0.000028 0.000000
vn -1.000000 0.000028 0.000000
vn -1.000000 0.000028 0.000000
vn -1.000000 0.000028 0.000000
vn 0.000000 -0.000009 1.000000
vn 0.000000 -0.000009 1.000000
vn 0.000000 -0.000009 1.000000
vn 0.000000 -0.000009 1.000000
vn 0.000000 -1.000000 0.000000
vn 0.000000 -1.000000 0.000000
vn 0.000000 -1.000000 0.000000
vn 0.000000 -1.000000 0.000000
vn 0.000000 0.000000 1.000000
vn 0.000000 0.000000 1.000000
vn 0.000000 0.000000 1.000000
vn 0.000000 0.000000 1.000000
vn 0.000000 0.000000 1.000000
vn 0.000000 0.000000 1.000000
vn 0.000000 0.000000 1.000000
vn 0.000000 0.000000 1.000000
vn 0.000000 0.000000 1.000000
vn 0.000000 0.000000 1.000000
vn 0.000000 0.000000 1.000000
vn 0.000000 0.000000 1.000000
vn 0.000000 0.000000 1.000000
vn 0.000000 0.000000 1.000000
vn 0.000000 0.000000 1.000000
vn 0.000000 0.000000 1.000000
vn 0.000000 0.000000 1.000000
vn 0.000000 0.000000 1.000000
vn 0.000000 0.000000 1.000000
vn 0.000000 0.000000 1.000000
vn 0.000000 -1.000000 0.000000
vn 0.000000 -1.000000 0.000000
vn 0.000000 -1.000000 0.000000
vn 0.000000 -1.000000 0.000000
vn 0.000000 0.000000 -1.000000
vn 0.000000 0.000000 -1.000000
vn 0.000000 0.000000 -1.000000
vn 0.000000 0.000000 -1.000000
vn 0.000000 0.000000 -1.000000
vn 0.000000 0.000000 -1.000000
vn 0.000000 0.000000 -1.000000
vn 0.000000 0.000000 -1.000000
vn 0.000000 0.000000 -1.000000
vn 0.000000 0.000000 -1.000000
vn 0.000000 0.000000 -1.000000
vn 0.000000 0.000000 -1.000000
vn 0.000000 0.000000 -1.000000
vn 0.000000 0.000000 -1.000000
vn 0.000000 0.000000 -1.000000
vn 0.000000 0.000000 -1.000000
vn 0.000000 0.000000 -1.000000
vn 0.000000 0.000000 -1.000000
vn 0.000000 0.000000 -1.000000
vn 0.000000 0.000000 -1.000000
vn 0.000000 0.000000 -1.000000
vn 0.000000 0.000000 -1.000000
vn 0.000000 0.000000 -1.000000
vn 0.000000 1.000000 0.000000
vn 0.000000 1.000000 0.000000
vn 0.000000 1.000000 0.000000
vn -0.474129 0.880455 0.000000
vn -1.000000 0.000000 0.000000
vn -1.000000 0.000000 0.000000
vn 0.000000 -1.000000 0.000000
vn 0.000000 -1.000000 0.000000
vn -1.000000 0.000000 0.000000
vn -1.000000 0.000000 0.000000
vn -1.000000 0.000000 0.000000
vn -1.000000 0.000000 0.000000
vn 0.153632 -0.988128 0.000006
vn 0.153632 -0.988128 0.000006
vn 0.900080 -0.383766 -0.206349
vn 0.900080 -0.383766 -0.206349
vn 0.900080 -0.383766 -0.206349
vn 0.900080 -0.383766 -0.206349
vn 0.250780 -0.816789 0.519582
vn 0.250779 -0.816789 0.519581
vn 0.250779 -0.816789 0.519581
vn 0.250780 -0.816789 0.519581
vn 0.000000 0.000000 -1.000000
vn 0.000000 0.000000 -0.000000
vn 0.000000 0.000000 -1.000000
vn 0.000000 0.000000 -0.000000
vn 0.000002 0.000000 1.000000
vn 0.000002 0.000000 1.000000
vn 0.000002 0.000000 1.000000
vn 0.000002 0.000000 1.000000
vn 0.000000 0.000000 -0.000000
vn 0.000000 0.000000 -0.000000
vn 0.000000 0.000000 -0.000000
vn 0.000000 0.000000 -0.000000
vn -0.000006 0.000000 1.000000
vn -0.000006 0.000000 1.000000
vn -0.000006 0.000000 1.000000
vn -0.000006 0.000000 1.000000
vn 0.000000 0.000000 0.000000
vn 0.000000 0.000000 0.000000
vn 0.000000 0.000000 0.000000
vn 0.000000 0.000000 1.000000
vn 0.000000 0.000000 1.000000
vn 0.000000 0.000000 1.000000
vn 0.000000 0.000000 1.000000
vn 0.000000 0.000000 -0.000000
vn 0.000000 0.000000 -0.000000
vn 0.000000 0.000000 -0.000000
vn -0.000003 0.000000 1.000000
vn -0.000003 0.000000 1.000000
vn -0.000003 0.000000 1.000000
vn -0.000003 0.000000 1.000000
vn 0.000000 0.000000 -0.000000
vn 0.000000 0.000000 -0.000000
vn 0.000000 0.000000 -0.000000
vn 0.000000 0.000000 -0.000000
vn 0.000000 0.000000 1.000000
vn 0.000000 0.000000 1.000000
vn 0.000000 0.000000 1.000000
vn 0.000000 0.000000 1.000000
vn 0.000000 0.000000 0.000000
vn 0.000000 0.000000 1.000000
vn 0.000000 0.000000 0.000000
vn 0.000000 0.000000 1.000000
vn 0.000000 0.000000 1.000000
vn 0.000000 0.000000 1.000000
vn 0.000000 0.000000 1.000000
vn 0.000000 0.000000 1.000000
vn -1.000000 0.000001 0.000000
vn -1.000000 -0.000010 0.000000
vn -1.000000 0.000000 0.000000
vn -1.000000 0.000001 0.000000
vn -1.000000 -0.000007 0.000000
vn -1.000000 -0.000003 0.000000
vn -1.000000 -0.000007 0.000000
vn -1.000000 0.000000 0.000000
vn -1.000000 -0.000006 0.000000
vn -1.000000 -0.000036 0.000000
vn -1.000000 0.000036 0.000000
vn -1.000000 0.000036 0.000000
vn -1.000000 -0.000036 0.000000
vn -1.000000 0.000036 0.000000
vn -1.000000 0.000036 0.000000
vn -1.000000 -0.000036 0.000000
vn -1.000000 -0.000036 0.000000
vn -1.000000 -0.000036 0.000000
vn -1.000000 -0.000036 0.000000
vn -1.000000 -0.000036 0.000000
vn -1.000000 -0.000036 0.000000
vn -1.000000 0.000036 0.000000
vn -1.000000 0.000036 0.000000
vn -1.000000 0.000036 0.000000
vn -1.000000 0.000036 0.000000
vn 0.000000 0.000000 1.000000
vn 0.000000 0.000000 1.000000
vn 0.000000 0.000000 1.000000
vn 0.000000 0.000000 1.000000
vn 0.000000 0.000000 -1.000000
vn 0.000000 0.000000 -1.000000
vn 0.000000 0.000000 -1.000000
vn 0.000000 0.000000 -1.000000
vn 0.000000 1.000000 0.000000
vn 0.000000 1.000000 0.000000
vn 0.000000 1.000000 0.000000
vn 0.000000 1.000000 0.000000
vn 0.000000 -1.000000 0.000000
vn 0.000000 -1.000000 0.000000
vn 0.000000 -1.000000 0.000000
vn 0.000000 -1.000000 0.000000
vn 0.000000 0.000000 -1.000000
vn 0.000000 0.000000 -1.000000
vn 0.000000 0.000000 -1.000000
vn 0.000000 0.000000 -1.000000
vn 0.000000 0.000000 1.000000
vn 0.000000 0.000000 1.000000
vn 0.000000 0.000000 1.000000
vn 0.000000 0.000000 1.000000
vn 0.000000 -1.000000 0.000001
vn 0.000000 -1.000000 0.000001
vn 0.000000 -1.000000 0.000001
vn 0.000000 -1.000000 0.000001
vn 0.000000 1.000000 -0.000001
vn 0.000000 1.000000 -0.000001
vn 0.000000 1.000000 -0.000001
vn 0.000000 1.000000 -0.000001
vn 0.000000 -1.000000 0.000000
vn 0.000000 -1.000000 0.000000
vn 0.000000 -1.000000 0.000000
vn 0.000000 -1.000000 0.000000
vn 0.000000 1.000000 0.000000
vn 0.000000 1.000000 0.000000
vn 0.000000 1.000000 0.000000
vn 0.000000 1.000000 0.000000
vn 0.000000 0.000000 1.000000
vn 0.000000 0.000000 1.000000
vn 0.000000 0.000000 1.000000
vn 0.000000 0.000000 1.000000
vn 0.000000 0.000000 -1.000000
vn 0.000000 0.000000 -1.000000
vn 0.000000 0.000000 -1.000000
vn 0.000000 0.000000 -1.000000
vn 0.000000 1.000000 0.000001
vn 0.000000 1.000000 0.000001
vn 0.000000 1.000000 0.000001
vn 0.000000 1.000000 0.000001
vn 0.000000 -1.000000 -0.000001
vn 0.000000 -1.000000 -0.000001
vn 0.000000 -1.000000 -0.000001
vn 0.000000 -1.000000 -0.000001
vn 0.000000 0.000000 -1.000000
vn 0.000000 0.000000 -1.000000
vn 0.000000 0.000000 -1.000000
vn 0.000000 0.000000 -1.000000
vn 0.000000 0.000000 1.000000
vn 0.000000 0.000000 1.000000
vn 0.000000 0.000000 1.000000
vn 0.000000 0.000000 1.000000
vn -0.640695 0.767796 0.000000
vn -0.640695 0.767796 0.000000
vn -0.640695 0.767796 0.000000
vn -0.640695 0.767796 0.000000
vn -1.000000 0.000000 0.000000
vn -1.000000 0.000000 0.000000
vn -1.000000 0.000000 0.000000
vn -1.000000 0.000000 0.000000
vn 0.640695 -0.767796 0.000000
vn 0.640695 -0.767796 0.000000
vn 0.640695 -0.767796 0.000000
vn 0.640695 -0.767796 0.000000
vn -0.608648 -0.793440 0.000000
vn -0.608648 -0.793440 0.000000
vn -0.608648 -0.793440 0.000000
vn -0.608648 -0.793440 0.000000
vn 1.000000 0.000000 0.000000
vn 1.000000 0.000000 0.000000
vn 1.000000 0.000000 0.000000
vn 1.000000 0.000000 0.000000
vn 0.608648 0.793440 0.000000
vn 0.608648 0.793440 0.000000
vn 0.608648 0.793440 0.000000
vn 0.608648 0.793440 0.000000
vn 0.521385 0.853321 0.000000
vn 0.521385 0.853321 0.000000
vn 0.521385 0.853321 0.000000
vn 0.521385 0.853321 0.000000
vn -0.502649 -0.864491 0.000000
vn -0.502649 -0.864491 0.000000
vn -0.502649 -0.864491 0.000000
vn -0.502649 -0.864491 0.000000
vn 0.345179 0.938537 0.000000
vn 0.345179 0.938537 0.000000
vn 0.345179 0.938537 0.000000
vn 0.345179 0.938537 0.000000
vn -0.360894 -0.932607 0.000000
vn -0.360894 -0.932607 0.000000
vn -0.360894 -0.932607 0.000000
vn -0.360894 -0.932607 0.000000
vn 0.122286 0.992495 0.000000
vn 0.122286 0.992495 0.000000
vn 0.122286 0.992495 0.000000
vn 0.122286 0.992495 0.000000
vn -0.122295 -0.992494 0.000000
vn -0.122295 -0.992494 0.000000
vn -0.122295 -0.992494 0.000000
vn -0.122295 -0.992494 0.000000
vn -0.122287 0.992495 0.000000
vn -0.122287 0.992495 0.000000
vn -0.122287 0.992495 0.000000
vn -0.122287 0.992495 0.000000
vn 0.122298 -0.992494 0.000000
vn 0.122298 -0.992494 0.000000
vn 0.122298 -0.992494 0.000000
vn 0.122298 -0.992494 0.000000
vn -0.521398 0.853314 0.000000
vn -0.521398 0.853314 0.000000
vn -0.521398 0.853314 0.000000
vn -0.521398 0.853314 0.000000
vn 0.502653 -0.864488 0.000000
vn 0.502653 -0.864488 0.000000
vn 0.502653 -0.864488 0.000000
vn 0.502653 -0.864488 0.000000
vn -0.345175 0.938538 0.000000
vn -0.345175 0.938538 0.000000
vn -0.345175 0.938538 0.000000
vn -0.345175 0.938538 0.000000
vn 0.360898 -0.932605 0.000000
vn 0.360898 -0.932605 0.000000
vn 0.360898 -0.932605 0.000000
vn 0.360898 -0.932605 0.000000
vn -0.000060 0.000465 1.000000
vn -0.000065 0.000443 1.000000
vn 0.000000 0.000706 1.000000
vn -0.000115 0.000320 1.000000
vn -0.000143 0.000253 1.000000
vn -0.000106 0.000091 1.000000
vn -0.000113 0.000099 1.000000
vn -0.000081 0.000062 1.000000
vn -0.000081 0.000062 1.000000
vn -0.000503 -0.000716 1.000000
vn -0.000817 -0.001219 0.999999
vn -0.000313 -0.000324 1.000000
vn -0.000340 -0.000388 1.000000
vn -0.000205 -0.000125 1.000000
vn -0.000220 -0.000143 1.000000
vn -0.000171 -0.000081 1.000000
vn -0.000171 -0.000081 1.000000
vn 0.743084 -0.669198 0.000000
vn 0.743084 -0.669198 0.000000
vn 0.743084 -0.669198 0.000000
vn 0.743084 -0.669198 0.000000
vn -1.000000 0.000000 0.000000
vn -1.000000 0.000000 0.000000
vn -1.000000 0.000000 0.000000
vn -1.000000 0.000000 0.000000
vn -0.743065 -0.669219 0.000000
vn -0.743065 -0.669219 0.000000
vn -0.743065 -0.669219 0.000000
vn -0.743065 -0.669219 0.000000
vn 1.000000 0.000000 0.000000
vn 1.000000 0.000000 0.000000
vn 1.000000 0.000000 0.000000
vn 1.000000 0.000000 0.000000
vn -0.742976 0.669318 0.000000
vn -0.742976 0.669318 0.000000
vn -0.742976 0.669318 0.000000
vn -0.742976 0.669318 0.000000
vn 0.742969 0.669326 0.000000
vn 0.742969 0.669326 0.000000
vn 0.742969 0.669326 0.000000
vn 0.742969 0.669326 0.000000
vn -0.582122 0.813101 0.000000
vn -0.582122 0.813101 0.000000
vn -0.582122 0.813101 0.000000
vn -0.582122 0.813101 0.000000
vn 0.550184 -0.835044 0.000000
vn 0.550184 -0.835044 0.000000
vn 0.550184 -0.835044 0.000000
vn 0.550184 -0.835044 0.000000
vn -0.395022 0.918671 0.000000
vn -0.395022 0.918671 0.000000
vn -0.395022 0.918671 0.000000
vn -0.395022 0.918671 0.000000
vn 0.389918 -0.920849 0.000000
vn 0.389918 -0.920849 0.000000
vn 0.389918 -0.920849 0.000000
vn 0.389918 -0.920849 0.000000
vn -0.142439 0.989804 0.000000
vn -0.142439 0.989804 0.000000
vn -0.142439 0.989804 0.000000
vn -0.142439 0.989804 0.000000
vn 0.137787 -0.990462 0.000000
vn 0.137786 -0.990462 0.000000
vn 0.137787 -0.990462 0.000000
vn 0.137786 -0.990462 0.000000
vn 0.642420 -0.766353 0.000000
vn 0.642420 -0.766353 0.000000
vn 0.642420 -0.766353 0.000000
vn 0.642420 -0.766353 0.000000
vn -0.582141 0.813088 0.000000
vn -0.582141 0.813088 0.000000
vn -0.582141 0.813088 0.000000
vn -0.582141 0.813088 0.000000
vn 0.582117 0.813105 0.000000
vn 0.582117 0.813105 0.000000
vn 0.582117 0.813105 0.000000
vn 0.582117 0.813105 0.000000
vn -0.647206 -0.762315 0.000000
vn -0.647206 -0.762315 0.000000
vn -0.647206 -0.762315 0.000000
vn -0.647206 -0.762315 0.000000
vn -0.527616 -0.849483 0.000000
vn -0.527616 -0.849483 0.000000
vn -0.527616 -0.849483 0.000000
vn -0.527616 -0.849483 0.000000
vn 0.582141 0.813088 0.000000
vn 0.582141 0.813088 0.000000
vn 0.582141 0.813088 0.000000
vn 0.582141 0.813088 0.000000
vn 0.395029 0.918669 0.000000
vn 0.395029 0.918669 0.000000
vn 0.395029 0.918669 0.000000
vn 0.395029 0.918669 0.000000
vn -0.404303 -0.914625 0.000000
vn -0.404303 -0.914625 0.000000
vn -0.404303 -0.914625 0.000000
vn -0.404303 -0.914625 0.000000
vn 0.142438 0.989804 0.000000
vn 0.142438 0.989804 0.000000
vn 0.142438 0.989804 0.000000
vn 0.142438 0.989804 0.000000
vn -0.137998 -0.990433 0.000000
vn -0.137998 -0.990433 0.000000
vn -0.137998 -0.990433 0.000000
vn -0.137998 -0.990433 0.000000
vn 1.000000 -0.000048 0.000000
vn 1.000000 -0.000048 0.000000
vn 1.000000 -0.000048 0.000000
vn 1.000000 -0.000024 0.000000
vn 1.000000 -0.000024 0.000000
vn 1.000000 -0.000024 0.000000
s 1
g pCube11
usemtl initialShadingGroup
f 45/10/1 46/11/2 47/12/3 48/13/4
f 49/14/5 46/11/2 45/10/1 50/15/6
s 2
f 20/16/7 21/17/8 22/18/9 23/19/10 24/20/11
f 21/17/8 25/21/12 26/22/13 22/18/9
f 25/21/12 27/26/14 28/27/15 26/22/13
f 27/26/14 29/30/16 30/31/17 31/32/18 28/27/15
f 29/30/16 32/33/19 33/34/20 34/37/21 30/31/17
f 32/33/19 35/28/22 36/29/23 33/34/20
f 37/23/24 20/16/7 24/20/11 38/3637/25 39/25/26
f 35/28/22 37/23/24 39/25/26 36/29/23
f 29/30/16 27/26/14 16/35/27 15/36/28
f 27/26/14 40/38/29 17/39/30 16/35/27
f 40/38/29 41/43/31 14/44/32 17/39/30
f 32/33/19 29/30/16 15/36/28 18/40/33
f 41/43/31 42/45/34 19/46/35 14/44/32
f 42/45/34 32/33/19 18/40/33 19/46/35
f 43/42/36 44/41/37 38/24/38 23/3636/39
f 44/41/37 43/42/36 31/32/18 34/37/21
s 4
f 52/47/40 51/48/41 53/49/42 54/50/43
f 55/51/44 52/47/40 54/50/43 56/52/45
s 5
f 57/53/46 58/54/47 59/55/48 60/56/49
f 61/57/50 62/58/51 58/54/47 57/53/46
s off
f 11/59/52 12/60/53 13/61/54
s 2
f 34/37/21 31/32/18 30/31/17
s off
f 10/1202/55 2/1203/56 21/1204/57 20/1205/58
f 13/3575/59 12/3576/60 24/3577/61 23/3578/62
f 2/2282/63 4/2283/64 25/2284/65 21/2285/66
f 4/2283/67 6/2286/68 27/2287/69 25/2284/70
f 5/2290/71 3/2291/72 35/2292/73 32/2293/74
f 1/1206/75 10/1202/76 20/1205/77 37/1207/78
f 12/3576/79 11/3579/80 38/3580/81 24/3577/82
f 3/2291/83 1/2294/84 37/2295/85 35/2292/86
f 6/2286/87 8/2288/88 40/2289/89 27/2287/90
f 8/1208/91 9/1209/92 41/1210/93 40/1211/94
f 9/1209/95 7/1212/96 42/1213/97 41/1210/98
f 7/2296/99 5/2290/100 32/2293/101 42/2297/102
f 11/1214/103 13/1215/104 23/1216/105 38/1217/106
f 15/1218/107 16/1219/108 47/1220/109 46/1221/110
f 16/2298/111 17/2299/112 48/2300/113 47/2301/114
f 17/1224/115 14/1225/116 45/1226/117 48/1227/118
f 18/1222/119 15/1218/120 46/1221/121 49/1223/122
f 14/1225/123 19/1228/124 50/1229/125 45/1226/126
f 19/2302/127 18/2303/128 49/2304/129 50/2305/130
f 43/2306/131 23/2307/132 51/2308/133 52/2309/134
f 23/1230/135 22/1231/136 53/1232/137 51/1233/138
f 22/2312/139 26/2313/140 54/2314/141 53/2315/142
f 31/2310/143 43/2306/144 52/2309/145 55/2311/146
f 26/2313/147 28/2316/148 56/2317/149 54/2314/150
f 28/1234/151 31/1235/152 55/1236/153 56/1237/154
f 44/2318/155 34/2319/156 59/2320/157 58/2321/158
f 34/1238/159 33/1239/160 60/1240/161 59/1241/162
f 33/2324/163 36/2325/164 57/2326/165 60/2327/166
f 39/1242/167 38/1243/168 62/1244/169 61/1245/170
f 38/2322/171 44/2318/172 58/2321/173 62/2323/174
f 36/2325/175 39/2328/176 61/2329/177 57/2326/178
s 6
f 105/2330/179 106/2331/180 107/2332/181 108/2333/182
f 109/2334/183 106/2331/180 105/2330/179 110/2335/184
s 7
f 80/2336/185 81/2337/186 82/2338/187 83/2339/188 84/2340/189
f 81/2337/186 85/2341/190 86/2342/191 82/2338/187
f 85/2341/190 87/2346/192 88/2347/193 86/2342/191
f 87/2346/192 89/2350/194 90/2351/195 91/2352/196 88/2347/193
f 89/2350/194 92/2353/197 93/2354/198 94/2357/199 90/2351/195
f 92/2353/197 95/2348/200 96/2349/201 93/2354/198
f 97/2343/202 80/2336/185 84/2340/189 98/3635/203 99/2345/204
f 95/2348/200 97/2343/202 99/2345/204 96/2349/201
f 89/2350/194 87/2346/192 76/2355/205 75/2356/206
f 87/2346/192 100/2358/207 77/2359/208 76/2355/205
f 100/2358/207 101/2363/209 74/2364/210 77/2359/208
f 92/2353/197 89/2350/194 75/2356/206 78/2360/211
f 101/2363/209 102/2365/212 79/2366/213 74/2364/210
f 102/2365/212 92/2353/197 78/2360/211 79/2366/213
f 103/2362/214 104/2361/215 98/2344/216 83/3634/217
f 104/2361/215 103/2362/214 91/2352/196 94/2357/199
s 9
f 112/2367/218 111/2368/219 113/2369/220 114/2370/221
f 115/2371/222 112/2367/218 114/2370/221 116/2372/223
s 10
f 117/2373/224 118/2374/225 119/2375/226 120/2376/227
f 121/2377/228 122/2378/229 118/2374/225 117/2373/224
s off
f 71/2379/230 72/2380/231 73/2381/232
s 7
f 94/2357/199 91/2352/196 90/2351/195
s off
f 63/1246/233 64/1247/234 81/1248/235 80/1249/236
f 73/3535/237 72/3536/238 84/3537/239 83/3538/240
f 64/62/241 66/63/242 85/64/243 81/65/244
f 66/63/245 68/66/246 87/67/247 85/64/248
f 67/70/249 65/71/250 95/72/251 92/73/252
f 63/1246/253 80/1249/254 97/1250/255
f 72/3539/256 71/3540/257 98/3541/258 84/3542/259
f 65/71/260 63/74/261 97/75/262 95/72/263
f 68/66/264 70/68/265 100/69/266 87/67/267
f 70/1251/268 69/1252/269 101/1253/270 100/1254/271
f 69/1252/272 102/1255/273 101/1253/274
f 69/76/275 67/70/276 92/73/277 102/77/278
f 71/1256/279 73/1257/280 83/1258/281 98/1259/282
f 75/1260/283 76/1261/284 107/1262/285 106/1263/286
f 76/78/287 77/79/288 108/80/289 107/81/290
f 77/1266/291 74/1267/292 105/1268/293 108/1269/294
f 78/1264/295 75/1260/296 106/1263/297 109/1265/298
f 74/1267/299 79/1270/300 110/1271/301 105/1268/302
f 79/82/303 78/83/304 109/84/305 110/85/306
f 103/86/307 83/87/308 111/88/309 112/89/310
f 83/1272/311 82/1273/312 113/1274/313 111/1275/314
f 82/92/315 86/93/316 114/94/317 113/95/318
f 91/90/319 103/86/320 112/89/321 115/91/322
f 86/93/323 88/96/324 116/97/325 114/94/326
f 88/1276/327 91/1277/328 115/1278/329 116/1279/330
f 104/98/331 94/99/332 119/100/333 118/101/334
f 94/1280/335 93/1281/336 120/1282/337 119/1283/338
f 93/104/339 96/105/340 117/106/341 120/107/342
f 99/1284/343 98/1285/344 122/1286/345 121/1287/346
f 98/102/347 104/98/348 118/101/349 122/103/350
f 96/105/351 99/108/352 121/109/353 117/106/354
s 11
f 140/110/355 143/111/356 142/112/357 141/113/358
s 12
f 146/126/359 1567/127/360 126/128/361 132/129/362
f 148/130/363 146/126/359 132/129/362
s 11
f 145/120/364 152/116/365 144/117/366
s off
f 130/131/367 133/132/368 135/133/369 134/134/370
f 133/132/371 123/135/372 136/136/373 135/133/374
f 135/133/375 138/137/376 137/138/377 134/134/378
f 136/136/379 139/141/380 138/137/381 135/133/382
f 133/1288/383 141/1289/384 142/1290/385 123/1291/386
f 1552/1319/387 143/1320/388 140/1321/389 132/1322/390
f 124/1296/391 144/1293/392 130/1292/393
f 130/1292/394 144/1293/395 141/1289/396 133/1288/397
f 1554/4/398 1564/8/399 1558/7/400
f 150/3581/401 152/3582/402 145/3583/403 144/3584/404 129/3585/405 1562/3586/406 1571/3587/407 1575/3588/408
f 146/3543/409 150/3544/410 1578/3545/411 1569/3546/412
f 147/2382/413 1577/2383/414 1573/2384/415 128/2385/416
f 148/3547/417 152/3548/418 150/3544/419 146/3543/420
s 11
f 152/116/365 140/110/355 141/113/358 144/117/366
s off
f 148/1323/421 132/1322/422 140/1321/423 152/1324/424
s 13
f 455/148/425 456/149/426 178/150/427 167/151/428
s 14
f 192/114/429 193/115/430 142/112/431 143/111/432
s 15
f 196/170/433 172/171/434 1555/172/435 1566/173/436
s 13
f 176/162/437 177/160/438 168/161/439
s 15
f 197/174/440 172/171/434 196/170/433
s 14
f 195/121/441 194/3621/442 200/118/443
s off
f 175/3589/444 174/3590/445 166/3591/446 169/3592/447
f 169/167/448 176/162/449 175/165/450
f 169/1325/451 166/1326/452 180/1327/453 181/1328/454
f 181/2386/455 180/2387/456 182/2388/457 183/2389/458
f 183/1329/459 182/1330/460 184/1331/461 177/1332/462
s 17
f 456/2390/463 457/2391/464 179/2392/465 178/2393/466
s off
f 177/160/467 176/162/468 181/163/469 183/164/470
s 18
f 179/175/471 457/176/472 458/177/473 154/178/474
s off
f 182/189/475 180/190/476 162/191/477 164/192/478
f 166/195/479 174/193/480 180/190/481
f 180/190/482 174/193/483 155/194/484 162/191/485
f 155/3593/486 174/3590/487 175/3589/488 185/3594/489
f 175/165/490 176/162/491 168/161/492 185/166/493
f 185/166/494 168/161/495 187/168/496 186/169/497
f 185/3594/498 186/3595/499 188/3596/500 155/3593/501
f 155/145/502 188/143/503 165/142/504 156/146/505
f 165/142/506 188/143/507 189/140/508 173/139/509
f 173/139/510 189/140/511 136/136/512 123/135/513
f 189/140/514 188/143/515 190/147/516 191/144/517
f 136/136/518 189/140/519 191/144/520 139/141/521
f 173/1294/522 123/1291/523 142/1290/524 193/1295/525
f 1556/1333/526 172/1334/527 192/1335/528 143/1336/529
f 158/2404/530 159/2405/531 194/2406/532 195/2407/533
f 159/1300/534 156/3609/535 194/3610/536
f 156/1299/537 165/1297/538 194/1298/539
f 165/1297/540 173/1294/541 193/1295/542 194/1298/543
f 1553/5/544 1557/6/545 1563/9/546
f 1570/124/547 198/122/548 199/123/549 151/125/550
f 198/122/551 195/121/552 200/118/553 199/123/554
f 1561/3597/555 171/3598/556 198/3599/557 149/3600/558
f 196/3549/559 1568/3550/560 1574/3551/561 199/3552/562
f 1565/2450/563 1559/2451/564 1572/2452/565 1576/2453/566
f 171/1493/567 158/1496/568 195/1497/569 198/1498/570
f 197/3553/571 196/3549/572 199/3552/573 200/3554/574
s 14
f 200/3622/443 194/119/442 193/115/430 192/114/429
s off
f 197/1337/575 200/1338/576 192/1335/577 172/1334/578
s 19
f 868/2454/579 869/2455/580 440/2456/581 201/2457/582
s off
f 157/1425/583 170/1416/584 203/1417/585 202/1426/586
s 20
f 1103/2428/587 157/2427/588 202/2429/589 204/2430/590
s off
f 1624/2510/591 1625/2511/592 1626/2512/593
f 170/1416/594 127/1412/595 205/1411/596 203/1417/597
s 21
f 425/196/598 441/197/599 442/198/600 206/199/601
s 22
f 208/249/602 448/250/603 449/251/604 437/252/605
s 23
f 528/302/606 529/303/607 530/304/608 531/305/609
s 24
f 535/318/610 534/319/611 536/320/612 537/321/613
s 25
f 208/2513/614 219/2514/615 447/2515/616 448/2516/617
f 219/2514/615 218/2517/618 446/2518/619 447/2515/616
f 218/2517/618 217/2521/620 445/2522/621 446/2518/619
f 217/2521/620 216/2526/622 444/2527/623 445/2522/621
f 216/2526/622 215/2535/624 443/2536/625 444/2527/623
f 215/2535/624 206/2543/626 442/2544/627 443/2536/625
s 26
f 1463/2660/628 1462/2661/629 207/2662/630 1464/2663/631
f 1465/2664/632 1463/2660/628 1464/2663/631 1466/2665/633
f 222/2666/634 1465/2664/632 1466/2665/633 1467/2667/635
f 1468/2668/636 222/2666/634 1467/2667/635 1469/2669/637
f 1471/2672/638 1470/2670/639 1472/2671/640 209/2673/641
f 1470/2670/639 1468/2668/636 1469/2669/637 1472/2671/640
s 27
f 229/329/642 214/325/643 428/324/644 429/330/645
f 228/1339/646 229/1340/642 429/1341/645 430/1342/647
f 227/1347/648 228/1339/646 430/1342/647 431/1348/649
f 226/1351/650 227/1347/648 431/1348/649 432/1352/651
f 213/310/652 225/314/653 433/315/654 434/311/655
f 225/1355/653 226/1351/650 432/1352/651 433/1356/654
s off
f 230/2674/656 235/2675/657 236/2676/658 212/2677/659
f 231/2678/660 237/2679/661 235/2675/662 230/2674/663
f 232/2682/664 238/2683/665 237/2679/666 231/2678/667
f 233/2688/668 239/2689/669 238/2683/670 232/2682/671
f 234/2695/672 240/2696/673 239/2689/674 233/2688/675
f 1627/2718/676 1628/2719/677 1629/2720/678 1630/2721/679
f 236/1359/680 235/1360/681 241/1361/682 242/1362/683
f 235/1360/684 237/1363/685 243/1364/686 241/1361/687
f 237/1363/688 238/1367/689 244/1368/690 243/1364/691
f 238/1367/692 239/1371/693 245/1372/694 244/1368/695
f 239/1371/696 240/1375/697 246/1376/698 245/1372/699
f 1631/1389/700 1632/1390/701 1633/1391/702 1634/1392/703
f 242/2441/704 241/2439/705 247/2440/706 248/2442/707
f 241/2439/708 243/3615/709 249/3616/710 247/2440/711
f 243/2437/712 244/2435/713 250/2436/714 249/2438/715
f 244/2435/716 245/2433/717 251/2434/718 250/2436/719
f 245/2433/720 246/2431/721 252/2432/722 251/2434/723
f 246/2431/724 204/2430/725 202/2429/726 252/2432/727
f 248/1474/728 247/1466/729 253/1459/730 254/1467/731
f 247/1466/732 249/1458/733 255/1451/734 253/1459/735
f 249/1458/736 250/1450/737 256/1442/738 255/1451/739
f 250/1450/740 251/1441/741 257/1434/742 256/1442/743
f 251/1441/744 252/1433/745 258/1424/746 257/1434/747
f 252/1433/748 202/1426/749 203/1417/750 258/1424/751
f 254/1467/752 253/1459/753 259/1452/754 260/1460/755
f 253/1459/756 255/1451/757 261/1443/758 259/1452/759
f 255/1451/760 256/1442/761 262/1435/762 261/1443/763
f 256/1442/764 257/1434/765 263/1427/766 262/1435/767
f 257/1434/768 258/1424/769 264/1418/770 263/1427/771
f 258/1424/772 203/1417/773 205/1411/774 264/1418/775
s 28
f 1139/2722/776 1140/2723/777 1141/2724/778 1142/2725/779
s off
f 1143/2736/780 1138/2739/781 1136/2740/782 1144/2737/783
s 29
f 1127/2448/784 267/2447/785 266/2449/786
s 30
f 1018/1489/787 1019/1483/788 268/1490/789 267/1495/790
s 31
f 1019/1483/791 1020/1476/792 269/1484/793 268/1490/794
s 32
f 1128/334/795 1129/335/796 451/336/797 270/337/798
s off
f 1133/358/799 271/366/800 8/359/801
f 1133/358/802 1134/372/803 272/373/804 271/366/805
s 33
f 272/1382/806 1137/1380/807 1135/1381/808
s 34
f 1135/394/809 307/395/810 296/396/811 297/397/812
s off
f 302/426/813 303/427/814 274/428/815 273/429/816
f 303/427/817 304/430/818 274/428/819
s 35
f 205/1411/820 127/1412/821 276/1403/822 277/1408/823
s 36
f 260/1460/824 259/1452/825 282/1445/826 283/1453/827
s 37
f 259/1452/828 261/1443/829 281/1436/830 282/1445/831
s 38
f 261/1443/832 262/1435/833 280/1428/834 281/1436/835
s 39
f 262/1435/836 263/1427/837 279/1420/838 280/1428/839
s 40
f 263/1427/840 264/1418/841 278/1413/842 279/1420/843
s 41
f 264/1418/844 205/1411/845 277/1408/846 278/1413/847
s 42
f 269/1484/848 1020/1476/849 1021/1470/850 284/1477/851
s 43
f 131/455/852 125/456/853 1272/457/854 1273/458/855
s 35
f 277/1408/823 276/1403/822 1275/1405/856 1276/1409/857
s 41
f 278/1413/847 277/1408/846 1276/1409/858 316/1414/859
s 40
f 279/1420/843 278/1413/842 316/1414/860 317/1421/861
s 39
f 280/1428/839 279/1420/838 317/1421/862 318/1429/863
s 38
f 281/1436/835 280/1428/834 318/1429/864 1277/1437/865
s 37
f 282/1445/831 281/1436/830 1277/1437/866 1278/1446/867
s 36
f 283/1453/827 282/1445/826 1278/1446/868 1279/1454/869
s 42
f 284/1477/851 1021/1470/850 1296/1469/870 1280/1478/871
s 44
f 270/337/872 451/336/873 452/340/874 286/341/875
s off
f 8/359/876 271/366/877 287/374/878 7/375/879
f 271/366/880 272/373/881 288/378/882 287/374/883
f 297/397/884 296/396/885 298/399/886 299/400/887
f 273/429/888 274/428/889 290/431/890 289/432/891
s 45
f 274/428/892 304/430/893 305/433/894 290/431/895
s 46
f 286/341/896 452/340/897 453/344/898 291/345/899
s 47
f 7/375/900 287/374/901 293/379/902 292/376/903
s off
f 287/374/904 288/378/905 1583/383/906 293/379/907
f 299/400/908 298/399/909 1591/402/910 1596/403/911
s 45
f 289/432/912 290/431/895 1282/434/913 1283/435/914 1588/436/915
s off
f 1481/468/916 1482/469/917 1483/470/918 1484/471/919
f 296/1393/920 302/1394/921 273/1395/922
f 272/1382/923 1135/1381/924 297/1384/925
f 273/1395/926 289/1397/927 298/1398/928 296/1393/929
f 288/1385/930 272/1382/931 297/1384/932 299/1386/933
f 289/1399/934 1585/1400/935 1593/1401/936 298/1402/937
f 1587/2742/938 1580/2743/939 1597/2744/940 1590/2745/941
f 1581/1387/942 288/1385/943 299/1386/944 1595/1388/945
f 267/401/946 268/404/947 306/405/948 307/3614/949
f 268/404/950 269/406/951 308/407/952 306/405/953
f 309/3611/954 308/407/955 269/406/956 284/409/957
f 303/2121/958 302/2125/959 307/2126/960 306/2122/961
f 304/2117/962 303/2121/963 306/2122/964 308/2118/965
f 305/2113/966 304/2117/967 308/2118/968 309/2114/969
s 49
f 310/461/970 131/455/971 1273/458/972 1274/462/973 275/463/974
s 50
f 276/1403/975 311/1404/976 1275/1405/977
s off
f 314/1502/978 1456/1505/979 310/1506/980 312/1499/981
s 51
f 313/465/982 312/466/983 310/461/984 275/463/985
s 52
f 312/1499/986 313/1500/987 315/1501/988 314/1502/989
s 53
f 314/472/990 315/473/991 285/474/992 311/475/993
s 41
f 316/1414/859 1276/1409/858 1287/1419/994
s off
f 317/2746/995 316/2747/996 319/2748/997 320/2749/998
s 54
f 316/481/999 1287/482/1000 1289/483/1001 319/484/1002
s off
f 318/2750/1003 317/2746/1004 320/2749/1005 321/2751/1006
f 323/2752/1007 322/2753/1008 324/2754/1009 325/2755/1010
s 55
f 322/487/1011 1291/488/1012 1292/489/1013 324/490/1014
s off
f 326/2756/1015 323/2752/1016 325/2755/1017 327/2757/1018
f 320/1509/1019 319/1510/1020 322/1511/1021 323/1512/1022
s 56
f 319/1510/1023 1289/1513/1024 1291/1514/1025 322/1511/1026
s off
f 321/1515/1027 320/1509/1028 323/1512/1029 326/1516/1030
s 57
f 332/1301/1031 331/1302/1032 156/3609/1033 159/1300/1034
s 58
f 333/2408/1035 332/2409/1036 159/2405/1037 158/2404/1038
s 59
f 334/1488/1039 333/1492/1040 158/1496/1041 171/1493/1042
f 335/1487/1043 334/1488/1039 171/1493/1042 1560/1494/1044
f 170/1416/1045 337/1422/1046 336/1423/1047 127/1412/1048
f 157/1425/1049 338/1430/1050 337/1422/1046 170/1416/1045
s 58
f 160/2426/1051 339/2425/1052 338/2424/1053 157/2427/1054
s off
f 1635/1525/1055 1636/1526/1056 1637/1527/1057 1638/1528/1058 1639/1529/1059 1640/1530/1060
s 62
f 1530/2758/1061 1531/2759/1062 1532/2760/1063
s 63
f 1534/2777/1064 1533/2779/1065 1535/2778/1066
s 59
f 335/1487/1043 1214/1481/1067 1215/1480/1068 334/1488/1039
f 358/1472/1069 357/1464/1070 360/1465/1071 359/1473/1072
f 357/1464/1070 356/1456/1073 361/1457/1074 360/1465/1071
f 356/1456/1073 355/1448/1075 362/1449/1076 361/1457/1074
f 355/1448/1075 354/1439/1077 363/1440/1078 362/1449/1076
f 354/1439/1077 1207/1432/1079 1208/1431/1080 363/1440/1078
s 62
f 1531/2759/1062 1536/2761/1081 1532/2760/1063
s 63
f 1534/2777/1064 1535/2778/1066 1537/2776/1082
s 59
f 363/1440/1078 1208/1431/1080 1209/1438/1083 368/1447/1084
f 362/1449/1076 363/1440/1078 368/1447/1084 367/1455/1085
f 361/1457/1074 362/1449/1076 367/1455/1085 366/1463/1086
f 360/1465/1071 361/1457/1074 366/1463/1086 365/1471/1087
f 334/1488/1039 1215/1480/1068 1216/1486/1088 333/1492/1040
f 359/1473/1072 360/1465/1071 365/1471/1087 364/1479/1089
s 58
f 368/2420/1090 1209/2422/1091 1210/2423/1092 373/2421/1093
f 367/2418/1094 368/2420/1090 373/2421/1093 372/2419/1095
f 366/2416/1096 367/2418/1094 372/2419/1095 371/2417/1097
f 365/2414/1098 366/2416/1096 371/2417/1097 370/2415/1099
f 333/2408/1035 1216/2410/1100 1217/2411/1101 332/2409/1036
f 364/2412/1102 365/2414/1098 370/2415/1099 369/2413/1103
s 57
f 373/1313/1104 1210/1315/1105 1211/1316/1106 378/1314/1107
f 372/1311/1108 373/1313/1104 378/1314/1107 377/1312/1109
f 371/1309/1110 372/1311/1108 377/1312/1109 376/1310/1111
f 370/1307/1112 371/1309/1110 376/1310/1111 375/1308/1113
f 332/1301/1031 1217/1303/1114 1218/1304/1115 331/1302/1032
f 369/1305/1116 370/1307/1112 375/1308/1113 374/1306/1117
s 66
f 378/2780/1118 1211/2781/1119 1212/2782/1120 384/2783/1121
f 377/2786/1122 378/2780/1118 384/2783/1121 383/2787/1123
f 376/2790/1124 377/2786/1122 383/2787/1123 382/2791/1125
f 375/2796/1126 376/2790/1124 382/2791/1125 381/2797/1127
f 331/2810/1128 1218/2805/1129 1219/2804/1130 379/2811/1131
f 374/2800/1132 375/2796/1126 381/2797/1127 380/2801/1133
s 62
f 1539/2764/1134 1538/2763/1135 1540/2762/1136 1541/2765/1137
f 1542/2766/1138 1539/2764/1134 1541/2765/1137 1543/2767/1139
f 1544/2768/1140 1542/2766/1138 1543/2767/1139 1545/2769/1141
s 68
f 1529/2852/1142 1526/3625/1143 1459/2854/1144 394/2855/1145
f 346/2864/1146 1527/2861/1147 1202/2860/1148
f 1528/2856/1149 1529/2852/1142 394/2855/1145 393/2857/1150
s off
f 155/2814/1151 156/2815/1152 331/2810/1153 379/2811/1154
f 162/2818/1155 155/2814/1156 379/2811/1157
f 1036/2893/1158 1699/2894/1159 161/2895/1160 163/2896/1161
f 330/2822/1162 350/2829/1163 164/2823/1164
f 379/2811/1165 330/2822/1166 164/2823/1167 162/2818/1168
s 70
f 459/2846/1169 460/2848/1170 328/2851/1171 399/2849/1172
s 71
f 458/2847/1173 459/2846/1174 399/2849/1175 154/2850/1176
s 72
f 513/2817/1177 514/2812/1178 400/2816/1179 414/2821/1180
s 73
f 1030/2830/1181 1031/2825/1182 439/2833/1183 153/2834/1184
s off
f 1641/2897/1185 1642/2898/1186 1643/2899/1187 1644/2900/1188
s 74
f 401/2901/1189 1602/2902/1190 1033/2903/1191 515/2904/1192
s 19
f 870/2460/1193 893/2465/1194 875/2466/1195 516/2467/1196 402/2461/1197
s off
f 701/493/1198 700/494/1199 702/495/1200 703/496/1201
f 705/2911/1202 704/2912/1203 706/2913/1204 707/2914/1205
f 709/2915/1206 708/2916/1207 710/2917/1208 711/2918/1209
f 713/2919/1210 712/2920/1211 714/2921/1212 715/2922/1213
f 717/2923/1214 716/2924/1215 718/2925/1216 719/2926/1217
f 721/2927/1218 720/2928/1219 722/2929/1220 723/2930/1221
f 725/2931/1222 724/2932/1223 726/2933/1224 727/2934/1225
f 728/497/1226 729/498/1227 730/499/1228 731/500/1229
s 32
f 411/339/1230 1130/338/1231 2/342/1232
s 44
f 412/343/1233 411/339/1234 2/342/1235 1/348/1236
s 46
f 413/349/1237 412/343/1238 1/348/1239 527/354/1240
s 72
f 414/2821/1180 400/2816/1179 438/2820/1241 454/2828/1242
s 13
f 507/154/1243 508/155/1244 416/153/1245 415/152/1246
s 17
f 508/2396/1247 509/2397/1248 417/2395/1249 416/2394/1250
s 18
f 418/180/1251 417/179/1252 509/181/1253 510/182/1254
s 71
f 510/2841/1255 511/2840/1256 419/2843/1257 418/2844/1258
s 70
f 511/2840/1259 512/2842/1260 420/2845/1261 419/2843/1262
s 21
f 201/200/1263 440/201/1264 441/197/599 425/196/598
s off
f 732/501/1265 733/502/1266 734/503/1267 735/504/1268
s 24
f 536/320/612 534/319/611 538/322/1269 539/323/1270
s 27
f 429/330/645 428/324/644 1458/328/1271 234/332/1272
f 430/1342/647 429/1341/645 234/1345/1273 233/1346/1274
f 431/1348/649 430/1342/647 233/1346/1275 232/1350/1276
f 432/1352/651 431/1348/649 232/1350/1277 231/1354/1278
f 433/1356/654 432/1352/651 231/1354/1279 230/1358/1280
f 434/311/655 433/315/654 230/316/1281 212/312/1282
s 23
f 532/306/1283 529/303/607 528/302/606 533/307/1284
s off
f 737/505/1285 736/506/1286 738/507/1287 739/508/1288
s 22
f 437/252/605 449/251/604 450/255/1289 210/256/1290
s 73
f 439/2935/1183 1031/2936/1182 1032/2937/1291 401/2938/1292
s 19
f 440/2456/581 869/2455/580 870/2460/1193 402/2461/1197
s 21
f 441/197/599 440/201/1264 402/204/1293 426/202/1294
f 442/198/600 441/197/599 426/202/1294 403/203/1295
s 25
f 443/2536/625 442/2544/627 403/2553/1296 404/2545/1297
f 444/2527/623 443/2536/625 404/2545/1297 405/2537/1298
f 445/2522/621 444/2527/623 405/2537/1298 406/2528/1299
f 446/2518/619 445/2522/621 406/2528/1299 407/2523/1300
f 447/2515/616 446/2518/619 407/2523/1300 408/2519/1301
f 448/2516/617 447/2515/616 408/2519/1301 409/2520/1302
s 22
f 449/251/604 448/250/603 409/253/1303 436/254/1304
f 450/255/1289 449/251/604 436/254/1304 410/259/1305
s 28
f 1141/2724/778 1140/2723/777 1145/2726/1306 1146/2727/1307
s 32
f 451/336/797 1129/335/796 1130/338/1231 411/339/1230
s 44
f 452/340/874 451/336/873 411/339/1234 412/343/1233
s 46
f 453/344/898 452/340/897 412/343/1238 413/349/1237
s 72
f 454/2828/1242 438/2820/1241 343/2826/1308
s 13
f 415/152/1246 416/153/1245 456/149/426 455/148/425
s 17
f 416/2394/1250 417/2395/1249 457/2391/464 456/2390/463
s 18
f 458/177/473 457/176/472 417/179/1252 418/180/1251
s 71
f 418/2844/1258 419/2843/1257 459/2846/1174 458/2847/1173
s 70
f 419/2843/1262 420/2845/1261 460/2848/1170 459/2846/1169
s 13
f 486/158/1309 487/159/1310 466/157/1311 465/156/1312
s 17
f 487/2400/1313 488/2401/1314 467/2399/1315 466/2398/1316
s 18
f 468/184/1317 467/183/1318 488/185/1319 489/186/1320
s 71
f 489/2832/1321 490/2831/1322 469/2837/1323 468/2838/1324
s 70
f 490/2831/1325 491/2836/1326 470/2839/1327 469/2837/1328
s 72
f 492/2809/1329 493/2803/1330 472/2807/1331 471/2813/1332
s 74
f 473/2906/1333 1034/2905/1334 1035/2907/1335 494/2908/1336
s off
f 740/509/1337 741/510/1338 742/511/1339 743/512/1340
f 745/513/1341 744/514/1342 746/515/1343 747/516/1344
f 749/2939/1345 748/2940/1346 750/2941/1347 751/2942/1348
f 753/2943/1349 752/2944/1350 754/2945/1351 755/2946/1352
f 757/2947/1353 756/2948/1354 758/2949/1355 759/2950/1356
f 761/2951/1357 760/2952/1358 762/2953/1359 763/2954/1360
f 765/2955/1361 764/2956/1362 766/2957/1363 767/2958/1364
f 769/2959/1365 768/2960/1366 770/2961/1367 771/2962/1368
f 772/517/1369 773/518/1370 774/519/1371 775/520/1372
f 777/521/1373 776/522/1374 778/523/1375 779/524/1376
s 28
f 1148/2731/1377 1147/2730/1378 1149/2733/1379 1150/2734/1380
s 32
f 4/347/1381 1131/346/1382 1132/352/1383 6/353/1384
s 46
f 485/361/1385 3/360/1386 5/367/1387 506/368/1388
s 13
f 177/160/438 487/159/1310 486/158/1309 168/161/439
s 17
f 177/2402/1389 184/2403/1390 488/2401/1314 487/2400/1313
s 18
f 489/186/1320 488/185/1319 184/187/1391 164/188/1392
s 71
f 350/2829/1393 490/2831/1322 489/2832/1321 164/2823/1394
s 70
f 350/2829/1395 329/2835/1396 491/2836/1326 490/2831/1325
s 72
f 342/2808/1397 352/2798/1398 493/2803/1330 492/2809/1329
s 74
f 494/2908/1336 1035/2907/1335 1606/2909/1399 163/2910/1400
s off
f 781/525/1401 780/526/1402 782/527/1403 783/528/1404
f 785/529/1405 784/530/1406 786/531/1407 787/532/1408
f 789/2963/1409 788/2964/1410 790/2965/1411 791/2966/1412
f 793/2967/1413 792/2968/1414 794/2969/1415 795/2970/1416
f 797/2971/1417 796/2972/1418 798/2973/1419 799/2974/1420
f 801/2975/1421 800/2976/1422 802/2977/1423 803/2978/1424
f 805/2979/1425 804/2980/1426 806/2981/1427 807/2982/1428
f 809/2983/1429 808/2984/1430 810/2985/1431 811/2986/1432
f 812/533/1433 813/534/1434 814/535/1435 815/536/1436
f 817/537/1437 816/538/1438 818/539/1439 819/540/1440
s 28
f 1150/2734/1380 1149/2733/1379 1143/2736/1441 1144/2737/1442
s 32
f 6/353/1384 1132/352/1383 1133/358/1443 8/359/1444
s 46
f 506/368/1388 5/367/1387 7/375/1445 292/376/1446
s 13
f 465/156/1312 466/157/1311 508/155/1244 507/154/1243
s 17
f 466/2398/1316 467/2399/1315 509/2397/1248 508/2396/1247
s 18
f 510/182/1254 509/181/1253 467/183/1318 468/184/1317
s 71
f 468/2838/1324 469/2837/1323 511/2840/1256 510/2841/1255
s 70
f 469/2837/1328 470/2839/1327 512/2842/1260 511/2840/1259
s 72
f 471/2813/1332 472/2807/1331 514/2812/1178 513/2817/1177
s 74
f 515/2904/1192 1033/2903/1191 1034/2905/1334 473/2906/1333
s off
f 820/541/1447 821/542/1448 822/543/1449 823/544/1450
f 825/545/1451 824/546/1452 826/547/1453 827/548/1454
f 829/2987/1455 828/2988/1456 830/2989/1457 831/2990/1458
f 833/2991/1459 832/2992/1460 834/2993/1461 835/2994/1462
f 837/2995/1463 836/2996/1464 838/2997/1465 839/2998/1466
f 841/2999/1467 840/3000/1468 842/3001/1469 843/3002/1470
f 845/3003/1471 844/3004/1472 846/3005/1473 847/3006/1474
f 849/3007/1475 848/3008/1476 850/3009/1477 851/3010/1478
f 852/549/1479 853/550/1480 854/551/1481 855/552/1482
f 857/553/1483 856/554/1484 858/555/1485 859/556/1486
s 28
f 1146/2727/1307 1145/2726/1306 1147/2730/1378 1148/2731/1377
s 32
f 2/342/1232 1130/338/1231 1131/346/1382 4/347/1381
s 46
f 527/354/1240 1/348/1239 3/360/1386 485/361/1385
s off
f 435/2256/1487 209/3619/1488 530/2254/1489 529/2257/1490
f 1505/3011/1491 1506/3012/1492 1507/3013/1493 1508/3014/1494
f 213/310/1495 434/311/1496 528/302/1497 531/305/1498
f 211/2258/1499 435/2256/1500 529/2257/1501 532/2259/1502
f 434/311/1503 212/312/1504 533/307/1505 528/302/1506
f 207/2238/1507 427/2246/1508 534/2247/1509 535/2242/1510
f 428/324/1511 214/325/1512 537/321/1513 536/320/1514
f 1510/3025/1515 1509/3026/1516 1511/3027/1517 1512/3028/1518
f 427/2246/1519 1460/2250/1520 538/2251/1521 534/2247/1522
f 1458/328/1523 428/324/1524 536/320/1525 539/323/1526
s 21
f 403/203/1295 426/202/1294 540/205/1527 541/206/1528
f 426/202/1294 517/209/1529 542/210/1530 540/205/1527
f 517/209/1529 518/211/1531 543/212/1532 542/210/1530
f 518/211/1531 403/203/1295 541/206/1528 543/212/1532
s 25
f 404/2545/1297 403/2553/1296 544/2565/1533 545/2566/1534
f 403/2553/1296 518/2575/1535 546/2576/1536 544/2565/1533
f 518/2575/1535 519/2567/1537 547/2577/1538 546/2576/1536
f 519/2567/1537 404/2545/1297 545/2566/1534 547/2577/1538
f 405/2537/1298 404/2545/1297 548/2554/1539 549/2555/1540
f 404/2545/1297 519/2567/1537 550/2568/1541 548/2554/1539
f 519/2567/1537 520/2556/1542 551/2569/1543 550/2568/1541
f 520/2556/1542 405/2537/1298 549/2555/1540 551/2569/1543
f 406/2528/1299 405/2537/1298 552/2546/1544 553/2547/1545
f 405/2537/1298 520/2556/1542 554/2557/1546 552/2546/1544
f 520/2556/1542 521/2548/1547 555/2558/1548 554/2557/1546
f 521/2548/1547 406/2528/1299 553/2547/1545 555/2558/1548
f 407/2523/1300 406/2528/1299 556/2538/1549 557/2539/1550
f 406/2528/1299 521/2548/1547 558/2549/1551 556/2538/1549
f 521/2548/1547 522/2540/1552 559/2550/1553 558/2549/1551
f 522/2540/1552 407/2523/1300 557/2539/1550 559/2550/1553
f 408/2519/1301 407/2523/1300 560/2529/1554 561/2530/1555
f 407/2523/1300 522/2540/1552 562/2541/1556 560/2529/1554
f 522/2540/1552 523/2531/1557 563/2542/1558 562/2541/1556
f 523/2531/1557 408/2519/1301 561/2530/1555 563/2542/1558
f 409/2520/1302 408/2519/1301 564/2524/1559 565/2525/1560
f 408/2519/1301 523/2531/1557 566/2532/1561 564/2524/1559
f 523/2531/1557 524/2533/1562 567/2534/1563 566/2532/1561
f 524/2533/1562 409/2520/1302 565/2525/1560 567/2534/1563
s 22
f 524/260/1564 525/262/1565 569/263/1566 568/261/1567
f 525/262/1565 436/254/1304 570/258/1568 569/263/1566
f 436/254/1304 409/253/1303 571/257/1569 570/258/1568
f 409/253/1303 524/260/1564 568/261/1567 571/257/1569
s 21
f 516/213/1570 517/209/1529 573/215/1571 572/214/1572
f 517/209/1529 426/202/1294 574/208/1573 573/215/1571
f 426/202/1294 402/204/1293 575/207/1574 574/208/1573
f 402/204/1293 516/213/1570 572/214/1572 575/207/1574
s 22
f 410/259/1305 436/254/1304 576/264/1575 577/265/1576
f 436/254/1304 525/262/1565 578/266/1577 576/264/1575
f 525/262/1565 526/267/1578 579/268/1579 578/266/1577
f 526/267/1578 410/259/1305 577/265/1576 579/268/1579
s 21
f 495/235/1580 496/231/1581 581/237/1582 580/236/1583
f 496/231/1581 475/220/1584 582/230/1585 581/237/1582
f 475/220/1584 474/224/1586 583/229/1587 582/230/1585
f 474/224/1586 495/235/1580 580/236/1583 583/229/1587
f 476/222/1588 475/220/1584 584/227/1589 585/228/1590
f 475/220/1584 496/231/1581 586/232/1591 584/227/1589
f 496/231/1581 497/233/1592 587/234/1593 586/232/1591
f 497/233/1592 476/222/1588 585/228/1590 587/234/1593
s 25
f 477/2598/1594 476/2606/1595 588/2627/1596 589/2628/1597
f 476/2606/1595 497/2637/1598 590/2638/1599 588/2627/1596
f 497/2637/1598 498/2629/1600 591/2639/1601 590/2638/1599
f 498/2629/1600 477/2598/1594 589/2628/1597 591/2639/1601
f 478/2587/1602 477/2598/1594 592/2616/1603 593/2617/1604
f 477/2598/1594 498/2629/1600 594/2630/1605 592/2616/1603
f 498/2629/1600 499/2618/1606 595/2631/1607 594/2630/1605
f 499/2618/1606 478/2587/1602 593/2617/1604 595/2631/1607
f 479/2580/1608 478/2587/1602 596/2609/1609 597/2610/1610
f 478/2587/1602 499/2618/1606 598/2619/1611 596/2609/1609
f 499/2618/1606 500/2611/1612 599/2620/1613 598/2619/1611
f 500/2611/1612 479/2580/1608 597/2610/1610 599/2620/1613
f 480/2572/1614 479/2580/1608 600/2601/1615 601/2602/1616
f 479/2580/1608 500/2611/1612 602/2612/1617 600/2601/1615
f 500/2611/1612 501/2603/1618 603/2613/1619 602/2612/1617
f 501/2603/1618 480/2572/1614 601/2602/1616 603/2613/1619
f 481/2561/1620 480/2572/1614 604/2590/1621 605/2591/1622
f 480/2572/1614 501/2603/1618 606/2604/1623 604/2590/1621
f 501/2603/1618 502/2592/1624 607/2605/1625 606/2604/1623
f 502/2592/1624 481/2561/1620 605/2591/1622 607/2605/1625
f 482/2563/1626 481/2561/1620 608/2583/1627 609/2584/1628
f 481/2561/1620 502/2592/1624 610/2593/1629 608/2583/1627
f 502/2592/1624 503/2594/1630 611/2595/1631 610/2593/1629
f 503/2594/1630 482/2563/1626 609/2584/1628 611/2595/1631
s 22
f 503/282/1632 504/284/1633 613/285/1634 612/283/1635
f 504/284/1633 483/273/1636 614/281/1637 613/285/1634
f 483/273/1636 482/271/1638 615/280/1639 614/281/1637
f 482/271/1638 503/282/1632 612/283/1635 615/280/1639
f 484/278/1640 483/273/1636 616/286/1641 617/287/1642
f 483/273/1636 504/284/1633 618/288/1643 616/286/1641
f 504/284/1633 505/289/1644 619/290/1645 618/288/1643
f 505/289/1644 484/278/1640 617/287/1642 619/290/1645
s 21
f 427/242/1646 496/231/1581 620/241/1647 621/248/1648
f 496/231/1581 495/235/1580 622/240/1649 620/241/1647
s off
f 495/235/1650 1460/246/1651 623/247/1652 622/240/1653
f 1460/246/1654 427/242/1655 621/248/1656 623/247/1657
s 21
f 497/233/1592 496/231/1581 624/238/1658 625/239/1659
f 496/231/1581 427/242/1646 626/243/1660 624/238/1658
f 427/242/1646 207/244/1661 627/245/1662 626/243/1660
f 207/244/1661 497/233/1592 625/239/1659 627/245/1662
s 25
f 498/2629/1600 497/2637/1598 628/2652/1663 629/2653/1664
f 497/2637/1598 207/2657/1665 630/2658/1666 628/2652/1663
f 207/2657/1665 224/2654/1667 631/2659/1668 630/2658/1666
f 224/2654/1667 498/2629/1600 629/2653/1664 631/2659/1668
f 499/2618/1606 498/2629/1600 632/2645/1669 633/2646/1670
f 498/2629/1600 224/2654/1667 634/2655/1671 632/2645/1669
f 224/2654/1667 223/2647/1672 635/2656/1673 634/2655/1671
f 223/2647/1672 499/2618/1606 633/2646/1670 635/2656/1673
f 500/2611/1612 499/2618/1606 636/2640/1674 637/2641/1675
f 499/2618/1606 223/2647/1672 638/2648/1676 636/2640/1674
f 223/2647/1672 222/2642/1677 639/2649/1678 638/2648/1676
f 222/2642/1677 500/2611/1612 637/2641/1675 639/2649/1678
f 501/2603/1618 500/2611/1612 640/2632/1679 641/2633/1680
f 500/2611/1612 222/2642/1677 642/2643/1681 640/2632/1679
f 222/2642/1677 221/2634/1682 643/2644/1683 642/2643/1681
f 221/2634/1682 501/2603/1618 641/2633/1680 643/2644/1683
f 502/2592/1624 501/2603/1618 644/2621/1684 645/2622/1685
f 501/2603/1618 221/2634/1682 646/2635/1686 644/2621/1684
f 221/2634/1682 220/2623/1687 647/2636/1688 646/2635/1686
f 220/2623/1687 502/2592/1624 645/2622/1685 647/2636/1688
f 503/2594/1630 502/2592/1624 648/2614/1689 649/2615/1690
f 502/2592/1624 220/2623/1687 650/2624/1691 648/2614/1689
f 220/2623/1687 209/2625/1692 651/2626/1693 650/2624/1691
f 209/2625/1692 503/2594/1630 649/2615/1690 651/2626/1693
s 22
f 435/295/1694 504/284/1633 653/292/1695 652/296/1696
f 504/284/1633 503/282/1632 654/291/1697 653/292/1695
f 503/282/1632 209/293/1698 655/294/1699 654/291/1697
f 209/293/1698 435/295/1694 652/296/1696 655/294/1699
f 505/289/1644 504/284/1633 656/297/1700 657/298/1701
f 504/284/1633 435/295/1694 658/299/1702 656/297/1700
f 435/295/1694 211/300/1703 659/301/1704 658/299/1702
f 211/300/1705 505/289/1644 657/298/1701 659/301/1706
s 21
f 474/224/1586 475/220/1584 661/226/1707 660/225/1708
f 475/220/1584 517/209/1529 662/219/1709 661/226/1707
f 517/209/1529 516/213/1570 663/218/1710 662/219/1709
f 516/213/1570 474/224/1586 660/225/1708 663/218/1710
f 518/211/1531 517/209/1529 664/216/1711 665/217/1712
f 517/209/1529 475/220/1584 666/221/1713 664/216/1711
f 475/220/1584 476/222/1588 667/223/1714 666/221/1713
f 476/222/1588 518/211/1531 665/217/1712 667/223/1714
s 25
f 519/2567/1537 518/2575/1535 668/2596/1715 669/2597/1716
f 518/2575/1535 476/2606/1595 670/2607/1717 668/2596/1715
f 476/2606/1595 477/2598/1594 671/2608/1718 670/2607/1717
f 477/2598/1594 519/2567/1537 669/2597/1716 671/2608/1718
f 520/2556/1542 519/2567/1537 672/2585/1719 673/2586/1720
f 519/2567/1537 477/2598/1594 674/2599/1721 672/2585/1719
f 477/2598/1594 478/2587/1602 675/2600/1722 674/2599/1721
f 478/2587/1602 520/2556/1542 673/2586/1720 675/2600/1722
f 521/2548/1547 520/2556/1542 676/2578/1723 677/2579/1724
f 520/2556/1542 478/2587/1602 678/2588/1725 676/2578/1723
f 478/2587/1602 479/2580/1608 679/2589/1726 678/2588/1725
f 479/2580/1608 521/2548/1547 677/2579/1724 679/2589/1726
f 522/2540/1552 521/2548/1547 680/2570/1727 681/2571/1728
f 521/2548/1547 479/2580/1608 682/2581/1729 680/2570/1727
f 479/2580/1608 480/2572/1614 683/2582/1730 682/2581/1729
f 480/2572/1614 522/2540/1552 681/2571/1728 683/2582/1730
f 523/2531/1557 522/2540/1552 684/2559/1731 685/2560/1732
f 522/2540/1552 480/2572/1614 686/2573/1733 684/2559/1731
f 480/2572/1614 481/2561/1620 687/2574/1734 686/2573/1733
f 481/2561/1620 523/2531/1557 685/2560/1732 687/2574/1734
f 524/2533/1562 523/2531/1557 688/2551/1735 689/2552/1736
f 523/2531/1557 481/2561/1620 690/2562/1737 688/2551/1735
f 481/2561/1620 482/2563/1626 691/2564/1738 690/2562/1737
f 482/2563/1626 524/2533/1562 689/2552/1736 691/2564/1738
s 22
f 482/271/1638 483/273/1636 693/274/1739 692/272/1740
f 483/273/1636 525/262/1565 694/270/1741 693/274/1739
f 525/262/1565 524/260/1564 695/269/1742 694/270/1741
f 524/260/1564 482/271/1638 692/272/1740 695/269/1742
f 526/267/1578 525/262/1565 696/275/1743 697/276/1744
f 525/262/1565 483/273/1636 698/277/1745 696/275/1743
f 483/273/1636 484/278/1640 699/279/1746 698/277/1745
f 484/278/1640 526/267/1578 697/276/1744 699/279/1746
s off
f 541/1531/1747 540/1532/1748 700/1533/1749 701/1534/1750
f 540/3029/1751 542/3030/1752 702/3031/1753 700/3032/1754
f 542/1535/1755 543/1536/1756 703/1537/1757 702/1538/1758
f 543/3033/1759 541/3034/1760 701/3035/1761 703/3036/1762
f 545/1539/1763 544/1540/1764 704/1541/1765 705/1542/1766
f 544/557/1767 546/558/1768 706/559/1769 704/560/1770
f 546/1543/1771 547/1544/1772 707/1545/1773 706/1546/1774
f 547/561/1775 545/562/1776 705/563/1777 707/564/1778
f 549/1547/1779 548/1548/1780 708/1549/1781 709/1550/1782
f 548/565/1783 550/566/1784 710/567/1785 708/568/1786
f 550/1551/1787 551/1552/1788 711/1553/1789 710/1554/1790
f 551/569/1791 549/570/1792 709/571/1793 711/572/1794
f 553/1555/1795 552/1556/1796 712/1557/1797 713/1558/1798
f 552/573/1799 554/574/1800 714/575/1801 712/576/1802
f 554/1559/1803 555/1560/1804 715/1561/1805 714/1562/1806
f 555/577/1807 553/578/1808 713/579/1809 715/580/1810
f 557/1563/1811 556/1564/1812 716/1565/1813 717/1566/1814
f 556/581/1815 558/582/1816 718/583/1817 716/584/1818
f 558/1567/1819 559/1568/1820 719/1569/1821 718/1570/1822
f 559/585/1823 557/586/1824 717/587/1825 719/588/1826
f 561/1571/1827 560/1572/1828 720/1573/1829 721/1574/1830
f 560/589/1831 562/590/1832 722/591/1833 720/592/1834
f 562/1575/1835 563/1576/1836 723/1577/1837 722/1578/1838
f 563/593/1839 561/594/1840 721/595/1841 723/596/1842
f 565/1579/1843 564/1580/1844 724/1581/1845 725/1582/1846
f 564/597/1847 566/598/1848 726/599/1849 724/600/1850
f 566/1583/1851 567/1584/1852 727/1585/1853 726/1586/1854
f 567/601/1855 565/602/1856 725/603/1857 727/604/1858
f 568/1587/1859 569/1588/1860 729/1589/1861 728/1590/1862
f 569/3037/1863 570/3038/1864 730/3039/1865 729/3040/1866
f 570/1591/1867 571/1592/1868 731/1593/1869 730/1594/1870
f 571/3041/1871 568/3042/1872 728/3043/1873 731/3044/1874
f 572/1595/1875 573/1596/1876 733/1597/1877 732/1598/1878
f 573/3045/1879 574/3046/1880 734/3047/1881 733/3048/1882
f 574/1599/1883 575/1600/1884 735/1601/1885 734/1602/1886
f 575/3049/1887 572/3050/1888 732/3051/1889 735/3052/1890
f 577/1603/1891 576/1604/1892 736/1605/1893 737/1606/1894
f 576/3053/1895 578/3054/1896 738/3055/1897 736/3056/1898
f 578/1607/1899 579/1608/1900 739/1609/1901 738/1610/1902
f 579/3057/1903 577/3058/1904 737/3059/1905 739/3060/1906
f 580/1611/1907 581/1612/1908 741/1613/1909 740/1614/1910
f 581/3061/1911 582/3062/1912 742/3063/1913 741/3064/1914
f 582/1615/1915 583/1616/1916 743/1617/1917 742/1618/1918
f 583/3065/1919 580/3066/1920 740/3067/1921 743/3068/1922
f 585/1619/1923 584/1620/1924 744/1621/1925 745/1622/1926
f 584/3069/1927 586/3070/1928 746/3071/1929 744/3072/1930
f 586/1623/1931 587/1624/1932 747/1625/1933 746/1626/1934
f 587/3073/1935 585/3074/1936 745/3075/1937 747/3076/1938
f 589/1627/1939 588/1628/1940 748/1629/1941 749/1630/1942
f 588/605/1943 590/606/1944 750/607/1945 748/608/1946
f 590/1631/1947 591/1632/1948 751/1633/1949 750/1634/1950
f 591/609/1951 589/610/1952 749/611/1953 751/612/1954
f 593/1635/1955 592/1636/1956 752/1637/1957 753/1638/1958
f 592/613/1959 594/614/1960 754/615/1961 752/616/1962
f 594/1639/1963 595/1640/1964 755/1641/1965 754/1642/1966
f 595/617/1967 593/618/1968 753/619/1969 755/620/1970
f 597/1643/1971 596/1644/1972 756/1645/1973 757/1646/1974
f 596/621/1975 598/622/1976 758/623/1977 756/624/1978
f 598/1647/1979 599/1648/1980 759/1649/1981 758/1650/1982
f 599/625/1983 597/626/1984 757/627/1985 759/628/1986
f 601/1651/1987 600/1652/1988 760/1653/1989 761/1654/1990
f 600/629/1991 602/630/1992 762/631/1993 760/632/1994
f 602/1655/1995 603/1656/1996 763/1657/1997 762/1658/1998
f 603/633/1999 601/634/2000 761/635/2001 763/636/2002
f 605/1659/2003 604/1660/2004 764/1661/2005 765/1662/2006
f 604/637/2007 606/638/2008 766/639/2009 764/640/2010
f 606/1663/2011 607/1664/2012 767/1665/2013 766/1666/2014
f 607/641/2015 605/642/2016 765/643/2017 767/644/2018
f 609/1667/2019 608/1668/2020 768/1669/2021 769/1670/2022
f 608/645/2023 610/646/2024 770/647/2025 768/648/2026
f 610/1671/2027 611/1672/2028 771/1673/2029 770/1674/2030
f 611/649/2031 609/650/2032 769/651/2033 771/652/2034
f 612/1675/2035 613/1676/2036 773/1677/2037 772/1678/2038
f 613/3077/2039 614/3078/2040 774/3079/2041 773/3080/2042
f 614/1679/2043 615/1680/2044 775/1681/2045 774/1682/2046
f 615/3081/2047 612/3082/2048 772/3083/2049 775/3084/2050
f 617/1683/2051 616/1684/2052 776/1685/2053 777/1686/2054
f 616/3085/2055 618/3086/2056 778/3087/2057 776/3088/2058
f 618/1687/2059 619/1688/2060 779/1689/2061 778/1690/2062
f 619/3089/2063 617/3090/2064 777/3091/2065 779/3092/2066
f 621/3093/2067 620/3094/2068 780/3095/2069 781/3096/2070
f 620/1691/2071 622/1692/2072 782/1693/2073 780/1694/2074
f 622/3097/2075 623/3098/2076 783/3099/2077 782/3100/2078
f 623/1695/2079 621/1696/2080 781/1697/2081 783/1698/2082
f 625/1699/2083 624/1700/2084 784/1701/2085 785/1702/2086
f 624/3101/2087 626/3102/2088 786/3103/2089 784/3104/2090
f 626/1703/2091 627/1704/2092 787/1705/2093 786/1706/2094
f 627/3105/2095 625/3106/2096 785/3107/2097 787/3108/2098
f 629/1707/2099 628/1708/2100 788/1709/2101 789/1710/2102
f 628/653/2103 630/654/2104 790/655/2105 788/656/2106
f 630/1711/2107 631/1712/2108 791/1713/2109 790/1714/2110
f 631/657/2111 629/658/2112 789/659/2113 791/660/2114
f 633/1715/2115 632/1716/2116 792/1717/2117 793/1718/2118
f 632/661/2119 634/662/2120 794/663/2121 792/664/2122
f 634/1719/2123 635/1720/2124 795/1721/2125 794/1722/2126
f 635/665/2127 633/666/2128 793/667/2129 795/668/2130
f 637/1723/2131 636/1724/2132 796/1725/2133 797/1726/2134
f 636/669/2135 638/670/2136 798/671/2137 796/672/2138
f 638/1727/2139 639/1728/2140 799/1729/2141 798/1730/2142
f 639/673/2143 637/674/2144 797/675/2145 799/676/2146
f 641/1731/2147 640/1732/2148 800/1733/2149 801/1734/2150
f 640/677/2151 642/678/2152 802/679/2153 800/680/2154
f 642/1735/2155 643/1736/2156 803/1737/2157 802/1738/2158
f 643/681/2159 641/682/2160 801/683/2161 803/684/2162
f 645/1739/2163 644/1740/2164 804/1741/2165 805/1742/2166
f 644/685/2167 646/686/2168 806/687/2169 804/688/2170
f 646/1743/2171 647/1744/2172 807/1745/2173 806/1746/2174
f 647/689/2175 645/690/2176 805/691/2177 807/692/2178
f 649/1747/2179 648/1748/2180 808/1749/2181 809/1750/2182
f 648/693/2183 650/694/2184 810/695/2185 808/696/2186
f 650/1751/2187 651/1752/2188 811/1753/2189 810/1754/2190
f 651/697/2191 649/698/2192 809/699/2193 811/700/2194
f 652/3109/2195 653/3110/2196 813/3111/2197 812/3112/2198
f 653/1755/2199 654/1756/2200 814/1757/2201 813/1758/2202
f 654/3113/2203 655/3114/2204 815/3115/2205 814/3116/2206
f 655/1759/2207 652/1760/2208 812/1761/2209 815/1762/2210
f 657/1763/2211 656/1764/2212 816/1765/2213 817/1766/2214
f 656/3117/2215 658/3118/2216 818/3119/2217 816/3120/2218
f 658/1767/2219 659/1768/2220 819/1769/2221 818/1770/2222
f 659/3121/2223 657/3122/2224 817/3123/2225 819/3124/2226
f 660/1771/2227 661/1772/2228 821/1773/2229 820/1774/2230
f 661/3125/2231 662/3126/2232 822/3127/2233 821/3128/2234
f 662/1775/2235 663/1776/2236 823/1777/2237 822/1778/2238
f 663/3129/2239 660/3130/2240 820/3131/2241 823/3132/2242
f 665/1779/2243 664/1780/2244 824/1781/2245 825/1782/2246
f 664/3133/2247 666/3134/2248 826/3135/2249 824/3136/2250
f 666/1783/2251 667/1784/2252 827/1785/2253 826/1786/2254
f 667/3137/2255 665/3138/2256 825/3139/2257 827/3140/2258
f 669/1787/2259 668/1788/2260 828/1789/2261 829/1790/2262
f 668/701/2263 670/702/2264 830/703/2265 828/704/2266
f 670/1791/2267 671/1792/2268 831/1793/2269 830/1794/2270
f 671/705/2271 669/706/2272 829/707/2273 831/708/2274
f 673/1795/2275 672/1796/2276 832/1797/2277 833/1798/2278
f 672/709/2279 674/710/2280 834/711/2281 832/712/2282
f 674/1799/2283 675/1800/2284 835/1801/2285 834/1802/2286
f 675/713/2287 673/714/2288 833/715/2289 835/716/2290
f 677/1803/2291 676/1804/2292 836/1805/2293 837/1806/2294
f 676/717/2295 678/718/2296 838/719/2297 836/720/2298
f 678/1807/2299 679/1808/2300 839/1809/2301 838/1810/2302
f 679/721/2303 677/722/2304 837/723/2305 839/724/2306
f 681/1811/2307 680/1812/2308 840/1813/2309 841/1814/2310
f 680/725/2311 682/726/2312 842/727/2313 840/728/2314
f 682/1815/2315 683/1816/2316 843/1817/2317 842/1818/2318
f 683/729/2319 681/730/2320 841/731/2321 843/732/2322
f 685/1819/2323 684/1820/2324 844/1821/2325 845/1822/2326
f 684/733/2327 686/734/2328 846/735/2329 844/736/2330
f 686/1823/2331 687/1824/2332 847/1825/2333 846/1826/2334
f 687/737/2335 685/738/2336 845/739/2337 847/740/2338
f 689/1827/2339 688/1828/2340 848/1829/2341 849/1830/2342
f 688/741/2343 690/742/2344 850/743/2345 848/744/2346
f 690/1831/2347 691/1832/2348 851/1833/2349 850/1834/2350
f 691/745/2351 689/746/2352 849/747/2353 851/748/2354
f 692/1835/2355 693/1836/2356 853/1837/2357 852/1838/2358
f 693/3141/2359 694/3142/2360 854/3143/2361 853/3144/2362
f 694/1839/2363 695/1840/2364 855/1841/2365 854/1842/2366
f 695/3145/2367 692/3146/2368 852/3147/2369 855/3148/2370
f 697/1843/2371 696/1844/2372 856/1845/2373 857/1846/2374
f 696/3149/2375 698/3150/2376 858/3151/2377 856/3152/2378
f 698/1847/2379 699/1848/2380 859/1849/2381 858/1850/2382
f 699/3153/2383 697/3154/2384 857/3155/2385 859/3156/2386
s 19
f 871/2462/2387 872/2463/2388 861/2459/2389 860/2458/2390
f 862/2464/2391 861/2459/2389 872/2463/2388 873/2470/2392
f 884/2482/2393 892/2476/2394 873/2470/2392 1097/2475/2395 1098/2483/2396
s off
f 1645/3157/2397 1646/3158/2398 1647/3159/2399 1648/3160/2400
s 19
f 860/2458/2390 861/2459/2389 869/2455/580 868/2454/579
f 870/2460/1193 869/2455/580 861/2459/2389 862/2464/2391
f 894/2501/2401 895/2494/2402 881/2487/2403
f 1095/2468/2404 1096/2469/2405 872/2463/2388 871/2462/2387
f 873/2470/2392 872/2463/2388 1096/2469/2405 1097/2475/2395
f 890/2502/2406 1101/2503/2407 1102/2505/2408 874/2506/2409
s off
f 1102/2505/2410 1618/2508/2411 874/2506/2412
s 101
f 967/3161/2413 966/3162/2414 968/3163/2415 969/3164/2416
s 102
f 972/3167/2417 973/3168/2418 974/3169/2419 975/3170/2420
s 19
f 474/2474/2421 877/2473/2422 879/2480/2423 495/2481/2424
s off
f 495/2481/2425 879/2480/2426 881/2487/2427 1460/2488/2428
s 19
f 516/2467/1196 875/2466/1195 877/2473/2422 474/2474/2421
f 864/2479/2429 863/2472/2430 883/2477/2431 885/2484/2432
f 865/2486/2433 864/2479/2429 885/2484/2432 887/2491/2434
f 866/2493/2435 865/2486/2433 887/2491/2434 889/2498/2436
f 878/2478/2437 876/2471/2438 863/2472/2430 864/2479/2429
f 880/2485/2439 878/2478/2437 864/2479/2429 865/2486/2433
f 882/2492/2440 880/2485/2439 865/2486/2433 866/2493/2435
f 886/2489/2441 884/2482/2393 1098/2483/2396 1099/2490/2442
f 888/2496/2443 886/2489/2441 1099/2490/2442 1100/2497/2444
f 890/2502/2406 888/2496/2443 1100/2497/2444 1101/2503/2407
f 889/2498/2436 897/2504/2445 867/2499/2446 866/2493/2435
s 102
f 976/3171/2447 973/3168/2418 972/3167/2417 977/3172/2448
s 19
f 873/2470/2392 892/2476/2394 883/2477/2431 863/2472/2430 862/2464/2391
f 876/2471/2438 893/2465/1194 870/2460/1193 862/2464/2391 863/2472/2430
s 101
f 968/3163/2415 966/3162/2414 970/3165/2449 971/3166/2450
s 19
f 882/2492/2440 896/2500/2451 895/2494/2402 894/2501/2401
f 882/2492/2440 866/2493/2435 867/2499/2446 896/2500/2451
s off
f 1649/3173/2452 1650/3174/2453 1651/3175/2454
f 1652/3176/2455 1653/3177/2456 1654/3178/2457 1655/3179/2458
f 881/2487/2459 895/2494/2460 1461/2495/2461 1460/2488/2462
s 19
f 891/2507/2463 874/2506/2409 897/2504/2445 889/2498/2436
s off
f 874/2506/2464 1619/2509/2465 897/2504/2466
s 19
f 890/2502/2406 874/2506/2409 891/2507/2463
s 104
f 910/3180/2467 911/3181/2468 912/3182/2469 913/3632/2470 914/3184/2471
f 915/3188/2472 910/3180/2467 914/3184/2471 916/3189/2473
f 917/3196/2474 918/3192/2475 919/3193/2476 920/3197/2477 921/3198/2478
f 918/3192/2475 915/3188/2472 916/3189/2473 919/3193/2476
f 911/3181/2468 922/3185/2479 923/3186/2480 924/3187/2481 912/3182/2469
f 922/3185/2479 925/3190/2482 926/3191/2483 923/3186/2480
f 925/3190/2482 927/3194/2484 928/3195/2485 926/3191/2483
f 927/3194/2484 917/3196/2474 921/3198/2478 929/3199/2486 928/3195/2485
s 106
f 941/3211/2487 942/3212/2488 943/3213/2489 944/3214/2490 945/3215/2491
f 942/3212/2488 946/3216/2492 947/3217/2493 943/3213/2489
f 946/3216/2492 948/3221/2494 949/3222/2495 947/3217/2493
f 948/3221/2494 950/3225/2496 951/3226/2497 952/3227/2498 949/3222/2495
f 950/3225/2496 953/3228/2499 954/3229/2500 955/3232/2501 951/3226/2497
f 953/3228/2499 956/3223/2502 957/3224/2503 954/3229/2500
f 958/3218/2504 941/3211/2487 945/3215/2491 959/3631/2505 960/3220/2506
f 956/3223/2502 958/3218/2504 960/3220/2506 957/3224/2503
s 104
f 918/3192/2475 917/3196/2474 904/3200/2507 905/3201/2508
f 930/3209/2509 931/3203/2510 907/3204/2511 906/3210/2512
f 931/3203/2510 918/3192/2475 905/3201/2508 907/3204/2511
f 917/3196/2474 927/3194/2484 908/3202/2513 904/3200/2507
f 927/3194/2484 932/3207/2514 909/3208/2515 908/3202/2513
f 932/3207/2514 930/3209/2509 906/3210/2512 909/3208/2515
s 106
f 950/3225/2496 948/3221/2494 937/3230/2516 936/3231/2517
f 948/3221/2494 961/3233/2518 938/3234/2519 937/3230/2516
f 961/3233/2518 962/3238/2520 935/3239/2521 938/3234/2519
f 953/3228/2499 950/3225/2496 936/3231/2517 939/3235/2522
f 962/3238/2520 963/3240/2523 940/3241/2524 935/3239/2521
f 963/3240/2523 953/3228/2499 939/3235/2522 940/3241/2524
s 104
f 913/3183/2525 924/3633/2526 933/3206/2527 934/3205/2528
f 934/3205/2528 933/3206/2527 929/3199/2486 920/3197/2477
s 106
f 964/3237/2529 965/3236/2530 959/3219/2531 944/3630/2532
f 965/3236/2530 964/3237/2529 952/3227/2498 955/3232/2501
s 109
f 978/3242/2533 979/3243/2534 980/3244/2535 981/3245/2536
f 981/3245/2536 980/3244/2535 982/3246/2537 983/3247/2538
s 110
f 985/3248/2539 984/3249/2540 986/3250/2541 987/3251/2542
f 988/3252/2543 985/3248/2539 987/3251/2542 989/3253/2544
s 111
f 990/3254/2545 991/3255/2546 992/3256/2547 993/3257/2548
f 994/3258/2549 995/3259/2550 991/3255/2546 990/3254/2545
s 112
f 997/3260/2551 996/3261/2552 998/3262/2553 999/3263/2554
f 1000/3264/2555 997/3260/2551 999/3263/2554 1001/3265/2556
s off
f 898/3266/2557 899/3267/2558 900/3268/2559
s 104
f 929/3199/2486 921/3198/2478 920/3197/2477
s off
f 901/3269/2560 902/3270/2561 903/3271/2562
s 106
f 955/3232/2501 952/3227/2498 951/3226/2497
s off
f 875/1851/2563 893/1852/2564 911/1853/2565 910/1854/2566
f 900/3555/2567 899/3556/2568 913/3557/2569 912/3558/2570
f 877/749/2571 875/750/2572 910/751/2573 915/752/2574
f 879/753/2575 877/749/2576 915/752/2577 918/754/2578
f 893/1852/2579 876/1855/2580 922/1856/2581 911/1853/2582
f 898/3559/2583 900/3555/2584 912/3558/2585 924/3560/2586
f 876/757/2587 878/758/2588 925/759/2589 922/760/2590
f 878/758/2591 880/761/2592 927/762/2593 925/759/2594
f 894/1857/2595 881/1858/2596 931/1859/2597 930/1860/2598
f 881/755/2599 879/753/2600 918/754/2601 931/756/2602
f 880/761/2603 882/763/2604 932/764/2605 927/762/2606
f 882/1861/2607 894/1857/2608 930/1860/2609 932/1862/2610
f 899/1863/2611 898/1864/2612 924/1865/2613 913/1866/2614
f 892/1867/2615 884/1868/2616 942/1869/2617 941/1870/2618
f 903/3561/2619 902/3562/2620 945/3563/2621 944/3564/2622
f 884/765/2623 886/766/2624 946/767/2625 942/768/2626
f 886/766/2627 888/769/2628 948/770/2629 946/767/2630
f 887/773/2631 885/774/2632 956/775/2633 953/776/2634
f 883/1871/2635 892/1867/2636 941/1870/2637 958/1872/2638
f 902/3562/2639 901/3565/2640 959/3566/2641 945/3563/2642
f 885/774/2643 883/777/2644 958/778/2645 956/775/2646
f 888/769/2647 890/771/2648 961/772/2649 948/770/2650
f 890/1873/2651 891/1874/2652 962/1875/2653 961/1876/2654
f 891/1874/2655 889/1877/2656 963/1878/2657 962/1875/2658
f 889/779/2659 887/773/2660 953/776/2661 963/780/2662
f 901/1879/2663 903/1880/2664 944/1881/2665 959/1882/2666
f 905/1883/2667 904/1884/2668 966/1885/2669 967/1886/2670
f 906/1889/2671 907/1890/2672 969/1891/2673 968/1892/2674
f 907/781/2675 905/782/2676 967/783/2677 969/784/2678
f 904/1884/2679 908/1887/2680 970/1888/2681 966/1885/2682
f 908/785/2683 909/786/2684 971/787/2685 970/788/2686
f 909/1893/2687 906/1889/2688 968/1892/2689 971/1894/2690
f 936/1895/2691 937/1896/2692 974/1897/2693 973/1898/2694
f 937/789/2695 938/790/2696 975/791/2697 974/792/2698
f 938/1901/2699 935/1902/2700 972/1903/2701 975/1904/2702
f 939/1899/2703 936/1895/2704 973/1898/2705 976/1900/2706
f 935/1902/2707 940/1905/2708 977/1906/2709 972/1903/2710
f 940/793/2711 939/794/2712 976/795/2713 977/796/2714
f 914/1907/2715 913/1908/2716 979/1909/2717 978/1910/2718
f 913/797/2719 934/798/2720 980/799/2721 979/800/2722
f 916/803/2723 914/804/2724 978/805/2725 981/806/2726
f 934/798/2727 920/801/2728 982/802/2729 980/799/2730
f 920/1911/2731 919/1912/2732 983/1913/2733 982/1914/2734
f 919/807/2735 916/803/2736 981/806/2737 983/808/2738
f 964/809/2739 944/810/2740 984/811/2741 985/812/2742
f 944/1915/2743 943/1916/2744 986/1917/2745 984/1918/2746
f 943/815/2747 947/816/2748 987/817/2749 986/818/2750
f 952/813/2751 964/809/2752 985/812/2753 988/814/2754
f 947/816/2755 949/819/2756 989/820/2757 987/817/2758
f 949/1919/2759 952/1920/2760 988/1921/2761 989/1922/2762
f 965/821/2763 955/822/2764 992/823/2765 991/824/2766
f 955/1923/2767 954/1924/2768 993/1925/2769 992/1926/2770
f 954/827/2771 957/828/2772 990/829/2773 993/830/2774
f 960/1927/2775 959/1928/2776 995/1929/2777 994/1930/2778
f 959/825/2779 965/821/2780 991/824/2781 995/826/2782
f 957/828/2783 960/831/2784 994/832/2785 990/829/2786
f 933/833/2787 924/834/2788 996/835/2789 997/836/2790
f 924/1931/2791 923/1932/2792 998/1933/2793 996/1934/2794
f 923/839/2795 926/840/2796 999/841/2797 998/842/2798
f 929/837/2799 933/833/2800 997/836/2801 1000/838/2802
f 926/840/2803 928/843/2804 1001/844/2805 999/841/2806
f 928/1935/2807 929/1936/2808 1000/1937/2809 1001/1938/2810
s 113
f 210/2713/2811 450/2711/2812 1003/2710/2813 1002/2714/2814
f 1004/2705/2815 1003/2710/2813 450/2711/2812 410/2706/2816
f 64/2701/2817 1004/2705/2815 410/2706/2816 526/2702/2818
f 66/2697/2819 64/2701/2817 526/2702/2818 484/2698/2820
f 68/2693/2821 66/2697/2819 484/2698/2820 505/2694/2822
f 70/2687/2823 68/2693/2821 505/2694/2822 211/2686/2824
s 114
f 211/2686/2825 212/2677/2826 1005/2681/2827 70/2687/2828
s 115
f 212/2677/2829 236/2676/2830 1006/2680/2831 1005/2681/2832
s 116
f 236/1359/2833 242/1362/2834 1007/1365/2835 1006/1366/2836
s 29
f 242/2441/2837 248/2442/2838 1008/2443/2839 1007/2444/2840
s 30
f 248/1474/2841 254/1467/2842 1009/1475/2843 1008/1482/2844
s 31
f 254/1467/2845 260/1460/2846 1010/1468/2847 1009/1475/2848
s 42
f 1011/1462/2849 1010/1468/2850 260/1460/2851 283/1453/2852
s 113
f 1002/2714/2814 1003/2710/2813 1013/2712/2853 1012/2716/2854
f 1014/2709/2855 1013/2712/2853 1003/2710/2813 1004/2705/2815
f 63/2708/2856 1014/2709/2855 1004/2705/2815 64/2701/2817
s 114
f 70/2687/2828 1005/2681/2827 1015/2685/2857 69/2692/2858
s 115
f 1005/2681/2832 1006/2680/2831 1016/2684/2859 1015/2685/2860
s 116
f 1006/1366/2836 1007/1365/2835 1017/1369/2861 1016/1370/2862
s 29
f 1007/2444/2840 1008/2443/2839 1018/2445/2863 1017/2446/2864
s 30
f 1008/1482/2844 1009/1475/2843 1019/1483/788 1018/1489/787
s 31
f 1009/1475/2848 1010/1468/2847 1020/1476/792 1019/1483/791
s 42
f 1021/1470/850 1020/1476/849 1010/1468/2850 1011/1462/2849
s 73
f 343/2826/2865 438/2820/2866 1023/2819/2867 1022/2827/2868
f 1024/2806/2869 1023/2819/2867 438/2820/2866 400/2816/2870
f 1024/2806/2869 400/2816/2870 514/2812/2871
f 1024/2806/2869 514/2812/2871 472/2807/2872
f 1025/2802/2873 1024/2806/2869 472/2807/2872 493/2803/2874
f 1026/2799/2875 1025/2802/2873 493/2803/2874 352/2798/2876
s off
f 352/2798/2877 341/2794/2878 1027/2795/2879 1026/2799/2880
s 119
f 341/2794/2881 385/2785/2882 1028/2789/2883 1027/2795/2884
s 120
f 385/2785/2885 340/2784/2886 1029/2788/2887 1028/2789/2888
s 73
f 1022/2827/2868 1023/2819/2867 1031/2825/1182 1030/2830/1181
f 1599/2824/2889 1031/2825/1182 1023/2819/2867 1024/2806/2869
s 119
f 1027/3272/2884 1028/3273/2883 1037/3274/2890 1603/3275/2891
s 120
f 1028/2789/2888 1029/2788/2887 1038/2792/2892 1698/2793/2893
s 121
f 1077/3276/2894 1078/3277/2895 1079/3278/2896 1080/3279/2897
f 1081/3280/2898 1078/3277/2895 1077/3276/2894 1082/3281/2899
s 122
f 1052/3282/2900 1053/3283/2901 1054/3284/2902 1055/3285/2903 1056/3286/2904
f 1053/3283/2901 1057/3287/2905 1058/3288/2906 1054/3284/2902
f 1057/3287/2905 1059/3292/2907 1060/3293/2908 1058/3288/2906
f 1059/3292/2907 1061/3296/2909 1062/3297/2910 1063/3298/2911 1060/3293/2908
f 1061/3296/2909 1064/3299/2912 1065/3300/2913 1066/3303/2914 1062/3297/2910
f 1064/3299/2912 1067/3294/2915 1068/3295/2916 1065/3300/2913
f 1069/3289/2917 1052/3282/2900 1056/3286/2904 1070/3629/2918 1071/3291/2919
f 1067/3294/2915 1069/3289/2917 1071/3291/2919 1068/3295/2916
f 1061/3296/2909 1059/3292/2907 1048/3301/2920 1047/3302/2921
f 1059/3292/2907 1072/3304/2922 1049/3305/2923 1048/3301/2920
f 1072/3304/2922 1073/3309/2924 1046/3310/2925 1049/3305/2923
f 1064/3299/2912 1061/3296/2909 1047/3302/2921 1050/3306/2926
f 1073/3309/2924 1074/3311/2927 1051/3312/2928 1046/3310/2925
f 1074/3311/2927 1064/3299/2912 1050/3306/2926 1051/3312/2928
f 1075/3308/2929 1076/3307/2930 1070/3290/2931 1055/3628/2932
f 1076/3307/2930 1075/3308/2929 1063/3298/2911 1066/3303/2914
s 124
f 1084/3313/2933 1083/3314/2934 1085/3315/2935 1086/3316/2936
f 1087/3317/2937 1084/3313/2933 1086/3316/2936 1088/3318/2938
s 125
f 1089/3319/2939 1090/3320/2940 1091/3321/2941 1092/3322/2942
f 1093/3323/2943 1094/3324/2944 1090/3320/2940 1089/3319/2939
s off
f 1043/3325/2945 1044/3326/2946 1045/3327/2947
s 122
f 1066/3303/2914 1063/3298/2911 1062/3297/2910
s off
f 1042/1939/2948 1024/1940/2949 1053/1941/2950 1052/1942/2951
f 1045/3567/2952 1044/3568/2953 1056/3569/2954 1055/3570/2955
f 1024/845/2956 1025/846/2957 1057/847/2958 1053/848/2959
f 1025/846/2960 1026/849/2961 1059/850/2962 1057/847/2963
f 1040/853/2964 1039/854/2965 1067/855/2966 1064/856/2967
f 1601/1943/2968 1042/1939/2969 1052/1942/2970 1069/1944/2971
f 1044/3571/2972 1043/3572/2973 1070/3573/2974 1056/3574/2975
f 1039/854/2976 1600/857/2977 1069/858/2978 1067/855/2979
f 1026/849/2980 1027/851/2981 1072/852/2982 1059/850/2983
f 1027/1945/2984 1041/1946/2985 1073/1947/2986 1072/1948/2987
f 1041/1946/2988 1604/1949/2989 1074/1950/2990 1073/1947/2991
f 1605/859/2992 1040/853/2993 1064/856/2994 1074/860/2995
f 1043/1951/2996 1045/1952/2997 1055/1953/2998 1070/1954/2999
f 1047/1955/3000 1048/1956/3001 1079/1957/3002 1078/1958/3003
f 1048/861/3004 1049/862/3005 1080/863/3006 1079/864/3007
f 1049/1961/3008 1046/1962/3009 1077/1963/3010 1080/1964/3011
f 1050/1959/3012 1047/1955/3013 1078/1958/3014 1081/1960/3015
f 1046/1962/3016 1051/1965/3017 1082/1966/3018 1077/1963/3019
f 1051/865/3020 1050/866/3021 1081/867/3022 1082/868/3023
f 1075/869/3024 1055/870/3025 1083/871/3026 1084/872/3027
f 1055/1967/3028 1054/1968/3029 1085/1969/3030 1083/1970/3031
f 1054/875/3032 1058/876/3033 1086/877/3034 1085/878/3035
f 1063/873/3036 1075/869/3037 1084/872/3038 1087/874/3039
f 1058/876/3040 1060/879/3041 1088/880/3042 1086/877/3043
f 1060/1971/3044 1063/1972/3045 1087/1973/3046 1088/1974/3047
f 1076/881/3048 1066/882/3049 1091/883/3050 1090/884/3051
f 1066/1975/3052 1065/1976/3053 1092/1977/3054 1091/1978/3055
f 1065/887/3056 1068/888/3057 1089/889/3058 1092/890/3059
f 1071/1979/3060 1070/1980/3061 1094/1981/3062 1093/1982/3063
f 1070/885/3064 1076/881/3065 1090/884/3066 1094/886/3067
f 1068/888/3068 1071/891/3069 1093/892/3070 1089/889/3071
f 1656/1983/3072 1657/1984/3073 1658/1985/3074 1659/1986/3075
f 1660/1987/3076 1661/1988/3077 1662/1989/3078 1663/1990/3079
s 126
f 1104/3328/3080 1105/3329/3081 1106/3330/3082 1107/3331/3083
f 1108/3332/3084 1106/3330/3082 1105/3329/3081 1109/3333/3085
f 1110/3334/3086 1108/3332/3084 1109/3333/3085 1111/3335/3087
f 1112/3336/3088 1110/3334/3086 1111/3335/3087 1113/3337/3089
f 1114/3338/3090 1112/3336/3088 1113/3337/3089 1115/3339/3091
f 1116/3340/3092 1114/3338/3090 1115/3339/3091 1117/3341/3093
f 1118/3342/3094 1116/3340/3092 1117/3341/3093 1119/3343/3095
s off
f 1119/3343/3096 1607/3344/3097 1610/3345/3098 1118/3342/3099
f 1103/1991/3100 1611/1992/3101 1608/1993/3102 160/1994/3103
s 20
f 160/2426/3104 157/2427/588 1103/2428/587
s off
f 153/893/3105 439/894/3106 1105/895/3107 1104/896/3108
f 1096/909/3109 1095/910/3110 1107/911/3111 1106/912/3112
f 1095/1995/3113 153/1996/3114 1104/1997/3115 1107/1998/3116
f 1097/913/3117 1096/909/3118 1106/912/3119 1108/914/3120
f 439/894/3121 401/897/3122 1109/898/3123 1105/895/3124
f 1098/915/3125 1097/913/3126 1108/914/3127 1110/916/3128
f 401/897/3129 515/899/3130 1111/900/3131 1109/898/3132
f 1099/917/3133 1098/915/3134 1110/916/3135 1112/918/3136
f 515/899/3137 473/901/3138 1113/902/3139 1111/900/3140
f 1100/919/3141 1099/917/3142 1112/918/3143 1114/920/3144
f 473/901/3145 494/903/3146 1115/904/3147 1113/902/3148
f 1101/921/3149 1100/919/3150 1114/920/3151 1116/922/3152
f 494/903/3153 163/905/3154 1117/906/3155 1115/904/3156
f 1102/923/3157 1101/921/3158 1116/922/3159 1118/924/3160
f 163/905/3161 161/907/3162 1119/908/3163 1117/906/3164
f 1664/927/3165 1665/928/3166 1666/929/3167 1667/930/3168
f 1617/925/3169 1102/923/3170 1118/924/3171 1609/926/3172
s 113
f 1012/2716/2854 1013/2712/2853 1121/2715/3173 1120/2717/3174
f 1122/2707/3175 1121/2715/3173 1013/2712/2853 1014/2709/2855
f 1122/2707/3175 1014/2709/2855 63/2708/2856
f 1123/2703/3176 1122/2707/3175 63/2708/2856 65/2704/3177
f 1124/2699/3178 1123/2703/3176 65/2704/3177 67/2700/3179
f 1125/2691/3180 1124/2699/3178 67/2700/3179 69/2692/3181
s 114
f 69/2692/2858 1015/2685/2857 1125/2691/3182
s 115
f 1015/2685/2860 1016/2684/2859 1126/2690/3183 1125/2691/3184
s 116
f 1016/1370/2862 1138/1374/3185 1126/1379/3186
s 29
f 1017/2446/2864 1018/2445/2863 267/2447/785 1127/2448/784
s 127
f 1151/931/3187 1152/932/3188 1153/933/3189 1154/934/3190
f 1155/937/3191 1153/933/3189 1152/932/3188 1156/938/3192
f 1157/940/3193 1155/937/3191 1156/938/3192 1158/941/3194
f 1159/943/3195 1157/940/3193 1158/941/3194 1160/944/3196
f 1161/946/3197 1159/943/3195 1160/944/3196 1162/947/3198
s off
f 1162/947/3199 1136/949/3200 1137/950/3201 1161/946/3202
s 34
f 266/398/3203 307/395/810 1135/394/809
f 266/3613/3203 267/401/3204 307/3614/810
s off
f 1137/1380/3205 1136/1377/3206 266/1378/3207 1135/1381/3208
f 1136/3607/3209 1138/1374/3210 1127/1373/3211 266/3608/3212
s 116
f 1016/1370/2862 1017/1369/2861 1127/1373/3213 1138/1374/3185
s 33
f 1134/1383/3214 1137/1380/807 272/1382/806
s off
f 1120/951/3215 1121/952/3216 1140/953/3217 1139/954/3218
f 1152/932/3219 1151/931/3220 1163/935/3221 1164/936/3222
f 265/1999/3223 1120/2000/3224 1139/2001/3225 1142/2002/3226
f 1125/961/3227 1126/963/3228 1138/964/3229 1143/962/3230
f 1136/949/3231 1162/947/3232 1165/948/3233
f 1121/952/3234 1122/955/3235 1145/956/3236 1140/953/3237
f 1156/938/3238 1152/932/3239 1164/936/3240 1166/939/3241
f 1123/957/3242 1124/959/3243 1149/960/3244 1147/958/3245
f 1160/944/3246 1158/941/3247 1167/942/3248 1168/945/3249
f 1124/959/3250 1125/961/3251 1143/962/3252 1149/960/3253
f 1162/947/3254 1160/944/3255 1168/945/3256 1165/948/3257
f 1122/955/3258 1123/957/3259 1147/958/3260 1145/956/3261
f 1158/941/3262 1156/938/3263 1166/939/3264 1167/942/3265
f 1129/3346/3266 1128/3347/3267 1154/3348/3268 1153/3349/3269
f 1128/2005/3270 265/1999/3271 1151/2004/3272 1154/2006/3273
f 1130/3350/3274 1129/3346/3275 1153/3349/3276 1155/3351/3277
f 1131/3352/3278 1130/3350/3279 1155/3351/3280 1157/3353/3281
f 1132/3354/3282 1131/3352/3283 1157/3353/3284 1159/3355/3285
f 1133/3356/3286 1132/3354/3287 1159/3355/3288 1161/3357/3289
f 1134/3358/3290 1133/3356/3291 1161/3357/3292 1137/3359/3293
f 265/1999/3294 1142/2002/3295 1163/2003/3296 1151/2004/3297
f 1142/2725/3298 1141/2724/3299 1164/2728/3300 1163/2729/3301
f 1144/2737/3302 1136/2740/3303 1165/2741/3304
f 1141/2724/3305 1146/2727/3306 1166/2732/3307 1164/2728/3308
f 1148/2731/3309 1150/2734/3310 1168/2738/3311 1167/2735/3312
f 1150/2734/3313 1144/2737/3314 1165/2741/3315 1168/2738/3316
f 1146/2727/3317 1148/2731/3318 1167/2735/3319 1166/2732/3320
f 307/1396/3321 302/1394/3322 296/1393/3323
f 462/965/3324 422/966/3325 1169/967/3326 1170/968/3327
f 423/971/3328 463/972/3329 1172/973/3330 1171/974/3331
s 128
f 1174/2865/3332 1173/2859/3333 1176/2862/3334 1175/2866/3335
f 1175/2866/3335 1176/2862/3334 1182/2868/3336 1181/2870/3337
s 129
f 1178/2878/3338 1177/2883/3339 1180/2879/3340 1179/2875/3341
f 1179/2875/3341 1180/2879/3340 1184/2880/3342 1183/2876/3343
f 1180/2879/3340 464/2884/3344 344/2885/3345 1184/2880/3342
f 463/2872/3346 1179/2875/3341 1183/2876/3343 398/2873/3347
s 128
f 461/2871/3348 1175/2866/3335 1181/2870/3337 345/2874/3349
f 1176/2862/3334 462/2863/3350 397/2867/3351 1182/2868/3336
f 421/2869/3352 1174/2865/3332 1175/2866/3335 461/2871/3348
f 1176/2862/3334 1173/2859/3333 422/2858/3353 462/2863/3350
s 129
f 423/2877/3354 1178/2878/3338 1179/2875/3341 463/2872/3346
f 1180/2879/3340 1177/2883/3339 424/2888/3355 464/2884/3344
s off
f 1178/2878/3356 423/2877/3357 395/2881/3358 396/2882/3359
f 1169/967/3360 422/966/3361 394/969/3362 1620/970/3363
f 423/971/3364 1171/974/3365 1623/975/3366 395/976/3367
f 422/2858/3368 1173/2859/3369 393/2857/3370 394/2855/3371
f 1178/977/3372 396/978/3373 1186/979/3374 1185/980/3375
f 393/981/3376 1173/982/3377 1187/983/3378 1188/984/3379
s 130
f 1190/985/3380 1189/986/3381 1191/987/3382 1192/988/3383
f 1192/988/3383 1191/987/3382 1200/991/3384 1199/992/3385
s 131
f 1194/1001/3386 1193/1002/3387 1196/1003/3388 1195/1004/3389
f 1195/1004/3389 1196/1003/3388 1198/1007/3390 1197/1008/3391
f 328/1014/3392 460/1009/3393 1195/1004/3389 1197/1008/3391
s 130
f 1190/985/3380 1192/988/3383 454/993/3394 343/994/3395
f 464/989/3396 1191/987/3382 1189/986/3381 344/990/3397
s 131
f 1198/1007/3390 1196/1003/3388 461/1005/3398 345/1011/3399
f 1195/1004/3389 460/1009/3393 420/1010/3400 1194/1001/3386
f 461/1005/3398 1196/1003/3388 1193/1002/3387 421/1006/3401
s 130
f 424/995/3402 1200/991/3384 1191/987/3382 464/989/3396
f 454/993/3394 1192/988/3383 1199/992/3385 414/996/3403
s off
f 1194/1001/3404 420/1010/3405 329/1015/3406 1201/1016/3407
f 1174/2865/3408 421/2869/3409 346/2864/3410 1202/2860/3411
f 1200/991/3412 424/995/3413 347/997/3414 1203/998/3415
f 424/2888/3416 1177/2883/3417 1204/2890/3418 347/2892/3419
f 421/1006/3420 1193/1002/3421 1205/1012/3422 346/1013/3423
f 414/996/3424 1199/992/3425 1206/999/3426 342/1000/3427
s 59
f 1208/1431/1080 1207/1432/1079 336/1423/1047 337/1422/1046
f 1209/1438/1083 1208/1431/1080 337/1422/1046 338/1430/1050
s 58
f 1210/2423/1092 1209/2422/1091 338/2424/1053 339/2425/1052
s 57
f 1211/1316/1106 1210/1315/1105 339/1317/3428 340/1318/3429
s 66
f 1212/2782/1120 1211/2781/1119 340/2784/3430 385/2785/3431
s 62
f 1531/2759/1062 1540/2762/1136 1538/2763/1135 1536/2761/1081
s 59
f 1215/1480/1068 1214/1481/1067 358/1472/1069 359/1473/1072
f 1216/1486/1088 1215/1480/1068 359/1473/1072 364/1479/1089
s 58
f 1217/2411/1101 1216/2410/1100 364/2412/1102 369/2413/1103
s 57
f 1218/1304/1115 1217/1303/1114 369/1305/1116 374/1306/1117
s 66
f 1219/2804/1130 1218/2805/1129 374/2800/1132 380/2801/1133
s 68
f 1202/2860/1148 1527/2861/1147 1528/2856/1149 393/2857/1150
s 132
f 1206/2060/3432 1203/2059/3433 1222/2063/3434 1221/2064/3435
s 133
f 1221/1017/3436 1222/1018/3437 1224/1019/3438 1223/1020/3439
s 134
f 1223/1020/3440 1224/1019/3441 1226/1023/3442 1225/1024/3443
f 1225/1024/3443 1226/1023/3442 1228/1030/3444 1227/1031/3445
f 1227/1031/3445 1228/1030/3444 1229/1035/3446 1230/1036/3447
f 1230/2007/3447 1229/2008/3446 1232/2009/3448 1231/2010/3449
f 1231/2010/3449 1232/2009/3448 1234/2013/3450 1233/2014/3451
f 1233/2014/3451 1234/2013/3450 1236/2020/3452 1235/2021/3453
f 1235/2021/3453 1236/2020/3452 1238/2025/3454 1237/2026/3455
f 1237/1058/3455 1238/1059/3454 1240/1053/3456 1239/1052/3457
f 1239/1052/3457 1240/1053/3456 1241/1047/3458 1242/1046/3459
f 1242/1046/3459 1241/1047/3458 1244/1043/3460 1243/1042/3461
s 135
f 1243/1042/3462 1244/1043/3463 1246/1044/3464 1245/1045/3465
s 136
f 1245/2278/3466 1246/2277/3467 1205/2276/3468 1201/2279/3469
s 135
f 330/1050/3470 1243/1042/3462 1245/1045/3465 350/1051/3471
s 133
f 1221/1017/3436 1223/1020/3439 341/1025/3472 352/1026/3473
s 136
f 350/2280/3474 1245/2278/3466 1201/2279/3469 329/2281/3475
s 132
f 1206/2060/3432 1221/2064/3435 352/2069/3476 342/2070/3477
s 134
f 330/1050/3478 379/1055/3479 1242/1046/3459 1243/1042/3461
f 385/1032/3480 341/1025/3481 1223/1020/3440 1225/1024/3443
f 384/1040/3482 1212/1037/3483 1227/1031/3445 1230/1036/3447
f 383/2015/3484 384/2016/3482 1230/2007/3447 1231/2010/3449
f 382/2022/3485 383/2015/3484 1231/2010/3449 1233/2014/3451
f 381/2027/3486 382/2022/3485 1233/2014/3451 1235/2021/3453
f 379/1055/3479 1219/1061/3487 1239/1052/3457 1242/1046/3459
f 380/2030/3488 381/2027/3486 1235/2021/3453 1237/2026/3455
s 132
f 353/2067/3489 1222/2063/3434 1203/2059/3433 347/2068/3490
s 133
f 349/1021/3491 1224/1019/3438 1222/1018/3437 353/1022/3492
s 134
f 1226/1023/3442 1224/1019/3441 349/1021/3493 392/1027/3494
f 1229/1035/3446 1228/1030/3444 1213/1034/3495 391/1039/3496
f 1232/2009/3448 1229/2008/3446 391/2011/3496 390/2012/3497
f 1234/2013/3450 1232/2009/3448 390/2012/3497 389/2019/3498
f 1236/2020/3452 1234/2013/3450 389/2019/3498 388/2024/3499
f 1238/2025/3454 1236/2020/3452 388/2024/3499 387/2029/3500
f 1241/1047/3458 1240/1053/3456 1220/1060/3501 386/1054/3502
f 1244/1043/3460 1241/1047/3458 386/1054/3502 348/1048/3503
s 135
f 1246/1044/3464 1244/1043/3463 348/1048/3504 351/1049/3505
s 136
f 1205/2276/3468 1246/2277/3467 351/2274/3506 346/2272/3507
s 134
f 1227/1031/3445 1212/1037/3483 385/1032/3480 1225/1024/3443
f 1213/1034/3495 1228/1030/3444 1226/1023/3442 392/1027/3494
f 1239/1052/3457 1219/1061/3487 380/1064/3488 1237/1058/3455
f 1220/1060/3501 1240/1053/3456 1238/1059/3454 387/1063/3500
s off
f 1206/3360/3508 1199/3361/3509 1247/3362/3510 1248/3363/3511
f 1247/2032/3512 1199/2033/3513 1200/2034/3514 1249/2035/3515
f 1204/1067/3516 1177/1068/3517 1249/1069/3518 1250/1070/3519
f 1249/2036/3520 1177/2037/3521 1178/2038/3522 1185/2039/3523
f 1187/2040/3524 1173/2041/3525 1174/2042/3526 1612/2043/3527
f 1668/1071/3528 1669/1072/3529 1670/1073/3530 1671/1074/3531
f 1194/3364/3532 1201/3365/3533 1252/3366/3534 1251/3367/3535
f 1193/2044/3536 1194/2045/3537 1251/2046/3538 1614/2047/3539
f 397/2867/3540 462/2863/3541 463/2872/3542 398/2873/3543
f 462/2048/3544 1170/2049/3545 1172/2050/3546 463/2051/3547
s 137
f 1172/2050/3548 1170/2049/3549 1253/2052/3550 1265/2053/3551
s off
f 1253/2052/3552 1170/2049/3553 1255/2054/3554 1256/2055/3555
f 1172/2050/3556 1254/2056/3557 1258/2057/3558 1257/2058/3559
f 1248/1075/3560 1247/1076/3561 1259/1077/3562 1260/1078/3563
f 1251/1082/3564 1252/1083/3565 1262/1084/3566 1261/1085/3567
s 138
f 1260/3368/3568 1259/3369/3569 1270/3370/3570 1269/3371/3571
s 139
f 1261/3380/3572 1262/3381/3573 1268/3378/3574 1271/3377/3575
s 140
f 1254/3372/3576 1270/3370/3577 1259/3369/3578 1258/3373/3579
s 141
f 1261/3380/3580 1271/3377/3581 1253/3379/3582 1266/3382/3583
s off
f 1258/1079/3584 1259/1077/3585 1247/1076/3586
f 1258/1079/3587 1247/1076/3588 1249/1080/3589 1257/1081/3590
f 1200/3383/3591 1203/3384/3592 1250/3385/3593 1249/3386/3594
f 1261/1085/3595 1266/1086/3596 1251/1082/3597
f 1251/1082/3598 1266/1086/3599 1267/1087/3600 1613/1088/3601
s 140
f 1263/3374/3602 1270/3370/3577 1254/3372/3576 1265/3376/3603
s 138
f 1269/3371/3571 1270/3370/3570 1263/3374/3604 1264/3375/3605
s 139
f 1271/3377/3575 1268/3378/3574 1264/3375/3606 1263/3374/3607
s 141
f 1253/3379/3582 1271/3377/3581 1263/3374/3608 1265/3376/3609
s off
f 1203/2059/3610 1206/2060/3611 1248/2061/3612 1250/2062/3613
f 1672/2078/3614 1673/2079/3615 1674/2080/3616 1675/2081/3617
f 1268/2082/3618 1262/2083/3619 1252/2084/3620
f 1676/2085/3621 1677/2086/3622 1678/2087/3623 1679/2088/3624
f 1680/2089/3625 1681/2090/3626 1682/2091/3627 1683/2092/3628
f 1684/2093/3629 1685/2094/3630 1686/2095/3631
f 1687/2096/3632 1688/2097/3633 1689/2098/3634 1690/2099/3635
f 1204/2100/3636 1250/2101/3637 1622/2102/3638 1616/2103/3639
f 1250/2062/3640 1248/2061/3641 1269/2065/3642 1621/2066/3643
f 1248/2061/3644 1260/2071/3645 1269/2065/3646
f 1691/2104/3647 1692/2105/3648 1693/2106/3649
f 1694/2107/3650 1695/2108/3651 1696/2109/3652 1697/2110/3653
s 137
f 1172/2050/3548 1265/2053/3551 1254/2056/3654
s 50
f 1281/1406/3655 1275/1405/977 311/1404/976 285/1407/3656
s 142
f 1280/1478/3657 1284/1485/3658 284/1477/3659
s 143
f 1284/410/3660 1286/411/3661 309/408/3662 284/3612/3663
s 144
f 1286/2111/3664 1285/2112/3665 305/2113/3666 309/2114/3667
s 38
f 1288/1444/3668 1277/1437/865 318/1429/864
s 145
f 1290/1089/3669 1288/1090/3670 318/1091/3671 321/1092/3672
s 146
f 1294/1095/3673 1293/1096/3674 326/1097/3675 327/1098/3676
s 147
f 1293/1519/3677 1290/1520/3678 321/1515/3679 326/1516/3680
s 42
f 1279/1454/3681 1295/1461/3682 1011/1462/2849 283/1453/2852
f 1295/1461/3682 1296/1469/870 1021/1470/850 1011/1462/2849
s 148
f 1341/1101/3683 1344/1102/3684 1343/1103/3685 1342/1104/3686
f 1345/1105/3687 1346/1106/3688 1341/1101/3683 1342/1104/3686
s 149
f 1316/1107/3689 1320/1108/3690 1319/3626/3691 1318/1110/3692 1317/1111/3693
f 1317/1111/3693 1318/1110/3692 1322/1115/3694 1321/1116/3695
f 1321/1116/3695 1322/1115/3694 1324/1119/3696 1323/1120/3697
f 1323/1120/3697 1324/1119/3696 1327/1123/3698 1326/1124/3699 1325/1125/3700
f 1325/1125/3700 1326/1124/3699 1330/1126/3701 1329/1122/3702 1328/1121/3703
f 1328/1121/3703 1329/1122/3702 1332/1118/3704 1331/1117/3705
f 1333/1112/3706 1335/1113/3707 1334/1114/3708 1320/1108/3690 1316/1107/3689
f 1331/1117/3705 1332/1118/3704 1335/1113/3707 1333/1112/3706
f 1325/1125/3700 1311/1127/3709 1312/1128/3710 1323/1120/3697
f 1323/1120/3697 1312/1128/3710 1313/1132/3711 1336/1133/3712
f 1336/1133/3712 1313/1132/3711 1310/1136/3713 1337/1137/3714
f 1328/1121/3703 1314/1129/3715 1311/1127/3709 1325/1125/3700
f 1337/1137/3714 1310/1136/3713 1315/1135/3716 1338/1134/3717
f 1338/1134/3717 1315/1135/3716 1314/1129/3715 1328/1121/3703
f 1339/1131/3718 1319/1109/3719 1334/3627/3720 1340/1130/3721
f 1340/1130/3721 1330/1126/3701 1327/1123/3698 1339/1131/3718
s 151
f 1348/1138/3722 1350/1139/3723 1349/1140/3724 1347/1141/3725
f 1351/1142/3726 1352/1143/3727 1350/1139/3723 1348/1138/3722
s 152
f 1353/1144/3728 1356/1145/3729 1355/1146/3730 1354/1147/3731
f 1357/1148/3732 1353/1144/3728 1354/1147/3731 1358/1149/3733
s off
f 1307/1150/3734 1309/1151/3735 1308/1152/3736
s 149
f 1330/1126/3701 1326/1124/3699 1327/1123/3698
s off
f 1306/2129/3737 1316/2130/3738 1317/2131/3739 1298/2132/3740
f 1309/3601/3741 1319/3602/3742 1320/3603/3743 1308/3604/3744
f 1298/3387/3745 1317/3388/3746 1321/3389/3747 1300/3390/3748
f 1300/3390/3749 1321/3389/3750 1323/3391/3751 1302/3392/3752
f 1301/3395/3753 1328/3396/3754 1331/3397/3755 1299/3398/3756
f 1297/2133/3757 1333/2134/3758 1316/2130/3759 1306/2129/3760
f 1308/3604/3761 1320/3603/3762 1334/3605/3763 1307/3606/3764
f 1299/3398/3765 1331/3397/3766 1333/3401/3767 1297/3402/3768
f 1302/3392/3769 1323/3391/3770 1336/3393/3771 1304/3394/3772
f 1304/2135/3773 1336/2136/3774 1337/2137/3775 1305/2138/3776
f 1305/2138/3777 1337/2137/3778 1338/2139/3779 1303/2140/3780
f 1303/3399/3781 1338/3400/3782 1328/3396/3783 1301/3395/3784
f 1307/2141/3785 1334/2142/3786 1319/2143/3787 1309/2144/3788
f 1311/2145/3789 1342/2146/3790 1343/2147/3791 1312/2148/3792
f 1312/3403/3793 1343/3404/3794 1344/3405/3795 1313/3406/3796
f 1313/2151/3797 1344/2152/3798 1341/2153/3799 1310/2154/3800
f 1314/2149/3801 1345/2150/3802 1342/2146/3803 1311/2145/3804
f 1310/2154/3805 1341/2153/3806 1346/2155/3807 1315/2156/3808
f 1315/3407/3809 1346/3408/3810 1345/3409/3811 1314/3410/3812
f 1339/3411/3813 1348/3412/3814 1347/3413/3815 1319/3414/3816
f 1319/2157/3817 1347/2158/3818 1349/2159/3819 1318/2160/3820
f 1318/3417/3821 1349/3418/3822 1350/3419/3823 1322/3420/3824
f 1327/3415/3825 1351/3416/3826 1348/3412/3827 1339/3411/3828
f 1322/3420/3829 1350/3419/3830 1352/3421/3831 1324/3422/3832
f 1324/2161/3833 1352/2162/3834 1351/2163/3835 1327/2164/3836
f 1340/3423/3837 1354/3424/3838 1355/3425/3839 1330/3426/3840
f 1330/2165/3841 1355/2166/3842 1356/2167/3843 1329/2168/3844
f 1329/3429/3845 1356/3430/3846 1353/3431/3847 1332/3432/3848
f 1335/2169/3849 1357/2170/3850 1358/2171/3851 1334/2172/3852
f 1334/3427/3853 1358/3428/3854 1354/3424/3855 1340/3423/3856
f 1332/3432/3857 1353/3431/3858 1357/3433/3859 1335/3434/3860
s 153
f 1426/3435/3861 1429/3436/3862 1428/3437/3863 1427/3438/3864
s off
f 1430/3451/3865 1431/3450/3866 1423/3453/3867 1425/3454/3868
s 154
f 1414/3455/3869 1363/3456/3870 1364/3457/3871
s 155
f 1415/364/3872 1367/356/3873 1409/357/3874 1416/365/3875
s off
f 1420/391/3876 1304/389/3877 1368/390/3878
f 1420/391/3879 1368/390/3880 1369/392/3881 1421/393/3882
s 156
f 1369/2173/3883 1422/2174/3884 1424/2175/3885
s 157
f 1422/421/3886 1380/422/3887 1379/423/3888 1388/3641/3889
s off
f 1383/453/3890 1370/447/3891 1371/448/3892 1384/454/3893
f 1384/454/3894 1371/448/3895 1385/452/3896
s 43
f 1361/459/3897 1273/458/855 1272/457/854 1359/460/3898
s 158
f 1367/356/3899 1374/350/3900 1410/351/3901 1409/357/3902
s off
f 1304/389/3903 1303/380/3904 1375/384/3905 1368/390/3906
f 1368/390/3907 1375/384/3908 1376/388/3909 1369/392/3910
f 1380/422/3911 1382/424/3912 1381/425/3913 1379/423/3914
f 1370/447/3915 1377/440/3916 1378/442/3917 1371/448/3918
s 45
f 1371/448/3919 1378/442/3920 1386/450/3921 1385/452/3922
s 46
f 1374/350/3923 291/345/899 453/344/898 1410/351/3924
s 47
f 1303/380/3925 292/376/903 293/379/902 1375/384/3926
s off
f 1375/384/3927 293/379/3928 1579/387/3929 1376/388/3930
f 1382/1153/3931 301/1154/3932 1589/1155/3933 1381/1156/3934
s 45
f 1377/440/3935 295/441/3936 1283/435/914 1282/434/913 1378/442/3920
s off
f 1485/1157/3937 1486/1158/3938 1487/1159/3939 1488/1160/3940
f 1379/2186/3941 1370/2187/3942 1383/2188/3943
f 1369/2173/3944 1380/2176/3945 1422/2174/3946
f 1370/2187/3947 1379/2186/3948 1381/2189/3949 1377/2190/3950
f 1376/2180/3951 1382/2181/3952 1380/2176/3953 1369/2173/3954
f 1377/2190/3955 1381/2189/3956 300/2192/3957 1584/2193/3958
f 1586/3460/3959 1592/3461/3960 1598/3462/3961 1582/3463/3962
f 294/2184/3963 1594/2185/3964 1382/2181/3965 1376/2180/3966
f 1364/418/3967 1388/419/3968 1387/417/3969 1365/416/3970
f 1365/416/3971 1387/417/3972 1389/415/3973 1366/414/3974
f 1390/413/3975 1373/3639/3976 1366/414/3977 1389/415/3978
f 1384/2124/3979 1387/2123/3980 1388/2127/3981 1383/2128/3982
f 1385/2120/3983 1389/2119/3984 1387/2123/3985 1384/2124/3986
f 1386/2116/3987 1390/2115/3988 1389/2119/3989 1385/2120/3990
s 49
f 1391/464/3991 275/463/974 1274/462/973 1273/458/972 1361/459/3992
s 50
f 1372/1415/3993 1275/1405/977 1392/1410/3994
s off
f 1394/476/3995 1457/479/3996 1360/480/3997 1372/478/3998
s 51
f 313/465/982 275/463/985 1391/464/3999 1393/467/4000
s 52
f 1393/1503/4001 1394/1504/4002 315/1501/988 313/1500/987
s 53
f 1394/3624/4003 1392/477/4004 285/474/992 315/473/991
s off
f 1396/3464/4005 1399/3465/4006 1398/3466/4007 1395/3467/4008
s 54
f 1395/485/4009 1398/486/4010 1289/483/1001 1287/482/1000
s off
f 1397/3468/4011 1400/3469/4012 1399/3465/4013 1396/3464/4014
f 1402/3470/4015 1404/3471/4016 1403/3472/4017 1401/3473/4018
s 55
f 1401/491/4019 1403/492/4020 1292/489/1013 1291/488/1012
s off
f 1405/3474/4021 1406/3475/4022 1404/3471/4023 1402/3470/4024
f 1399/1521/4025 1402/1522/4026 1401/1518/4027 1398/1517/4028
s 56
f 1398/1517/4029 1401/1518/4030 1291/1514/1025 1289/1513/1024
s off
f 1400/1524/4031 1405/1523/4032 1402/1522/4033 1399/1521/4034
s 155
f 1407/363/4035 1298/370/4036 1417/371/4037
s 158
f 1408/355/4038 1297/362/4039 1298/370/4040 1407/363/4041
s 46
f 413/349/1237 527/354/1240 1297/362/4042 1408/355/4043
s 153
f 1428/3437/3863 1433/3441/4044 1432/3442/4045 1427/3438/3864
s 155
f 1409/357/3874 1407/363/4035 1417/371/4037 1416/365/3875
s 158
f 1410/351/3901 1408/355/4038 1407/363/4041 1409/357/3902
s 46
f 453/344/898 413/349/1237 1408/355/4043 1410/351/3924
s 153
f 1435/3444/4046 1437/3447/4047 1436/3448/4048 1434/3445/4049
s 155
f 1300/381/4050 1302/385/4051 1419/386/4052 1418/382/4053
s 46
f 485/361/1385 506/368/1388 1301/377/4054 1299/369/4055
s 153
f 1437/3447/4047 1431/3450/4056 1430/3451/4057 1436/3448/4048
s 155
f 1302/385/4051 1304/389/4058 1420/391/4059 1419/386/4052
s 46
f 506/368/1388 292/376/1446 1303/380/4060 1301/377/4054
s 153
f 1433/3441/4044 1435/3444/4046 1434/3445/4049 1432/3442/4045
s 155
f 1298/370/4036 1300/381/4050 1418/382/4053 1417/371/4037
s 46
f 527/354/1240 485/361/1385 1299/369/4055 1297/362/4042
s 154
f 1411/3458/4061 1414/3455/3869 1364/3457/3871 1412/3459/4062
s 163
f 1438/1161/4063 1441/1162/4064 1440/1163/4065 1439/1164/4066
f 1442/1165/4067 1443/1166/4068 1439/1164/4066 1440/1163/4065
f 1444/1169/4069 1445/1170/4070 1443/1166/4068 1442/1165/4067
f 1446/1172/4071 1447/1173/4072 1445/1170/4070 1444/1169/4069
f 1448/1175/4073 1449/1176/4074 1447/1173/4072 1446/1172/4071
s off
f 1449/1176/4075 1448/1175/4076 1424/1178/4077 1423/1179/4078
s 157
f 1363/3640/4079 1422/421/3886 1388/3641/3889
f 1363/420/4079 1388/419/3889 1364/418/4080
s off
f 1424/2175/4081 1422/2174/4082 1363/2177/4083 1423/2178/4084
f 1423/2178/4085 1363/2177/4086 1414/2182/4087 1425/2183/4088
s 156
f 1421/2179/4089 1369/2173/3883 1424/2175/3885
s off
f 1439/1164/4090 1451/1167/4091 1450/1168/4092 1438/1161/4093
f 1362/2194/4094 1429/2195/4095 1426/2196/4096 1413/2197/4097
f 1423/1179/4098 1452/1180/4099 1449/1176/4100
f 1443/1166/4101 1453/1171/4102 1451/1167/4103 1439/1164/4104
f 1447/1173/4105 1455/1177/4106 1454/1174/4107 1445/1170/4108
f 1449/1176/4109 1452/1180/4110 1455/1177/4111 1447/1173/4112
f 1445/1170/4113 1454/1174/4114 1453/1171/4115 1443/1166/4116
f 1416/3476/4117 1440/3477/4118 1441/3478/4119 1415/3479/4120
f 1415/2200/4121 1441/2201/4122 1438/2198/4123 1362/2194/4124
f 1417/3480/4125 1442/3481/4126 1440/3477/4127 1416/3476/4128
f 1418/3482/4129 1444/3483/4130 1442/3481/4131 1417/3480/4132
f 1419/3484/4133 1446/3485/4134 1444/3483/4135 1418/3482/4136
f 1420/3486/4137 1448/3487/4138 1446/3485/4139 1419/3484/4140
f 1421/3488/4141 1424/3489/4142 1448/3487/4143 1420/3486/4144
f 1362/2194/4145 1438/2198/4146 1450/2199/4147 1429/2195/4148
f 1429/3436/4149 1450/3439/4150 1451/3440/4151 1428/3437/4152
f 1431/3450/4153 1452/3452/4154 1423/3453/4155
f 1428/3437/4156 1451/3440/4157 1453/3443/4158 1433/3441/4159
f 1435/3444/4160 1454/3446/4161 1455/3449/4162 1437/3447/4163
f 1437/3447/4164 1455/3449/4165 1452/3452/4166 1431/3450/4167
f 1433/3441/4168 1453/3443/4169 1454/3446/4170 1435/3444/4171
f 1388/2191/4172 1379/2186/4173 1383/2188/4174
s 50
f 1281/1406/3655 285/1407/3656 1392/1410/3994 1275/1405/977
s 142
f 1280/1478/3657 1373/1491/4175 1284/1485/3658
s 143
f 1284/410/3660 1373/412/4176 1390/3638/4177 1286/411/3661
s 144
f 1286/2111/3664 1390/2115/4178 1386/2116/4179 1285/2112/3665
s 145
f 1290/1089/3669 1400/1093/4180 1397/1094/4181 1288/1090/3670
s 146
f 1294/1095/3673 1406/1099/4182 1405/1100/4183 1293/1096/3674
s 147
f 1293/1519/3677 1405/1523/4184 1400/1524/4185 1290/1520/3678
s off
f 314/1181/4186 276/1182/4187 127/1183/4188 1456/1184/4189
f 1394/1504/4190 1393/1503/4191 1391/1507/4192 1457/1508/4193
f 224/3490/4194 207/3491/4195 1462/3492/4196 1463/3493/4197
f 1510/3025/4198 1513/3023/4199 1514/3024/4200 1509/3026/4201
f 223/3494/4202 224/3490/4203 1463/3493/4204 1465/3495/4205
f 1513/3023/4206 1515/3021/4207 1516/3022/4208 1514/3024/4209
f 222/1/4210 223/2/4211 1465/3/4212
f 1515/3021/4213 1517/3019/4214 1518/3020/4215 1516/3022/4216
f 221/3496/4217 222/3497/4218 1468/3498/4219
f 1517/3019/4220 1519/3017/4221 1520/3018/4222 1518/3020/4223
f 209/3499/4224 220/3500/4225 1470/3501/4226 1471/3502/4227
f 1521/3015/4228 1506/3012/4229 1505/3011/4230 1522/3016/4231
f 220/2623/4232 221/2634/4233 1468/2650/4234 1470/2651/4235
f 1519/3017/4236 1521/3015/4237 1522/3016/4238 1520/3018/4239
s 45
f 290/431/895 305/433/894 1474/437/4240 1473/438/4241
f 305/433/894 1285/443/4242 1475/444/4243 1474/437/4240
f 1285/443/4242 1282/434/913 1476/439/4244 1475/444/4243
f 1282/434/913 290/431/895 1473/438/4241 1476/439/4244
f 1378/442/3920 1282/434/913 1478/445/4245 1477/446/4246
f 1282/434/913 1285/443/4242 1479/449/4247 1478/445/4245
f 1285/443/4242 1386/450/3921 1480/451/4248 1479/449/4247
f 1386/450/3921 1378/442/3920 1477/446/4246 1480/451/4248
s 164
f 1489/1186/4249 1490/1187/4250 1491/1188/4251 1492/1189/4252
f 1490/1187/4250 1493/1190/4253 1494/1191/4254 1491/1188/4251
f 1493/1190/4253 1495/1192/4255 1496/1193/4256 1494/1191/4254
f 1495/1192/4255 1489/1186/4249 1492/1189/4252 1496/1193/4256
s 165
f 1497/1194/4257 1498/1195/4258 1499/1196/4259 1500/1197/4260
f 1498/1195/4258 1501/1198/4261 1502/1199/4262 1499/1196/4259
f 1501/1198/4261 1503/1200/4263 1504/1201/4264 1502/1199/4262
f 1503/1200/4263 1497/1194/4257 1500/1197/4260 1504/1201/4264
s off
f 1473/3503/4265 1474/3504/4266 1490/3505/4267 1489/3506/4268
f 1482/3507/4269 1481/3508/4270 1492/3509/4271 1491/3510/4272
f 1474/2202/4273 1475/2203/4274 1493/2204/4275 1490/2205/4276
f 1483/2206/4277 1482/2207/4278 1491/2208/4279 1494/2209/4280
f 1475/3511/4281 1476/3512/4282 1495/3513/4283 1493/3514/4284
f 1484/3515/4285 1483/3516/4286 1494/3517/4287 1496/3518/4288
f 1476/2210/4289 1473/2211/4290 1489/2212/4291 1495/2213/4292
f 1481/2214/4293 1484/2215/4294 1496/2216/4295 1492/2217/4296
f 1477/2218/4297 1478/2219/4298 1498/2220/4299 1497/2221/4300
f 1486/2222/4301 1485/2223/4302 1500/2224/4303 1499/2225/4304
f 1478/3519/4305 1479/3520/4306 1501/3521/4307 1498/3522/4308
f 1487/3523/4309 1486/3524/4310 1499/3525/4311 1502/3526/4312
f 1479/2226/4313 1480/2227/4314 1503/2228/4315 1501/2229/4316
f 1488/2230/4317 1487/2231/4318 1502/2232/4319 1504/2233/4320
f 1480/3527/4321 1477/3528/4322 1497/3529/4323 1503/3530/4324
f 1485/3531/4325 1488/3532/4326 1504/3533/4327 1500/3534/4328
f 213/310/4329 531/305/4330 1507/309/4331 1506/313/4332
f 531/305/4333 530/304/4334 1508/308/4335 1507/309/4336
f 530/2254/4337 209/3619/4338 1505/3620/4339 1508/2255/4340
f 207/2238/4341 535/2242/4342 1511/2243/4343 1509/2239/4344
f 535/318/4345 537/321/4346 1512/326/4347 1511/327/4348
f 537/321/4349 214/325/4350 1510/331/4351 1512/326/4352
f 214/325/4353 229/329/4354 1513/333/4355 1510/331/4356
f 1464/2235/4357 207/3617/4358 1509/3618/4359 1514/2236/4360
f 229/1340/4361 228/1339/4362 1515/1343/4363 1513/1344/4364
f 1466/2234/4365 1464/2235/4366 1514/2236/4367 1516/2237/4368
f 228/1339/4369 227/1347/4370 1517/1349/4371 1515/1343/4372
f 1467/2240/4373 1466/2234/4374 1516/2237/4375 1518/2241/4376
f 227/1347/4377 226/1351/4378 1519/1353/4379 1517/1349/4380
f 1469/2244/4381 1467/2240/4382 1518/2241/4383 1520/2245/4384
f 225/314/4385 213/310/4386 1506/313/4387 1521/317/4388
f 209/2252/4389 1472/2248/4390 1522/2249/4391 1505/2253/4392
f 226/1351/4393 225/1355/4394 1521/1357/4395 1519/1353/4396
f 1472/2248/4397 1469/2244/4398 1520/2245/4399 1522/2249/4400
s 166
f 1204/2890/4401 1523/2889/4402 347/2892/4403
f 1524/2887/4404 1523/2889/4402 1204/2890/4401 396/2882/4405
f 1525/2886/4406 1524/2887/4404 396/2882/4405 395/2881/4407
f 1526/2853/4408 1525/2886/4406 395/2881/4407 1615/2891/4409
s 63
f 1537/2776/1082 1546/2775/4410 1547/2774/4411 1534/2777/1064
f 1548/2773/4412 1547/2774/4411 1546/2775/4410 1549/2772/4413
f 1549/2772/4413 1550/2770/4414 1551/2771/4415 1548/2773/4412
f 1550/2770/4414 1544/2768/4416 1545/2769/4417 1551/2771/4415
s off
f 353/2067/4418 347/2068/4419 1531/2072/4420 1530/2073/4421
f 349/1021/4422 353/1022/4423 1530/1028/4424 1532/1029/4425
f 346/2272/4426 351/2274/4427 1533/2275/4428 1534/2273/4429
f 351/1049/4430 348/1048/4431 1535/1056/4432 1533/1057/4433
f 392/1027/4434 349/1021/4435 1532/1029/4436 1536/1033/4437
f 348/1048/4438 386/1054/4439 1537/1062/4440 1535/1056/4441
f 391/1039/4442 1213/1034/4443 1538/1038/4444 1539/1041/4445
f 1523/2074/4446 1524/2076/4447 1541/2077/4448 1540/2075/4449
f 390/2012/4450 391/2011/4451 1539/2017/4452 1542/2018/4453
f 1524/2260/4454 1525/2261/4455 1543/2262/4456 1541/2263/4457
f 389/2019/4458 390/2012/4459 1542/2018/4460 1544/2023/4461
f 1525/2261/4462 1526/2264/4463 1545/2265/4464 1543/2262/4465
f 347/2068/4466 1523/2074/4467 1540/2075/4468 1531/2072/4469
f 1213/1034/4470 392/1027/4471 1536/1033/4472 1538/1038/4473
f 386/1054/4474 1220/1060/4475 1546/1065/4476 1537/1062/4477
f 1527/2270/4478 346/2272/4479 1534/2273/4480 1547/2271/4481
f 1528/2268/4482 1527/2270/4483 1547/2271/4484 1548/2269/4485
f 1220/1060/4486 387/1063/4487 1549/1066/4488 1546/1065/4489
f 387/2029/4490 388/2024/4491 1550/2028/4492 1549/2031/4493
f 1529/2266/4494 1528/2268/4495 1548/2269/4496 1551/2267/4497
f 388/2024/4498 389/2019/4499 1544/2023/4500 1550/2028/4501
f 1526/2264/4502 1529/2266/4503 1551/2267/4504 1545/2265/4505
f 1394/3624/4506 1372/3623/4507 1392/477/4508
f 314/1181/4509 311/1185/4510 276/1182/4511
